snapshot_date,symbol,contract_date,label,tenor,price
2026-04-13,CBM26,2026-06-01,Jun 2026,0,101.67
2026-04-13,CBN26,2026-07-01,Jul 2026,1,95.33
2026-04-13,CBQ26,2026-08-01,Aug 2026,2,90.91
2026-04-13,CBU26,2026-09-01,Sep 2026,3,88.02
2026-04-13,CBV26,2026-10-01,Oct 2026,4,85.99
2026-04-13,CBX26,2026-11-01,Nov 2026,5,84.51
2026-04-13,CBZ26,2026-12-01,Dec 2026,6,83.27
2026-04-13,CBF27,2027-01-01,Jan 2027,7,82.25
2026-04-13,CBG27,2027-02-01,Feb 2027,8,81.18
2026-04-13,CBH27,2027-03-01,Mar 2027,9,80.52
2026-04-13,CBJ27,2027-04-01,Apr 2027,10,79.87
2026-04-13,CBK27,2027-05-01,May 2027,11,79.3
2026-04-13,CBM27,2027-06-01,Jun 2027,12,78.66
2026-04-13,CBN27,2027-07-01,Jul 2027,13,76.89
2026-04-13,CBQ27,2027-08-01,Aug 2027,14,76.55
2026-04-13,CBU27,2027-09-01,Sep 2027,15,76.27
2026-04-13,CBV27,2027-10-01,Oct 2027,16,76.01
2026-04-13,CBX27,2027-11-01,Nov 2027,17,75.76
2026-04-13,CBZ27,2027-12-01,Dec 2027,18,76.64
2026-04-13,CBF28,2028-01-01,Jan 2028,19,75.24
2026-04-13,CBG28,2028-02-01,Feb 2028,20,74.98
2026-04-13,CBH28,2028-03-01,Mar 2028,21,74.79
2026-04-13,CBJ28,2028-04-01,Apr 2028,22,74.63
2026-04-13,CBK28,2028-05-01,May 2028,23,74.49
2026-04-13,CBM28,2028-06-01,Jun 2028,24,75.31
2026-04-13,CBN28,2028-07-01,Jul 2028,25,74.14
2026-04-13,CBQ28,2028-08-01,Aug 2028,26,73.95
2026-04-13,CBU28,2028-09-01,Sep 2028,27,73.75
2026-04-13,CBV28,2028-10-01,Oct 2028,28,73.56
2026-04-13,CBX28,2028-11-01,Nov 2028,29,73.39
2026-04-13,CBZ28,2028-12-01,Dec 2028,30,74.08
2026-04-13,CBF29,2029-01-01,Jan 2029,31,73.1
2026-04-13,CBG29,2029-02-01,Feb 2029,32,72.96
2026-04-13,CBH29,2029-03-01,Mar 2029,33,72.85
2026-04-13,CBJ29,2029-04-01,Apr 2029,34,72.76
2026-04-13,CBK29,2029-05-01,May 2029,35,72.61
2026-04-13,CBM29,2029-06-01,Jun 2029,36,73.29
2026-04-13,CBN29,2029-07-01,Jul 2029,37,72.35
2026-04-13,CBQ29,2029-08-01,Aug 2029,38,72.2
2026-04-13,CBU29,2029-09-01,Sep 2029,39,72.02
2026-04-13,CBV29,2029-10-01,Oct 2029,40,71.85
2026-04-13,CBX29,2029-11-01,Nov 2029,41,71.67
2026-04-13,CBZ29,2029-12-01,Dec 2029,42,72.14
2026-04-13,CBF30,2030-01-01,Jan 2030,43,71.43
2026-04-13,CBG30,2030-02-01,Feb 2030,44,71.33
2026-04-13,CBH30,2030-03-01,Mar 2030,45,71.26
2026-04-13,CBJ30,2030-04-01,Apr 2030,46,71.2
2026-04-13,CBK30,2030-05-01,May 2030,47,71.12
2026-04-13,CBM30,2030-06-01,Jun 2030,48,71.27
2026-04-13,CBN30,2030-07-01,Jul 2030,49,70.9
2026-04-13,CBQ30,2030-08-01,Aug 2030,50,70.78
2026-04-13,CBU30,2030-09-01,Sep 2030,51,70.66
2026-04-13,CBV30,2030-10-01,Oct 2030,52,70.55
2026-04-13,CBX30,2030-11-01,Nov 2030,53,70.38
2026-04-13,CBZ30,2030-12-01,Dec 2030,54,70.29
2026-04-13,CBF31,2031-01-01,Jan 2031,55,70.06
2026-04-13,CBG31,2031-02-01,Feb 2031,56,69.96
2026-04-13,CBH31,2031-03-01,Mar 2031,57,69.87
2026-04-13,CBJ31,2031-04-01,Apr 2031,58,69.78
2026-04-13,CBK31,2031-05-01,May 2031,59,69.68
2026-04-13,CBM31,2031-06-01,Jun 2031,60,69.55
2026-04-13,CBN31,2031-07-01,Jul 2031,61,69.45
2026-04-13,CBQ31,2031-08-01,Aug 2031,62,69.35
2026-04-13,CBU31,2031-09-01,Sep 2031,63,69.26
2026-04-13,CBV31,2031-10-01,Oct 2031,64,69.16
2026-04-13,CBX31,2031-11-01,Nov 2031,65,69.05
2026-04-13,CBZ31,2031-12-01,Dec 2031,66,68.91
2026-04-13,CBF32,2032-01-01,Jan 2032,67,68.84
2026-04-13,CBG32,2032-02-01,Feb 2032,68,68.78
2026-04-13,CBH32,2032-03-01,Mar 2032,69,68.71
2026-04-13,CBJ32,2032-04-01,Apr 2032,70,68.64
2026-04-13,CBK32,2032-05-01,May 2032,71,68.56
2026-04-13,CBM32,2032-06-01,Jun 2032,72,68.46
2026-04-13,CBN32,2032-07-01,Jul 2032,73,68.38
2026-04-13,CBQ32,2032-08-01,Aug 2032,74,68.3
2026-04-13,CBU32,2032-09-01,Sep 2032,75,68.22
2026-04-13,CBV32,2032-10-01,Oct 2032,76,68.14
2026-04-13,CBX32,2032-11-01,Nov 2032,77,68.05
2026-04-13,CBZ32,2032-12-01,Dec 2032,78,67.95
2026-04-13,CBF33,2033-01-01,Jan 2033,79,67.89
2026-04-13,CBG33,2033-02-01,Feb 2033,80,67.83
2026-04-13,CBH33,2033-03-01,Mar 2033,81,67.78
2026-04-14,CBM26,2026-06-01,Jun 2026,0,95.13
2026-04-14,CBN26,2026-07-01,Jul 2026,1,90.71
2026-04-14,CBQ26,2026-08-01,Aug 2026,2,87.58
2026-04-14,CBU26,2026-09-01,Sep 2026,3,85.39
2026-04-14,CBV26,2026-10-01,Oct 2026,4,83.74
2026-04-14,CBX26,2026-11-01,Nov 2026,5,82.47
2026-04-14,CBZ26,2026-12-01,Dec 2026,6,81.31
2026-04-14,CBF27,2027-01-01,Jan 2027,7,80.36
2026-04-14,CBG27,2027-02-01,Feb 2027,8,79.32
2026-04-14,CBH27,2027-03-01,Mar 2027,9,78.72
2026-04-14,CBJ27,2027-04-01,Apr 2027,10,78.24
2026-04-14,CBK27,2027-05-01,May 2027,11,77.74
2026-04-14,CBM27,2027-06-01,Jun 2027,12,77.08
2026-04-14,CBN27,2027-07-01,Jul 2027,13,76.88
2026-04-14,CBQ27,2027-08-01,Aug 2027,14,76.52
2026-04-14,CBU27,2027-09-01,Sep 2027,15,77.74
2026-04-14,CBV27,2027-10-01,Oct 2027,16,75.92
2026-04-14,CBX27,2027-11-01,Nov 2027,17,75.67
2026-04-14,CBZ27,2027-12-01,Dec 2027,18,75.19
2026-04-14,CBF28,2028-01-01,Jan 2028,19,75.13
2026-04-14,CBG28,2028-02-01,Feb 2028,20,74.87
2026-04-14,CBH28,2028-03-01,Mar 2028,21,74.67
2026-04-14,CBJ28,2028-04-01,Apr 2028,22,74.52
2026-04-14,CBK28,2028-05-01,May 2028,23,74.38
2026-04-14,CBM28,2028-06-01,Jun 2028,24,73.97
2026-04-14,CBN28,2028-07-01,Jul 2028,25,74.04
2026-04-14,CBQ28,2028-08-01,Aug 2028,26,73.85
2026-04-14,CBU28,2028-09-01,Sep 2028,27,73.66
2026-04-14,CBV28,2028-10-01,Oct 2028,28,73.48
2026-04-14,CBX28,2028-11-01,Nov 2028,29,73.31
2026-04-14,CBZ28,2028-12-01,Dec 2028,30,73.03
2026-04-14,CBF29,2029-01-01,Jan 2029,31,73.04
2026-04-14,CBG29,2029-02-01,Feb 2029,32,72.9
2026-04-14,CBH29,2029-03-01,Mar 2029,33,72.79
2026-04-14,CBJ29,2029-04-01,Apr 2029,34,72.7
2026-04-14,CBK29,2029-05-01,May 2029,35,72.58
2026-04-14,CBM29,2029-06-01,Jun 2029,36,72.35
2026-04-14,CBN29,2029-07-01,Jul 2029,37,72.33
2026-04-14,CBQ29,2029-08-01,Aug 2029,38,72.19
2026-04-14,CBU29,2029-09-01,Sep 2029,39,72.03
2026-04-14,CBV29,2029-10-01,Oct 2029,40,71.88
2026-04-14,CBX29,2029-11-01,Nov 2029,41,71.73
2026-04-14,CBZ29,2029-12-01,Dec 2029,42,71.49
2026-04-14,CBF30,2030-01-01,Jan 2030,43,71.45
2026-04-14,CBG30,2030-02-01,Feb 2030,44,71.36
2026-04-14,CBH30,2030-03-01,Mar 2030,45,71.27
2026-04-14,CBJ30,2030-04-01,Apr 2030,46,71.2
2026-04-14,CBK30,2030-05-01,May 2030,47,71.13
2026-04-14,CBM30,2030-06-01,Jun 2030,48,71.91
2026-04-14,CBN30,2030-07-01,Jul 2030,49,70.95
2026-04-14,CBQ30,2030-08-01,Aug 2030,50,70.82
2026-04-14,CBU30,2030-09-01,Sep 2030,51,70.69
2026-04-14,CBV30,2030-10-01,Oct 2030,52,70.56
2026-04-14,CBX30,2030-11-01,Nov 2030,53,70.42
2026-04-14,CBZ30,2030-12-01,Dec 2030,54,70.18
2026-04-14,CBF31,2031-01-01,Jan 2031,55,70.17
2026-04-14,CBG31,2031-02-01,Feb 2031,56,70.07
2026-04-14,CBH31,2031-03-01,Mar 2031,57,69.98
2026-04-14,CBJ31,2031-04-01,Apr 2031,58,69.89
2026-04-14,CBK31,2031-05-01,May 2031,59,69.81
2026-04-14,CBM31,2031-06-01,Jun 2031,60,69.7
2026-04-14,CBN31,2031-07-01,Jul 2031,61,69.6
2026-04-14,CBQ31,2031-08-01,Aug 2031,62,69.5
2026-04-14,CBU31,2031-09-01,Sep 2031,63,69.4
2026-04-14,CBV31,2031-10-01,Oct 2031,64,69.3
2026-04-14,CBX31,2031-11-01,Nov 2031,65,69.19
2026-04-14,CBZ31,2031-12-01,Dec 2031,66,69.09
2026-04-14,CBF32,2032-01-01,Jan 2032,67,69.0
2026-04-14,CBG32,2032-02-01,Feb 2032,68,68.92
2026-04-14,CBH32,2032-03-01,Mar 2032,69,68.84
2026-04-14,CBJ32,2032-04-01,Apr 2032,70,68.76
2026-04-14,CBK32,2032-05-01,May 2032,71,68.68
2026-04-14,CBM32,2032-06-01,Jun 2032,72,68.6
2026-04-14,CBN32,2032-07-01,Jul 2032,73,68.52
2026-04-14,CBQ32,2032-08-01,Aug 2032,74,68.44
2026-04-14,CBU32,2032-09-01,Sep 2032,75,68.36
2026-04-14,CBV32,2032-10-01,Oct 2032,76,68.28
2026-04-14,CBX32,2032-11-01,Nov 2032,77,68.19
2026-04-14,CBZ32,2032-12-01,Dec 2032,78,68.1
2026-04-14,CBF33,2033-01-01,Jan 2033,79,68.03
2026-04-14,CBG33,2033-02-01,Feb 2033,80,67.96
2026-04-14,CBH33,2033-03-01,Mar 2033,81,67.89
2026-04-15,CBM26,2026-06-01,Jun 2026,0,94.77
2026-04-15,CBN26,2026-07-01,Jul 2026,1,90.61
2026-04-15,CBQ26,2026-08-01,Aug 2026,2,87.85
2026-04-15,CBU26,2026-09-01,Sep 2026,3,85.82
2026-04-15,CBV26,2026-10-01,Oct 2026,4,84.23
2026-04-15,CBX26,2026-11-01,Nov 2026,5,83.01
2026-04-15,CBZ26,2026-12-01,Dec 2026,6,81.97
2026-04-15,CBF27,2027-01-01,Jan 2027,7,81.12
2026-04-15,CBG27,2027-02-01,Feb 2027,8,80.32
2026-04-15,CBH27,2027-03-01,Mar 2027,9,79.69
2026-04-15,CBJ27,2027-04-01,Apr 2027,10,79.15
2026-04-15,CBK27,2027-05-01,May 2027,11,78.82
2026-04-15,CBM27,2027-06-01,Jun 2027,12,78.34
2026-04-15,CBN27,2027-07-01,Jul 2027,13,77.69
2026-04-15,CBQ27,2027-08-01,Aug 2027,14,77.75
2026-04-15,CBU27,2027-09-01,Sep 2027,15,77.47
2026-04-15,CBV27,2027-10-01,Oct 2027,16,77.2
2026-04-15,CBX27,2027-11-01,Nov 2027,17,76.97
2026-04-15,CBZ27,2027-12-01,Dec 2027,18,76.56
2026-04-15,CBF28,2028-01-01,Jan 2028,19,76.45
2026-04-15,CBG28,2028-02-01,Feb 2028,20,76.2
2026-04-15,CBH28,2028-03-01,Mar 2028,21,76.01
2026-04-15,CBJ28,2028-04-01,Apr 2028,22,75.86
2026-04-15,CBK28,2028-05-01,May 2028,23,75.0
2026-04-15,CBM28,2028-06-01,Jun 2028,24,75.48
2026-04-15,CBN28,2028-07-01,Jul 2028,25,75.38
2026-04-15,CBQ28,2028-08-01,Aug 2028,26,75.18
2026-04-15,CBU28,2028-09-01,Sep 2028,27,74.99
2026-04-15,CBV28,2028-10-01,Oct 2028,28,74.81
2026-04-15,CBX28,2028-11-01,Nov 2028,29,74.64
2026-04-15,CBZ28,2028-12-01,Dec 2028,30,74.52
2026-04-15,CBF29,2029-01-01,Jan 2029,31,74.35
2026-04-15,CBG29,2029-02-01,Feb 2029,32,74.21
2026-04-15,CBH29,2029-03-01,Mar 2029,33,74.09
2026-04-15,CBJ29,2029-04-01,Apr 2029,34,73.98
2026-04-15,CBK29,2029-05-01,May 2029,35,73.86
2026-04-15,CBM29,2029-06-01,Jun 2029,36,73.56
2026-04-15,CBN29,2029-07-01,Jul 2029,37,73.59
2026-04-15,CBQ29,2029-08-01,Aug 2029,38,73.44
2026-04-15,CBU29,2029-09-01,Sep 2029,39,73.27
2026-04-15,CBV29,2029-10-01,Oct 2029,40,73.11
2026-04-15,CBX29,2029-11-01,Nov 2029,41,72.96
2026-04-15,CBZ29,2029-12-01,Dec 2029,42,72.84
2026-04-15,CBF30,2030-01-01,Jan 2030,43,72.69
2026-04-15,CBG30,2030-02-01,Feb 2030,44,72.6
2026-04-15,CBH30,2030-03-01,Mar 2030,45,72.52
2026-04-15,CBJ30,2030-04-01,Apr 2030,46,72.44
2026-04-15,CBK30,2030-05-01,May 2030,47,72.36
2026-04-15,CBM30,2030-06-01,Jun 2030,48,72.27
2026-04-15,CBN30,2030-07-01,Jul 2030,49,72.17
2026-04-15,CBQ30,2030-08-01,Aug 2030,50,72.04
2026-04-15,CBU30,2030-09-01,Sep 2030,51,71.91
2026-04-15,CBV30,2030-10-01,Oct 2030,52,71.77
2026-04-15,CBX30,2030-11-01,Nov 2030,53,71.62
2026-04-15,CBZ30,2030-12-01,Dec 2030,54,71.46
2026-04-15,CBF31,2031-01-01,Jan 2031,55,71.37
2026-04-15,CBG31,2031-02-01,Feb 2031,56,71.27
2026-04-15,CBH31,2031-03-01,Mar 2031,57,71.17
2026-04-15,CBJ31,2031-04-01,Apr 2031,58,71.07
2026-04-15,CBK31,2031-05-01,May 2031,59,70.98
2026-04-15,CBM31,2031-06-01,Jun 2031,60,70.86
2026-04-15,CBN31,2031-07-01,Jul 2031,61,70.76
2026-04-15,CBQ31,2031-08-01,Aug 2031,62,70.66
2026-04-15,CBU31,2031-09-01,Sep 2031,63,70.55
2026-04-15,CBV31,2031-10-01,Oct 2031,64,70.44
2026-04-15,CBX31,2031-11-01,Nov 2031,65,70.33
2026-04-15,CBZ31,2031-12-01,Dec 2031,66,70.22
2026-04-15,CBF32,2032-01-01,Jan 2032,67,70.13
2026-04-15,CBG32,2032-02-01,Feb 2032,68,70.04
2026-04-15,CBH32,2032-03-01,Mar 2032,69,69.95
2026-04-15,CBJ32,2032-04-01,Apr 2032,70,69.87
2026-04-15,CBK32,2032-05-01,May 2032,71,69.79
2026-04-15,CBM32,2032-06-01,Jun 2032,72,69.71
2026-04-15,CBN32,2032-07-01,Jul 2032,73,69.63
2026-04-15,CBQ32,2032-08-01,Aug 2032,74,69.55
2026-04-15,CBU32,2032-09-01,Sep 2032,75,69.47
2026-04-15,CBV32,2032-10-01,Oct 2032,76,69.39
2026-04-15,CBX32,2032-11-01,Nov 2032,77,69.31
2026-04-15,CBZ32,2032-12-01,Dec 2032,78,69.23
2026-04-15,CBF33,2033-01-01,Jan 2033,79,69.16
2026-04-15,CBG33,2033-02-01,Feb 2033,80,69.09
2026-04-15,CBH33,2033-03-01,Mar 2033,81,69.02
2026-04-16,CBM26,2026-06-01,Jun 2026,0,98.08
2026-04-16,CBN26,2026-07-01,Jul 2026,1,92.58
2026-04-16,CBQ26,2026-08-01,Aug 2026,2,89.04
2026-04-16,CBU26,2026-09-01,Sep 2026,3,86.66
2026-04-16,CBV26,2026-10-01,Oct 2026,4,84.89
2026-04-16,CBX26,2026-11-01,Nov 2026,5,83.49
2026-04-16,CBZ26,2026-12-01,Dec 2026,6,82.34
2026-04-16,CBF27,2027-01-01,Jan 2027,7,81.34
2026-04-16,CBG27,2027-02-01,Feb 2027,8,80.51
2026-04-16,CBH27,2027-03-01,Mar 2027,9,79.78
2026-04-16,CBJ27,2027-04-01,Apr 2027,10,79.23
2026-04-16,CBK27,2027-05-01,May 2027,11,78.65
2026-04-16,CBM27,2027-06-01,Jun 2027,12,78.27
2026-04-16,CBN27,2027-07-01,Jul 2027,13,78.13
2026-04-16,CBQ27,2027-08-01,Aug 2027,14,77.78
2026-04-16,CBU27,2027-09-01,Sep 2027,15,77.48
2026-04-16,CBV27,2027-10-01,Oct 2027,16,77.2
2026-04-16,CBX27,2027-11-01,Nov 2027,17,76.95
2026-04-16,CBZ27,2027-12-01,Dec 2027,18,76.52
2026-04-16,CBF28,2028-01-01,Jan 2028,19,76.45
2026-04-16,CBG28,2028-02-01,Feb 2028,20,76.19
2026-04-16,CBH28,2028-03-01,Mar 2028,21,75.99
2026-04-16,CBJ28,2028-04-01,Apr 2028,22,75.74
2026-04-16,CBK28,2028-05-01,May 2028,23,75.69
2026-04-16,CBM28,2028-06-01,Jun 2028,24,75.3
2026-04-16,CBN28,2028-07-01,Jul 2028,25,75.35
2026-04-16,CBQ28,2028-08-01,Aug 2028,26,75.16
2026-04-16,CBU28,2028-09-01,Sep 2028,27,74.96
2026-04-16,CBV28,2028-10-01,Oct 2028,28,74.77
2026-04-16,CBX28,2028-11-01,Nov 2028,29,74.61
2026-04-16,CBZ28,2028-12-01,Dec 2028,30,74.28
2026-04-16,CBF29,2029-01-01,Jan 2029,31,74.32
2026-04-16,CBG29,2029-02-01,Feb 2029,32,74.18
2026-04-16,CBH29,2029-03-01,Mar 2029,33,74.06
2026-04-16,CBJ29,2029-04-01,Apr 2029,34,73.95
2026-04-16,CBK29,2029-05-01,May 2029,35,73.83
2026-04-16,CBM29,2029-06-01,Jun 2029,36,73.52
2026-04-16,CBN29,2029-07-01,Jul 2029,37,73.56
2026-04-16,CBQ29,2029-08-01,Aug 2029,38,73.41
2026-04-16,CBU29,2029-09-01,Sep 2029,39,73.24
2026-04-16,CBV29,2029-10-01,Oct 2029,40,73.08
2026-04-16,CBX29,2029-11-01,Nov 2029,41,72.93
2026-04-16,CBZ29,2029-12-01,Dec 2029,42,72.78
2026-04-16,CBF30,2030-01-01,Jan 2030,43,72.66
2026-04-16,CBG30,2030-02-01,Feb 2030,44,72.57
2026-04-16,CBH30,2030-03-01,Mar 2030,45,72.48
2026-04-16,CBJ30,2030-04-01,Apr 2030,46,72.4
2026-04-16,CBK30,2030-05-01,May 2030,47,72.32
2026-04-16,CBM30,2030-06-01,Jun 2030,48,72.23
2026-04-16,CBN30,2030-07-01,Jul 2030,49,72.13
2026-04-16,CBQ30,2030-08-01,Aug 2030,50,72.0
2026-04-16,CBU30,2030-09-01,Sep 2030,51,71.86
2026-04-16,CBV30,2030-10-01,Oct 2030,52,71.72
2026-04-16,CBX30,2030-11-01,Nov 2030,53,71.57
2026-04-16,CBZ30,2030-12-01,Dec 2030,54,71.45
2026-04-16,CBF31,2031-01-01,Jan 2031,55,71.32
2026-04-16,CBG31,2031-02-01,Feb 2031,56,71.22
2026-04-16,CBH31,2031-03-01,Mar 2031,57,71.12
2026-04-16,CBJ31,2031-04-01,Apr 2031,58,71.02
2026-04-16,CBK31,2031-05-01,May 2031,59,70.92
2026-04-16,CBM31,2031-06-01,Jun 2031,60,70.8
2026-04-16,CBN31,2031-07-01,Jul 2031,61,70.7
2026-04-16,CBQ31,2031-08-01,Aug 2031,62,70.6
2026-04-16,CBU31,2031-09-01,Sep 2031,63,70.49
2026-04-16,CBV31,2031-10-01,Oct 2031,64,70.38
2026-04-16,CBX31,2031-11-01,Nov 2031,65,70.27
2026-04-16,CBZ31,2031-12-01,Dec 2031,66,70.46
2026-04-16,CBF32,2032-01-01,Jan 2032,67,70.07
2026-04-16,CBG32,2032-02-01,Feb 2032,68,69.98
2026-04-16,CBH32,2032-03-01,Mar 2032,69,69.89
2026-04-16,CBJ32,2032-04-01,Apr 2032,70,69.81
2026-04-16,CBK32,2032-05-01,May 2032,71,69.73
2026-04-16,CBM32,2032-06-01,Jun 2032,72,69.65
2026-04-16,CBN32,2032-07-01,Jul 2032,73,69.57
2026-04-16,CBQ32,2032-08-01,Aug 2032,74,69.49
2026-04-16,CBU32,2032-09-01,Sep 2032,75,69.41
2026-04-16,CBV32,2032-10-01,Oct 2032,76,69.33
2026-04-16,CBX32,2032-11-01,Nov 2032,77,69.25
2026-04-16,CBZ32,2032-12-01,Dec 2032,78,69.17
2026-04-16,CBF33,2033-01-01,Jan 2033,79,69.1
2026-04-16,CBG33,2033-02-01,Feb 2033,80,69.03
2026-04-16,CBH33,2033-03-01,Mar 2033,81,68.96
2026-04-17,CBM26,2026-06-01,Jun 2026,0,90.56
2026-04-17,CBN26,2026-07-01,Jul 2026,1,86.62
2026-04-17,CBQ26,2026-08-01,Aug 2026,2,84.1
2026-04-17,CBU26,2026-09-01,Sep 2026,3,82.27
2026-04-17,CBV26,2026-10-01,Oct 2026,4,80.8
2026-04-17,CBX26,2026-11-01,Nov 2026,5,79.68
2026-04-17,CBZ26,2026-12-01,Dec 2026,6,78.64
2026-04-17,CBF27,2027-01-01,Jan 2027,7,77.8
2026-04-17,CBG27,2027-02-01,Feb 2027,8,76.89
2026-04-17,CBH27,2027-03-01,Mar 2027,9,76.38
2026-04-17,CBJ27,2027-04-01,Apr 2027,10,76.0
2026-04-17,CBK27,2027-05-01,May 2027,11,75.59
2026-04-17,CBM27,2027-06-01,Jun 2027,12,75.15
2026-04-17,CBN27,2027-07-01,Jul 2027,13,74.85
2026-04-17,CBQ27,2027-08-01,Aug 2027,14,74.3
2026-04-17,CBU27,2027-09-01,Sep 2027,15,74.26
2026-04-17,CBV27,2027-10-01,Oct 2027,16,73.8
2026-04-17,CBX27,2027-11-01,Nov 2027,17,73.88
2026-04-17,CBZ27,2027-12-01,Dec 2027,18,73.84
2026-04-17,CBF28,2028-01-01,Jan 2028,19,73.5
2026-04-17,CBG28,2028-02-01,Feb 2028,20,73.0
2026-04-17,CBH28,2028-03-01,Mar 2028,21,73.17
2026-04-17,CBJ28,2028-04-01,Apr 2028,22,73.09
2026-04-17,CBK28,2028-05-01,May 2028,23,73.01
2026-04-17,CBM28,2028-06-01,Jun 2028,24,73.12
2026-04-17,CBN28,2028-07-01,Jul 2028,25,72.78
2026-04-17,CBQ28,2028-08-01,Aug 2028,26,72.65
2026-04-17,CBU28,2028-09-01,Sep 2028,27,72.51
2026-04-17,CBV28,2028-10-01,Oct 2028,28,72.38
2026-04-17,CBX28,2028-11-01,Nov 2028,29,72.27
2026-04-17,CBZ28,2028-12-01,Dec 2028,30,72.32
2026-04-17,CBF29,2029-01-01,Jan 2029,31,72.07
2026-04-17,CBG29,2029-02-01,Feb 2029,32,71.98
2026-04-17,CBH29,2029-03-01,Mar 2029,33,71.91
2026-04-17,CBJ29,2029-04-01,Apr 2029,34,71.85
2026-04-17,CBK29,2029-05-01,May 2029,35,71.78
2026-04-17,CBM29,2029-06-01,Jun 2029,36,71.36
2026-04-17,CBN29,2029-07-01,Jul 2029,37,71.57
2026-04-17,CBQ29,2029-08-01,Aug 2029,38,71.45
2026-04-17,CBU29,2029-09-01,Sep 2029,39,71.31
2026-04-17,CBV29,2029-10-01,Oct 2029,40,71.19
2026-04-17,CBX29,2029-11-01,Nov 2029,41,71.08
2026-04-17,CBZ29,2029-12-01,Dec 2029,42,71.12
2026-04-17,CBF30,2030-01-01,Jan 2030,43,70.88
2026-04-17,CBG30,2030-02-01,Feb 2030,44,70.81
2026-04-17,CBH30,2030-03-01,Mar 2030,45,70.74
2026-04-17,CBJ30,2030-04-01,Apr 2030,46,70.69
2026-04-17,CBK30,2030-05-01,May 2030,47,70.64
2026-04-17,CBM30,2030-06-01,Jun 2030,48,70.58
2026-04-17,CBN30,2030-07-01,Jul 2030,49,70.51
2026-04-17,CBQ30,2030-08-01,Aug 2030,50,70.41
2026-04-17,CBU30,2030-09-01,Sep 2030,51,70.29
2026-04-17,CBV30,2030-10-01,Oct 2030,52,70.18
2026-04-17,CBX30,2030-11-01,Nov 2030,53,70.06
2026-04-17,CBZ30,2030-12-01,Dec 2030,54,69.58
2026-04-17,CBF31,2031-01-01,Jan 2031,55,69.87
2026-04-17,CBG31,2031-02-01,Feb 2031,56,69.8
2026-04-17,CBH31,2031-03-01,Mar 2031,57,69.73
2026-04-17,CBJ31,2031-04-01,Apr 2031,58,69.65
2026-04-17,CBK31,2031-05-01,May 2031,59,69.57
2026-04-17,CBM31,2031-06-01,Jun 2031,60,69.47
2026-04-17,CBN31,2031-07-01,Jul 2031,61,69.4
2026-04-17,CBQ31,2031-08-01,Aug 2031,62,69.33
2026-04-17,CBU31,2031-09-01,Sep 2031,63,69.24
2026-04-17,CBV31,2031-10-01,Oct 2031,64,69.15
2026-04-17,CBX31,2031-11-01,Nov 2031,65,69.06
2026-04-17,CBZ31,2031-12-01,Dec 2031,66,69.33
2026-04-17,CBF32,2032-01-01,Jan 2032,67,68.89
2026-04-17,CBG32,2032-02-01,Feb 2032,68,68.8
2026-04-17,CBH32,2032-03-01,Mar 2032,69,68.71
2026-04-17,CBJ32,2032-04-01,Apr 2032,70,68.63
2026-04-17,CBK32,2032-05-01,May 2032,71,68.55
2026-04-17,CBM32,2032-06-01,Jun 2032,72,68.47
2026-04-17,CBN32,2032-07-01,Jul 2032,73,68.39
2026-04-17,CBQ32,2032-08-01,Aug 2032,74,68.31
2026-04-17,CBU32,2032-09-01,Sep 2032,75,68.23
2026-04-17,CBV32,2032-10-01,Oct 2032,76,68.15
2026-04-17,CBX32,2032-11-01,Nov 2032,77,68.07
2026-04-17,CBZ32,2032-12-01,Dec 2032,78,67.99
2026-04-17,CBF33,2033-01-01,Jan 2033,79,67.92
2026-04-17,CBG33,2033-02-01,Feb 2033,80,67.85
2026-04-17,CBH33,2033-03-01,Mar 2033,81,67.78
2026-04-18,CBM26,2026-06-01,Jun 2026,0,90.38
2026-04-18,CBN26,2026-07-01,Jul 2026,1,86.51
2026-04-18,CBQ26,2026-08-01,Aug 2026,2,83.86
2026-04-18,CBU26,2026-09-01,Sep 2026,3,82.01
2026-04-18,CBV26,2026-10-01,Oct 2026,4,80.54
2026-04-18,CBX26,2026-11-01,Nov 2026,5,79.41
2026-04-18,CBZ26,2026-12-01,Dec 2026,6,78.45
2026-04-18,CBF27,2027-01-01,Jan 2027,7,77.59
2026-04-18,CBG27,2027-02-01,Feb 2027,8,76.87
2026-04-18,CBH27,2027-03-01,Mar 2027,9,76.31
2026-04-18,CBJ27,2027-04-01,Apr 2027,10,75.83
2026-04-18,CBK27,2027-05-01,May 2027,11,75.41
2026-04-18,CBM27,2027-06-01,Jun 2027,12,75.07
2026-04-18,CBN27,2027-07-01,Jul 2027,13,74.75
2026-04-18,CBQ27,2027-08-01,Aug 2027,14,74.48
2026-04-18,CBU27,2027-09-01,Sep 2027,15,74.26
2026-04-18,CBV27,2027-10-01,Oct 2027,16,74.06
2026-04-18,CBX27,2027-11-01,Nov 2027,17,73.88
2026-04-18,CBZ27,2027-12-01,Dec 2027,18,73.71
2026-04-18,CBF28,2028-01-01,Jan 2028,19,73.5
2026-04-18,CBG28,2028-02-01,Feb 2028,20,73.3
2026-04-18,CBH28,2028-03-01,Mar 2028,21,73.17
2026-04-18,CBJ28,2028-04-01,Apr 2028,22,73.09
2026-04-18,CBK28,2028-05-01,May 2028,23,73.01
2026-04-18,CBM28,2028-06-01,Jun 2028,24,72.91
2026-04-18,CBN28,2028-07-01,Jul 2028,25,72.78
2026-04-18,CBQ28,2028-08-01,Aug 2028,26,72.65
2026-04-18,CBU28,2028-09-01,Sep 2028,27,72.51
2026-04-18,CBV28,2028-10-01,Oct 2028,28,72.38
2026-04-18,CBX28,2028-11-01,Nov 2028,29,72.27
2026-04-18,CBZ28,2028-12-01,Dec 2028,30,72.18
2026-04-18,CBF29,2029-01-01,Jan 2029,31,72.07
2026-04-18,CBG29,2029-02-01,Feb 2029,32,71.98
2026-04-18,CBH29,2029-03-01,Mar 2029,33,71.91
2026-04-18,CBJ29,2029-04-01,Apr 2029,34,71.85
2026-04-18,CBK29,2029-05-01,May 2029,35,71.78
2026-04-18,CBM29,2029-06-01,Jun 2029,36,71.7
2026-04-18,CBN29,2029-07-01,Jul 2029,37,71.57
2026-04-18,CBQ29,2029-08-01,Aug 2029,38,71.45
2026-04-18,CBU29,2029-09-01,Sep 2029,39,71.31
2026-04-18,CBV29,2029-10-01,Oct 2029,40,71.19
2026-04-18,CBX29,2029-11-01,Nov 2029,41,71.08
2026-04-18,CBZ29,2029-12-01,Dec 2029,42,71.0
2026-04-18,CBF30,2030-01-01,Jan 2030,43,70.88
2026-04-18,CBG30,2030-02-01,Feb 2030,44,70.81
2026-04-18,CBH30,2030-03-01,Mar 2030,45,70.74
2026-04-18,CBJ30,2030-04-01,Apr 2030,46,70.69
2026-04-18,CBK30,2030-05-01,May 2030,47,70.64
2026-04-18,CBM30,2030-06-01,Jun 2030,48,70.58
2026-04-18,CBN30,2030-07-01,Jul 2030,49,70.51
2026-04-18,CBQ30,2030-08-01,Aug 2030,50,70.41
2026-04-18,CBU30,2030-09-01,Sep 2030,51,70.29
2026-04-18,CBV30,2030-10-01,Oct 2030,52,70.18
2026-04-18,CBX30,2030-11-01,Nov 2030,53,70.06
2026-04-18,CBZ30,2030-12-01,Dec 2030,54,69.95
2026-04-18,CBF31,2031-01-01,Jan 2031,55,69.87
2026-04-18,CBG31,2031-02-01,Feb 2031,56,69.8
2026-04-18,CBH31,2031-03-01,Mar 2031,57,69.73
2026-04-18,CBJ31,2031-04-01,Apr 2031,58,69.65
2026-04-18,CBK31,2031-05-01,May 2031,59,69.57
2026-04-18,CBM31,2031-06-01,Jun 2031,60,69.47
2026-04-18,CBN31,2031-07-01,Jul 2031,61,69.4
2026-04-18,CBQ31,2031-08-01,Aug 2031,62,69.33
2026-04-18,CBU31,2031-09-01,Sep 2031,63,69.24
2026-04-18,CBV31,2031-10-01,Oct 2031,64,69.15
2026-04-18,CBX31,2031-11-01,Nov 2031,65,69.06
2026-04-18,CBZ31,2031-12-01,Dec 2031,66,68.98
2026-04-18,CBF32,2032-01-01,Jan 2032,67,68.89
2026-04-18,CBG32,2032-02-01,Feb 2032,68,68.8
2026-04-18,CBH32,2032-03-01,Mar 2032,69,68.71
2026-04-18,CBJ32,2032-04-01,Apr 2032,70,68.63
2026-04-18,CBK32,2032-05-01,May 2032,71,68.55
2026-04-18,CBM32,2032-06-01,Jun 2032,72,68.47
2026-04-18,CBN32,2032-07-01,Jul 2032,73,68.39
2026-04-18,CBQ32,2032-08-01,Aug 2032,74,68.31
2026-04-18,CBU32,2032-09-01,Sep 2032,75,68.23
2026-04-18,CBV32,2032-10-01,Oct 2032,76,68.15
2026-04-18,CBX32,2032-11-01,Nov 2032,77,68.07
2026-04-18,CBZ32,2032-12-01,Dec 2032,78,67.99
2026-04-18,CBF33,2033-01-01,Jan 2033,79,67.92
2026-04-18,CBG33,2033-02-01,Feb 2033,80,67.85
2026-04-18,CBH33,2033-03-01,Mar 2033,81,67.78
2026-04-19,CBM26,2026-06-01,Jun 2026,0,90.38
2026-04-19,CBN26,2026-07-01,Jul 2026,1,86.51
2026-04-19,CBQ26,2026-08-01,Aug 2026,2,83.86
2026-04-19,CBU26,2026-09-01,Sep 2026,3,82.01
2026-04-19,CBV26,2026-10-01,Oct 2026,4,80.54
2026-04-19,CBX26,2026-11-01,Nov 2026,5,79.41
2026-04-19,CBZ26,2026-12-01,Dec 2026,6,78.45
2026-04-19,CBF27,2027-01-01,Jan 2027,7,77.59
2026-04-19,CBG27,2027-02-01,Feb 2027,8,76.87
2026-04-19,CBH27,2027-03-01,Mar 2027,9,76.31
2026-04-19,CBJ27,2027-04-01,Apr 2027,10,75.83
2026-04-19,CBK27,2027-05-01,May 2027,11,75.41
2026-04-19,CBM27,2027-06-01,Jun 2027,12,75.07
2026-04-19,CBN27,2027-07-01,Jul 2027,13,74.75
2026-04-19,CBQ27,2027-08-01,Aug 2027,14,74.48
2026-04-19,CBU27,2027-09-01,Sep 2027,15,74.26
2026-04-19,CBV27,2027-10-01,Oct 2027,16,74.06
2026-04-19,CBX27,2027-11-01,Nov 2027,17,73.88
2026-04-19,CBZ27,2027-12-01,Dec 2027,18,73.71
2026-04-19,CBF28,2028-01-01,Jan 2028,19,73.5
2026-04-19,CBG28,2028-02-01,Feb 2028,20,73.3
2026-04-19,CBH28,2028-03-01,Mar 2028,21,73.17
2026-04-19,CBJ28,2028-04-01,Apr 2028,22,73.09
2026-04-19,CBK28,2028-05-01,May 2028,23,73.01
2026-04-19,CBM28,2028-06-01,Jun 2028,24,72.91
2026-04-19,CBN28,2028-07-01,Jul 2028,25,72.78
2026-04-19,CBQ28,2028-08-01,Aug 2028,26,72.65
2026-04-19,CBU28,2028-09-01,Sep 2028,27,72.51
2026-04-19,CBV28,2028-10-01,Oct 2028,28,72.38
2026-04-19,CBX28,2028-11-01,Nov 2028,29,72.27
2026-04-19,CBZ28,2028-12-01,Dec 2028,30,72.18
2026-04-19,CBF29,2029-01-01,Jan 2029,31,72.07
2026-04-19,CBG29,2029-02-01,Feb 2029,32,71.98
2026-04-19,CBH29,2029-03-01,Mar 2029,33,71.91
2026-04-19,CBJ29,2029-04-01,Apr 2029,34,71.85
2026-04-19,CBK29,2029-05-01,May 2029,35,71.78
2026-04-19,CBM29,2029-06-01,Jun 2029,36,71.7
2026-04-19,CBN29,2029-07-01,Jul 2029,37,71.57
2026-04-19,CBQ29,2029-08-01,Aug 2029,38,71.45
2026-04-19,CBU29,2029-09-01,Sep 2029,39,71.31
2026-04-19,CBV29,2029-10-01,Oct 2029,40,71.19
2026-04-19,CBX29,2029-11-01,Nov 2029,41,71.08
2026-04-19,CBZ29,2029-12-01,Dec 2029,42,71.0
2026-04-19,CBF30,2030-01-01,Jan 2030,43,70.88
2026-04-19,CBG30,2030-02-01,Feb 2030,44,70.81
2026-04-19,CBH30,2030-03-01,Mar 2030,45,70.74
2026-04-19,CBJ30,2030-04-01,Apr 2030,46,70.69
2026-04-19,CBK30,2030-05-01,May 2030,47,70.64
2026-04-19,CBM30,2030-06-01,Jun 2030,48,70.58
2026-04-19,CBN30,2030-07-01,Jul 2030,49,70.51
2026-04-19,CBQ30,2030-08-01,Aug 2030,50,70.41
2026-04-19,CBU30,2030-09-01,Sep 2030,51,70.29
2026-04-19,CBV30,2030-10-01,Oct 2030,52,70.18
2026-04-19,CBX30,2030-11-01,Nov 2030,53,70.06
2026-04-19,CBZ30,2030-12-01,Dec 2030,54,69.95
2026-04-19,CBF31,2031-01-01,Jan 2031,55,69.87
2026-04-19,CBG31,2031-02-01,Feb 2031,56,69.8
2026-04-19,CBH31,2031-03-01,Mar 2031,57,69.73
2026-04-19,CBJ31,2031-04-01,Apr 2031,58,69.65
2026-04-19,CBK31,2031-05-01,May 2031,59,69.57
2026-04-19,CBM31,2031-06-01,Jun 2031,60,69.47
2026-04-19,CBN31,2031-07-01,Jul 2031,61,69.4
2026-04-19,CBQ31,2031-08-01,Aug 2031,62,69.33
2026-04-19,CBU31,2031-09-01,Sep 2031,63,69.24
2026-04-19,CBV31,2031-10-01,Oct 2031,64,69.15
2026-04-19,CBX31,2031-11-01,Nov 2031,65,69.06
2026-04-19,CBZ31,2031-12-01,Dec 2031,66,68.98
2026-04-19,CBF32,2032-01-01,Jan 2032,67,68.89
2026-04-19,CBG32,2032-02-01,Feb 2032,68,68.8
2026-04-19,CBH32,2032-03-01,Mar 2032,69,68.71
2026-04-19,CBJ32,2032-04-01,Apr 2032,70,68.63
2026-04-19,CBK32,2032-05-01,May 2032,71,68.55
2026-04-19,CBM32,2032-06-01,Jun 2032,72,68.47
2026-04-19,CBN32,2032-07-01,Jul 2032,73,68.39
2026-04-19,CBQ32,2032-08-01,Aug 2032,74,68.31
2026-04-19,CBU32,2032-09-01,Sep 2032,75,68.23
2026-04-19,CBV32,2032-10-01,Oct 2032,76,68.15
2026-04-19,CBX32,2032-11-01,Nov 2032,77,68.07
2026-04-19,CBZ32,2032-12-01,Dec 2032,78,67.99
2026-04-19,CBF33,2033-01-01,Jan 2033,79,67.92
2026-04-19,CBG33,2033-02-01,Feb 2033,80,67.85
2026-04-19,CBH33,2033-03-01,Mar 2033,81,67.78
2026-04-20,CBM26,2026-06-01,Jun 2026,0,95.05
2026-04-20,CBN26,2026-07-01,Jul 2026,1,90.1
2026-04-20,CBQ26,2026-08-01,Aug 2026,2,86.87
2026-04-20,CBU26,2026-09-01,Sep 2026,3,84.75
2026-04-20,CBV26,2026-10-01,Oct 2026,4,83.01
2026-04-20,CBX26,2026-11-01,Nov 2026,5,81.77
2026-04-20,CBZ26,2026-12-01,Dec 2026,6,80.61
2026-04-20,CBF27,2027-01-01,Jan 2027,7,79.61
2026-04-20,CBG27,2027-02-01,Feb 2027,8,78.91
2026-04-20,CBH27,2027-03-01,Mar 2027,9,78.07
2026-04-20,CBJ27,2027-04-01,Apr 2027,10,77.59
2026-04-20,CBK27,2027-05-01,May 2027,11,76.96
2026-04-20,CBM27,2027-06-01,Jun 2027,12,76.55
2026-04-20,CBN27,2027-07-01,Jul 2027,13,76.28
2026-04-20,CBQ27,2027-08-01,Aug 2027,14,75.97
2026-04-20,CBU27,2027-09-01,Sep 2027,15,75.66
2026-04-20,CBV27,2027-10-01,Oct 2027,16,75.46
2026-04-20,CBX27,2027-11-01,Nov 2027,17,75.32
2026-04-20,CBZ27,2027-12-01,Dec 2027,18,74.93
2026-04-20,CBF28,2028-01-01,Jan 2028,19,74.79
2026-04-20,CBG28,2028-02-01,Feb 2028,20,74.53
2026-04-20,CBH28,2028-03-01,Mar 2028,21,74.35
2026-04-20,CBJ28,2028-04-01,Apr 2028,22,74.22
2026-04-20,CBK28,2028-05-01,May 2028,23,74.11
2026-04-20,CBM28,2028-06-01,Jun 2028,24,74.02
2026-04-20,CBN28,2028-07-01,Jul 2028,25,73.82
2026-04-20,CBQ28,2028-08-01,Aug 2028,26,73.66
2026-04-20,CBU28,2028-09-01,Sep 2028,27,73.49
2026-04-20,CBV28,2028-10-01,Oct 2028,28,73.32
2026-04-20,CBX28,2028-11-01,Nov 2028,29,73.18
2026-04-20,CBZ28,2028-12-01,Dec 2028,30,73.12
2026-04-20,CBF29,2029-01-01,Jan 2029,31,72.95
2026-04-20,CBG29,2029-02-01,Feb 2029,32,72.84
2026-04-20,CBH29,2029-03-01,Mar 2029,33,72.75
2026-04-20,CBJ29,2029-04-01,Apr 2029,34,72.67
2026-04-20,CBK29,2029-05-01,May 2029,35,72.58
2026-04-20,CBM29,2029-06-01,Jun 2029,36,72.59
2026-04-20,CBN29,2029-07-01,Jul 2029,37,72.34
2026-04-20,CBQ29,2029-08-01,Aug 2029,38,72.2
2026-04-20,CBU29,2029-09-01,Sep 2029,39,72.05
2026-04-20,CBV29,2029-10-01,Oct 2029,40,71.92
2026-04-20,CBX29,2029-11-01,Nov 2029,41,71.79
2026-04-20,CBZ29,2029-12-01,Dec 2029,42,71.79
2026-04-20,CBF30,2030-01-01,Jan 2030,43,71.58
2026-04-20,CBG30,2030-02-01,Feb 2030,44,71.51
2026-04-20,CBH30,2030-03-01,Mar 2030,45,71.44
2026-04-20,CBJ30,2030-04-01,Apr 2030,46,71.37
2026-04-20,CBK30,2030-05-01,May 2030,47,71.3
2026-04-20,CBM30,2030-06-01,Jun 2030,48,71.61
2026-04-20,CBN30,2030-07-01,Jul 2030,49,71.13
2026-04-20,CBQ30,2030-08-01,Aug 2030,50,71.02
2026-04-20,CBU30,2030-09-01,Sep 2030,51,70.9
2026-04-20,CBV30,2030-10-01,Oct 2030,52,70.78
2026-04-20,CBX30,2030-11-01,Nov 2030,53,70.66
2026-04-20,CBZ30,2030-12-01,Dec 2030,54,70.82
2026-04-20,CBF31,2031-01-01,Jan 2031,55,70.46
2026-04-20,CBG31,2031-02-01,Feb 2031,56,70.38
2026-04-20,CBH31,2031-03-01,Mar 2031,57,70.3
2026-04-20,CBJ31,2031-04-01,Apr 2031,58,70.21
2026-04-20,CBK31,2031-05-01,May 2031,59,70.13
2026-04-20,CBM31,2031-06-01,Jun 2031,60,70.04
2026-04-20,CBN31,2031-07-01,Jul 2031,61,69.96
2026-04-20,CBQ31,2031-08-01,Aug 2031,62,69.88
2026-04-20,CBU31,2031-09-01,Sep 2031,63,69.78
2026-04-20,CBV31,2031-10-01,Oct 2031,64,69.69
2026-04-20,CBX31,2031-11-01,Nov 2031,65,69.61
2026-04-20,CBZ31,2031-12-01,Dec 2031,66,69.53
2026-04-20,CBF32,2032-01-01,Jan 2032,67,69.44
2026-04-20,CBG32,2032-02-01,Feb 2032,68,69.35
2026-04-20,CBH32,2032-03-01,Mar 2032,69,69.26
2026-04-20,CBJ32,2032-04-01,Apr 2032,70,69.18
2026-04-20,CBK32,2032-05-01,May 2032,71,69.1
2026-04-20,CBM32,2032-06-01,Jun 2032,72,69.02
2026-04-20,CBN32,2032-07-01,Jul 2032,73,68.94
2026-04-20,CBQ32,2032-08-01,Aug 2032,74,68.86
2026-04-20,CBU32,2032-09-01,Sep 2032,75,68.78
2026-04-20,CBV32,2032-10-01,Oct 2032,76,68.7
2026-04-20,CBX32,2032-11-01,Nov 2032,77,68.62
2026-04-20,CBZ32,2032-12-01,Dec 2032,78,68.54
2026-04-20,CBF33,2033-01-01,Jan 2033,79,68.47
2026-04-20,CBG33,2033-02-01,Feb 2033,80,68.4
2026-04-20,CBH33,2033-03-01,Mar 2033,81,68.33
2026-04-21,CBM26,2026-06-01,Jun 2026,0,100.36
2026-04-21,CBN26,2026-07-01,Jul 2026,1,94.81
2026-04-21,CBQ26,2026-08-01,Aug 2026,2,90.77
2026-04-21,CBU26,2026-09-01,Sep 2026,3,87.95
2026-04-21,CBV26,2026-10-01,Oct 2026,4,85.72
2026-04-21,CBX26,2026-11-01,Nov 2026,5,84.15
2026-04-21,CBZ26,2026-12-01,Dec 2026,6,82.74
2026-04-21,CBF27,2027-01-01,Jan 2027,7,81.46
2026-04-21,CBG27,2027-02-01,Feb 2027,8,80.38
2026-04-21,CBH27,2027-03-01,Mar 2027,9,79.47
2026-04-21,CBJ27,2027-04-01,Apr 2027,10,78.7
2026-04-21,CBK27,2027-05-01,May 2027,11,78.1
2026-04-21,CBM27,2027-06-01,Jun 2027,12,77.56
2026-04-21,CBN27,2027-07-01,Jul 2027,13,76.35
2026-04-21,CBQ27,2027-08-01,Aug 2027,14,76.32
2026-04-21,CBU27,2027-09-01,Sep 2027,15,76.64
2026-04-21,CBV27,2027-10-01,Oct 2027,16,75.53
2026-04-21,CBX27,2027-11-01,Nov 2027,17,75.52
2026-04-21,CBZ27,2027-12-01,Dec 2027,18,75.63
2026-04-21,CBF28,2028-01-01,Jan 2028,19,75.02
2026-04-21,CBG28,2028-02-01,Feb 2028,20,74.77
2026-04-21,CBH28,2028-03-01,Mar 2028,21,74.57
2026-04-21,CBJ28,2028-04-01,Apr 2028,22,74.43
2026-04-21,CBK28,2028-05-01,May 2028,23,74.31
2026-04-21,CBM28,2028-06-01,Jun 2028,24,74.25
2026-04-21,CBN28,2028-07-01,Jul 2028,25,74.0
2026-04-21,CBQ28,2028-08-01,Aug 2028,26,73.83
2026-04-21,CBU28,2028-09-01,Sep 2028,27,73.65
2026-04-21,CBV28,2028-10-01,Oct 2028,28,73.47
2026-04-21,CBX28,2028-11-01,Nov 2028,29,73.33
2026-04-21,CBZ28,2028-12-01,Dec 2028,30,73.34
2026-04-21,CBF29,2029-01-01,Jan 2029,31,73.08
2026-04-21,CBG29,2029-02-01,Feb 2029,32,72.96
2026-04-21,CBH29,2029-03-01,Mar 2029,33,72.86
2026-04-21,CBJ29,2029-04-01,Apr 2029,34,72.78
2026-04-21,CBK29,2029-05-01,May 2029,35,72.69
2026-04-21,CBM29,2029-06-01,Jun 2029,36,72.63
2026-04-21,CBN29,2029-07-01,Jul 2029,37,72.44
2026-04-21,CBQ29,2029-08-01,Aug 2029,38,72.29
2026-04-21,CBU29,2029-09-01,Sep 2029,39,72.15
2026-04-21,CBV29,2029-10-01,Oct 2029,40,72.02
2026-04-21,CBX29,2029-11-01,Nov 2029,41,71.88
2026-04-21,CBZ29,2029-12-01,Dec 2029,42,71.75
2026-04-21,CBF30,2030-01-01,Jan 2030,43,71.67
2026-04-21,CBG30,2030-02-01,Feb 2030,44,71.61
2026-04-21,CBH30,2030-03-01,Mar 2030,45,71.55
2026-04-21,CBJ30,2030-04-01,Apr 2030,46,71.49
2026-04-21,CBK30,2030-05-01,May 2030,47,71.42
2026-04-21,CBM30,2030-06-01,Jun 2030,48,71.11
2026-04-21,CBN30,2030-07-01,Jul 2030,49,71.24
2026-04-21,CBQ30,2030-08-01,Aug 2030,50,71.12
2026-04-21,CBU30,2030-09-01,Sep 2030,51,71.01
2026-04-21,CBV30,2030-10-01,Oct 2030,52,70.9
2026-04-21,CBX30,2030-11-01,Nov 2030,53,70.79
2026-04-21,CBZ30,2030-12-01,Dec 2030,54,70.59
2026-04-21,CBF31,2031-01-01,Jan 2031,55,70.58
2026-04-21,CBG31,2031-02-01,Feb 2031,56,70.49
2026-04-21,CBH31,2031-03-01,Mar 2031,57,70.4
2026-04-21,CBJ31,2031-04-01,Apr 2031,58,70.31
2026-04-21,CBK31,2031-05-01,May 2031,59,70.23
2026-04-21,CBM31,2031-06-01,Jun 2031,60,70.14
2026-04-21,CBN31,2031-07-01,Jul 2031,61,70.05
2026-04-21,CBQ31,2031-08-01,Aug 2031,62,69.97
2026-04-21,CBU31,2031-09-01,Sep 2031,63,69.88
2026-04-21,CBV31,2031-10-01,Oct 2031,64,69.79
2026-04-21,CBX31,2031-11-01,Nov 2031,65,69.71
2026-04-21,CBZ31,2031-12-01,Dec 2031,66,69.63
2026-04-21,CBF32,2032-01-01,Jan 2032,67,69.54
2026-04-21,CBG32,2032-02-01,Feb 2032,68,69.45
2026-04-21,CBH32,2032-03-01,Mar 2032,69,69.36
2026-04-21,CBJ32,2032-04-01,Apr 2032,70,69.28
2026-04-21,CBK32,2032-05-01,May 2032,71,69.2
2026-04-21,CBM32,2032-06-01,Jun 2032,72,69.12
2026-04-21,CBN32,2032-07-01,Jul 2032,73,69.04
2026-04-21,CBQ32,2032-08-01,Aug 2032,74,68.96
2026-04-21,CBU32,2032-09-01,Sep 2032,75,68.88
2026-04-21,CBV32,2032-10-01,Oct 2032,76,68.8
2026-04-21,CBX32,2032-11-01,Nov 2032,77,68.72
2026-04-21,CBZ32,2032-12-01,Dec 2032,78,68.64
2026-04-21,CBF33,2033-01-01,Jan 2033,79,68.57
2026-04-21,CBG33,2033-02-01,Feb 2033,80,68.5
2026-04-21,CBH33,2033-03-01,Mar 2033,81,68.43
2026-04-22,CBM26,2026-06-01,Jun 2026,0,101.41
2026-04-22,CBN26,2026-07-01,Jul 2026,1,95.83
2026-04-22,CBQ26,2026-08-01,Aug 2026,2,91.49
2026-04-22,CBU26,2026-09-01,Sep 2026,3,88.58
2026-04-22,CBV26,2026-10-01,Oct 2026,4,86.35
2026-04-22,CBX26,2026-11-01,Nov 2026,5,84.58
2026-04-22,CBZ26,2026-12-01,Dec 2026,6,83.16
2026-04-22,CBF27,2027-01-01,Jan 2027,7,81.86
2026-04-22,CBG27,2027-02-01,Feb 2027,8,80.74
2026-04-22,CBH27,2027-03-01,Mar 2027,9,79.79
2026-04-22,CBJ27,2027-04-01,Apr 2027,10,79.2
2026-04-22,CBK27,2027-05-01,May 2027,11,78.42
2026-04-22,CBM27,2027-06-01,Jun 2027,12,77.75
2026-04-22,CBN27,2027-07-01,Jul 2027,13,76.8
2026-04-22,CBQ27,2027-08-01,Aug 2027,14,76.95
2026-04-22,CBU27,2027-09-01,Sep 2027,15,76.62
2026-04-22,CBV27,2027-10-01,Oct 2027,16,76.32
2026-04-22,CBX27,2027-11-01,Nov 2027,17,76.05
2026-04-22,CBZ27,2027-12-01,Dec 2027,18,75.76
2026-04-22,CBF28,2028-01-01,Jan 2028,19,75.48
2026-04-22,CBG28,2028-02-01,Feb 2028,20,75.2
2026-04-22,CBH28,2028-03-01,Mar 2028,21,74.98
2026-04-22,CBJ28,2028-04-01,Apr 2028,22,74.81
2026-04-22,CBK28,2028-05-01,May 2028,23,74.66
2026-04-22,CBM28,2028-06-01,Jun 2028,24,74.56
2026-04-22,CBN28,2028-07-01,Jul 2028,25,74.3
2026-04-22,CBQ28,2028-08-01,Aug 2028,26,74.11
2026-04-22,CBU28,2028-09-01,Sep 2028,27,73.91
2026-04-22,CBV28,2028-10-01,Oct 2028,28,73.71
2026-04-22,CBX28,2028-11-01,Nov 2028,29,73.55
2026-04-22,CBZ28,2028-12-01,Dec 2028,30,73.44
2026-04-22,CBF29,2029-01-01,Jan 2029,31,73.26
2026-04-22,CBG29,2029-02-01,Feb 2029,32,73.12
2026-04-22,CBH29,2029-03-01,Mar 2029,33,73.02
2026-04-22,CBJ29,2029-04-01,Apr 2029,34,72.92
2026-04-22,CBK29,2029-05-01,May 2029,35,72.81
2026-04-22,CBM29,2029-06-01,Jun 2029,36,72.8
2026-04-22,CBN29,2029-07-01,Jul 2029,37,72.54
2026-04-22,CBQ29,2029-08-01,Aug 2029,38,72.38
2026-04-22,CBU29,2029-09-01,Sep 2029,39,72.23
2026-04-22,CBV29,2029-10-01,Oct 2029,40,72.08
2026-04-22,CBX29,2029-11-01,Nov 2029,41,71.93
2026-04-22,CBZ29,2029-12-01,Dec 2029,42,71.9
2026-04-22,CBF30,2030-01-01,Jan 2030,43,71.7
2026-04-22,CBG30,2030-02-01,Feb 2030,44,71.61
2026-04-22,CBH30,2030-03-01,Mar 2030,45,71.53
2026-04-22,CBJ30,2030-04-01,Apr 2030,46,71.45
2026-04-22,CBK30,2030-05-01,May 2030,47,71.37
2026-04-22,CBM30,2030-06-01,Jun 2030,48,71.28
2026-04-22,CBN30,2030-07-01,Jul 2030,49,71.16
2026-04-22,CBQ30,2030-08-01,Aug 2030,50,71.05
2026-04-22,CBU30,2030-09-01,Sep 2030,51,70.94
2026-04-22,CBV30,2030-10-01,Oct 2030,52,70.84
2026-04-22,CBX30,2030-11-01,Nov 2030,53,70.73
2026-04-22,CBZ30,2030-12-01,Dec 2030,54,70.52
2026-04-22,CBF31,2031-01-01,Jan 2031,55,70.52
2026-04-22,CBG31,2031-02-01,Feb 2031,56,70.43
2026-04-22,CBH31,2031-03-01,Mar 2031,57,70.34
2026-04-22,CBJ31,2031-04-01,Apr 2031,58,70.25
2026-04-22,CBK31,2031-05-01,May 2031,59,70.16
2026-04-22,CBM31,2031-06-01,Jun 2031,60,70.07
2026-04-22,CBN31,2031-07-01,Jul 2031,61,69.98
2026-04-22,CBQ31,2031-08-01,Aug 2031,62,69.9
2026-04-22,CBU31,2031-09-01,Sep 2031,63,69.81
2026-04-22,CBV31,2031-10-01,Oct 2031,64,69.71
2026-04-22,CBX31,2031-11-01,Nov 2031,65,69.63
2026-04-22,CBZ31,2031-12-01,Dec 2031,66,69.54
2026-04-22,CBF32,2032-01-01,Jan 2032,67,69.45
2026-04-22,CBG32,2032-02-01,Feb 2032,68,69.36
2026-04-22,CBH32,2032-03-01,Mar 2032,69,69.27
2026-04-22,CBJ32,2032-04-01,Apr 2032,70,69.19
2026-04-22,CBK32,2032-05-01,May 2032,71,69.11
2026-04-22,CBM32,2032-06-01,Jun 2032,72,69.03
2026-04-22,CBN32,2032-07-01,Jul 2032,73,68.95
2026-04-22,CBQ32,2032-08-01,Aug 2032,74,68.87
2026-04-22,CBU32,2032-09-01,Sep 2032,75,68.79
2026-04-22,CBV32,2032-10-01,Oct 2032,76,68.71
2026-04-22,CBX32,2032-11-01,Nov 2032,77,68.63
2026-04-22,CBZ32,2032-12-01,Dec 2032,78,68.55
2026-04-22,CBF33,2033-01-01,Jan 2033,79,68.48
2026-04-22,CBG33,2033-02-01,Feb 2033,80,68.41
2026-04-22,CBH33,2033-03-01,Mar 2033,81,68.34
2026-04-23,CBM26,2026-06-01,Jun 2026,0,105.76
2026-04-23,CBN26,2026-07-01,Jul 2026,1,100.0
2026-04-23,CBQ26,2026-08-01,Aug 2026,2,95.12
2026-04-23,CBU26,2026-09-01,Sep 2026,3,91.61
2026-04-23,CBV26,2026-10-01,Oct 2026,4,89.08
2026-04-23,CBX26,2026-11-01,Nov 2026,5,87.1
2026-04-23,CBZ26,2026-12-01,Dec 2026,6,85.39
2026-04-23,CBF27,2027-01-01,Jan 2027,7,83.74
2026-04-23,CBG27,2027-02-01,Feb 2027,8,82.62
2026-04-23,CBH27,2027-03-01,Mar 2027,9,81.5
2026-04-23,CBJ27,2027-04-01,Apr 2027,10,80.43
2026-04-23,CBK27,2027-05-01,May 2027,11,79.65
2026-04-23,CBM27,2027-06-01,Jun 2027,12,79.11
2026-04-23,CBN27,2027-07-01,Jul 2027,13,78.38
2026-04-23,CBQ27,2027-08-01,Aug 2027,14,77.93
2026-04-23,CBU27,2027-09-01,Sep 2027,15,77.48
2026-04-23,CBV27,2027-10-01,Oct 2027,16,77.21
2026-04-23,CBX27,2027-11-01,Nov 2027,17,76.91
2026-04-23,CBZ27,2027-12-01,Dec 2027,18,76.72
2026-04-23,CBF28,2028-01-01,Jan 2028,19,76.28
2026-04-23,CBG28,2028-02-01,Feb 2028,20,75.97
2026-04-23,CBH28,2028-03-01,Mar 2028,21,75.73
2026-04-23,CBJ28,2028-04-01,Apr 2028,22,75.54
2026-04-23,CBK28,2028-05-01,May 2028,23,75.37
2026-04-23,CBM28,2028-06-01,Jun 2028,24,75.2
2026-04-23,CBN28,2028-07-01,Jul 2028,25,74.97
2026-04-23,CBQ28,2028-08-01,Aug 2028,26,74.76
2026-04-23,CBU28,2028-09-01,Sep 2028,27,74.53
2026-04-23,CBV28,2028-10-01,Oct 2028,28,74.31
2026-04-23,CBX28,2028-11-01,Nov 2028,29,74.12
2026-04-23,CBZ28,2028-12-01,Dec 2028,30,74.06
2026-04-23,CBF29,2029-01-01,Jan 2029,31,73.8
2026-04-23,CBG29,2029-02-01,Feb 2029,32,73.65
2026-04-23,CBH29,2029-03-01,Mar 2029,33,73.54
2026-04-23,CBJ29,2029-04-01,Apr 2029,34,73.41
2026-04-23,CBK29,2029-05-01,May 2029,35,73.28
2026-04-23,CBM29,2029-06-01,Jun 2029,36,73.1
2026-04-23,CBN29,2029-07-01,Jul 2029,37,72.99
2026-04-23,CBQ29,2029-08-01,Aug 2029,38,72.82
2026-04-23,CBU29,2029-09-01,Sep 2029,39,72.66
2026-04-23,CBV29,2029-10-01,Oct 2029,40,72.49
2026-04-23,CBX29,2029-11-01,Nov 2029,41,72.33
2026-04-23,CBZ29,2029-12-01,Dec 2029,42,72.07
2026-04-23,CBF30,2030-01-01,Jan 2030,43,72.08
2026-04-23,CBG30,2030-02-01,Feb 2030,44,71.99
2026-04-23,CBH30,2030-03-01,Mar 2030,45,71.9
2026-04-23,CBJ30,2030-04-01,Apr 2030,46,71.81
2026-04-23,CBK30,2030-05-01,May 2030,47,71.72
2026-04-23,CBM30,2030-06-01,Jun 2030,48,71.62
2026-04-23,CBN30,2030-07-01,Jul 2030,49,71.5
2026-04-23,CBQ30,2030-08-01,Aug 2030,50,71.39
2026-04-23,CBU30,2030-09-01,Sep 2030,51,71.27
2026-04-23,CBV30,2030-10-01,Oct 2030,52,71.16
2026-04-23,CBX30,2030-11-01,Nov 2030,53,71.05
2026-04-23,CBZ30,2030-12-01,Dec 2030,54,70.79
2026-04-23,CBF31,2031-01-01,Jan 2031,55,70.84
2026-04-23,CBG31,2031-02-01,Feb 2031,56,70.75
2026-04-23,CBH31,2031-03-01,Mar 2031,57,70.66
2026-04-23,CBJ31,2031-04-01,Apr 2031,58,70.56
2026-04-23,CBK31,2031-05-01,May 2031,59,70.46
2026-04-23,CBM31,2031-06-01,Jun 2031,60,70.36
2026-04-23,CBN31,2031-07-01,Jul 2031,61,70.27
2026-04-23,CBQ31,2031-08-01,Aug 2031,62,70.18
2026-04-23,CBU31,2031-09-01,Sep 2031,63,70.09
2026-04-23,CBV31,2031-10-01,Oct 2031,64,69.98
2026-04-23,CBX31,2031-11-01,Nov 2031,65,69.89
2026-04-23,CBZ31,2031-12-01,Dec 2031,66,69.79
2026-04-23,CBF32,2032-01-01,Jan 2032,67,69.7
2026-04-23,CBG32,2032-02-01,Feb 2032,68,69.61
2026-04-23,CBH32,2032-03-01,Mar 2032,69,69.52
2026-04-23,CBJ32,2032-04-01,Apr 2032,70,69.44
2026-04-23,CBK32,2032-05-01,May 2032,71,69.36
2026-04-23,CBM32,2032-06-01,Jun 2032,72,69.28
2026-04-23,CBN32,2032-07-01,Jul 2032,73,69.2
2026-04-23,CBQ32,2032-08-01,Aug 2032,74,69.12
2026-04-23,CBU32,2032-09-01,Sep 2032,75,69.04
2026-04-23,CBV32,2032-10-01,Oct 2032,76,68.96
2026-04-23,CBX32,2032-11-01,Nov 2032,77,68.88
2026-04-23,CBZ32,2032-12-01,Dec 2032,78,68.8
2026-04-23,CBF33,2033-01-01,Jan 2033,79,68.73
2026-04-23,CBG33,2033-02-01,Feb 2033,80,68.66
2026-04-23,CBH33,2033-03-01,Mar 2033,81,68.59
2026-04-24,CBM26,2026-06-01,Jun 2026,0,106.04
2026-04-24,CBN26,2026-07-01,Jul 2026,1,100.0
2026-04-24,CBQ26,2026-08-01,Aug 2026,2,94.97
2026-04-24,CBU26,2026-09-01,Sep 2026,3,91.58
2026-04-24,CBV26,2026-10-01,Oct 2026,4,89.0
2026-04-24,CBX26,2026-11-01,Nov 2026,5,87.01
2026-04-24,CBZ26,2026-12-01,Dec 2026,6,85.29
2026-04-24,CBF27,2027-01-01,Jan 2027,7,83.86
2026-04-24,CBG27,2027-02-01,Feb 2027,8,82.58
2026-04-24,CBH27,2027-03-01,Mar 2027,9,81.44
2026-04-24,CBJ27,2027-04-01,Apr 2027,10,80.49
2026-04-24,CBK27,2027-05-01,May 2027,11,79.68
2026-04-24,CBM27,2027-06-01,Jun 2027,12,78.96
2026-04-24,CBN27,2027-07-01,Jul 2027,13,78.0
2026-04-24,CBQ27,2027-08-01,Aug 2027,14,77.52
2026-04-24,CBU27,2027-09-01,Sep 2027,15,77.11
2026-04-24,CBV27,2027-10-01,Oct 2027,16,76.87
2026-04-24,CBX27,2027-11-01,Nov 2027,17,76.43
2026-04-24,CBZ27,2027-12-01,Dec 2027,18,76.45
2026-04-24,CBF28,2028-01-01,Jan 2028,19,75.78
2026-04-24,CBG28,2028-02-01,Feb 2028,20,75.45
2026-04-24,CBH28,2028-03-01,Mar 2028,21,75.2
2026-04-24,CBJ28,2028-04-01,Apr 2028,22,74.99
2026-04-24,CBK28,2028-05-01,May 2028,23,74.81
2026-04-24,CBM28,2028-06-01,Jun 2028,24,74.87
2026-04-24,CBN28,2028-07-01,Jul 2028,25,74.39
2026-04-24,CBQ28,2028-08-01,Aug 2028,26,74.18
2026-04-24,CBU28,2028-09-01,Sep 2028,27,73.95
2026-04-24,CBV28,2028-10-01,Oct 2028,28,73.73
2026-04-24,CBX28,2028-11-01,Nov 2028,29,73.53
2026-04-24,CBZ28,2028-12-01,Dec 2028,30,73.59
2026-04-24,CBF29,2029-01-01,Jan 2029,31,73.21
2026-04-24,CBG29,2029-02-01,Feb 2029,32,73.06
2026-04-24,CBH29,2029-03-01,Mar 2029,33,72.94
2026-04-24,CBJ29,2029-04-01,Apr 2029,34,72.81
2026-04-24,CBK29,2029-05-01,May 2029,35,72.68
2026-04-24,CBM29,2029-06-01,Jun 2029,36,72.69
2026-04-24,CBN29,2029-07-01,Jul 2029,37,72.4
2026-04-24,CBQ29,2029-08-01,Aug 2029,38,72.23
2026-04-24,CBU29,2029-09-01,Sep 2029,39,72.07
2026-04-24,CBV29,2029-10-01,Oct 2029,40,71.9
2026-04-24,CBX29,2029-11-01,Nov 2029,41,71.74
2026-04-24,CBZ29,2029-12-01,Dec 2029,42,71.78
2026-04-24,CBF30,2030-01-01,Jan 2030,43,71.49
2026-04-24,CBG30,2030-02-01,Feb 2030,44,71.4
2026-04-24,CBH30,2030-03-01,Mar 2030,45,71.3
2026-04-24,CBJ30,2030-04-01,Apr 2030,46,71.2
2026-04-24,CBK30,2030-05-01,May 2030,47,71.1
2026-04-24,CBM30,2030-06-01,Jun 2030,48,71.0
2026-04-24,CBN30,2030-07-01,Jul 2030,49,70.89
2026-04-24,CBQ30,2030-08-01,Aug 2030,50,70.78
2026-04-24,CBU30,2030-09-01,Sep 2030,51,70.67
2026-04-24,CBV30,2030-10-01,Oct 2030,52,70.56
2026-04-24,CBX30,2030-11-01,Nov 2030,53,70.46
2026-04-24,CBZ30,2030-12-01,Dec 2030,54,70.47
2026-04-24,CBF31,2031-01-01,Jan 2031,55,70.26
2026-04-24,CBG31,2031-02-01,Feb 2031,56,70.17
2026-04-24,CBH31,2031-03-01,Mar 2031,57,70.08
2026-04-24,CBJ31,2031-04-01,Apr 2031,58,69.98
2026-04-24,CBK31,2031-05-01,May 2031,59,69.88
2026-04-24,CBM31,2031-06-01,Jun 2031,60,69.78
2026-04-24,CBN31,2031-07-01,Jul 2031,61,69.69
2026-04-24,CBQ31,2031-08-01,Aug 2031,62,69.6
2026-04-24,CBU31,2031-09-01,Sep 2031,63,69.5
2026-04-24,CBV31,2031-10-01,Oct 2031,64,69.4
2026-04-24,CBX31,2031-11-01,Nov 2031,65,69.31
2026-04-24,CBZ31,2031-12-01,Dec 2031,66,69.21
2026-04-24,CBF32,2032-01-01,Jan 2032,67,69.12
2026-04-24,CBG32,2032-02-01,Feb 2032,68,69.03
2026-04-24,CBH32,2032-03-01,Mar 2032,69,68.94
2026-04-24,CBJ32,2032-04-01,Apr 2032,70,68.86
2026-04-24,CBK32,2032-05-01,May 2032,71,68.78
2026-04-24,CBM32,2032-06-01,Jun 2032,72,68.7
2026-04-24,CBN32,2032-07-01,Jul 2032,73,68.62
2026-04-24,CBQ32,2032-08-01,Aug 2032,74,68.54
2026-04-24,CBU32,2032-09-01,Sep 2032,75,68.46
2026-04-24,CBV32,2032-10-01,Oct 2032,76,68.38
2026-04-24,CBX32,2032-11-01,Nov 2032,77,68.3
2026-04-24,CBZ32,2032-12-01,Dec 2032,78,68.22
2026-04-24,CBF33,2033-01-01,Jan 2033,79,68.15
2026-04-24,CBG33,2033-02-01,Feb 2033,80,68.08
2026-04-24,CBH33,2033-03-01,Mar 2033,81,68.01
2026-04-25,CBM26,2026-06-01,Jun 2026,0,105.33
2026-04-25,CBN26,2026-07-01,Jul 2026,1,99.13
2026-04-25,CBQ26,2026-08-01,Aug 2026,2,94.28
2026-04-25,CBU26,2026-09-01,Sep 2026,3,90.95
2026-04-25,CBV26,2026-10-01,Oct 2026,4,88.41
2026-04-25,CBX26,2026-11-01,Nov 2026,5,86.46
2026-04-25,CBZ26,2026-12-01,Dec 2026,6,84.81
2026-04-25,CBF27,2027-01-01,Jan 2027,7,83.35
2026-04-25,CBG27,2027-02-01,Feb 2027,8,82.07
2026-04-25,CBH27,2027-03-01,Mar 2027,9,80.98
2026-04-25,CBJ27,2027-04-01,Apr 2027,10,80.04
2026-04-25,CBK27,2027-05-01,May 2027,11,79.26
2026-04-25,CBM27,2027-06-01,Jun 2027,12,78.6
2026-04-25,CBN27,2027-07-01,Jul 2027,13,78.01
2026-04-25,CBQ27,2027-08-01,Aug 2027,14,77.52
2026-04-25,CBU27,2027-09-01,Sep 2027,15,77.11
2026-04-25,CBV27,2027-10-01,Oct 2027,16,76.75
2026-04-25,CBX27,2027-11-01,Nov 2027,17,76.43
2026-04-25,CBZ27,2027-12-01,Dec 2027,18,76.12
2026-04-25,CBF28,2028-01-01,Jan 2028,19,75.78
2026-04-25,CBG28,2028-02-01,Feb 2028,20,75.45
2026-04-25,CBH28,2028-03-01,Mar 2028,21,75.2
2026-04-25,CBJ28,2028-04-01,Apr 2028,22,74.99
2026-04-25,CBK28,2028-05-01,May 2028,23,74.81
2026-04-25,CBM28,2028-06-01,Jun 2028,24,74.61
2026-04-25,CBN28,2028-07-01,Jul 2028,25,74.39
2026-04-25,CBQ28,2028-08-01,Aug 2028,26,74.18
2026-04-25,CBU28,2028-09-01,Sep 2028,27,73.95
2026-04-25,CBV28,2028-10-01,Oct 2028,28,73.73
2026-04-25,CBX28,2028-11-01,Nov 2028,29,73.53
2026-04-25,CBZ28,2028-12-01,Dec 2028,30,73.38
2026-04-25,CBF29,2029-01-01,Jan 2029,31,73.21
2026-04-25,CBG29,2029-02-01,Feb 2029,32,73.06
2026-04-25,CBH29,2029-03-01,Mar 2029,33,72.94
2026-04-25,CBJ29,2029-04-01,Apr 2029,34,72.81
2026-04-25,CBK29,2029-05-01,May 2029,35,72.68
2026-04-25,CBM29,2029-06-01,Jun 2029,36,72.56
2026-04-25,CBN29,2029-07-01,Jul 2029,37,72.4
2026-04-25,CBQ29,2029-08-01,Aug 2029,38,72.23
2026-04-25,CBU29,2029-09-01,Sep 2029,39,72.07
2026-04-25,CBV29,2029-10-01,Oct 2029,40,71.9
2026-04-25,CBX29,2029-11-01,Nov 2029,41,71.74
2026-04-25,CBZ29,2029-12-01,Dec 2029,42,71.63
2026-04-25,CBF30,2030-01-01,Jan 2030,43,71.49
2026-04-25,CBG30,2030-02-01,Feb 2030,44,71.4
2026-04-25,CBH30,2030-03-01,Mar 2030,45,71.3
2026-04-25,CBJ30,2030-04-01,Apr 2030,46,71.2
2026-04-25,CBK30,2030-05-01,May 2030,47,71.1
2026-04-25,CBM30,2030-06-01,Jun 2030,48,71.0
2026-04-25,CBN30,2030-07-01,Jul 2030,49,70.89
2026-04-25,CBQ30,2030-08-01,Aug 2030,50,70.78
2026-04-25,CBU30,2030-09-01,Sep 2030,51,70.67
2026-04-25,CBV30,2030-10-01,Oct 2030,52,70.56
2026-04-25,CBX30,2030-11-01,Nov 2030,53,70.46
2026-04-25,CBZ30,2030-12-01,Dec 2030,54,70.36
2026-04-25,CBF31,2031-01-01,Jan 2031,55,70.26
2026-04-25,CBG31,2031-02-01,Feb 2031,56,70.17
2026-04-25,CBH31,2031-03-01,Mar 2031,57,70.08
2026-04-25,CBJ31,2031-04-01,Apr 2031,58,69.98
2026-04-25,CBK31,2031-05-01,May 2031,59,69.88
2026-04-25,CBM31,2031-06-01,Jun 2031,60,69.78
2026-04-25,CBN31,2031-07-01,Jul 2031,61,69.69
2026-04-25,CBQ31,2031-08-01,Aug 2031,62,69.6
2026-04-25,CBU31,2031-09-01,Sep 2031,63,69.5
2026-04-25,CBV31,2031-10-01,Oct 2031,64,69.4
2026-04-25,CBX31,2031-11-01,Nov 2031,65,69.31
2026-04-25,CBZ31,2031-12-01,Dec 2031,66,69.21
2026-04-25,CBF32,2032-01-01,Jan 2032,67,69.12
2026-04-25,CBG32,2032-02-01,Feb 2032,68,69.03
2026-04-25,CBH32,2032-03-01,Mar 2032,69,68.94
2026-04-25,CBJ32,2032-04-01,Apr 2032,70,68.86
2026-04-25,CBK32,2032-05-01,May 2032,71,68.78
2026-04-25,CBM32,2032-06-01,Jun 2032,72,68.7
2026-04-25,CBN32,2032-07-01,Jul 2032,73,68.62
2026-04-25,CBQ32,2032-08-01,Aug 2032,74,68.54
2026-04-25,CBU32,2032-09-01,Sep 2032,75,68.46
2026-04-25,CBV32,2032-10-01,Oct 2032,76,68.38
2026-04-25,CBX32,2032-11-01,Nov 2032,77,68.3
2026-04-25,CBZ32,2032-12-01,Dec 2032,78,68.22
2026-04-25,CBF33,2033-01-01,Jan 2033,79,68.15
2026-04-25,CBG33,2033-02-01,Feb 2033,80,68.08
2026-04-25,CBH33,2033-03-01,Mar 2033,81,68.01
2026-04-26,CBM26,2026-06-01,Jun 2026,0,105.33
2026-04-26,CBN26,2026-07-01,Jul 2026,1,99.13
2026-04-26,CBQ26,2026-08-01,Aug 2026,2,94.28
2026-04-26,CBU26,2026-09-01,Sep 2026,3,90.95
2026-04-26,CBV26,2026-10-01,Oct 2026,4,88.41
2026-04-26,CBX26,2026-11-01,Nov 2026,5,86.46
2026-04-26,CBZ26,2026-12-01,Dec 2026,6,84.81
2026-04-26,CBF27,2027-01-01,Jan 2027,7,83.35
2026-04-26,CBG27,2027-02-01,Feb 2027,8,82.07
2026-04-26,CBH27,2027-03-01,Mar 2027,9,80.98
2026-04-26,CBJ27,2027-04-01,Apr 2027,10,80.04
2026-04-26,CBK27,2027-05-01,May 2027,11,79.26
2026-04-26,CBM27,2027-06-01,Jun 2027,12,78.6
2026-04-26,CBN27,2027-07-01,Jul 2027,13,78.01
2026-04-26,CBQ27,2027-08-01,Aug 2027,14,77.52
2026-04-26,CBU27,2027-09-01,Sep 2027,15,77.11
2026-04-26,CBV27,2027-10-01,Oct 2027,16,76.75
2026-04-26,CBX27,2027-11-01,Nov 2027,17,76.43
2026-04-26,CBZ27,2027-12-01,Dec 2027,18,76.12
2026-04-26,CBF28,2028-01-01,Jan 2028,19,75.78
2026-04-26,CBG28,2028-02-01,Feb 2028,20,75.45
2026-04-26,CBH28,2028-03-01,Mar 2028,21,75.2
2026-04-26,CBJ28,2028-04-01,Apr 2028,22,74.99
2026-04-26,CBK28,2028-05-01,May 2028,23,74.81
2026-04-26,CBM28,2028-06-01,Jun 2028,24,74.61
2026-04-26,CBN28,2028-07-01,Jul 2028,25,74.39
2026-04-26,CBQ28,2028-08-01,Aug 2028,26,74.18
2026-04-26,CBU28,2028-09-01,Sep 2028,27,73.95
2026-04-26,CBV28,2028-10-01,Oct 2028,28,73.73
2026-04-26,CBX28,2028-11-01,Nov 2028,29,73.53
2026-04-26,CBZ28,2028-12-01,Dec 2028,30,73.38
2026-04-26,CBF29,2029-01-01,Jan 2029,31,73.21
2026-04-26,CBG29,2029-02-01,Feb 2029,32,73.06
2026-04-26,CBH29,2029-03-01,Mar 2029,33,72.94
2026-04-26,CBJ29,2029-04-01,Apr 2029,34,72.81
2026-04-26,CBK29,2029-05-01,May 2029,35,72.68
2026-04-26,CBM29,2029-06-01,Jun 2029,36,72.56
2026-04-26,CBN29,2029-07-01,Jul 2029,37,72.4
2026-04-26,CBQ29,2029-08-01,Aug 2029,38,72.23
2026-04-26,CBU29,2029-09-01,Sep 2029,39,72.07
2026-04-26,CBV29,2029-10-01,Oct 2029,40,71.9
2026-04-26,CBX29,2029-11-01,Nov 2029,41,71.74
2026-04-26,CBZ29,2029-12-01,Dec 2029,42,71.63
2026-04-26,CBF30,2030-01-01,Jan 2030,43,71.49
2026-04-26,CBG30,2030-02-01,Feb 2030,44,71.4
2026-04-26,CBH30,2030-03-01,Mar 2030,45,71.3
2026-04-26,CBJ30,2030-04-01,Apr 2030,46,71.2
2026-04-26,CBK30,2030-05-01,May 2030,47,71.1
2026-04-26,CBM30,2030-06-01,Jun 2030,48,71.0
2026-04-26,CBN30,2030-07-01,Jul 2030,49,70.89
2026-04-26,CBQ30,2030-08-01,Aug 2030,50,70.78
2026-04-26,CBU30,2030-09-01,Sep 2030,51,70.67
2026-04-26,CBV30,2030-10-01,Oct 2030,52,70.56
2026-04-26,CBX30,2030-11-01,Nov 2030,53,70.46
2026-04-26,CBZ30,2030-12-01,Dec 2030,54,70.36
2026-04-26,CBF31,2031-01-01,Jan 2031,55,70.26
2026-04-26,CBG31,2031-02-01,Feb 2031,56,70.17
2026-04-26,CBH31,2031-03-01,Mar 2031,57,70.08
2026-04-26,CBJ31,2031-04-01,Apr 2031,58,69.98
2026-04-26,CBK31,2031-05-01,May 2031,59,69.88
2026-04-26,CBM31,2031-06-01,Jun 2031,60,69.78
2026-04-26,CBN31,2031-07-01,Jul 2031,61,69.69
2026-04-26,CBQ31,2031-08-01,Aug 2031,62,69.6
2026-04-26,CBU31,2031-09-01,Sep 2031,63,69.5
2026-04-26,CBV31,2031-10-01,Oct 2031,64,69.4
2026-04-26,CBX31,2031-11-01,Nov 2031,65,69.31
2026-04-26,CBZ31,2031-12-01,Dec 2031,66,69.21
2026-04-26,CBF32,2032-01-01,Jan 2032,67,69.12
2026-04-26,CBG32,2032-02-01,Feb 2032,68,69.03
2026-04-26,CBH32,2032-03-01,Mar 2032,69,68.94
2026-04-26,CBJ32,2032-04-01,Apr 2032,70,68.86
2026-04-26,CBK32,2032-05-01,May 2032,71,68.78
2026-04-26,CBM32,2032-06-01,Jun 2032,72,68.7
2026-04-26,CBN32,2032-07-01,Jul 2032,73,68.62
2026-04-26,CBQ32,2032-08-01,Aug 2032,74,68.54
2026-04-26,CBU32,2032-09-01,Sep 2032,75,68.46
2026-04-26,CBV32,2032-10-01,Oct 2032,76,68.38
2026-04-26,CBX32,2032-11-01,Nov 2032,77,68.3
2026-04-26,CBZ32,2032-12-01,Dec 2032,78,68.22
2026-04-26,CBF33,2033-01-01,Jan 2033,79,68.15
2026-04-26,CBG33,2033-02-01,Feb 2033,80,68.08
2026-04-26,CBH33,2033-03-01,Mar 2033,81,68.01
2026-04-27,CBM26,2026-06-01,Jun 2026,0,108.29
2026-04-27,CBN26,2026-07-01,Jul 2026,1,101.82
2026-04-27,CBQ26,2026-08-01,Aug 2026,2,96.83
2026-04-27,CBU26,2026-09-01,Sep 2026,3,93.16
2026-04-27,CBV26,2026-10-01,Oct 2026,4,90.3
2026-04-27,CBX26,2026-11-01,Nov 2026,5,88.02
2026-04-27,CBZ26,2026-12-01,Dec 2026,6,86.15
2026-04-27,CBF27,2027-01-01,Jan 2027,7,84.56
2026-04-27,CBG27,2027-02-01,Feb 2027,8,83.13
2026-04-27,CBH27,2027-03-01,Mar 2027,9,82.0
2026-04-27,CBJ27,2027-04-01,Apr 2027,10,80.99
2026-04-27,CBK27,2027-05-01,May 2027,11,80.1
2026-04-27,CBM27,2027-06-01,Jun 2027,12,79.47
2026-04-27,CBN27,2027-07-01,Jul 2027,13,78.82
2026-04-27,CBQ27,2027-08-01,Aug 2027,14,78.31
2026-04-27,CBU27,2027-09-01,Sep 2027,15,77.87
2026-04-27,CBV27,2027-10-01,Oct 2027,16,77.46
2026-04-27,CBX27,2027-11-01,Nov 2027,17,77.16
2026-04-27,CBZ27,2027-12-01,Dec 2027,18,76.85
2026-04-27,CBF28,2028-01-01,Jan 2028,19,76.48
2026-04-27,CBG28,2028-02-01,Feb 2028,20,76.14
2026-04-27,CBH28,2028-03-01,Mar 2028,21,75.88
2026-04-27,CBJ28,2028-04-01,Apr 2028,22,75.66
2026-04-27,CBK28,2028-05-01,May 2028,23,75.45
2026-04-27,CBM28,2028-06-01,Jun 2028,24,75.26
2026-04-27,CBN28,2028-07-01,Jul 2028,25,74.98
2026-04-27,CBQ28,2028-08-01,Aug 2028,26,74.75
2026-04-27,CBU28,2028-09-01,Sep 2028,27,74.5
2026-04-27,CBV28,2028-10-01,Oct 2028,28,74.26
2026-04-27,CBX28,2028-11-01,Nov 2028,29,74.04
2026-04-27,CBZ28,2028-12-01,Dec 2028,30,73.9
2026-04-27,CBF29,2029-01-01,Jan 2029,31,73.68
2026-04-27,CBG29,2029-02-01,Feb 2029,32,73.51
2026-04-27,CBH29,2029-03-01,Mar 2029,33,73.37
2026-04-27,CBJ29,2029-04-01,Apr 2029,34,73.22
2026-04-27,CBK29,2029-05-01,May 2029,35,73.08
2026-04-27,CBM29,2029-06-01,Jun 2029,36,72.85
2026-04-27,CBN29,2029-07-01,Jul 2029,37,72.78
2026-04-27,CBQ29,2029-08-01,Aug 2029,38,72.59
2026-04-27,CBU29,2029-09-01,Sep 2029,39,72.41
2026-04-27,CBV29,2029-10-01,Oct 2029,40,72.23
2026-04-27,CBX29,2029-11-01,Nov 2029,41,72.06
2026-04-27,CBZ29,2029-12-01,Dec 2029,42,71.86
2026-04-27,CBF30,2030-01-01,Jan 2030,43,71.79
2026-04-27,CBG30,2030-02-01,Feb 2030,44,71.69
2026-04-27,CBH30,2030-03-01,Mar 2030,45,71.58
2026-04-27,CBJ30,2030-04-01,Apr 2030,46,71.48
2026-04-27,CBK30,2030-05-01,May 2030,47,71.37
2026-04-27,CBM30,2030-06-01,Jun 2030,48,71.26
2026-04-27,CBN30,2030-07-01,Jul 2030,49,71.14
2026-04-27,CBQ30,2030-08-01,Aug 2030,50,71.02
2026-04-27,CBU30,2030-09-01,Sep 2030,51,70.9
2026-04-27,CBV30,2030-10-01,Oct 2030,52,70.78
2026-04-27,CBX30,2030-11-01,Nov 2030,53,70.67
2026-04-27,CBZ30,2030-12-01,Dec 2030,54,70.74
2026-04-27,CBF31,2031-01-01,Jan 2031,55,70.47
2026-04-27,CBG31,2031-02-01,Feb 2031,56,70.38
2026-04-27,CBH31,2031-03-01,Mar 2031,57,70.29
2026-04-27,CBJ31,2031-04-01,Apr 2031,58,70.19
2026-04-27,CBK31,2031-05-01,May 2031,59,70.08
2026-04-27,CBM31,2031-06-01,Jun 2031,60,69.97
2026-04-27,CBN31,2031-07-01,Jul 2031,61,69.88
2026-04-27,CBQ31,2031-08-01,Aug 2031,62,69.79
2026-04-27,CBU31,2031-09-01,Sep 2031,63,69.69
2026-04-27,CBV31,2031-10-01,Oct 2031,64,69.59
2026-04-27,CBX31,2031-11-01,Nov 2031,65,69.49
2026-04-27,CBZ31,2031-12-01,Dec 2031,66,69.38
2026-04-27,CBF32,2032-01-01,Jan 2032,67,69.29
2026-04-27,CBG32,2032-02-01,Feb 2032,68,69.2
2026-04-27,CBH32,2032-03-01,Mar 2032,69,69.11
2026-04-27,CBJ32,2032-04-01,Apr 2032,70,69.03
2026-04-27,CBK32,2032-05-01,May 2032,71,68.95
2026-04-27,CBM32,2032-06-01,Jun 2032,72,68.87
2026-04-27,CBN32,2032-07-01,Jul 2032,73,68.79
2026-04-27,CBQ32,2032-08-01,Aug 2032,74,68.71
2026-04-27,CBU32,2032-09-01,Sep 2032,75,68.63
2026-04-27,CBV32,2032-10-01,Oct 2032,76,68.55
2026-04-27,CBX32,2032-11-01,Nov 2032,77,68.47
2026-04-27,CBZ32,2032-12-01,Dec 2032,78,68.39
2026-04-27,CBF33,2033-01-01,Jan 2033,79,68.32
2026-04-27,CBG33,2033-02-01,Feb 2033,80,68.25
2026-04-27,CBH33,2033-03-01,Mar 2033,81,68.18
2026-04-28,CBM26,2026-06-01,Jun 2026,0,111.14
2026-04-28,CBN26,2026-07-01,Jul 2026,1,104.39
2026-04-28,CBQ26,2026-08-01,Aug 2026,2,98.81
2026-04-28,CBU26,2026-09-01,Sep 2026,3,94.58
2026-04-28,CBV26,2026-10-01,Oct 2026,4,91.24
2026-04-28,CBX26,2026-11-01,Nov 2026,5,88.64
2026-04-28,CBZ26,2026-12-01,Dec 2026,6,86.53
2026-04-28,CBF27,2027-01-01,Jan 2027,7,84.77
2026-04-28,CBG27,2027-02-01,Feb 2027,8,83.24
2026-04-28,CBH27,2027-03-01,Mar 2027,9,82.0
2026-04-28,CBJ27,2027-04-01,Apr 2027,10,80.93
2026-04-28,CBK27,2027-05-01,May 2027,11,79.92
2026-04-28,CBM27,2027-06-01,Jun 2027,12,79.29
2026-04-28,CBN27,2027-07-01,Jul 2027,13,78.47
2026-04-28,CBQ27,2027-08-01,Aug 2027,14,77.92
2026-04-28,CBU27,2027-09-01,Sep 2027,15,77.43
2026-04-28,CBV27,2027-10-01,Oct 2027,16,77.01
2026-04-28,CBX27,2027-11-01,Nov 2027,17,76.64
2026-04-28,CBZ27,2027-12-01,Dec 2027,18,76.51
2026-04-28,CBF28,2028-01-01,Jan 2028,19,75.9
2026-04-28,CBG28,2028-02-01,Feb 2028,20,75.54
2026-04-28,CBH28,2028-03-01,Mar 2028,21,75.25
2026-04-28,CBJ28,2028-04-01,Apr 2028,22,76.5
2026-04-28,CBK28,2028-05-01,May 2028,23,74.75
2026-04-28,CBM28,2028-06-01,Jun 2028,24,74.6
2026-04-28,CBN28,2028-07-01,Jul 2028,25,74.23
2026-04-28,CBQ28,2028-08-01,Aug 2028,26,73.97
2026-04-28,CBU28,2028-09-01,Sep 2028,27,73.7
2026-04-28,CBV28,2028-10-01,Oct 2028,28,73.44
2026-04-28,CBX28,2028-11-01,Nov 2028,29,73.21
2026-04-28,CBZ28,2028-12-01,Dec 2028,30,73.3
2026-04-28,CBF29,2029-01-01,Jan 2029,31,72.83
2026-04-28,CBG29,2029-02-01,Feb 2029,32,72.64
2026-04-28,CBH29,2029-03-01,Mar 2029,33,72.49
2026-04-28,CBJ29,2029-04-01,Apr 2029,34,72.33
2026-04-28,CBK29,2029-05-01,May 2029,35,72.18
2026-04-28,CBM29,2029-06-01,Jun 2029,36,72.18
2026-04-28,CBN29,2029-07-01,Jul 2029,37,71.87
2026-04-28,CBQ29,2029-08-01,Aug 2029,38,71.68
2026-04-28,CBU29,2029-09-01,Sep 2029,39,71.5
2026-04-28,CBV29,2029-10-01,Oct 2029,40,71.31
2026-04-28,CBX29,2029-11-01,Nov 2029,41,71.15
2026-04-28,CBZ29,2029-12-01,Dec 2029,42,71.15
2026-04-28,CBF30,2030-01-01,Jan 2030,43,70.88
2026-04-28,CBG30,2030-02-01,Feb 2030,44,70.78
2026-04-28,CBH30,2030-03-01,Mar 2030,45,70.67
2026-04-28,CBJ30,2030-04-01,Apr 2030,46,70.58
2026-04-28,CBK30,2030-05-01,May 2030,47,70.47
2026-04-28,CBM30,2030-06-01,Jun 2030,48,70.36
2026-04-28,CBN30,2030-07-01,Jul 2030,49,70.24
2026-04-28,CBQ30,2030-08-01,Aug 2030,50,70.12
2026-04-28,CBU30,2030-09-01,Sep 2030,51,70.01
2026-04-28,CBV30,2030-10-01,Oct 2030,52,69.89
2026-04-28,CBX30,2030-11-01,Nov 2030,53,69.78
2026-04-28,CBZ30,2030-12-01,Dec 2030,54,69.53
2026-04-28,CBF31,2031-01-01,Jan 2031,55,69.58
2026-04-28,CBG31,2031-02-01,Feb 2031,56,69.49
2026-04-28,CBH31,2031-03-01,Mar 2031,57,69.4
2026-04-28,CBJ31,2031-04-01,Apr 2031,58,69.31
2026-04-28,CBK31,2031-05-01,May 2031,59,69.21
2026-04-28,CBM31,2031-06-01,Jun 2031,60,69.1
2026-04-28,CBN31,2031-07-01,Jul 2031,61,69.01
2026-04-28,CBQ31,2031-08-01,Aug 2031,62,68.92
2026-04-28,CBU31,2031-09-01,Sep 2031,63,68.82
2026-04-28,CBV31,2031-10-01,Oct 2031,64,68.73
2026-04-28,CBX31,2031-11-01,Nov 2031,65,68.63
2026-04-28,CBZ31,2031-12-01,Dec 2031,66,69.2
2026-04-28,CBF32,2032-01-01,Jan 2032,67,68.43
2026-04-28,CBG32,2032-02-01,Feb 2032,68,68.34
2026-04-28,CBH32,2032-03-01,Mar 2032,69,68.25
2026-04-28,CBJ32,2032-04-01,Apr 2032,70,68.17
2026-04-28,CBK32,2032-05-01,May 2032,71,68.09
2026-04-28,CBM32,2032-06-01,Jun 2032,72,68.01
2026-04-28,CBN32,2032-07-01,Jul 2032,73,67.93
2026-04-28,CBQ32,2032-08-01,Aug 2032,74,67.85
2026-04-28,CBU32,2032-09-01,Sep 2032,75,67.77
2026-04-28,CBV32,2032-10-01,Oct 2032,76,67.69
2026-04-28,CBX32,2032-11-01,Nov 2032,77,67.61
2026-04-28,CBZ32,2032-12-01,Dec 2032,78,67.53
2026-04-28,CBF33,2033-01-01,Jan 2033,79,67.46
2026-04-28,CBG33,2033-02-01,Feb 2033,80,67.39
2026-04-28,CBH33,2033-03-01,Mar 2033,81,67.32
2026-04-29,CBM26,2026-06-01,Jun 2026,0,119.9
2026-04-29,CBN26,2026-07-01,Jul 2026,1,111.55
2026-04-29,CBQ26,2026-08-01,Aug 2026,2,104.36
2026-04-29,CBU26,2026-09-01,Sep 2026,3,98.69
2026-04-29,CBV26,2026-10-01,Oct 2026,4,94.12
2026-04-29,CBX26,2026-11-01,Nov 2026,5,90.49
2026-04-29,CBZ26,2026-12-01,Dec 2026,6,87.67
2026-04-29,CBF27,2027-01-01,Jan 2027,7,85.48
2026-04-29,CBG27,2027-02-01,Feb 2027,8,83.72
2026-04-29,CBH27,2027-03-01,Mar 2027,9,82.35
2026-04-29,CBJ27,2027-04-01,Apr 2027,10,80.9
2026-04-29,CBK27,2027-05-01,May 2027,11,80.36
2026-04-29,CBM27,2027-06-01,Jun 2027,12,79.49
2026-04-29,CBN27,2027-07-01,Jul 2027,13,78.66
2026-04-29,CBQ27,2027-08-01,Aug 2027,14,78.06
2026-04-29,CBU27,2027-09-01,Sep 2027,15,77.58
2026-04-29,CBV27,2027-10-01,Oct 2027,16,77.16
2026-04-29,CBX27,2027-11-01,Nov 2027,17,76.79
2026-04-29,CBZ27,2027-12-01,Dec 2027,18,76.62
2026-04-29,CBF28,2028-01-01,Jan 2028,19,76.02
2026-04-29,CBG28,2028-02-01,Feb 2028,20,75.66
2026-04-29,CBH28,2028-03-01,Mar 2028,21,75.37
2026-04-29,CBJ28,2028-04-01,Apr 2028,22,75.12
2026-04-29,CBK28,2028-05-01,May 2028,23,74.88
2026-04-29,CBM28,2028-06-01,Jun 2028,24,74.63
2026-04-29,CBN28,2028-07-01,Jul 2028,25,74.37
2026-04-29,CBQ28,2028-08-01,Aug 2028,26,74.11
2026-04-29,CBU28,2028-09-01,Sep 2028,27,73.84
2026-04-29,CBV28,2028-10-01,Oct 2028,28,73.58
2026-04-29,CBX28,2028-11-01,Nov 2028,29,73.35
2026-04-29,CBZ28,2028-12-01,Dec 2028,30,73.15
2026-04-29,CBF29,2029-01-01,Jan 2029,31,72.95
2026-04-29,CBG29,2029-02-01,Feb 2029,32,72.76
2026-04-29,CBH29,2029-03-01,Mar 2029,33,72.61
2026-04-29,CBJ29,2029-04-01,Apr 2029,34,72.45
2026-04-29,CBK29,2029-05-01,May 2029,35,72.3
2026-04-29,CBM29,2029-06-01,Jun 2029,36,71.92
2026-04-29,CBN29,2029-07-01,Jul 2029,37,72.01
2026-04-29,CBQ29,2029-08-01,Aug 2029,38,71.82
2026-04-29,CBU29,2029-09-01,Sep 2029,39,71.64
2026-04-29,CBV29,2029-10-01,Oct 2029,40,71.45
2026-04-29,CBX29,2029-11-01,Nov 2029,41,71.3
2026-04-29,CBZ29,2029-12-01,Dec 2029,42,71.21
2026-04-29,CBF30,2030-01-01,Jan 2030,43,71.04
2026-04-29,CBG30,2030-02-01,Feb 2030,44,70.94
2026-04-29,CBH30,2030-03-01,Mar 2030,45,70.83
2026-04-29,CBJ30,2030-04-01,Apr 2030,46,70.74
2026-04-29,CBK30,2030-05-01,May 2030,47,70.64
2026-04-29,CBM30,2030-06-01,Jun 2030,48,70.54
2026-04-29,CBN30,2030-07-01,Jul 2030,49,70.42
2026-04-29,CBQ30,2030-08-01,Aug 2030,50,70.3
2026-04-29,CBU30,2030-09-01,Sep 2030,51,70.19
2026-04-29,CBV30,2030-10-01,Oct 2030,52,70.08
2026-04-29,CBX30,2030-11-01,Nov 2030,53,69.98
2026-04-29,CBZ30,2030-12-01,Dec 2030,54,69.78
2026-04-29,CBF31,2031-01-01,Jan 2031,55,69.79
2026-04-29,CBG31,2031-02-01,Feb 2031,56,69.7
2026-04-29,CBH31,2031-03-01,Mar 2031,57,69.61
2026-04-29,CBJ31,2031-04-01,Apr 2031,58,69.52
2026-04-29,CBK31,2031-05-01,May 2031,59,69.42
2026-04-29,CBM31,2031-06-01,Jun 2031,60,69.31
2026-04-29,CBN31,2031-07-01,Jul 2031,61,69.22
2026-04-29,CBQ31,2031-08-01,Aug 2031,62,69.13
2026-04-29,CBU31,2031-09-01,Sep 2031,63,69.04
2026-04-29,CBV31,2031-10-01,Oct 2031,64,68.95
2026-04-29,CBX31,2031-11-01,Nov 2031,65,68.86
2026-04-29,CBZ31,2031-12-01,Dec 2031,66,68.77
2026-04-29,CBF32,2032-01-01,Jan 2032,67,68.68
2026-04-29,CBG32,2032-02-01,Feb 2032,68,68.59
2026-04-29,CBH32,2032-03-01,Mar 2032,69,68.5
2026-04-29,CBJ32,2032-04-01,Apr 2032,70,68.42
2026-04-29,CBK32,2032-05-01,May 2032,71,68.34
2026-04-29,CBM32,2032-06-01,Jun 2032,72,68.26
2026-04-29,CBN32,2032-07-01,Jul 2032,73,68.18
2026-04-29,CBQ32,2032-08-01,Aug 2032,74,68.1
2026-04-29,CBU32,2032-09-01,Sep 2032,75,68.02
2026-04-29,CBV32,2032-10-01,Oct 2032,76,67.94
2026-04-29,CBX32,2032-11-01,Nov 2032,77,67.86
2026-04-29,CBZ32,2032-12-01,Dec 2032,78,67.78
2026-04-29,CBF33,2033-01-01,Jan 2033,79,67.71
2026-04-29,CBG33,2033-02-01,Feb 2033,80,67.64
2026-04-29,CBH33,2033-03-01,Mar 2033,81,67.57
2026-04-30,CBM26,2026-06-01,Jun 2026,0,114.01
2026-04-30,CBN26,2026-07-01,Jul 2026,1,110.76
2026-04-30,CBQ26,2026-08-01,Aug 2026,2,103.77
2026-04-30,CBU26,2026-09-01,Sep 2026,3,98.19
2026-04-30,CBV26,2026-10-01,Oct 2026,4,93.77
2026-04-30,CBX26,2026-11-01,Nov 2026,5,90.4
2026-04-30,CBZ26,2026-12-01,Dec 2026,6,87.89
2026-04-30,CBF27,2027-01-01,Jan 2027,7,85.81
2026-04-30,CBG27,2027-02-01,Feb 2027,8,84.16
2026-04-30,CBH27,2027-03-01,Mar 2027,9,82.83
2026-04-30,CBJ27,2027-04-01,Apr 2027,10,81.66
2026-04-30,CBK27,2027-05-01,May 2027,11,80.72
2026-04-30,CBM27,2027-06-01,Jun 2027,12,80.01
2026-04-30,CBN27,2027-07-01,Jul 2027,13,79.34
2026-04-30,CBQ27,2027-08-01,Aug 2027,14,78.65
2026-04-30,CBU27,2027-09-01,Sep 2027,15,78.21
2026-04-30,CBV27,2027-10-01,Oct 2027,16,77.76
2026-04-30,CBX27,2027-11-01,Nov 2027,17,77.36
2026-04-30,CBZ27,2027-12-01,Dec 2027,18,76.99
2026-04-30,CBF28,2028-01-01,Jan 2028,19,76.57
2026-04-30,CBG28,2028-02-01,Feb 2028,20,76.19
2026-04-30,CBH28,2028-03-01,Mar 2028,21,75.88
2026-04-30,CBJ28,2028-04-01,Apr 2028,22,75.6
2026-04-30,CBK28,2028-05-01,May 2028,23,75.33
2026-04-30,CBM28,2028-06-01,Jun 2028,24,74.96
2026-04-30,CBN28,2028-07-01,Jul 2028,25,74.79
2026-04-30,CBQ28,2028-08-01,Aug 2028,26,74.51
2026-04-30,CBU28,2028-09-01,Sep 2028,27,74.22
2026-04-30,CBV28,2028-10-01,Oct 2028,28,73.94
2026-04-30,CBX28,2028-11-01,Nov 2028,29,73.69
2026-04-30,CBZ28,2028-12-01,Dec 2028,30,73.43
2026-04-30,CBF29,2029-01-01,Jan 2029,31,73.27
2026-04-30,CBG29,2029-02-01,Feb 2029,32,73.07
2026-04-30,CBH29,2029-03-01,Mar 2029,33,72.91
2026-04-30,CBJ29,2029-04-01,Apr 2029,34,72.74
2026-04-30,CBK29,2029-05-01,May 2029,35,72.58
2026-04-30,CBM29,2029-06-01,Jun 2029,36,72.31
2026-04-30,CBN29,2029-07-01,Jul 2029,37,72.25
2026-04-30,CBQ29,2029-08-01,Aug 2029,38,72.06
2026-04-30,CBU29,2029-09-01,Sep 2029,39,71.87
2026-04-30,CBV29,2029-10-01,Oct 2029,40,71.68
2026-04-30,CBX29,2029-11-01,Nov 2029,41,71.51
2026-04-30,CBZ29,2029-12-01,Dec 2029,42,71.44
2026-04-30,CBF30,2030-01-01,Jan 2030,43,71.24
2026-04-30,CBG30,2030-02-01,Feb 2030,44,71.14
2026-04-30,CBH30,2030-03-01,Mar 2030,45,71.03
2026-04-30,CBJ30,2030-04-01,Apr 2030,46,70.94
2026-04-30,CBK30,2030-05-01,May 2030,47,70.83
2026-04-30,CBM30,2030-06-01,Jun 2030,48,70.72
2026-04-30,CBN30,2030-07-01,Jul 2030,49,70.6
2026-04-30,CBQ30,2030-08-01,Aug 2030,50,70.48
2026-04-30,CBU30,2030-09-01,Sep 2030,51,70.36
2026-04-30,CBV30,2030-10-01,Oct 2030,52,70.24
2026-04-30,CBX30,2030-11-01,Nov 2030,53,70.13
2026-04-30,CBZ30,2030-12-01,Dec 2030,54,69.99
2026-04-30,CBF31,2031-01-01,Jan 2031,55,69.94
2026-04-30,CBG31,2031-02-01,Feb 2031,56,69.86
2026-04-30,CBH31,2031-03-01,Mar 2031,57,69.77
2026-04-30,CBJ31,2031-04-01,Apr 2031,58,69.68
2026-04-30,CBK31,2031-05-01,May 2031,59,69.58
2026-04-30,CBM31,2031-06-01,Jun 2031,60,69.47
2026-04-30,CBN31,2031-07-01,Jul 2031,61,69.39
2026-04-30,CBQ31,2031-08-01,Aug 2031,62,69.3
2026-04-30,CBU31,2031-09-01,Sep 2031,63,69.21
2026-04-30,CBV31,2031-10-01,Oct 2031,64,69.12
2026-04-30,CBX31,2031-11-01,Nov 2031,65,69.03
2026-04-30,CBZ31,2031-12-01,Dec 2031,66,68.94
2026-04-30,CBF32,2032-01-01,Jan 2032,67,68.85
2026-04-30,CBG32,2032-02-01,Feb 2032,68,68.76
2026-04-30,CBH32,2032-03-01,Mar 2032,69,68.67
2026-04-30,CBJ32,2032-04-01,Apr 2032,70,68.59
2026-04-30,CBK32,2032-05-01,May 2032,71,68.51
2026-04-30,CBM32,2032-06-01,Jun 2032,72,68.43
2026-04-30,CBN32,2032-07-01,Jul 2032,73,68.35
2026-04-30,CBQ32,2032-08-01,Aug 2032,74,68.27
2026-04-30,CBU32,2032-09-01,Sep 2032,75,68.19
2026-04-30,CBV32,2032-10-01,Oct 2032,76,68.11
2026-04-30,CBX32,2032-11-01,Nov 2032,77,68.03
2026-04-30,CBZ32,2032-12-01,Dec 2032,78,67.95
2026-04-30,CBF33,2033-01-01,Jan 2033,79,67.88
2026-04-30,CBG33,2033-02-01,Feb 2033,80,67.81
2026-04-30,CBH33,2033-03-01,Mar 2033,81,67.74
2026-05-01,CBN26,2026-07-01,Jul 2026,0,108.39
2026-05-01,CBQ26,2026-08-01,Aug 2026,1,102.09
2026-05-01,CBU26,2026-09-01,Sep 2026,2,97.04
2026-05-01,CBV26,2026-10-01,Oct 2026,3,92.99
2026-05-01,CBX26,2026-11-01,Nov 2026,4,89.78
2026-05-01,CBZ26,2026-12-01,Dec 2026,5,87.43
2026-05-01,CBF27,2027-01-01,Jan 2027,6,85.5
2026-05-01,CBG27,2027-02-01,Feb 2027,7,83.91
2026-05-01,CBH27,2027-03-01,Mar 2027,8,82.54
2026-05-01,CBJ27,2027-04-01,Apr 2027,9,81.57
2026-05-01,CBK27,2027-05-01,May 2027,10,80.64
2026-05-01,CBM27,2027-06-01,Jun 2027,11,79.85
2026-05-01,CBN27,2027-07-01,Jul 2027,12,79.21
2026-05-01,CBQ27,2027-08-01,Aug 2027,13,78.63
2026-05-01,CBU27,2027-09-01,Sep 2027,14,78.33
2026-05-01,CBV27,2027-10-01,Oct 2027,15,77.77
2026-05-01,CBX27,2027-11-01,Nov 2027,16,77.49
2026-05-01,CBZ27,2027-12-01,Dec 2027,17,77.02
2026-05-01,CBF28,2028-01-01,Jan 2028,18,76.64
2026-05-01,CBG28,2028-02-01,Feb 2028,19,76.29
2026-05-01,CBH28,2028-03-01,Mar 2028,20,76.01
2026-05-01,CBJ28,2028-04-01,Apr 2028,21,75.76
2026-05-01,CBK28,2028-05-01,May 2028,22,75.52
2026-05-01,CBM28,2028-06-01,Jun 2028,23,75.31
2026-05-01,CBN28,2028-07-01,Jul 2028,24,75.04
2026-05-01,CBQ28,2028-08-01,Aug 2028,25,74.78
2026-05-01,CBU28,2028-09-01,Sep 2028,26,74.51
2026-05-01,CBV28,2028-10-01,Oct 2028,27,74.26
2026-05-01,CBX28,2028-11-01,Nov 2028,28,74.02
2026-05-01,CBZ28,2028-12-01,Dec 2028,29,73.88
2026-05-01,CBF29,2029-01-01,Jan 2029,30,73.63
2026-05-01,CBG29,2029-02-01,Feb 2029,31,73.44
2026-05-01,CBH29,2029-03-01,Mar 2029,32,73.29
2026-05-01,CBJ29,2029-04-01,Apr 2029,33,73.13
2026-05-01,CBK29,2029-05-01,May 2029,34,72.98
2026-05-01,CBM29,2029-06-01,Jun 2029,35,73.03
2026-05-01,CBN29,2029-07-01,Jul 2029,36,72.67
2026-05-01,CBQ29,2029-08-01,Aug 2029,37,72.49
2026-05-01,CBU29,2029-09-01,Sep 2029,38,72.31
2026-05-01,CBV29,2029-10-01,Oct 2029,39,72.12
2026-05-01,CBX29,2029-11-01,Nov 2029,40,71.92
2026-05-01,CBZ29,2029-12-01,Dec 2029,41,71.95
2026-05-01,CBF30,2030-01-01,Jan 2030,42,71.67
2026-05-01,CBG30,2030-02-01,Feb 2030,43,71.57
2026-05-01,CBH30,2030-03-01,Mar 2030,44,71.47
2026-05-01,CBJ30,2030-04-01,Apr 2030,45,71.38
2026-05-01,CBK30,2030-05-01,May 2030,46,71.28
2026-05-01,CBM30,2030-06-01,Jun 2030,47,71.36
2026-05-01,CBN30,2030-07-01,Jul 2030,48,71.06
2026-05-01,CBQ30,2030-08-01,Aug 2030,49,70.94
2026-05-01,CBU30,2030-09-01,Sep 2030,50,70.82
2026-05-01,CBV30,2030-10-01,Oct 2030,51,70.7
2026-05-01,CBX30,2030-11-01,Nov 2030,52,70.58
2026-05-01,CBZ30,2030-12-01,Dec 2030,53,70.53
2026-05-01,CBF31,2031-01-01,Jan 2031,54,70.38
2026-05-01,CBG31,2031-02-01,Feb 2031,55,70.3
2026-05-01,CBH31,2031-03-01,Mar 2031,56,70.21
2026-05-01,CBJ31,2031-04-01,Apr 2031,57,70.13
2026-05-01,CBK31,2031-05-01,May 2031,58,70.03
2026-05-01,CBM31,2031-06-01,Jun 2031,59,69.92
2026-05-01,CBN31,2031-07-01,Jul 2031,60,69.84
2026-05-01,CBQ31,2031-08-01,Aug 2031,61,69.76
2026-05-01,CBU31,2031-09-01,Sep 2031,62,69.68
2026-05-01,CBV31,2031-10-01,Oct 2031,63,69.59
2026-05-01,CBX31,2031-11-01,Nov 2031,64,69.5
2026-05-01,CBZ31,2031-12-01,Dec 2031,65,69.41
2026-05-01,CBF32,2032-01-01,Jan 2032,66,69.32
2026-05-01,CBG32,2032-02-01,Feb 2032,67,69.23
2026-05-01,CBH32,2032-03-01,Mar 2032,68,69.14
2026-05-01,CBJ32,2032-04-01,Apr 2032,69,69.06
2026-05-01,CBK32,2032-05-01,May 2032,70,68.98
2026-05-01,CBM32,2032-06-01,Jun 2032,71,68.9
2026-05-01,CBN32,2032-07-01,Jul 2032,72,68.82
2026-05-01,CBQ32,2032-08-01,Aug 2032,73,68.74
2026-05-01,CBU32,2032-09-01,Sep 2032,74,68.66
2026-05-01,CBV32,2032-10-01,Oct 2032,75,68.58
2026-05-01,CBX32,2032-11-01,Nov 2032,76,68.5
2026-05-01,CBZ32,2032-12-01,Dec 2032,77,68.42
2026-05-01,CBF33,2033-01-01,Jan 2033,78,68.35
2026-05-01,CBG33,2033-02-01,Feb 2033,79,68.28
2026-05-01,CBH33,2033-03-01,Mar 2033,80,68.21
2026-05-02,CBN26,2026-07-01,Jul 2026,0,108.17
2026-05-02,CBQ26,2026-08-01,Aug 2026,1,101.91
2026-05-02,CBU26,2026-09-01,Sep 2026,2,96.88
2026-05-02,CBV26,2026-10-01,Oct 2026,3,92.83
2026-05-02,CBX26,2026-11-01,Nov 2026,4,89.77
2026-05-02,CBZ26,2026-12-01,Dec 2026,5,87.4
2026-05-02,CBF27,2027-01-01,Jan 2027,6,85.46
2026-05-02,CBG27,2027-02-01,Feb 2027,7,83.88
2026-05-02,CBH27,2027-03-01,Mar 2027,8,82.6
2026-05-02,CBJ27,2027-04-01,Apr 2027,9,81.53
2026-05-02,CBK27,2027-05-01,May 2027,10,80.63
2026-05-02,CBM27,2027-06-01,Jun 2027,11,79.87
2026-05-02,CBN27,2027-07-01,Jul 2027,12,79.21
2026-05-02,CBQ27,2027-08-01,Aug 2027,13,78.66
2026-05-02,CBU27,2027-09-01,Sep 2027,14,78.19
2026-05-02,CBV27,2027-10-01,Oct 2027,15,77.76
2026-05-02,CBX27,2027-11-01,Nov 2027,16,77.38
2026-05-02,CBZ27,2027-12-01,Dec 2027,17,77.03
2026-05-02,CBF28,2028-01-01,Jan 2028,18,76.64
2026-05-02,CBG28,2028-02-01,Feb 2028,19,76.29
2026-05-02,CBH28,2028-03-01,Mar 2028,20,76.01
2026-05-02,CBJ28,2028-04-01,Apr 2028,21,75.76
2026-05-02,CBK28,2028-05-01,May 2028,22,75.52
2026-05-02,CBM28,2028-06-01,Jun 2028,23,75.28
2026-05-02,CBN28,2028-07-01,Jul 2028,24,75.04
2026-05-02,CBQ28,2028-08-01,Aug 2028,25,74.78
2026-05-02,CBU28,2028-09-01,Sep 2028,26,74.51
2026-05-02,CBV28,2028-10-01,Oct 2028,27,74.26
2026-05-02,CBX28,2028-11-01,Nov 2028,28,74.02
2026-05-02,CBZ28,2028-12-01,Dec 2028,29,73.84
2026-05-02,CBF29,2029-01-01,Jan 2029,30,73.63
2026-05-02,CBG29,2029-02-01,Feb 2029,31,73.44
2026-05-02,CBH29,2029-03-01,Mar 2029,32,73.29
2026-05-02,CBJ29,2029-04-01,Apr 2029,33,73.13
2026-05-02,CBK29,2029-05-01,May 2029,34,72.98
2026-05-02,CBM29,2029-06-01,Jun 2029,35,72.84
2026-05-02,CBN29,2029-07-01,Jul 2029,36,72.67
2026-05-02,CBQ29,2029-08-01,Aug 2029,37,72.49
2026-05-02,CBU29,2029-09-01,Sep 2029,38,72.31
2026-05-02,CBV29,2029-10-01,Oct 2029,39,72.12
2026-05-02,CBX29,2029-11-01,Nov 2029,40,71.92
2026-05-02,CBZ29,2029-12-01,Dec 2029,41,71.81
2026-05-02,CBF30,2030-01-01,Jan 2030,42,71.67
2026-05-02,CBG30,2030-02-01,Feb 2030,43,71.57
2026-05-02,CBH30,2030-03-01,Mar 2030,44,71.47
2026-05-02,CBJ30,2030-04-01,Apr 2030,45,71.38
2026-05-02,CBK30,2030-05-01,May 2030,46,71.28
2026-05-02,CBM30,2030-06-01,Jun 2030,47,71.18
2026-05-02,CBN30,2030-07-01,Jul 2030,48,71.06
2026-05-02,CBQ30,2030-08-01,Aug 2030,49,70.94
2026-05-02,CBU30,2030-09-01,Sep 2030,50,70.82
2026-05-02,CBV30,2030-10-01,Oct 2030,51,70.7
2026-05-02,CBX30,2030-11-01,Nov 2030,52,70.58
2026-05-02,CBZ30,2030-12-01,Dec 2030,53,70.47
2026-05-02,CBF31,2031-01-01,Jan 2031,54,70.38
2026-05-02,CBG31,2031-02-01,Feb 2031,55,70.3
2026-05-02,CBH31,2031-03-01,Mar 2031,56,70.21
2026-05-02,CBJ31,2031-04-01,Apr 2031,57,70.13
2026-05-02,CBK31,2031-05-01,May 2031,58,70.03
2026-05-02,CBM31,2031-06-01,Jun 2031,59,69.92
2026-05-02,CBN31,2031-07-01,Jul 2031,60,69.84
2026-05-02,CBQ31,2031-08-01,Aug 2031,61,69.76
2026-05-02,CBU31,2031-09-01,Sep 2031,62,69.68
2026-05-02,CBV31,2031-10-01,Oct 2031,63,69.59
2026-05-02,CBX31,2031-11-01,Nov 2031,64,69.5
2026-05-02,CBZ31,2031-12-01,Dec 2031,65,69.41
2026-05-02,CBF32,2032-01-01,Jan 2032,66,69.32
2026-05-02,CBG32,2032-02-01,Feb 2032,67,69.23
2026-05-02,CBH32,2032-03-01,Mar 2032,68,69.14
2026-05-02,CBJ32,2032-04-01,Apr 2032,69,69.06
2026-05-02,CBK32,2032-05-01,May 2032,70,68.98
2026-05-02,CBM32,2032-06-01,Jun 2032,71,68.9
2026-05-02,CBN32,2032-07-01,Jul 2032,72,68.82
2026-05-02,CBQ32,2032-08-01,Aug 2032,73,68.74
2026-05-02,CBU32,2032-09-01,Sep 2032,74,68.66
2026-05-02,CBV32,2032-10-01,Oct 2032,75,68.58
2026-05-02,CBX32,2032-11-01,Nov 2032,76,68.5
2026-05-02,CBZ32,2032-12-01,Dec 2032,77,68.42
2026-05-02,CBF33,2033-01-01,Jan 2033,78,68.35
2026-05-02,CBG33,2033-02-01,Feb 2033,79,68.28
2026-05-02,CBH33,2033-03-01,Mar 2033,80,68.21
2026-05-03,CBN26,2026-07-01,Jul 2026,0,108.17
2026-05-03,CBQ26,2026-08-01,Aug 2026,1,101.91
2026-05-03,CBU26,2026-09-01,Sep 2026,2,96.88
2026-05-03,CBV26,2026-10-01,Oct 2026,3,92.83
2026-05-03,CBX26,2026-11-01,Nov 2026,4,89.77
2026-05-03,CBZ26,2026-12-01,Dec 2026,5,87.4
2026-05-03,CBF27,2027-01-01,Jan 2027,6,85.46
2026-05-03,CBG27,2027-02-01,Feb 2027,7,83.88
2026-05-03,CBH27,2027-03-01,Mar 2027,8,82.6
2026-05-03,CBJ27,2027-04-01,Apr 2027,9,81.53
2026-05-03,CBK27,2027-05-01,May 2027,10,80.63
2026-05-03,CBM27,2027-06-01,Jun 2027,11,79.87
2026-05-03,CBN27,2027-07-01,Jul 2027,12,79.21
2026-05-03,CBQ27,2027-08-01,Aug 2027,13,78.66
2026-05-03,CBU27,2027-09-01,Sep 2027,14,78.19
2026-05-03,CBV27,2027-10-01,Oct 2027,15,77.76
2026-05-03,CBX27,2027-11-01,Nov 2027,16,77.38
2026-05-03,CBZ27,2027-12-01,Dec 2027,17,77.03
2026-05-03,CBF28,2028-01-01,Jan 2028,18,76.64
2026-05-03,CBG28,2028-02-01,Feb 2028,19,76.29
2026-05-03,CBH28,2028-03-01,Mar 2028,20,76.01
2026-05-03,CBJ28,2028-04-01,Apr 2028,21,75.76
2026-05-03,CBK28,2028-05-01,May 2028,22,75.52
2026-05-03,CBM28,2028-06-01,Jun 2028,23,75.28
2026-05-03,CBN28,2028-07-01,Jul 2028,24,75.04
2026-05-03,CBQ28,2028-08-01,Aug 2028,25,74.78
2026-05-03,CBU28,2028-09-01,Sep 2028,26,74.51
2026-05-03,CBV28,2028-10-01,Oct 2028,27,74.26
2026-05-03,CBX28,2028-11-01,Nov 2028,28,74.02
2026-05-03,CBZ28,2028-12-01,Dec 2028,29,73.84
2026-05-03,CBF29,2029-01-01,Jan 2029,30,73.63
2026-05-03,CBG29,2029-02-01,Feb 2029,31,73.44
2026-05-03,CBH29,2029-03-01,Mar 2029,32,73.29
2026-05-03,CBJ29,2029-04-01,Apr 2029,33,73.13
2026-05-03,CBK29,2029-05-01,May 2029,34,72.98
2026-05-03,CBM29,2029-06-01,Jun 2029,35,72.84
2026-05-03,CBN29,2029-07-01,Jul 2029,36,72.67
2026-05-03,CBQ29,2029-08-01,Aug 2029,37,72.49
2026-05-03,CBU29,2029-09-01,Sep 2029,38,72.31
2026-05-03,CBV29,2029-10-01,Oct 2029,39,72.12
2026-05-03,CBX29,2029-11-01,Nov 2029,40,71.92
2026-05-03,CBZ29,2029-12-01,Dec 2029,41,71.81
2026-05-03,CBF30,2030-01-01,Jan 2030,42,71.67
2026-05-03,CBG30,2030-02-01,Feb 2030,43,71.57
2026-05-03,CBH30,2030-03-01,Mar 2030,44,71.47
2026-05-03,CBJ30,2030-04-01,Apr 2030,45,71.38
2026-05-03,CBK30,2030-05-01,May 2030,46,71.28
2026-05-03,CBM30,2030-06-01,Jun 2030,47,71.18
2026-05-03,CBN30,2030-07-01,Jul 2030,48,71.06
2026-05-03,CBQ30,2030-08-01,Aug 2030,49,70.94
2026-05-03,CBU30,2030-09-01,Sep 2030,50,70.82
2026-05-03,CBV30,2030-10-01,Oct 2030,51,70.7
2026-05-03,CBX30,2030-11-01,Nov 2030,52,70.58
2026-05-03,CBZ30,2030-12-01,Dec 2030,53,70.47
2026-05-03,CBF31,2031-01-01,Jan 2031,54,70.38
2026-05-03,CBG31,2031-02-01,Feb 2031,55,70.3
2026-05-03,CBH31,2031-03-01,Mar 2031,56,70.21
2026-05-03,CBJ31,2031-04-01,Apr 2031,57,70.13
2026-05-03,CBK31,2031-05-01,May 2031,58,70.03
2026-05-03,CBM31,2031-06-01,Jun 2031,59,69.92
2026-05-03,CBN31,2031-07-01,Jul 2031,60,69.84
2026-05-03,CBQ31,2031-08-01,Aug 2031,61,69.76
2026-05-03,CBU31,2031-09-01,Sep 2031,62,69.68
2026-05-03,CBV31,2031-10-01,Oct 2031,63,69.59
2026-05-03,CBX31,2031-11-01,Nov 2031,64,69.5
2026-05-03,CBZ31,2031-12-01,Dec 2031,65,69.41
2026-05-03,CBF32,2032-01-01,Jan 2032,66,69.32
2026-05-03,CBG32,2032-02-01,Feb 2032,67,69.23
2026-05-03,CBH32,2032-03-01,Mar 2032,68,69.14
2026-05-03,CBJ32,2032-04-01,Apr 2032,69,69.06
2026-05-03,CBK32,2032-05-01,May 2032,70,68.98
2026-05-03,CBM32,2032-06-01,Jun 2032,71,68.9
2026-05-03,CBN32,2032-07-01,Jul 2032,72,68.82
2026-05-03,CBQ32,2032-08-01,Aug 2032,73,68.74
2026-05-03,CBU32,2032-09-01,Sep 2032,74,68.66
2026-05-03,CBV32,2032-10-01,Oct 2032,75,68.58
2026-05-03,CBX32,2032-11-01,Nov 2032,76,68.5
2026-05-03,CBZ32,2032-12-01,Dec 2032,77,68.42
2026-05-03,CBF33,2033-01-01,Jan 2033,78,68.35
2026-05-03,CBG33,2033-02-01,Feb 2033,79,68.28
2026-05-03,CBH33,2033-03-01,Mar 2033,80,68.21
2026-05-04,CBN26,2026-07-01,Jul 2026,0,114.02
2026-05-04,CBQ26,2026-08-01,Aug 2026,1,107.49
2026-05-04,CBU26,2026-09-01,Sep 2026,2,102.15
2026-05-04,CBV26,2026-10-01,Oct 2026,3,97.9
2026-05-04,CBX26,2026-11-01,Nov 2026,4,94.52
2026-05-04,CBZ26,2026-12-01,Dec 2026,5,91.83
2026-05-04,CBF27,2027-01-01,Jan 2027,6,89.51
2026-05-04,CBG27,2027-02-01,Feb 2027,7,87.69
2026-05-04,CBH27,2027-03-01,Mar 2027,8,86.16
2026-05-04,CBJ27,2027-04-01,Apr 2027,9,84.99
2026-05-04,CBK27,2027-05-01,May 2027,10,83.79
2026-05-04,CBM27,2027-06-01,Jun 2027,11,82.97
2026-05-04,CBN27,2027-07-01,Jul 2027,12,82.05
2026-05-04,CBQ27,2027-08-01,Aug 2027,13,81.4
2026-05-04,CBU27,2027-09-01,Sep 2027,14,80.76
2026-05-04,CBV27,2027-10-01,Oct 2027,15,80.22
2026-05-04,CBX27,2027-11-01,Nov 2027,16,79.73
2026-05-04,CBZ27,2027-12-01,Dec 2027,17,79.47
2026-05-04,CBF28,2028-01-01,Jan 2028,18,78.85
2026-05-04,CBG28,2028-02-01,Feb 2028,19,78.44
2026-05-04,CBH28,2028-03-01,Mar 2028,20,78.1
2026-05-04,CBJ28,2028-04-01,Apr 2028,21,77.79
2026-05-04,CBK28,2028-05-01,May 2028,22,77.5
2026-05-04,CBM28,2028-06-01,Jun 2028,23,77.42
2026-05-04,CBN28,2028-07-01,Jul 2028,24,76.89
2026-05-04,CBQ28,2028-08-01,Aug 2028,25,76.59
2026-05-04,CBU28,2028-09-01,Sep 2028,26,76.28
2026-05-04,CBV28,2028-10-01,Oct 2028,27,75.98
2026-05-04,CBX28,2028-11-01,Nov 2028,28,75.71
2026-05-04,CBZ28,2028-12-01,Dec 2028,29,75.75
2026-05-04,CBF29,2029-01-01,Jan 2029,30,75.24
2026-05-04,CBG29,2029-02-01,Feb 2029,31,75.0
2026-05-04,CBH29,2029-03-01,Mar 2029,32,74.81
2026-05-04,CBJ29,2029-04-01,Apr 2029,33,74.61
2026-05-04,CBK29,2029-05-01,May 2029,34,74.42
2026-05-04,CBM29,2029-06-01,Jun 2029,35,74.26
2026-05-04,CBN29,2029-07-01,Jul 2029,36,74.05
2026-05-04,CBQ29,2029-08-01,Aug 2029,37,73.84
2026-05-04,CBU29,2029-09-01,Sep 2029,38,73.63
2026-05-04,CBV29,2029-10-01,Oct 2029,39,73.41
2026-05-04,CBX29,2029-11-01,Nov 2029,40,73.19
2026-05-04,CBZ29,2029-12-01,Dec 2029,41,73.25
2026-05-04,CBF30,2030-01-01,Jan 2030,42,72.88
2026-05-04,CBG30,2030-02-01,Feb 2030,43,72.76
2026-05-04,CBH30,2030-03-01,Mar 2030,44,72.64
2026-05-04,CBJ30,2030-04-01,Apr 2030,45,72.53
2026-05-04,CBK30,2030-05-01,May 2030,46,72.4
2026-05-04,CBM30,2030-06-01,Jun 2030,47,72.27
2026-05-04,CBN30,2030-07-01,Jul 2030,48,72.14
2026-05-04,CBQ30,2030-08-01,Aug 2030,49,72.0
2026-05-04,CBU30,2030-09-01,Sep 2030,50,71.86
2026-05-04,CBV30,2030-10-01,Oct 2030,51,71.73
2026-05-04,CBX30,2030-11-01,Nov 2030,52,71.6
2026-05-04,CBZ30,2030-12-01,Dec 2030,53,71.5
2026-05-04,CBF31,2031-01-01,Jan 2031,54,71.37
2026-05-04,CBG31,2031-02-01,Feb 2031,55,71.28
2026-05-04,CBH31,2031-03-01,Mar 2031,56,71.18
2026-05-04,CBJ31,2031-04-01,Apr 2031,57,71.09
2026-05-04,CBK31,2031-05-01,May 2031,58,70.97
2026-05-04,CBM31,2031-06-01,Jun 2031,59,70.84
2026-05-04,CBN31,2031-07-01,Jul 2031,60,70.75
2026-05-04,CBQ31,2031-08-01,Aug 2031,61,70.66
2026-05-04,CBU31,2031-09-01,Sep 2031,62,70.57
2026-05-04,CBV31,2031-10-01,Oct 2031,63,70.47
2026-05-04,CBX31,2031-11-01,Nov 2031,64,70.37
2026-05-04,CBZ31,2031-12-01,Dec 2031,65,70.27
2026-05-04,CBF32,2032-01-01,Jan 2032,66,70.18
2026-05-04,CBG32,2032-02-01,Feb 2032,67,70.09
2026-05-04,CBH32,2032-03-01,Mar 2032,68,70.0
2026-05-04,CBJ32,2032-04-01,Apr 2032,69,69.92
2026-05-04,CBK32,2032-05-01,May 2032,70,69.84
2026-05-04,CBM32,2032-06-01,Jun 2032,71,69.76
2026-05-04,CBN32,2032-07-01,Jul 2032,72,69.68
2026-05-04,CBQ32,2032-08-01,Aug 2032,73,69.6
2026-05-04,CBU32,2032-09-01,Sep 2032,74,69.52
2026-05-04,CBV32,2032-10-01,Oct 2032,75,69.44
2026-05-04,CBX32,2032-11-01,Nov 2032,76,69.36
2026-05-04,CBZ32,2032-12-01,Dec 2032,77,69.28
2026-05-04,CBF33,2033-01-01,Jan 2033,78,69.21
2026-05-04,CBG33,2033-02-01,Feb 2033,79,69.14
2026-05-04,CBH33,2033-03-01,Mar 2033,80,69.07
2026-05-05,CBN26,2026-07-01,Jul 2026,0,110.2
2026-05-05,CBQ26,2026-08-01,Aug 2026,1,105.19
2026-05-05,CBU26,2026-09-01,Sep 2026,2,100.55
2026-05-05,CBV26,2026-10-01,Oct 2026,3,96.63
2026-05-05,CBX26,2026-11-01,Nov 2026,4,93.47
2026-05-05,CBZ26,2026-12-01,Dec 2026,5,90.87
2026-05-05,CBF27,2027-01-01,Jan 2027,6,88.58
2026-05-05,CBG27,2027-02-01,Feb 2027,7,86.76
2026-05-05,CBH27,2027-03-01,Mar 2027,8,85.25
2026-05-05,CBJ27,2027-04-01,Apr 2027,9,84.0
2026-05-05,CBK27,2027-05-01,May 2027,10,82.97
2026-05-05,CBM27,2027-06-01,Jun 2027,11,82.18
2026-05-05,CBN27,2027-07-01,Jul 2027,12,81.18
2026-05-05,CBQ27,2027-08-01,Aug 2027,13,80.59
2026-05-05,CBU27,2027-09-01,Sep 2027,14,79.98
2026-05-05,CBV27,2027-10-01,Oct 2027,15,79.47
2026-05-05,CBX27,2027-11-01,Nov 2027,16,79.0
2026-05-05,CBZ27,2027-12-01,Dec 2027,17,78.91
2026-05-05,CBF28,2028-01-01,Jan 2028,18,78.26
2026-05-05,CBG28,2028-02-01,Feb 2028,19,77.9
2026-05-05,CBH28,2028-03-01,Mar 2028,20,77.62
2026-05-05,CBJ28,2028-04-01,Apr 2028,21,77.4
2026-05-05,CBK28,2028-05-01,May 2028,22,77.14
2026-05-05,CBM28,2028-06-01,Jun 2028,23,76.86
2026-05-05,CBN28,2028-07-01,Jul 2028,24,76.64
2026-05-05,CBQ28,2028-08-01,Aug 2028,25,76.38
2026-05-05,CBU28,2028-09-01,Sep 2028,26,76.12
2026-05-05,CBV28,2028-10-01,Oct 2028,27,75.87
2026-05-05,CBX28,2028-11-01,Nov 2028,28,75.65
2026-05-05,CBZ28,2028-12-01,Dec 2028,29,75.69
2026-05-05,CBF29,2029-01-01,Jan 2029,30,75.28
2026-05-05,CBG29,2029-02-01,Feb 2029,31,75.08
2026-05-05,CBH29,2029-03-01,Mar 2029,32,74.93
2026-05-05,CBJ29,2029-04-01,Apr 2029,33,74.76
2026-05-05,CBK29,2029-05-01,May 2029,34,74.6
2026-05-05,CBM29,2029-06-01,Jun 2029,35,74.62
2026-05-05,CBN29,2029-07-01,Jul 2029,36,74.29
2026-05-05,CBQ29,2029-08-01,Aug 2029,37,74.11
2026-05-05,CBU29,2029-09-01,Sep 2029,38,73.93
2026-05-05,CBV29,2029-10-01,Oct 2029,39,73.74
2026-05-05,CBX29,2029-11-01,Nov 2029,40,73.19
2026-05-05,CBZ29,2029-12-01,Dec 2029,41,73.64
2026-05-05,CBF30,2030-01-01,Jan 2030,42,72.9
2026-05-05,CBG30,2030-02-01,Feb 2030,43,73.13
2026-05-05,CBH30,2030-03-01,Mar 2030,44,73.03
2026-05-05,CBJ30,2030-04-01,Apr 2030,45,72.93
2026-05-05,CBK30,2030-05-01,May 2030,46,72.85
2026-05-05,CBM30,2030-06-01,Jun 2030,47,72.75
2026-05-05,CBN30,2030-07-01,Jul 2030,48,72.62
2026-05-05,CBQ30,2030-08-01,Aug 2030,49,72.49
2026-05-05,CBU30,2030-09-01,Sep 2030,50,72.35
2026-05-05,CBV30,2030-10-01,Oct 2030,51,72.22
2026-05-05,CBX30,2030-11-01,Nov 2030,52,72.1
2026-05-05,CBZ30,2030-12-01,Dec 2030,53,71.79
2026-05-05,CBF31,2031-01-01,Jan 2031,54,71.88
2026-05-05,CBG31,2031-02-01,Feb 2031,55,71.79
2026-05-05,CBH31,2031-03-01,Mar 2031,56,71.69
2026-05-05,CBJ31,2031-04-01,Apr 2031,57,71.59
2026-05-05,CBK31,2031-05-01,May 2031,58,71.46
2026-05-05,CBM31,2031-06-01,Jun 2031,59,71.32
2026-05-05,CBN31,2031-07-01,Jul 2031,60,71.23
2026-05-05,CBQ31,2031-08-01,Aug 2031,61,71.14
2026-05-05,CBU31,2031-09-01,Sep 2031,62,71.04
2026-05-05,CBV31,2031-10-01,Oct 2031,63,70.93
2026-05-05,CBX31,2031-11-01,Nov 2031,64,70.82
2026-05-05,CBZ31,2031-12-01,Dec 2031,65,70.75
2026-05-05,CBF32,2032-01-01,Jan 2032,66,70.62
2026-05-05,CBG32,2032-02-01,Feb 2032,67,70.53
2026-05-05,CBH32,2032-03-01,Mar 2032,68,70.44
2026-05-05,CBJ32,2032-04-01,Apr 2032,69,70.35
2026-05-05,CBK32,2032-05-01,May 2032,70,70.26
2026-05-05,CBM32,2032-06-01,Jun 2032,71,70.17
2026-05-05,CBN32,2032-07-01,Jul 2032,72,70.09
2026-05-05,CBQ32,2032-08-01,Aug 2032,73,70.01
2026-05-05,CBU32,2032-09-01,Sep 2032,74,69.93
2026-05-05,CBV32,2032-10-01,Oct 2032,75,69.84
2026-05-05,CBX32,2032-11-01,Nov 2032,76,69.75
2026-05-05,CBZ32,2032-12-01,Dec 2032,77,69.66
2026-05-05,CBF33,2033-01-01,Jan 2033,78,69.59
2026-05-05,CBG33,2033-02-01,Feb 2033,79,69.52
2026-05-05,CBH33,2033-03-01,Mar 2033,80,69.45
2026-05-06,CBN26,2026-07-01,Jul 2026,0,101.18
2026-05-06,CBQ26,2026-08-01,Aug 2026,1,96.93
2026-05-06,CBU26,2026-09-01,Sep 2026,2,93.12
2026-05-06,CBV26,2026-10-01,Oct 2026,3,90.01
2026-05-06,CBX26,2026-11-01,Nov 2026,4,87.33
2026-05-06,CBZ26,2026-12-01,Dec 2026,5,85.03
2026-05-06,CBF27,2027-01-01,Jan 2027,6,83.31
2026-05-06,CBG27,2027-02-01,Feb 2027,7,81.86
2026-05-06,CBH27,2027-03-01,Mar 2027,8,80.72
2026-05-06,CBJ27,2027-04-01,Apr 2027,9,79.74
2026-05-06,CBK27,2027-05-01,May 2027,10,79.05
2026-05-06,CBM27,2027-06-01,Jun 2027,11,78.42
2026-05-06,CBN27,2027-07-01,Jul 2027,12,77.68
2026-05-06,CBQ27,2027-08-01,Aug 2027,13,77.23
2026-05-06,CBU27,2027-09-01,Sep 2027,14,78.12
2026-05-06,CBV27,2027-10-01,Oct 2027,15,77.65
2026-05-06,CBX27,2027-11-01,Nov 2027,16,76.15
2026-05-06,CBZ27,2027-12-01,Dec 2027,17,76.23
2026-05-06,CBF28,2028-01-01,Jan 2028,18,76.44
2026-05-06,CBG28,2028-02-01,Feb 2028,19,76.08
2026-05-06,CBH28,2028-03-01,Mar 2028,20,75.84
2026-05-06,CBJ28,2028-04-01,Apr 2028,21,75.13
2026-05-06,CBK28,2028-05-01,May 2028,22,74.99
2026-05-06,CBM28,2028-06-01,Jun 2028,23,75.11
2026-05-06,CBN28,2028-07-01,Jul 2028,24,74.66
2026-05-06,CBQ28,2028-08-01,Aug 2028,25,74.48
2026-05-06,CBU28,2028-09-01,Sep 2028,26,74.29
2026-05-06,CBV28,2028-10-01,Oct 2028,27,72.81
2026-05-06,CBX28,2028-11-01,Nov 2028,28,72.97
2026-05-06,CBZ28,2028-12-01,Dec 2028,29,74.13
2026-05-06,CBF29,2029-01-01,Jan 2029,30,73.7
2026-05-06,CBG29,2029-02-01,Feb 2029,31,73.58
2026-05-06,CBH29,2029-03-01,Mar 2029,32,73.49
2026-05-06,CBJ29,2029-04-01,Apr 2029,33,73.39
2026-05-06,CBK29,2029-05-01,May 2029,34,73.29
2026-05-06,CBM29,2029-06-01,Jun 2029,35,73.11
2026-05-06,CBN29,2029-07-01,Jul 2029,36,72.0
2026-05-06,CBQ29,2029-08-01,Aug 2029,37,72.96
2026-05-06,CBU29,2029-09-01,Sep 2029,38,72.82
2026-05-06,CBV29,2029-10-01,Oct 2029,39,72.68
2026-05-06,CBX29,2029-11-01,Nov 2029,40,72.53
2026-05-06,CBZ29,2029-12-01,Dec 2029,41,72.45
2026-05-06,CBF30,2030-01-01,Jan 2030,42,72.36
2026-05-06,CBG30,2030-02-01,Feb 2030,43,72.24
2026-05-06,CBH30,2030-03-01,Mar 2030,44,72.18
2026-05-06,CBJ30,2030-04-01,Apr 2030,45,72.12
2026-05-06,CBK30,2030-05-01,May 2030,46,72.08
2026-05-06,CBM30,2030-06-01,Jun 2030,47,72.02
2026-05-06,CBN30,2030-07-01,Jul 2030,48,71.97
2026-05-06,CBQ30,2030-08-01,Aug 2030,49,71.83
2026-05-06,CBU30,2030-09-01,Sep 2030,50,71.57
2026-05-06,CBV30,2030-10-01,Oct 2030,51,71.64
2026-05-06,CBX30,2030-11-01,Nov 2030,52,71.56
2026-05-06,CBZ30,2030-12-01,Dec 2030,53,72.0
2026-05-06,CBF31,2031-01-01,Jan 2031,54,71.4
2026-05-06,CBG31,2031-02-01,Feb 2031,55,71.33
2026-05-06,CBH31,2031-03-01,Mar 2031,56,71.26
2026-05-06,CBJ31,2031-04-01,Apr 2031,57,71.19
2026-05-06,CBK31,2031-05-01,May 2031,58,71.09
2026-05-06,CBM31,2031-06-01,Jun 2031,59,70.98
2026-05-06,CBN31,2031-07-01,Jul 2031,60,70.91
2026-05-06,CBQ31,2031-08-01,Aug 2031,61,70.84
2026-05-06,CBU31,2031-09-01,Sep 2031,62,70.77
2026-05-06,CBV31,2031-10-01,Oct 2031,63,70.69
2026-05-06,CBX31,2031-11-01,Nov 2031,64,70.61
2026-05-06,CBZ31,2031-12-01,Dec 2031,65,71.15
2026-05-06,CBF32,2032-01-01,Jan 2032,66,70.44
2026-05-06,CBG32,2032-02-01,Feb 2032,67,70.35
2026-05-06,CBH32,2032-03-01,Mar 2032,68,70.26
2026-05-06,CBJ32,2032-04-01,Apr 2032,69,70.17
2026-05-06,CBK32,2032-05-01,May 2032,70,70.08
2026-05-06,CBM32,2032-06-01,Jun 2032,71,69.99
2026-05-06,CBN32,2032-07-01,Jul 2032,72,69.91
2026-05-06,CBQ32,2032-08-01,Aug 2032,73,69.83
2026-05-06,CBU32,2032-09-01,Sep 2032,74,69.75
2026-05-06,CBV32,2032-10-01,Oct 2032,75,69.66
2026-05-06,CBX32,2032-11-01,Nov 2032,76,69.57
2026-05-06,CBZ32,2032-12-01,Dec 2032,77,69.48
2026-05-06,CBF33,2033-01-01,Jan 2033,78,69.41
2026-05-06,CBG33,2033-02-01,Feb 2033,79,69.34
2026-05-06,CBH33,2033-03-01,Mar 2033,80,69.27
2026-05-07,CBN26,2026-07-01,Jul 2026,0,101.82
2026-05-07,CBQ26,2026-08-01,Aug 2026,1,97.71
2026-05-07,CBU26,2026-09-01,Sep 2026,2,94.03
2026-05-07,CBV26,2026-10-01,Oct 2026,3,90.81
2026-05-07,CBX26,2026-11-01,Nov 2026,4,88.22
2026-05-07,CBZ26,2026-12-01,Dec 2026,5,85.96
2026-05-07,CBF27,2027-01-01,Jan 2027,6,84.11
2026-05-07,CBG27,2027-02-01,Feb 2027,7,82.54
2026-05-07,CBH27,2027-03-01,Mar 2027,8,81.27
2026-05-07,CBJ27,2027-04-01,Apr 2027,9,80.24
2026-05-07,CBK27,2027-05-01,May 2027,10,79.4
2026-05-07,CBM27,2027-06-01,Jun 2027,11,78.72
2026-05-07,CBN27,2027-07-01,Jul 2027,12,77.06
2026-05-07,CBQ27,2027-08-01,Aug 2027,13,77.73
2026-05-07,CBU27,2027-09-01,Sep 2027,14,76.94
2026-05-07,CBV27,2027-10-01,Oct 2027,15,76.62
2026-05-07,CBX27,2027-11-01,Nov 2027,16,75.8
2026-05-07,CBZ27,2027-12-01,Dec 2027,17,76.39
2026-05-07,CBF28,2028-01-01,Jan 2028,18,75.2
2026-05-07,CBG28,2028-02-01,Feb 2028,19,75.5
2026-05-07,CBH28,2028-03-01,Mar 2028,20,75.34
2026-05-07,CBJ28,2028-04-01,Apr 2028,21,75.2
2026-05-07,CBK28,2028-05-01,May 2028,22,75.07
2026-05-07,CBM28,2028-06-01,Jun 2028,23,75.29
2026-05-07,CBN28,2028-07-01,Jul 2028,24,74.76
2026-05-07,CBQ28,2028-08-01,Aug 2028,25,74.59
2026-05-07,CBU28,2028-09-01,Sep 2028,26,74.41
2026-05-07,CBV28,2028-10-01,Oct 2028,27,74.25
2026-05-07,CBX28,2028-11-01,Nov 2028,28,74.11
2026-05-07,CBZ28,2028-12-01,Dec 2028,29,74.33
2026-05-07,CBF29,2029-01-01,Jan 2029,30,73.88
2026-05-07,CBG29,2029-02-01,Feb 2029,31,73.77
2026-05-07,CBH29,2029-03-01,Mar 2029,32,73.69
2026-05-07,CBJ29,2029-04-01,Apr 2029,33,73.6
2026-05-07,CBK29,2029-05-01,May 2029,34,73.51
2026-05-07,CBM29,2029-06-01,Jun 2029,35,73.72
2026-05-07,CBN29,2029-07-01,Jul 2029,36,73.32
2026-05-07,CBQ29,2029-08-01,Aug 2029,37,73.2
2026-05-07,CBU29,2029-09-01,Sep 2029,38,73.07
2026-05-07,CBV29,2029-10-01,Oct 2029,39,72.94
2026-05-07,CBX29,2029-11-01,Nov 2029,40,72.8
2026-05-07,CBZ29,2029-12-01,Dec 2029,41,73.09
2026-05-07,CBF30,2030-01-01,Jan 2030,42,72.63
2026-05-07,CBG30,2030-02-01,Feb 2030,43,72.51
2026-05-07,CBH30,2030-03-01,Mar 2030,44,72.44
2026-05-07,CBJ30,2030-04-01,Apr 2030,45,72.38
2026-05-07,CBK30,2030-05-01,May 2030,46,72.35
2026-05-07,CBM30,2030-06-01,Jun 2030,47,72.3
2026-05-07,CBN30,2030-07-01,Jul 2030,48,72.2
2026-05-07,CBQ30,2030-08-01,Aug 2030,49,72.11
2026-05-07,CBU30,2030-09-01,Sep 2030,50,72.0
2026-05-07,CBV30,2030-10-01,Oct 2030,51,71.91
2026-05-07,CBX30,2030-11-01,Nov 2030,52,71.84
2026-05-07,CBZ30,2030-12-01,Dec 2030,53,72.0
2026-05-07,CBF31,2031-01-01,Jan 2031,54,71.69
2026-05-07,CBG31,2031-02-01,Feb 2031,55,71.62
2026-05-07,CBH31,2031-03-01,Mar 2031,56,71.55
2026-05-07,CBJ31,2031-04-01,Apr 2031,57,71.48
2026-05-07,CBK31,2031-05-01,May 2031,58,71.38
2026-05-07,CBM31,2031-06-01,Jun 2031,59,71.27
2026-05-07,CBN31,2031-07-01,Jul 2031,60,71.2
2026-05-07,CBQ31,2031-08-01,Aug 2031,61,71.12
2026-05-07,CBU31,2031-09-01,Sep 2031,62,71.04
2026-05-07,CBV31,2031-10-01,Oct 2031,63,70.96
2026-05-07,CBX31,2031-11-01,Nov 2031,64,70.88
2026-05-07,CBZ31,2031-12-01,Dec 2031,65,71.13
2026-05-07,CBF32,2032-01-01,Jan 2032,66,70.71
2026-05-07,CBG32,2032-02-01,Feb 2032,67,70.63
2026-05-07,CBH32,2032-03-01,Mar 2032,68,70.55
2026-05-07,CBJ32,2032-04-01,Apr 2032,69,70.47
2026-05-07,CBK32,2032-05-01,May 2032,70,70.39
2026-05-07,CBM32,2032-06-01,Jun 2032,71,70.31
2026-05-07,CBN32,2032-07-01,Jul 2032,72,70.23
2026-05-07,CBQ32,2032-08-01,Aug 2032,73,70.16
2026-05-07,CBU32,2032-09-01,Sep 2032,74,70.09
2026-05-07,CBV32,2032-10-01,Oct 2032,75,70.01
2026-05-07,CBX32,2032-11-01,Nov 2032,76,69.93
2026-05-07,CBZ32,2032-12-01,Dec 2032,77,69.85
2026-05-07,CBF33,2033-01-01,Jan 2033,78,69.78
2026-05-07,CBG33,2033-02-01,Feb 2033,79,69.71
2026-05-07,CBH33,2033-03-01,Mar 2033,80,69.64
2026-05-08,CBN26,2026-07-01,Jul 2026,0,100.57
2026-05-08,CBQ26,2026-08-01,Aug 2026,1,96.9
2026-05-08,CBU26,2026-09-01,Sep 2026,2,93.72
2026-05-08,CBV26,2026-10-01,Oct 2026,3,91.0
2026-05-08,CBX26,2026-11-01,Nov 2026,4,88.75
2026-05-08,CBZ26,2026-12-01,Dec 2026,5,86.78
2026-05-08,CBF27,2027-01-01,Jan 2027,6,85.09
2026-05-08,CBG27,2027-02-01,Feb 2027,7,83.64
2026-05-08,CBH27,2027-03-01,Mar 2027,8,82.43
2026-05-08,CBJ27,2027-04-01,Apr 2027,9,81.48
2026-05-08,CBK27,2027-05-01,May 2027,10,80.64
2026-05-08,CBM27,2027-06-01,Jun 2027,11,79.88
2026-05-08,CBN27,2027-07-01,Jul 2027,12,79.57
2026-05-08,CBQ27,2027-08-01,Aug 2027,13,77.6
2026-05-08,CBU27,2027-09-01,Sep 2027,14,78.75
2026-05-08,CBV27,2027-10-01,Oct 2027,15,78.34
2026-05-08,CBX27,2027-11-01,Nov 2027,16,78.02
2026-05-08,CBZ27,2027-12-01,Dec 2027,17,77.48
2026-05-08,CBF28,2028-01-01,Jan 2028,18,77.44
2026-05-08,CBG28,2028-02-01,Feb 2028,19,77.19
2026-05-08,CBH28,2028-03-01,Mar 2028,20,76.99
2026-05-08,CBJ28,2028-04-01,Apr 2028,21,76.82
2026-05-08,CBK28,2028-05-01,May 2028,22,76.66
2026-05-08,CBM28,2028-06-01,Jun 2028,23,76.34
2026-05-08,CBN28,2028-07-01,Jul 2028,24,76.31
2026-05-08,CBQ28,2028-08-01,Aug 2028,25,76.11
2026-05-08,CBU28,2028-09-01,Sep 2028,26,75.92
2026-05-08,CBV28,2028-10-01,Oct 2028,27,75.74
2026-05-08,CBX28,2028-11-01,Nov 2028,28,75.58
2026-05-08,CBZ28,2028-12-01,Dec 2028,29,75.28
2026-05-08,CBF29,2029-01-01,Jan 2029,30,74.4
2026-05-08,CBG29,2029-02-01,Feb 2029,31,75.18
2026-05-08,CBH29,2029-03-01,Mar 2029,32,75.08
2026-05-08,CBJ29,2029-04-01,Apr 2029,33,74.97
2026-05-08,CBK29,2029-05-01,May 2029,34,74.86
2026-05-08,CBM29,2029-06-01,Jun 2029,35,74.57
2026-05-08,CBN29,2029-07-01,Jul 2029,36,74.64
2026-05-08,CBQ29,2029-08-01,Aug 2029,37,74.5
2026-05-08,CBU29,2029-09-01,Sep 2029,38,74.35
2026-05-08,CBV29,2029-10-01,Oct 2029,39,74.2
2026-05-08,CBX29,2029-11-01,Nov 2029,40,74.05
2026-05-08,CBZ29,2029-12-01,Dec 2029,41,73.98
2026-05-08,CBF30,2030-01-01,Jan 2030,42,73.18
2026-05-08,CBG30,2030-02-01,Feb 2030,43,73.03
2026-05-08,CBH30,2030-03-01,Mar 2030,44,72.93
2026-05-08,CBJ30,2030-04-01,Apr 2030,45,72.83
2026-05-08,CBK30,2030-05-01,May 2030,46,73.51
2026-05-08,CBM30,2030-06-01,Jun 2030,47,73.44
2026-05-08,CBN30,2030-07-01,Jul 2030,48,73.33
2026-05-08,CBQ30,2030-08-01,Aug 2030,49,73.23
2026-05-08,CBU30,2030-09-01,Sep 2030,50,73.11
2026-05-08,CBV30,2030-10-01,Oct 2030,51,72.12
2026-05-08,CBX30,2030-11-01,Nov 2030,52,72.91
2026-05-08,CBZ30,2030-12-01,Dec 2030,53,72.8
2026-05-08,CBF31,2031-01-01,Jan 2031,54,72.73
2026-05-08,CBG31,2031-02-01,Feb 2031,55,72.65
2026-05-08,CBH31,2031-03-01,Mar 2031,56,72.57
2026-05-08,CBJ31,2031-04-01,Apr 2031,57,72.49
2026-05-08,CBK31,2031-05-01,May 2031,58,72.38
2026-05-08,CBM31,2031-06-01,Jun 2031,59,72.26
2026-05-08,CBN31,2031-07-01,Jul 2031,60,72.18
2026-05-08,CBQ31,2031-08-01,Aug 2031,61,72.09
2026-05-08,CBU31,2031-09-01,Sep 2031,62,72.0
2026-05-08,CBV31,2031-10-01,Oct 2031,63,71.91
2026-05-08,CBX31,2031-11-01,Nov 2031,64,71.82
2026-05-08,CBZ31,2031-12-01,Dec 2031,65,71.45
2026-05-08,CBF32,2032-01-01,Jan 2032,66,71.64
2026-05-08,CBG32,2032-02-01,Feb 2032,67,71.57
2026-05-08,CBH32,2032-03-01,Mar 2032,68,71.5
2026-05-08,CBJ32,2032-04-01,Apr 2032,69,71.43
2026-05-08,CBK32,2032-05-01,May 2032,70,71.36
2026-05-08,CBM32,2032-06-01,Jun 2032,71,71.29
2026-05-08,CBN32,2032-07-01,Jul 2032,72,71.22
2026-05-08,CBQ32,2032-08-01,Aug 2032,73,71.15
2026-05-08,CBU32,2032-09-01,Sep 2032,74,71.08
2026-05-08,CBV32,2032-10-01,Oct 2032,75,71.01
2026-05-08,CBX32,2032-11-01,Nov 2032,76,70.94
2026-05-08,CBZ32,2032-12-01,Dec 2032,77,70.87
2026-05-08,CBF33,2033-01-01,Jan 2033,78,70.8
2026-05-08,CBG33,2033-02-01,Feb 2033,79,70.73
2026-05-08,CBH33,2033-03-01,Mar 2033,80,70.66
2026-05-09,CBN26,2026-07-01,Jul 2026,0,101.29
2026-05-09,CBQ26,2026-08-01,Aug 2026,1,97.57
2026-05-09,CBU26,2026-09-01,Sep 2026,2,94.37
2026-05-09,CBV26,2026-10-01,Oct 2026,3,91.59
2026-05-09,CBX26,2026-11-01,Nov 2026,4,89.28
2026-05-09,CBZ26,2026-12-01,Dec 2026,5,87.28
2026-05-09,CBF27,2027-01-01,Jan 2027,6,85.54
2026-05-09,CBG27,2027-02-01,Feb 2027,7,84.05
2026-05-09,CBH27,2027-03-01,Mar 2027,8,82.81
2026-05-09,CBJ27,2027-04-01,Apr 2027,9,81.77
2026-05-09,CBK27,2027-05-01,May 2027,10,80.93
2026-05-09,CBM27,2027-06-01,Jun 2027,11,80.23
2026-05-09,CBN27,2027-07-01,Jul 2027,12,79.63
2026-05-09,CBQ27,2027-08-01,Aug 2027,13,79.13
2026-05-09,CBU27,2027-09-01,Sep 2027,14,78.71
2026-05-09,CBV27,2027-10-01,Oct 2027,15,78.34
2026-05-09,CBX27,2027-11-01,Nov 2027,16,78.02
2026-05-09,CBZ27,2027-12-01,Dec 2027,17,77.74
2026-05-09,CBF28,2028-01-01,Jan 2028,18,77.44
2026-05-09,CBG28,2028-02-01,Feb 2028,19,77.19
2026-05-09,CBH28,2028-03-01,Mar 2028,20,76.99
2026-05-09,CBJ28,2028-04-01,Apr 2028,21,76.82
2026-05-09,CBK28,2028-05-01,May 2028,22,76.66
2026-05-09,CBM28,2028-06-01,Jun 2028,23,76.49
2026-05-09,CBN28,2028-07-01,Jul 2028,24,76.31
2026-05-09,CBQ28,2028-08-01,Aug 2028,25,76.11
2026-05-09,CBU28,2028-09-01,Sep 2028,26,75.92
2026-05-09,CBV28,2028-10-01,Oct 2028,27,75.74
2026-05-09,CBX28,2028-11-01,Nov 2028,28,75.58
2026-05-09,CBZ28,2028-12-01,Dec 2028,29,75.46
2026-05-09,CBF29,2029-01-01,Jan 2029,30,75.31
2026-05-09,CBG29,2029-02-01,Feb 2029,31,75.18
2026-05-09,CBH29,2029-03-01,Mar 2029,32,75.08
2026-05-09,CBJ29,2029-04-01,Apr 2029,33,74.97
2026-05-09,CBK29,2029-05-01,May 2029,34,74.86
2026-05-09,CBM29,2029-06-01,Jun 2029,35,74.77
2026-05-09,CBN29,2029-07-01,Jul 2029,36,74.64
2026-05-09,CBQ29,2029-08-01,Aug 2029,37,74.5
2026-05-09,CBU29,2029-09-01,Sep 2029,38,74.35
2026-05-09,CBV29,2029-10-01,Oct 2029,39,74.2
2026-05-09,CBX29,2029-11-01,Nov 2029,40,74.05
2026-05-09,CBZ29,2029-12-01,Dec 2029,41,73.97
2026-05-09,CBF30,2030-01-01,Jan 2030,42,73.85
2026-05-09,CBG30,2030-02-01,Feb 2030,43,73.71
2026-05-09,CBH30,2030-03-01,Mar 2030,44,73.63
2026-05-09,CBJ30,2030-04-01,Apr 2030,45,73.56
2026-05-09,CBK30,2030-05-01,May 2030,46,73.51
2026-05-09,CBM30,2030-06-01,Jun 2030,47,73.44
2026-05-09,CBN30,2030-07-01,Jul 2030,48,73.33
2026-05-09,CBQ30,2030-08-01,Aug 2030,49,73.23
2026-05-09,CBU30,2030-09-01,Sep 2030,50,73.11
2026-05-09,CBV30,2030-10-01,Oct 2030,51,73.0
2026-05-09,CBX30,2030-11-01,Nov 2030,52,72.91
2026-05-09,CBZ30,2030-12-01,Dec 2030,53,72.82
2026-05-09,CBF31,2031-01-01,Jan 2031,54,72.73
2026-05-09,CBG31,2031-02-01,Feb 2031,55,72.65
2026-05-09,CBH31,2031-03-01,Mar 2031,56,72.57
2026-05-09,CBJ31,2031-04-01,Apr 2031,57,72.49
2026-05-09,CBK31,2031-05-01,May 2031,58,72.38
2026-05-09,CBM31,2031-06-01,Jun 2031,59,72.26
2026-05-09,CBN31,2031-07-01,Jul 2031,60,72.18
2026-05-09,CBQ31,2031-08-01,Aug 2031,61,72.09
2026-05-09,CBU31,2031-09-01,Sep 2031,62,72.0
2026-05-09,CBV31,2031-10-01,Oct 2031,63,71.91
2026-05-09,CBX31,2031-11-01,Nov 2031,64,71.82
2026-05-09,CBZ31,2031-12-01,Dec 2031,65,71.72
2026-05-09,CBF32,2032-01-01,Jan 2032,66,71.64
2026-05-09,CBG32,2032-02-01,Feb 2032,67,71.57
2026-05-09,CBH32,2032-03-01,Mar 2032,68,71.5
2026-05-09,CBJ32,2032-04-01,Apr 2032,69,71.43
2026-05-09,CBK32,2032-05-01,May 2032,70,71.36
2026-05-09,CBM32,2032-06-01,Jun 2032,71,71.29
2026-05-09,CBN32,2032-07-01,Jul 2032,72,71.22
2026-05-09,CBQ32,2032-08-01,Aug 2032,73,71.15
2026-05-09,CBU32,2032-09-01,Sep 2032,74,71.08
2026-05-09,CBV32,2032-10-01,Oct 2032,75,71.01
2026-05-09,CBX32,2032-11-01,Nov 2032,76,70.94
2026-05-09,CBZ32,2032-12-01,Dec 2032,77,70.87
2026-05-09,CBF33,2033-01-01,Jan 2033,78,70.8
2026-05-09,CBG33,2033-02-01,Feb 2033,79,70.73
2026-05-09,CBH33,2033-03-01,Mar 2033,80,70.66
2026-05-10,CBN26,2026-07-01,Jul 2026,0,101.29
2026-05-10,CBQ26,2026-08-01,Aug 2026,1,97.57
2026-05-10,CBU26,2026-09-01,Sep 2026,2,94.37
2026-05-10,CBV26,2026-10-01,Oct 2026,3,91.59
2026-05-10,CBX26,2026-11-01,Nov 2026,4,89.28
2026-05-10,CBZ26,2026-12-01,Dec 2026,5,87.28
2026-05-10,CBF27,2027-01-01,Jan 2027,6,85.54
2026-05-10,CBG27,2027-02-01,Feb 2027,7,84.05
2026-05-10,CBH27,2027-03-01,Mar 2027,8,82.81
2026-05-10,CBJ27,2027-04-01,Apr 2027,9,81.77
2026-05-10,CBK27,2027-05-01,May 2027,10,80.93
2026-05-10,CBM27,2027-06-01,Jun 2027,11,80.23
2026-05-10,CBN27,2027-07-01,Jul 2027,12,79.63
2026-05-10,CBQ27,2027-08-01,Aug 2027,13,79.13
2026-05-10,CBU27,2027-09-01,Sep 2027,14,78.71
2026-05-10,CBV27,2027-10-01,Oct 2027,15,78.34
2026-05-10,CBX27,2027-11-01,Nov 2027,16,78.02
2026-05-10,CBZ27,2027-12-01,Dec 2027,17,77.74
2026-05-10,CBF28,2028-01-01,Jan 2028,18,77.44
2026-05-10,CBG28,2028-02-01,Feb 2028,19,77.19
2026-05-10,CBH28,2028-03-01,Mar 2028,20,76.99
2026-05-10,CBJ28,2028-04-01,Apr 2028,21,76.82
2026-05-10,CBK28,2028-05-01,May 2028,22,76.66
2026-05-10,CBM28,2028-06-01,Jun 2028,23,76.49
2026-05-10,CBN28,2028-07-01,Jul 2028,24,76.31
2026-05-10,CBQ28,2028-08-01,Aug 2028,25,76.11
2026-05-10,CBU28,2028-09-01,Sep 2028,26,75.92
2026-05-10,CBV28,2028-10-01,Oct 2028,27,75.74
2026-05-10,CBX28,2028-11-01,Nov 2028,28,75.58
2026-05-10,CBZ28,2028-12-01,Dec 2028,29,75.46
2026-05-10,CBF29,2029-01-01,Jan 2029,30,75.31
2026-05-10,CBG29,2029-02-01,Feb 2029,31,75.18
2026-05-10,CBH29,2029-03-01,Mar 2029,32,75.08
2026-05-10,CBJ29,2029-04-01,Apr 2029,33,74.97
2026-05-10,CBK29,2029-05-01,May 2029,34,74.86
2026-05-10,CBM29,2029-06-01,Jun 2029,35,74.77
2026-05-10,CBN29,2029-07-01,Jul 2029,36,74.64
2026-05-10,CBQ29,2029-08-01,Aug 2029,37,74.5
2026-05-10,CBU29,2029-09-01,Sep 2029,38,74.35
2026-05-10,CBV29,2029-10-01,Oct 2029,39,74.2
2026-05-10,CBX29,2029-11-01,Nov 2029,40,74.05
2026-05-10,CBZ29,2029-12-01,Dec 2029,41,73.97
2026-05-10,CBF30,2030-01-01,Jan 2030,42,73.85
2026-05-10,CBG30,2030-02-01,Feb 2030,43,73.71
2026-05-10,CBH30,2030-03-01,Mar 2030,44,73.63
2026-05-10,CBJ30,2030-04-01,Apr 2030,45,73.56
2026-05-10,CBK30,2030-05-01,May 2030,46,73.51
2026-05-10,CBM30,2030-06-01,Jun 2030,47,73.44
2026-05-10,CBN30,2030-07-01,Jul 2030,48,73.33
2026-05-10,CBQ30,2030-08-01,Aug 2030,49,73.23
2026-05-10,CBU30,2030-09-01,Sep 2030,50,73.11
2026-05-10,CBV30,2030-10-01,Oct 2030,51,73.0
2026-05-10,CBX30,2030-11-01,Nov 2030,52,72.91
2026-05-10,CBZ30,2030-12-01,Dec 2030,53,72.82
2026-05-10,CBF31,2031-01-01,Jan 2031,54,72.73
2026-05-10,CBG31,2031-02-01,Feb 2031,55,72.65
2026-05-10,CBH31,2031-03-01,Mar 2031,56,72.57
2026-05-10,CBJ31,2031-04-01,Apr 2031,57,72.49
2026-05-10,CBK31,2031-05-01,May 2031,58,72.38
2026-05-10,CBM31,2031-06-01,Jun 2031,59,72.26
2026-05-10,CBN31,2031-07-01,Jul 2031,60,72.18
2026-05-10,CBQ31,2031-08-01,Aug 2031,61,72.09
2026-05-10,CBU31,2031-09-01,Sep 2031,62,72.0
2026-05-10,CBV31,2031-10-01,Oct 2031,63,71.91
2026-05-10,CBX31,2031-11-01,Nov 2031,64,71.82
2026-05-10,CBZ31,2031-12-01,Dec 2031,65,71.72
2026-05-10,CBF32,2032-01-01,Jan 2032,66,71.64
2026-05-10,CBG32,2032-02-01,Feb 2032,67,71.57
2026-05-10,CBH32,2032-03-01,Mar 2032,68,71.5
2026-05-10,CBJ32,2032-04-01,Apr 2032,69,71.43
2026-05-10,CBK32,2032-05-01,May 2032,70,71.36
2026-05-10,CBM32,2032-06-01,Jun 2032,71,71.29
2026-05-10,CBN32,2032-07-01,Jul 2032,72,71.22
2026-05-10,CBQ32,2032-08-01,Aug 2032,73,71.15
2026-05-10,CBU32,2032-09-01,Sep 2032,74,71.08
2026-05-10,CBV32,2032-10-01,Oct 2032,75,71.01
2026-05-10,CBX32,2032-11-01,Nov 2032,76,70.94
2026-05-10,CBZ32,2032-12-01,Dec 2032,77,70.87
2026-05-10,CBF33,2033-01-01,Jan 2033,78,70.8
2026-05-10,CBG33,2033-02-01,Feb 2033,79,70.73
2026-05-10,CBH33,2033-03-01,Mar 2033,80,70.66
2026-05-11,CBN26,2026-07-01,Jul 2026,0,104.19
2026-05-11,CBQ26,2026-08-01,Aug 2026,1,100.37
2026-05-11,CBU26,2026-09-01,Sep 2026,2,96.96
2026-05-11,CBV26,2026-10-01,Oct 2026,3,93.97
2026-05-11,CBX26,2026-11-01,Nov 2026,4,91.61
2026-05-11,CBZ26,2026-12-01,Dec 2026,5,89.54
2026-05-11,CBF27,2027-01-01,Jan 2027,6,87.68
2026-05-11,CBG27,2027-02-01,Feb 2027,7,86.14
2026-05-11,CBH27,2027-03-01,Mar 2027,8,84.83
2026-05-11,CBJ27,2027-04-01,Apr 2027,9,83.76
2026-05-11,CBK27,2027-05-01,May 2027,10,82.86
2026-05-11,CBM27,2027-06-01,Jun 2027,11,82.2
2026-05-11,CBN27,2027-07-01,Jul 2027,12,81.49
2026-05-11,CBQ27,2027-08-01,Aug 2027,13,80.81
2026-05-11,CBU27,2027-09-01,Sep 2027,14,80.45
2026-05-11,CBV27,2027-10-01,Oct 2027,15,80.03
2026-05-11,CBX27,2027-11-01,Nov 2027,16,79.66
2026-05-11,CBZ27,2027-12-01,Dec 2027,17,79.41
2026-05-11,CBF28,2028-01-01,Jan 2028,18,78.98
2026-05-11,CBG28,2028-02-01,Feb 2028,19,78.68
2026-05-11,CBH28,2028-03-01,Mar 2028,20,78.45
2026-05-11,CBJ28,2028-04-01,Apr 2028,21,77.53
2026-05-11,CBK28,2028-05-01,May 2028,22,78.04
2026-05-11,CBM28,2028-06-01,Jun 2028,23,77.76
2026-05-11,CBN28,2028-07-01,Jul 2028,24,77.63
2026-05-11,CBQ28,2028-08-01,Aug 2028,25,77.4
2026-05-11,CBU28,2028-09-01,Sep 2028,26,77.17
2026-05-11,CBV28,2028-10-01,Oct 2028,27,76.95
2026-05-11,CBX28,2028-11-01,Nov 2028,28,76.76
2026-05-11,CBZ28,2028-12-01,Dec 2028,29,76.65
2026-05-11,CBF29,2029-01-01,Jan 2029,30,76.44
2026-05-11,CBG29,2029-02-01,Feb 2029,31,76.28
2026-05-11,CBH29,2029-03-01,Mar 2029,32,76.16
2026-05-11,CBJ29,2029-04-01,Apr 2029,33,76.03
2026-05-11,CBK29,2029-05-01,May 2029,34,75.89
2026-05-11,CBM29,2029-06-01,Jun 2029,35,75.77
2026-05-11,CBN29,2029-07-01,Jul 2029,36,75.62
2026-05-11,CBQ29,2029-08-01,Aug 2029,37,75.46
2026-05-11,CBU29,2029-09-01,Sep 2029,38,75.3
2026-05-11,CBV29,2029-10-01,Oct 2029,39,75.13
2026-05-11,CBX29,2029-11-01,Nov 2029,40,74.96
2026-05-11,CBZ29,2029-12-01,Dec 2029,41,74.82
2026-05-11,CBF30,2030-01-01,Jan 2030,42,74.72
2026-05-11,CBG30,2030-02-01,Feb 2030,43,74.57
2026-05-11,CBH30,2030-03-01,Mar 2030,44,74.48
2026-05-11,CBJ30,2030-04-01,Apr 2030,45,74.4
2026-05-11,CBK30,2030-05-01,May 2030,46,74.34
2026-05-11,CBM30,2030-06-01,Jun 2030,47,74.25
2026-05-11,CBN30,2030-07-01,Jul 2030,48,74.13
2026-05-11,CBQ30,2030-08-01,Aug 2030,49,72.77
2026-05-11,CBU30,2030-09-01,Sep 2030,50,73.89
2026-05-11,CBV30,2030-10-01,Oct 2030,51,73.77
2026-05-11,CBX30,2030-11-01,Nov 2030,52,73.66
2026-05-11,CBZ30,2030-12-01,Dec 2030,53,73.5
2026-05-11,CBF31,2031-01-01,Jan 2031,54,73.45
2026-05-11,CBG31,2031-02-01,Feb 2031,55,73.35
2026-05-11,CBH31,2031-03-01,Mar 2031,56,73.26
2026-05-11,CBJ31,2031-04-01,Apr 2031,57,73.17
2026-05-11,CBK31,2031-05-01,May 2031,58,73.05
2026-05-11,CBM31,2031-06-01,Jun 2031,59,72.91
2026-05-11,CBN31,2031-07-01,Jul 2031,60,72.82
2026-05-11,CBQ31,2031-08-01,Aug 2031,61,72.72
2026-05-11,CBU31,2031-09-01,Sep 2031,62,72.62
2026-05-11,CBV31,2031-10-01,Oct 2031,63,72.52
2026-05-11,CBX31,2031-11-01,Nov 2031,64,72.42
2026-05-11,CBZ31,2031-12-01,Dec 2031,65,72.3
2026-05-11,CBF32,2032-01-01,Jan 2032,66,72.21
2026-05-11,CBG32,2032-02-01,Feb 2032,67,72.13
2026-05-11,CBH32,2032-03-01,Mar 2032,68,72.05
2026-05-11,CBJ32,2032-04-01,Apr 2032,69,71.97
2026-05-11,CBK32,2032-05-01,May 2032,70,71.88
2026-05-11,CBM32,2032-06-01,Jun 2032,71,71.79
2026-05-11,CBN32,2032-07-01,Jul 2032,72,71.71
2026-05-11,CBQ32,2032-08-01,Aug 2032,73,71.63
2026-05-11,CBU32,2032-09-01,Sep 2032,74,71.55
2026-05-11,CBV32,2032-10-01,Oct 2032,75,71.47
2026-05-11,CBX32,2032-11-01,Nov 2032,76,71.38
2026-05-11,CBZ32,2032-12-01,Dec 2032,77,71.29
2026-05-11,CBF33,2033-01-01,Jan 2033,78,71.22
2026-05-11,CBG33,2033-02-01,Feb 2033,79,71.15
2026-05-11,CBH33,2033-03-01,Mar 2033,80,71.08
2026-05-11,CBJ33,2033-04-01,Apr 2033,81,71.01
2026-05-11,CBK33,2033-05-01,May 2033,82,70.94
2026-05-11,CBM33,2033-06-01,Jun 2033,83,70.87
2026-05-11,CBN33,2033-07-01,Jul 2033,84,70.8
2026-05-11,CBQ33,2033-08-01,Aug 2033,85,70.73
2026-05-11,CBU33,2033-09-01,Sep 2033,86,70.66
2026-05-11,CBV33,2033-10-01,Oct 2033,87,70.59
2026-05-11,CBX33,2033-11-01,Nov 2033,88,70.52
2026-05-11,CBZ33,2033-12-01,Dec 2033,89,70.45
2026-05-11,CBF34,2034-01-01,Jan 2034,90,70.39
2026-05-11,CBG34,2034-02-01,Feb 2034,91,70.33
2026-05-11,CBH34,2034-03-01,Mar 2034,92,70.27
2026-05-11,CBJ34,2034-04-01,Apr 2034,93,70.21
2026-05-11,CBK34,2034-05-01,May 2034,94,70.15
2026-05-11,CBM34,2034-06-01,Jun 2034,95,70.09
2026-05-11,CBN34,2034-07-01,Jul 2034,96,70.03
2026-05-11,CBQ34,2034-08-01,Aug 2034,97,69.97
2026-05-11,CBU34,2034-09-01,Sep 2034,98,69.91
2026-05-11,CBV34,2034-10-01,Oct 2034,99,69.85
2026-05-11,CBX34,2034-11-01,Nov 2034,100,69.79
2026-05-11,CBZ34,2034-12-01,Dec 2034,101,69.73
2026-05-11,CBF35,2035-01-01,Jan 2035,102,69.67
2026-05-11,CBG35,2035-02-01,Feb 2035,103,69.61
2026-05-11,CBH35,2035-03-01,Mar 2035,104,69.55
2026-05-11,CBJ35,2035-04-01,Apr 2035,105,69.49
2026-05-11,CBK35,2035-05-01,May 2035,106,69.43
2026-05-11,CBM35,2035-06-01,Jun 2035,107,69.37
2026-05-11,CBN35,2035-07-01,Jul 2035,108,69.31
2026-05-11,CBQ35,2035-08-01,Aug 2035,109,69.25
2026-05-11,CBU35,2035-09-01,Sep 2035,110,69.19
2026-05-11,CBV35,2035-10-01,Oct 2035,111,69.13
2026-05-11,CBX35,2035-11-01,Nov 2035,112,69.07
2026-05-11,CBZ35,2035-12-01,Dec 2035,113,69.01
2026-05-11,CBK36,2036-05-01,May 2036,114,68.71
2026-05-11,CBM36,2036-06-01,Jun 2036,115,68.65
2026-05-11,CBN36,2036-07-01,Jul 2036,116,68.59
2026-05-11,CBQ36,2036-08-01,Aug 2036,117,68.53
2026-05-11,CBU36,2036-09-01,Sep 2036,118,68.47
2026-05-11,CBV36,2036-10-01,Oct 2036,119,68.41
2026-05-11,CBX36,2036-11-01,Nov 2036,120,68.35
2026-05-11,CBZ36,2036-12-01,Dec 2036,121,68.29
2026-05-11,CBF37,2037-01-01,Jan 2037,122,68.24
2026-05-11,CBG37,2037-02-01,Feb 2037,123,68.19
2026-05-11,CBH37,2037-03-01,Mar 2037,124,68.14
2026-05-11,CBJ37,2037-04-01,Apr 2037,125,68.09
2026-05-11,CBK37,2037-05-01,May 2037,126,68.04
2026-05-11,CBM37,2037-06-01,Jun 2037,127,67.99
2026-05-11,CBN37,2037-07-01,Jul 2037,128,67.94
2026-05-11,CBQ37,2037-08-01,Aug 2037,129,67.89
2026-05-11,CBU37,2037-09-01,Sep 2037,130,67.84
2026-05-11,CBV37,2037-10-01,Oct 2037,131,67.79
2026-05-11,CBX37,2037-11-01,Nov 2037,132,67.74
2026-05-11,CBZ37,2037-12-01,Dec 2037,133,67.69
2026-05-11,CBF38,2038-01-01,Jan 2038,134,67.64
2026-05-11,CBG38,2038-02-01,Feb 2038,135,67.59
2026-05-11,CBH38,2038-03-01,Mar 2038,136,67.54
2026-05-11,CBJ38,2038-04-01,Apr 2038,137,67.49
2026-05-11,CBK38,2038-05-01,May 2038,138,67.44
2026-05-11,CBM38,2038-06-01,Jun 2038,139,67.39
2026-05-11,CBN38,2038-07-01,Jul 2038,140,67.34
2026-05-11,CBQ38,2038-08-01,Aug 2038,141,67.29
2026-05-11,CBU38,2038-09-01,Sep 2038,142,67.24
2026-05-11,CBV38,2038-10-01,Oct 2038,143,67.19
2026-05-11,CBX38,2038-11-01,Nov 2038,144,67.14
2026-05-11,CBZ38,2038-12-01,Dec 2038,145,67.09
2026-05-11,CBF39,2039-01-01,Jan 2039,146,67.04
2026-05-11,CBG39,2039-02-01,Feb 2039,147,66.99
2026-05-11,CBH39,2039-03-01,Mar 2039,148,66.94
2026-05-12,CBN26,2026-07-01,Jul 2026,0,107.7
2026-05-12,CBQ26,2026-08-01,Aug 2026,1,103.79
2026-05-12,CBU26,2026-09-01,Sep 2026,2,100.0
2026-05-12,CBV26,2026-10-01,Oct 2026,3,96.7
2026-05-12,CBX26,2026-11-01,Nov 2026,4,93.97
2026-05-12,CBZ26,2026-12-01,Dec 2026,5,91.63
2026-05-12,CBF27,2027-01-01,Jan 2027,6,89.62
2026-05-12,CBG27,2027-02-01,Feb 2027,7,87.88
2026-05-12,CBH27,2027-03-01,Mar 2027,8,86.46
2026-05-12,CBJ27,2027-04-01,Apr 2027,9,85.25
2026-05-12,CBK27,2027-05-01,May 2027,10,84.24
2026-05-12,CBM27,2027-06-01,Jun 2027,11,83.37
2026-05-12,CBN27,2027-07-01,Jul 2027,12,82.72
2026-05-12,CBQ27,2027-08-01,Aug 2027,13,81.96
2026-05-12,CBU27,2027-09-01,Sep 2027,14,81.52
2026-05-12,CBV27,2027-10-01,Oct 2027,15,81.02
2026-05-12,CBX27,2027-11-01,Nov 2027,16,80.57
2026-05-12,CBZ27,2027-12-01,Dec 2027,17,80.05
2026-05-12,CBF28,2028-01-01,Jan 2028,18,79.77
2026-05-12,CBG28,2028-02-01,Feb 2028,19,79.42
2026-05-12,CBH28,2028-03-01,Mar 2028,20,79.14
2026-05-12,CBJ28,2028-04-01,Apr 2028,21,78.88
2026-05-12,CBK28,2028-05-01,May 2028,22,78.64
2026-05-12,CBM28,2028-06-01,Jun 2028,23,78.39
2026-05-12,CBN28,2028-07-01,Jul 2028,24,78.15
2026-05-12,CBQ28,2028-08-01,Aug 2028,25,77.89
2026-05-12,CBU28,2028-09-01,Sep 2028,26,77.63
2026-05-12,CBV28,2028-10-01,Oct 2028,27,77.38
2026-05-12,CBX28,2028-11-01,Nov 2028,28,77.16
2026-05-12,CBZ28,2028-12-01,Dec 2028,29,76.95
2026-05-12,CBF29,2029-01-01,Jan 2029,30,76.77
2026-05-12,CBG29,2029-02-01,Feb 2029,31,76.56
2026-05-12,CBH29,2029-03-01,Mar 2029,32,76.42
2026-05-12,CBJ29,2029-04-01,Apr 2029,33,76.27
2026-05-12,CBK29,2029-05-01,May 2029,34,76.12
2026-05-12,CBM29,2029-06-01,Jun 2029,35,75.66
2026-05-12,CBN29,2029-07-01,Jul 2029,36,75.82
2026-05-12,CBQ29,2029-08-01,Aug 2029,37,75.63
2026-05-12,CBU29,2029-09-01,Sep 2029,38,75.45
2026-05-12,CBV29,2029-10-01,Oct 2029,39,75.26
2026-05-12,CBX29,2029-11-01,Nov 2029,40,75.06
2026-05-12,CBZ29,2029-12-01,Dec 2029,41,74.85
2026-05-12,CBF30,2030-01-01,Jan 2030,42,74.79
2026-05-12,CBG30,2030-02-01,Feb 2030,43,74.63
2026-05-12,CBH30,2030-03-01,Mar 2030,44,74.53
2026-05-12,CBJ30,2030-04-01,Apr 2030,45,74.44
2026-05-12,CBK30,2030-05-01,May 2030,46,74.37
2026-05-12,CBM30,2030-06-01,Jun 2030,47,74.28
2026-05-12,CBN30,2030-07-01,Jul 2030,48,74.15
2026-05-12,CBQ30,2030-08-01,Aug 2030,49,74.03
2026-05-12,CBU30,2030-09-01,Sep 2030,50,73.89
2026-05-12,CBV30,2030-10-01,Oct 2030,51,73.76
2026-05-12,CBX30,2030-11-01,Nov 2030,52,73.64
2026-05-12,CBZ30,2030-12-01,Dec 2030,53,73.28
2026-05-12,CBF31,2031-01-01,Jan 2031,54,73.42
2026-05-12,CBG31,2031-02-01,Feb 2031,55,73.32
2026-05-12,CBH31,2031-03-01,Mar 2031,56,73.23
2026-05-12,CBJ31,2031-04-01,Apr 2031,57,73.14
2026-05-12,CBK31,2031-05-01,May 2031,58,73.01
2026-05-12,CBM31,2031-06-01,Jun 2031,59,72.86
2026-05-12,CBN31,2031-07-01,Jul 2031,60,72.77
2026-05-12,CBQ31,2031-08-01,Aug 2031,61,72.67
2026-05-12,CBU31,2031-09-01,Sep 2031,62,72.57
2026-05-12,CBV31,2031-10-01,Oct 2031,63,72.46
2026-05-12,CBX31,2031-11-01,Nov 2031,64,72.36
2026-05-12,CBZ31,2031-12-01,Dec 2031,65,72.24
2026-05-12,CBF32,2032-01-01,Jan 2032,66,72.15
2026-05-12,CBG32,2032-02-01,Feb 2032,67,72.07
2026-05-12,CBH32,2032-03-01,Mar 2032,68,71.99
2026-05-12,CBJ32,2032-04-01,Apr 2032,69,71.91
2026-05-12,CBK32,2032-05-01,May 2032,70,71.82
2026-05-12,CBM32,2032-06-01,Jun 2032,71,71.73
2026-05-12,CBN32,2032-07-01,Jul 2032,72,71.65
2026-05-12,CBQ32,2032-08-01,Aug 2032,73,71.57
2026-05-12,CBU32,2032-09-01,Sep 2032,74,71.49
2026-05-12,CBV32,2032-10-01,Oct 2032,75,71.41
2026-05-12,CBX32,2032-11-01,Nov 2032,76,71.32
2026-05-12,CBZ32,2032-12-01,Dec 2032,77,71.23
2026-05-12,CBF33,2033-01-01,Jan 2033,78,71.16
2026-05-12,CBG33,2033-02-01,Feb 2033,79,71.09
2026-05-12,CBH33,2033-03-01,Mar 2033,80,71.02
2026-05-12,CBJ33,2033-04-01,Apr 2033,81,70.95
2026-05-12,CBK33,2033-05-01,May 2033,82,70.88
2026-05-12,CBM33,2033-06-01,Jun 2033,83,70.81
2026-05-12,CBN33,2033-07-01,Jul 2033,84,70.74
2026-05-12,CBQ33,2033-08-01,Aug 2033,85,70.67
2026-05-12,CBU33,2033-09-01,Sep 2033,86,70.6
2026-05-12,CBV33,2033-10-01,Oct 2033,87,70.53
2026-05-12,CBX33,2033-11-01,Nov 2033,88,70.46
2026-05-12,CBZ33,2033-12-01,Dec 2033,89,70.39
2026-05-12,CBF34,2034-01-01,Jan 2034,90,70.33
2026-05-12,CBG34,2034-02-01,Feb 2034,91,70.27
2026-05-12,CBH34,2034-03-01,Mar 2034,92,70.21
2026-05-12,CBJ34,2034-04-01,Apr 2034,93,70.15
2026-05-12,CBK34,2034-05-01,May 2034,94,70.09
2026-05-12,CBM34,2034-06-01,Jun 2034,95,70.03
2026-05-12,CBN34,2034-07-01,Jul 2034,96,69.97
2026-05-12,CBQ34,2034-08-01,Aug 2034,97,69.91
2026-05-12,CBU34,2034-09-01,Sep 2034,98,69.85
2026-05-12,CBV34,2034-10-01,Oct 2034,99,69.79
2026-05-12,CBX34,2034-11-01,Nov 2034,100,69.73
2026-05-12,CBZ34,2034-12-01,Dec 2034,101,69.67
2026-05-12,CBF35,2035-01-01,Jan 2035,102,69.61
2026-05-12,CBG35,2035-02-01,Feb 2035,103,69.55
2026-05-12,CBH35,2035-03-01,Mar 2035,104,69.49
2026-05-12,CBJ35,2035-04-01,Apr 2035,105,69.43
2026-05-12,CBK35,2035-05-01,May 2035,106,69.37
2026-05-12,CBM35,2035-06-01,Jun 2035,107,69.31
2026-05-12,CBN35,2035-07-01,Jul 2035,108,69.25
2026-05-12,CBQ35,2035-08-01,Aug 2035,109,69.19
2026-05-12,CBU35,2035-09-01,Sep 2035,110,69.13
2026-05-12,CBV35,2035-10-01,Oct 2035,111,69.07
2026-05-12,CBX35,2035-11-01,Nov 2035,112,69.01
2026-05-12,CBZ35,2035-12-01,Dec 2035,113,68.95
2026-05-12,CBF36,2036-01-01,Jan 2036,114,68.89
2026-05-12,CBG36,2036-02-01,Feb 2036,115,68.83
2026-05-12,CBH36,2036-03-01,Mar 2036,116,68.77
2026-05-12,CBJ36,2036-04-01,Apr 2036,117,68.71
2026-05-12,CBK36,2036-05-01,May 2036,118,68.65
2026-05-12,CBM36,2036-06-01,Jun 2036,119,68.59
2026-05-12,CBN36,2036-07-01,Jul 2036,120,68.53
2026-05-12,CBQ36,2036-08-01,Aug 2036,121,68.47
2026-05-12,CBU36,2036-09-01,Sep 2036,122,68.41
2026-05-12,CBV36,2036-10-01,Oct 2036,123,68.35
2026-05-12,CBX36,2036-11-01,Nov 2036,124,68.29
2026-05-12,CBZ36,2036-12-01,Dec 2036,125,68.23
2026-05-12,CBF37,2037-01-01,Jan 2037,126,68.18
2026-05-12,CBG37,2037-02-01,Feb 2037,127,68.13
2026-05-12,CBH37,2037-03-01,Mar 2037,128,68.08
2026-05-12,CBJ37,2037-04-01,Apr 2037,129,68.03
2026-05-12,CBK37,2037-05-01,May 2037,130,67.98
2026-05-12,CBM37,2037-06-01,Jun 2037,131,67.93
2026-05-12,CBN37,2037-07-01,Jul 2037,132,67.88
2026-05-12,CBQ37,2037-08-01,Aug 2037,133,67.83
2026-05-12,CBU37,2037-09-01,Sep 2037,134,67.78
2026-05-12,CBV37,2037-10-01,Oct 2037,135,67.73
2026-05-12,CBX37,2037-11-01,Nov 2037,136,67.68
2026-05-12,CBZ37,2037-12-01,Dec 2037,137,67.63
2026-05-12,CBF38,2038-01-01,Jan 2038,138,67.58
2026-05-13,CBN26,2026-07-01,Jul 2026,0,105.88
2026-05-13,CBQ26,2026-08-01,Aug 2026,1,101.87
2026-05-13,CBU26,2026-09-01,Sep 2026,2,97.99
2026-05-13,CBV26,2026-10-01,Oct 2026,3,94.58
2026-05-13,CBX26,2026-11-01,Nov 2026,4,91.93
2026-05-13,CBZ26,2026-12-01,Dec 2026,5,89.82
2026-05-13,CBF27,2027-01-01,Jan 2027,6,87.83
2026-05-13,CBG27,2027-02-01,Feb 2027,7,86.18
2026-05-13,CBH27,2027-03-01,Mar 2027,8,84.95
2026-05-13,CBJ27,2027-04-01,Apr 2027,9,83.79
2026-05-13,CBK27,2027-05-01,May 2027,10,82.76
2026-05-13,CBM27,2027-06-01,Jun 2027,11,82.13
2026-05-13,CBN27,2027-07-01,Jul 2027,12,81.33
2026-05-13,CBQ27,2027-08-01,Aug 2027,13,80.74
2026-05-13,CBU27,2027-09-01,Sep 2027,14,80.22
2026-05-13,CBV27,2027-10-01,Oct 2027,15,79.75
2026-05-13,CBX27,2027-11-01,Nov 2027,16,79.33
2026-05-13,CBZ27,2027-12-01,Dec 2027,17,79.1
2026-05-13,CBF28,2028-01-01,Jan 2028,18,78.6
2026-05-13,CBG28,2028-02-01,Feb 2028,19,78.28
2026-05-13,CBH28,2028-03-01,Mar 2028,20,78.03
2026-05-13,CBJ28,2028-04-01,Apr 2028,21,77.8
2026-05-13,CBK28,2028-05-01,May 2028,22,77.58
2026-05-13,CBM28,2028-06-01,Jun 2028,23,77.49
2026-05-13,CBN28,2028-07-01,Jul 2028,24,77.13
2026-05-13,CBQ28,2028-08-01,Aug 2028,25,76.89
2026-05-13,CBU28,2028-09-01,Sep 2028,26,76.65
2026-05-13,CBV28,2028-10-01,Oct 2028,27,76.42
2026-05-13,CBX28,2028-11-01,Nov 2028,28,76.21
2026-05-13,CBZ28,2028-12-01,Dec 2028,29,76.22
2026-05-13,CBF29,2029-01-01,Jan 2029,30,75.86
2026-05-13,CBG29,2029-02-01,Feb 2029,31,75.66
2026-05-13,CBH29,2029-03-01,Mar 2029,32,75.53
2026-05-13,CBJ29,2029-04-01,Apr 2029,33,75.39
2026-05-13,CBK29,2029-05-01,May 2029,34,75.25
2026-05-13,CBM29,2029-06-01,Jun 2029,35,75.3
2026-05-13,CBN29,2029-07-01,Jul 2029,36,74.98
2026-05-13,CBQ29,2029-08-01,Aug 2029,37,74.8
2026-05-13,CBU29,2029-09-01,Sep 2029,38,74.63
2026-05-13,CBV29,2029-10-01,Oct 2029,39,74.45
2026-05-13,CBX29,2029-11-01,Nov 2029,40,74.27
2026-05-13,CBZ29,2029-12-01,Dec 2029,41,74.32
2026-05-13,CBF30,2030-01-01,Jan 2030,42,74.02
2026-05-13,CBG30,2030-02-01,Feb 2030,43,73.86
2026-05-13,CBH30,2030-03-01,Mar 2030,44,73.77
2026-05-13,CBJ30,2030-04-01,Apr 2030,45,73.68
2026-05-13,CBK30,2030-05-01,May 2030,46,73.61
2026-05-13,CBM30,2030-06-01,Jun 2030,47,73.52
2026-05-13,CBN30,2030-07-01,Jul 2030,48,73.39
2026-05-13,CBQ30,2030-08-01,Aug 2030,49,73.27
2026-05-13,CBU30,2030-09-01,Sep 2030,50,73.13
2026-05-13,CBV30,2030-10-01,Oct 2030,51,73.0
2026-05-13,CBX30,2030-11-01,Nov 2030,52,72.88
2026-05-13,CBZ30,2030-12-01,Dec 2030,53,72.6
2026-05-13,CBF31,2031-01-01,Jan 2031,54,72.66
2026-05-13,CBG31,2031-02-01,Feb 2031,55,72.55
2026-05-13,CBH31,2031-03-01,Mar 2031,56,72.46
2026-05-13,CBJ31,2031-04-01,Apr 2031,57,72.38
2026-05-13,CBK31,2031-05-01,May 2031,58,72.26
2026-05-13,CBM31,2031-06-01,Jun 2031,59,72.11
2026-05-13,CBN31,2031-07-01,Jul 2031,60,72.02
2026-05-13,CBQ31,2031-08-01,Aug 2031,61,71.92
2026-05-13,CBU31,2031-09-01,Sep 2031,62,71.82
2026-05-13,CBV31,2031-10-01,Oct 2031,63,71.72
2026-05-13,CBX31,2031-11-01,Nov 2031,64,71.63
2026-05-13,CBZ31,2031-12-01,Dec 2031,65,71.51
2026-05-13,CBF32,2032-01-01,Jan 2032,66,71.42
2026-05-13,CBG32,2032-02-01,Feb 2032,67,71.34
2026-05-13,CBH32,2032-03-01,Mar 2032,68,71.26
2026-05-13,CBJ32,2032-04-01,Apr 2032,69,71.18
2026-05-13,CBK32,2032-05-01,May 2032,70,71.09
2026-05-13,CBM32,2032-06-01,Jun 2032,71,71.0
2026-05-13,CBN32,2032-07-01,Jul 2032,72,70.92
2026-05-13,CBQ32,2032-08-01,Aug 2032,73,70.84
2026-05-13,CBU32,2032-09-01,Sep 2032,74,70.76
2026-05-13,CBV32,2032-10-01,Oct 2032,75,70.68
2026-05-13,CBX32,2032-11-01,Nov 2032,76,70.59
2026-05-13,CBZ32,2032-12-01,Dec 2032,77,70.5
2026-05-13,CBF33,2033-01-01,Jan 2033,78,70.43
2026-05-13,CBG33,2033-02-01,Feb 2033,79,70.36
2026-05-13,CBH33,2033-03-01,Mar 2033,80,70.29
2026-05-13,CBJ33,2033-04-01,Apr 2033,81,70.22
2026-05-13,CBK33,2033-05-01,May 2033,82,70.15
2026-05-13,CBM33,2033-06-01,Jun 2033,83,70.08
2026-05-13,CBN33,2033-07-01,Jul 2033,84,70.01
2026-05-13,CBQ33,2033-08-01,Aug 2033,85,69.94
2026-05-13,CBU33,2033-09-01,Sep 2033,86,69.87
2026-05-13,CBV33,2033-10-01,Oct 2033,87,69.8
2026-05-13,CBX33,2033-11-01,Nov 2033,88,69.73
2026-05-13,CBZ33,2033-12-01,Dec 2033,89,69.66
2026-05-13,CBF34,2034-01-01,Jan 2034,90,69.6
2026-05-13,CBG34,2034-02-01,Feb 2034,91,69.54
2026-05-13,CBH34,2034-03-01,Mar 2034,92,69.48
2026-05-13,CBJ34,2034-04-01,Apr 2034,93,69.42
2026-05-13,CBK34,2034-05-01,May 2034,94,69.36
2026-05-13,CBM34,2034-06-01,Jun 2034,95,69.3
2026-05-13,CBN34,2034-07-01,Jul 2034,96,69.24
2026-05-13,CBQ34,2034-08-01,Aug 2034,97,69.18
2026-05-13,CBU34,2034-09-01,Sep 2034,98,69.12
2026-05-13,CBV34,2034-10-01,Oct 2034,99,69.06
2026-05-13,CBX34,2034-11-01,Nov 2034,100,69.0
2026-05-13,CBZ34,2034-12-01,Dec 2034,101,68.94
2026-05-13,CBF35,2035-01-01,Jan 2035,102,68.88
2026-05-13,CBG35,2035-02-01,Feb 2035,103,68.82
2026-05-13,CBH35,2035-03-01,Mar 2035,104,68.76
2026-05-13,CBJ35,2035-04-01,Apr 2035,105,68.7
2026-05-13,CBK35,2035-05-01,May 2035,106,68.64
2026-05-13,CBM35,2035-06-01,Jun 2035,107,68.58
2026-05-13,CBN35,2035-07-01,Jul 2035,108,68.52
2026-05-13,CBQ35,2035-08-01,Aug 2035,109,68.46
2026-05-13,CBU35,2035-09-01,Sep 2035,110,68.4
2026-05-13,CBV35,2035-10-01,Oct 2035,111,68.34
2026-05-13,CBX35,2035-11-01,Nov 2035,112,68.28
2026-05-13,CBZ35,2035-12-01,Dec 2035,113,68.22
2026-05-13,CBF36,2036-01-01,Jan 2036,114,68.16
2026-05-13,CBG36,2036-02-01,Feb 2036,115,68.1
2026-05-13,CBH36,2036-03-01,Mar 2036,116,68.04
2026-05-13,CBJ36,2036-04-01,Apr 2036,117,67.98
2026-05-13,CBK36,2036-05-01,May 2036,118,67.92
2026-05-13,CBM36,2036-06-01,Jun 2036,119,67.86
2026-05-13,CBN36,2036-07-01,Jul 2036,120,67.8
2026-05-13,CBQ36,2036-08-01,Aug 2036,121,67.74
2026-05-13,CBU36,2036-09-01,Sep 2036,122,67.68
2026-05-13,CBV36,2036-10-01,Oct 2036,123,67.62
2026-05-13,CBX36,2036-11-01,Nov 2036,124,67.56
2026-05-13,CBZ36,2036-12-01,Dec 2036,125,67.5
2026-05-13,CBF37,2037-01-01,Jan 2037,126,67.45
2026-05-13,CBG37,2037-02-01,Feb 2037,127,67.4
2026-05-13,CBH37,2037-03-01,Mar 2037,128,67.35
2026-05-13,CBJ37,2037-04-01,Apr 2037,129,67.3
2026-05-13,CBK37,2037-05-01,May 2037,130,67.25
2026-05-13,CBM37,2037-06-01,Jun 2037,131,67.2
2026-05-13,CBN37,2037-07-01,Jul 2037,132,67.15
2026-05-13,CBQ37,2037-08-01,Aug 2037,133,67.1
2026-05-13,CBU37,2037-09-01,Sep 2037,134,67.05
2026-05-13,CBV37,2037-10-01,Oct 2037,135,67.0
2026-05-13,CBX37,2037-11-01,Nov 2037,136,66.95
2026-05-13,CBZ37,2037-12-01,Dec 2037,137,66.9
2026-05-13,CBF38,2038-01-01,Jan 2038,138,66.85
2026-05-14,CBN26,2026-07-01,Jul 2026,0,106.36
2026-05-14,CBQ26,2026-08-01,Aug 2026,1,102.02
2026-05-14,CBU26,2026-09-01,Sep 2026,2,97.91
2026-05-14,CBV26,2026-10-01,Oct 2026,3,94.48
2026-05-14,CBX26,2026-11-01,Nov 2026,4,91.75
2026-05-14,CBZ26,2026-12-01,Dec 2026,5,89.49
2026-05-14,CBF27,2027-01-01,Jan 2027,6,87.54
2026-05-14,CBG27,2027-02-01,Feb 2027,7,85.84
2026-05-14,CBH27,2027-03-01,Mar 2027,8,84.67
2026-05-14,CBJ27,2027-04-01,Apr 2027,9,83.56
2026-05-14,CBK27,2027-05-01,May 2027,10,82.61
2026-05-14,CBM27,2027-06-01,Jun 2027,11,81.8
2026-05-14,CBN27,2027-07-01,Jul 2027,12,80.87
2026-05-14,CBQ27,2027-08-01,Aug 2027,13,80.27
2026-05-14,CBU27,2027-09-01,Sep 2027,14,79.76
2026-05-14,CBV27,2027-10-01,Oct 2027,15,79.5
2026-05-14,CBX27,2027-11-01,Nov 2027,16,78.9
2026-05-14,CBZ27,2027-12-01,Dec 2027,17,78.75
2026-05-14,CBF28,2028-01-01,Jan 2028,18,78.17
2026-05-14,CBG28,2028-02-01,Feb 2028,19,77.85
2026-05-14,CBH28,2028-03-01,Mar 2028,20,77.6
2026-05-14,CBJ28,2028-04-01,Apr 2028,21,77.38
2026-05-14,CBK28,2028-05-01,May 2028,22,77.17
2026-05-14,CBM28,2028-06-01,Jun 2028,23,77.03
2026-05-14,CBN28,2028-07-01,Jul 2028,24,76.74
2026-05-14,CBQ28,2028-08-01,Aug 2028,25,76.51
2026-05-14,CBU28,2028-09-01,Sep 2028,26,76.28
2026-05-14,CBV28,2028-10-01,Oct 2028,27,76.07
2026-05-14,CBX28,2028-11-01,Nov 2028,28,75.88
2026-05-14,CBZ28,2028-12-01,Dec 2028,29,75.86
2026-05-14,CBF29,2029-01-01,Jan 2029,30,75.51
2026-05-14,CBG29,2029-02-01,Feb 2029,31,75.32
2026-05-14,CBH29,2029-03-01,Mar 2029,32,75.19
2026-05-14,CBJ29,2029-04-01,Apr 2029,33,75.07
2026-05-14,CBK29,2029-05-01,May 2029,34,74.95
2026-05-14,CBM29,2029-06-01,Jun 2029,35,74.85
2026-05-14,CBN29,2029-07-01,Jul 2029,36,74.69
2026-05-14,CBQ29,2029-08-01,Aug 2029,37,74.51
2026-05-14,CBU29,2029-09-01,Sep 2029,38,74.35
2026-05-14,CBV29,2029-10-01,Oct 2029,39,74.18
2026-05-14,CBX29,2029-11-01,Nov 2029,40,74.01
2026-05-14,CBZ29,2029-12-01,Dec 2029,41,73.96
2026-05-14,CBF30,2030-01-01,Jan 2030,42,73.78
2026-05-14,CBG30,2030-02-01,Feb 2030,43,73.62
2026-05-14,CBH30,2030-03-01,Mar 2030,44,73.53
2026-05-14,CBJ30,2030-04-01,Apr 2030,45,73.45
2026-05-14,CBK30,2030-05-01,May 2030,46,73.39
2026-05-14,CBM30,2030-06-01,Jun 2030,47,73.31
2026-05-14,CBN30,2030-07-01,Jul 2030,48,73.18
2026-05-14,CBQ30,2030-08-01,Aug 2030,49,73.06
2026-05-14,CBU30,2030-09-01,Sep 2030,50,72.93
2026-05-14,CBV30,2030-10-01,Oct 2030,51,72.81
2026-05-14,CBX30,2030-11-01,Nov 2030,52,72.7
2026-05-14,CBZ30,2030-12-01,Dec 2030,53,72.67
2026-05-14,CBF31,2031-01-01,Jan 2031,54,72.49
2026-05-14,CBG31,2031-02-01,Feb 2031,55,72.39
2026-05-14,CBH31,2031-03-01,Mar 2031,56,72.31
2026-05-14,CBJ31,2031-04-01,Apr 2031,57,72.23
2026-05-14,CBK31,2031-05-01,May 2031,58,72.11
2026-05-14,CBM31,2031-06-01,Jun 2031,59,71.96
2026-05-14,CBN31,2031-07-01,Jul 2031,60,71.87
2026-05-14,CBQ31,2031-08-01,Aug 2031,61,71.78
2026-05-14,CBU31,2031-09-01,Sep 2031,62,71.69
2026-05-14,CBV31,2031-10-01,Oct 2031,63,71.59
2026-05-14,CBX31,2031-11-01,Nov 2031,64,71.5
2026-05-14,CBZ31,2031-12-01,Dec 2031,65,71.38
2026-05-14,CBF32,2032-01-01,Jan 2032,66,71.29
2026-05-14,CBG32,2032-02-01,Feb 2032,67,71.21
2026-05-14,CBH32,2032-03-01,Mar 2032,68,71.13
2026-05-14,CBJ32,2032-04-01,Apr 2032,69,71.05
2026-05-14,CBK32,2032-05-01,May 2032,70,70.96
2026-05-14,CBM32,2032-06-01,Jun 2032,71,70.87
2026-05-14,CBN32,2032-07-01,Jul 2032,72,70.79
2026-05-14,CBQ32,2032-08-01,Aug 2032,73,70.71
2026-05-14,CBU32,2032-09-01,Sep 2032,74,70.63
2026-05-14,CBV32,2032-10-01,Oct 2032,75,70.55
2026-05-14,CBX32,2032-11-01,Nov 2032,76,70.46
2026-05-14,CBZ32,2032-12-01,Dec 2032,77,70.37
2026-05-14,CBF33,2033-01-01,Jan 2033,78,70.3
2026-05-14,CBG33,2033-02-01,Feb 2033,79,70.23
2026-05-14,CBH33,2033-03-01,Mar 2033,80,70.16
2026-05-14,CBJ33,2033-04-01,Apr 2033,81,70.09
2026-05-14,CBK33,2033-05-01,May 2033,82,70.02
2026-05-14,CBM33,2033-06-01,Jun 2033,83,69.95
2026-05-14,CBN33,2033-07-01,Jul 2033,84,69.88
2026-05-14,CBQ33,2033-08-01,Aug 2033,85,69.81
2026-05-14,CBU33,2033-09-01,Sep 2033,86,69.74
2026-05-14,CBV33,2033-10-01,Oct 2033,87,69.67
2026-05-14,CBX33,2033-11-01,Nov 2033,88,69.6
2026-05-14,CBZ33,2033-12-01,Dec 2033,89,69.53
2026-05-14,CBF34,2034-01-01,Jan 2034,90,69.47
2026-05-14,CBG34,2034-02-01,Feb 2034,91,69.41
2026-05-14,CBH34,2034-03-01,Mar 2034,92,69.35
2026-05-14,CBJ34,2034-04-01,Apr 2034,93,69.29
2026-05-14,CBK34,2034-05-01,May 2034,94,69.23
2026-05-14,CBM34,2034-06-01,Jun 2034,95,69.17
2026-05-14,CBN34,2034-07-01,Jul 2034,96,69.11
2026-05-14,CBQ34,2034-08-01,Aug 2034,97,69.05
2026-05-14,CBU34,2034-09-01,Sep 2034,98,68.99
2026-05-14,CBV34,2034-10-01,Oct 2034,99,68.93
2026-05-14,CBX34,2034-11-01,Nov 2034,100,68.87
2026-05-14,CBZ34,2034-12-01,Dec 2034,101,68.81
2026-05-14,CBF35,2035-01-01,Jan 2035,102,68.75
2026-05-14,CBG35,2035-02-01,Feb 2035,103,68.69
2026-05-14,CBH35,2035-03-01,Mar 2035,104,68.63
2026-05-14,CBJ35,2035-04-01,Apr 2035,105,68.57
2026-05-14,CBK35,2035-05-01,May 2035,106,68.51
2026-05-14,CBM35,2035-06-01,Jun 2035,107,68.45
2026-05-14,CBN35,2035-07-01,Jul 2035,108,68.39
2026-05-14,CBQ35,2035-08-01,Aug 2035,109,68.33
2026-05-14,CBU35,2035-09-01,Sep 2035,110,68.27
2026-05-14,CBV35,2035-10-01,Oct 2035,111,68.21
2026-05-14,CBX35,2035-11-01,Nov 2035,112,68.15
2026-05-14,CBZ35,2035-12-01,Dec 2035,113,68.09
2026-05-14,CBF36,2036-01-01,Jan 2036,114,68.03
2026-05-14,CBG36,2036-02-01,Feb 2036,115,67.97
2026-05-14,CBH36,2036-03-01,Mar 2036,116,67.91
2026-05-14,CBJ36,2036-04-01,Apr 2036,117,67.85
2026-05-14,CBK36,2036-05-01,May 2036,118,67.79
2026-05-14,CBM36,2036-06-01,Jun 2036,119,67.73
2026-05-14,CBN36,2036-07-01,Jul 2036,120,67.67
2026-05-14,CBQ36,2036-08-01,Aug 2036,121,67.61
2026-05-14,CBU36,2036-09-01,Sep 2036,122,67.55
2026-05-14,CBV36,2036-10-01,Oct 2036,123,67.49
2026-05-14,CBX36,2036-11-01,Nov 2036,124,67.43
2026-05-14,CBZ36,2036-12-01,Dec 2036,125,67.37
2026-05-14,CBF37,2037-01-01,Jan 2037,126,67.32
2026-05-14,CBG37,2037-02-01,Feb 2037,127,67.27
2026-05-14,CBH37,2037-03-01,Mar 2037,128,67.22
2026-05-14,CBJ37,2037-04-01,Apr 2037,129,67.17
2026-05-14,CBK37,2037-05-01,May 2037,130,67.12
2026-05-14,CBM37,2037-06-01,Jun 2037,131,67.07
2026-05-14,CBN37,2037-07-01,Jul 2037,132,67.02
2026-05-14,CBQ37,2037-08-01,Aug 2037,133,66.97
2026-05-14,CBU37,2037-09-01,Sep 2037,134,66.92
2026-05-14,CBV37,2037-10-01,Oct 2037,135,66.87
2026-05-14,CBX37,2037-11-01,Nov 2037,136,66.82
2026-05-14,CBZ37,2037-12-01,Dec 2037,137,66.77
2026-05-14,CBF38,2038-01-01,Jan 2038,138,66.72
2026-05-15,CBN26,2026-07-01,Jul 2026,0,109.34
2026-05-15,CBQ26,2026-08-01,Aug 2026,1,104.79
2026-05-15,CBU26,2026-09-01,Sep 2026,2,100.34
2026-05-15,CBV26,2026-10-01,Oct 2026,3,96.5
2026-05-15,CBX26,2026-11-01,Nov 2026,4,93.32
2026-05-15,CBZ26,2026-12-01,Dec 2026,5,90.93
2026-05-15,CBF27,2027-01-01,Jan 2027,6,88.68
2026-05-15,CBG27,2027-02-01,Feb 2027,7,86.94
2026-05-15,CBH27,2027-03-01,Mar 2027,8,85.48
2026-05-15,CBJ27,2027-04-01,Apr 2027,9,84.26
2026-05-15,CBK27,2027-05-01,May 2027,10,83.24
2026-05-15,CBM27,2027-06-01,Jun 2027,11,82.41
2026-05-15,CBN27,2027-07-01,Jul 2027,12,81.7
2026-05-15,CBQ27,2027-08-01,Aug 2027,13,81.15
2026-05-15,CBU27,2027-09-01,Sep 2027,14,80.59
2026-05-15,CBV27,2027-10-01,Oct 2027,15,80.09
2026-05-15,CBX27,2027-11-01,Nov 2027,16,79.65
2026-05-15,CBZ27,2027-12-01,Dec 2027,17,79.12
2026-05-15,CBF28,2028-01-01,Jan 2028,18,78.87
2026-05-15,CBG28,2028-02-01,Feb 2028,19,78.53
2026-05-15,CBH28,2028-03-01,Mar 2028,20,78.26
2026-05-15,CBJ28,2028-04-01,Apr 2028,21,78.01
2026-05-15,CBK28,2028-05-01,May 2028,22,77.78
2026-05-15,CBM28,2028-06-01,Jun 2028,23,77.42
2026-05-15,CBN28,2028-07-01,Jul 2028,24,77.3
2026-05-15,CBQ28,2028-08-01,Aug 2028,25,76.93
2026-05-15,CBU28,2028-09-01,Sep 2028,26,76.8
2026-05-15,CBV28,2028-10-01,Oct 2028,27,76.58
2026-05-15,CBX28,2028-11-01,Nov 2028,28,76.26
2026-05-15,CBZ28,2028-12-01,Dec 2028,29,76.1
2026-05-15,CBF29,2029-01-01,Jan 2029,30,75.99
2026-05-15,CBG29,2029-02-01,Feb 2029,31,75.66
2026-05-15,CBH29,2029-03-01,Mar 2029,32,75.65
2026-05-15,CBJ29,2029-04-01,Apr 2029,33,75.51
2026-05-15,CBK29,2029-05-01,May 2029,34,75.22
2026-05-15,CBM29,2029-06-01,Jun 2029,35,74.97
2026-05-15,CBN29,2029-07-01,Jul 2029,36,75.1
2026-05-15,CBQ29,2029-08-01,Aug 2029,37,74.91
2026-05-15,CBU29,2029-09-01,Sep 2029,38,74.74
2026-05-15,CBV29,2029-10-01,Oct 2029,39,74.56
2026-05-15,CBX29,2029-11-01,Nov 2029,40,74.38
2026-05-15,CBZ29,2029-12-01,Dec 2029,41,74.25
2026-05-15,CBF30,2030-01-01,Jan 2030,42,74.13
2026-05-15,CBG30,2030-02-01,Feb 2030,43,73.97
2026-05-15,CBH30,2030-03-01,Mar 2030,44,73.88
2026-05-15,CBJ30,2030-04-01,Apr 2030,45,73.8
2026-05-15,CBK30,2030-05-01,May 2030,46,73.73
2026-05-15,CBM30,2030-06-01,Jun 2030,47,73.65
2026-05-15,CBN30,2030-07-01,Jul 2030,48,73.52
2026-05-15,CBQ30,2030-08-01,Aug 2030,49,73.4
2026-05-15,CBU30,2030-09-01,Sep 2030,50,73.27
2026-05-15,CBV30,2030-10-01,Oct 2030,51,73.15
2026-05-15,CBX30,2030-11-01,Nov 2030,52,73.04
2026-05-15,CBZ30,2030-12-01,Dec 2030,53,72.7
2026-05-15,CBF31,2031-01-01,Jan 2031,54,72.83
2026-05-15,CBG31,2031-02-01,Feb 2031,55,72.73
2026-05-15,CBH31,2031-03-01,Mar 2031,56,72.65
2026-05-15,CBJ31,2031-04-01,Apr 2031,57,72.57
2026-05-15,CBK31,2031-05-01,May 2031,58,72.45
2026-05-15,CBM31,2031-06-01,Jun 2031,59,72.3
2026-05-15,CBN31,2031-07-01,Jul 2031,60,72.21
2026-05-15,CBQ31,2031-08-01,Aug 2031,61,72.12
2026-05-15,CBU31,2031-09-01,Sep 2031,62,72.03
2026-05-15,CBV31,2031-10-01,Oct 2031,63,71.93
2026-05-15,CBX31,2031-11-01,Nov 2031,64,71.84
2026-05-15,CBZ31,2031-12-01,Dec 2031,65,71.72
2026-05-15,CBF32,2032-01-01,Jan 2032,66,71.63
2026-05-15,CBG32,2032-02-01,Feb 2032,67,71.55
2026-05-15,CBH32,2032-03-01,Mar 2032,68,71.47
2026-05-15,CBJ32,2032-04-01,Apr 2032,69,71.39
2026-05-15,CBK32,2032-05-01,May 2032,70,71.3
2026-05-15,CBM32,2032-06-01,Jun 2032,71,71.21
2026-05-15,CBN32,2032-07-01,Jul 2032,72,71.13
2026-05-15,CBQ32,2032-08-01,Aug 2032,73,71.05
2026-05-15,CBU32,2032-09-01,Sep 2032,74,70.97
2026-05-15,CBV32,2032-10-01,Oct 2032,75,70.89
2026-05-15,CBX32,2032-11-01,Nov 2032,76,70.8
2026-05-15,CBZ32,2032-12-01,Dec 2032,77,70.71
2026-05-15,CBF33,2033-01-01,Jan 2033,78,70.64
2026-05-15,CBG33,2033-02-01,Feb 2033,79,70.57
2026-05-15,CBH33,2033-03-01,Mar 2033,80,70.5
2026-05-15,CBJ33,2033-04-01,Apr 2033,81,70.43
2026-05-15,CBK33,2033-05-01,May 2033,82,70.36
2026-05-15,CBM33,2033-06-01,Jun 2033,83,70.29
2026-05-15,CBN33,2033-07-01,Jul 2033,84,70.22
2026-05-15,CBQ33,2033-08-01,Aug 2033,85,70.15
2026-05-15,CBU33,2033-09-01,Sep 2033,86,70.08
2026-05-15,CBV33,2033-10-01,Oct 2033,87,70.01
2026-05-15,CBX33,2033-11-01,Nov 2033,88,69.94
2026-05-15,CBZ33,2033-12-01,Dec 2033,89,69.87
2026-05-15,CBF34,2034-01-01,Jan 2034,90,69.81
2026-05-15,CBG34,2034-02-01,Feb 2034,91,69.75
2026-05-15,CBH34,2034-03-01,Mar 2034,92,69.69
2026-05-15,CBJ34,2034-04-01,Apr 2034,93,69.63
2026-05-15,CBK34,2034-05-01,May 2034,94,69.57
2026-05-15,CBM34,2034-06-01,Jun 2034,95,69.51
2026-05-15,CBN34,2034-07-01,Jul 2034,96,69.45
2026-05-15,CBQ34,2034-08-01,Aug 2034,97,69.39
2026-05-15,CBU34,2034-09-01,Sep 2034,98,69.33
2026-05-15,CBV34,2034-10-01,Oct 2034,99,69.27
2026-05-15,CBX34,2034-11-01,Nov 2034,100,69.21
2026-05-15,CBZ34,2034-12-01,Dec 2034,101,69.15
2026-05-15,CBF35,2035-01-01,Jan 2035,102,69.09
2026-05-15,CBG35,2035-02-01,Feb 2035,103,69.03
2026-05-15,CBH35,2035-03-01,Mar 2035,104,68.97
2026-05-15,CBJ35,2035-04-01,Apr 2035,105,68.91
2026-05-15,CBK35,2035-05-01,May 2035,106,68.85
2026-05-15,CBM35,2035-06-01,Jun 2035,107,68.79
2026-05-15,CBN35,2035-07-01,Jul 2035,108,68.73
2026-05-15,CBQ35,2035-08-01,Aug 2035,109,68.67
2026-05-15,CBU35,2035-09-01,Sep 2035,110,68.61
2026-05-15,CBV35,2035-10-01,Oct 2035,111,68.55
2026-05-15,CBX35,2035-11-01,Nov 2035,112,68.49
2026-05-15,CBZ35,2035-12-01,Dec 2035,113,68.43
2026-05-15,CBF36,2036-01-01,Jan 2036,114,68.37
2026-05-15,CBG36,2036-02-01,Feb 2036,115,68.31
2026-05-15,CBH36,2036-03-01,Mar 2036,116,68.25
2026-05-15,CBJ36,2036-04-01,Apr 2036,117,68.19
2026-05-15,CBK36,2036-05-01,May 2036,118,68.13
2026-05-15,CBM36,2036-06-01,Jun 2036,119,68.07
2026-05-15,CBN36,2036-07-01,Jul 2036,120,68.01
2026-05-15,CBQ36,2036-08-01,Aug 2036,121,67.95
2026-05-15,CBU36,2036-09-01,Sep 2036,122,67.89
2026-05-15,CBV36,2036-10-01,Oct 2036,123,67.83
2026-05-15,CBX36,2036-11-01,Nov 2036,124,67.77
2026-05-15,CBZ36,2036-12-01,Dec 2036,125,67.71
2026-05-15,CBF37,2037-01-01,Jan 2037,126,67.66
2026-05-15,CBG37,2037-02-01,Feb 2037,127,67.61
2026-05-15,CBH37,2037-03-01,Mar 2037,128,67.56
2026-05-15,CBJ37,2037-04-01,Apr 2037,129,67.51
2026-05-15,CBK37,2037-05-01,May 2037,130,67.46
2026-05-15,CBM37,2037-06-01,Jun 2037,131,67.41
2026-05-15,CBN37,2037-07-01,Jul 2037,132,67.36
2026-05-15,CBQ37,2037-08-01,Aug 2037,133,67.31
2026-05-15,CBU37,2037-09-01,Sep 2037,134,67.26
2026-05-15,CBV37,2037-10-01,Oct 2037,135,67.21
2026-05-15,CBX37,2037-11-01,Nov 2037,136,67.16
2026-05-15,CBZ37,2037-12-01,Dec 2037,137,67.11
2026-05-15,CBF38,2038-01-01,Jan 2038,138,67.06
2026-05-16,CBN26,2026-07-01,Jul 2026,0,109.26
2026-05-16,CBQ26,2026-08-01,Aug 2026,1,104.74
2026-05-16,CBU26,2026-09-01,Sep 2026,2,100.32
2026-05-16,CBV26,2026-10-01,Oct 2026,3,96.54
2026-05-16,CBX26,2026-11-01,Nov 2026,4,93.49
2026-05-16,CBZ26,2026-12-01,Dec 2026,5,90.98
2026-05-16,CBF27,2027-01-01,Jan 2027,6,88.88
2026-05-16,CBG27,2027-02-01,Feb 2027,7,87.13
2026-05-16,CBH27,2027-03-01,Mar 2027,8,85.68
2026-05-16,CBJ27,2027-04-01,Apr 2027,9,84.45
2026-05-16,CBK27,2027-05-01,May 2027,10,83.42
2026-05-16,CBM27,2027-06-01,Jun 2027,11,82.55
2026-05-16,CBN27,2027-07-01,Jul 2027,12,81.8
2026-05-16,CBQ27,2027-08-01,Aug 2027,13,81.15
2026-05-16,CBU27,2027-09-01,Sep 2027,14,80.59
2026-05-16,CBV27,2027-10-01,Oct 2027,15,80.09
2026-05-16,CBX27,2027-11-01,Nov 2027,16,79.65
2026-05-16,CBZ27,2027-12-01,Dec 2027,17,79.27
2026-05-16,CBF28,2028-01-01,Jan 2028,18,78.87
2026-05-16,CBG28,2028-02-01,Feb 2028,19,78.53
2026-05-16,CBH28,2028-03-01,Mar 2028,20,78.26
2026-05-16,CBJ28,2028-04-01,Apr 2028,21,78.01
2026-05-16,CBK28,2028-05-01,May 2028,22,77.78
2026-05-16,CBM28,2028-06-01,Jun 2028,23,77.54
2026-05-16,CBN28,2028-07-01,Jul 2028,24,77.3
2026-05-16,CBQ28,2028-08-01,Aug 2028,25,77.05
2026-05-16,CBU28,2028-09-01,Sep 2028,26,76.8
2026-05-16,CBV28,2028-10-01,Oct 2028,27,76.58
2026-05-16,CBX28,2028-11-01,Nov 2028,28,76.38
2026-05-16,CBZ28,2028-12-01,Dec 2028,29,76.2
2026-05-16,CBF29,2029-01-01,Jan 2029,30,75.99
2026-05-16,CBG29,2029-02-01,Feb 2029,31,75.79
2026-05-16,CBH29,2029-03-01,Mar 2029,32,75.65
2026-05-16,CBJ29,2029-04-01,Apr 2029,33,75.51
2026-05-16,CBK29,2029-05-01,May 2029,34,75.38
2026-05-16,CBM29,2029-06-01,Jun 2029,35,75.26
2026-05-16,CBN29,2029-07-01,Jul 2029,36,75.1
2026-05-16,CBQ29,2029-08-01,Aug 2029,37,74.91
2026-05-16,CBU29,2029-09-01,Sep 2029,38,74.74
2026-05-16,CBV29,2029-10-01,Oct 2029,39,74.56
2026-05-16,CBX29,2029-11-01,Nov 2029,40,74.38
2026-05-16,CBZ29,2029-12-01,Dec 2029,41,74.27
2026-05-16,CBF30,2030-01-01,Jan 2030,42,74.13
2026-05-16,CBG30,2030-02-01,Feb 2030,43,73.97
2026-05-16,CBH30,2030-03-01,Mar 2030,44,73.88
2026-05-16,CBJ30,2030-04-01,Apr 2030,45,73.8
2026-05-16,CBK30,2030-05-01,May 2030,46,73.73
2026-05-16,CBM30,2030-06-01,Jun 2030,47,73.65
2026-05-16,CBN30,2030-07-01,Jul 2030,48,73.52
2026-05-16,CBQ30,2030-08-01,Aug 2030,49,73.4
2026-05-16,CBU30,2030-09-01,Sep 2030,50,73.27
2026-05-16,CBV30,2030-10-01,Oct 2030,51,73.15
2026-05-16,CBX30,2030-11-01,Nov 2030,52,73.04
2026-05-16,CBZ30,2030-12-01,Dec 2030,53,72.93
2026-05-16,CBF31,2031-01-01,Jan 2031,54,72.83
2026-05-16,CBG31,2031-02-01,Feb 2031,55,72.73
2026-05-16,CBH31,2031-03-01,Mar 2031,56,72.65
2026-05-16,CBJ31,2031-04-01,Apr 2031,57,72.57
2026-05-16,CBK31,2031-05-01,May 2031,58,72.45
2026-05-16,CBM31,2031-06-01,Jun 2031,59,72.3
2026-05-16,CBN31,2031-07-01,Jul 2031,60,72.21
2026-05-16,CBQ31,2031-08-01,Aug 2031,61,72.12
2026-05-16,CBU31,2031-09-01,Sep 2031,62,72.03
2026-05-16,CBV31,2031-10-01,Oct 2031,63,71.93
2026-05-16,CBX31,2031-11-01,Nov 2031,64,71.84
2026-05-16,CBZ31,2031-12-01,Dec 2031,65,71.72
2026-05-16,CBF32,2032-01-01,Jan 2032,66,71.63
2026-05-16,CBG32,2032-02-01,Feb 2032,67,71.55
2026-05-16,CBH32,2032-03-01,Mar 2032,68,71.47
2026-05-16,CBJ32,2032-04-01,Apr 2032,69,71.39
2026-05-16,CBK32,2032-05-01,May 2032,70,71.3
2026-05-16,CBM32,2032-06-01,Jun 2032,71,71.21
2026-05-16,CBN32,2032-07-01,Jul 2032,72,71.13
2026-05-16,CBQ32,2032-08-01,Aug 2032,73,71.05
2026-05-16,CBU32,2032-09-01,Sep 2032,74,70.97
2026-05-16,CBV32,2032-10-01,Oct 2032,75,70.89
2026-05-16,CBX32,2032-11-01,Nov 2032,76,70.8
2026-05-16,CBZ32,2032-12-01,Dec 2032,77,70.71
2026-05-16,CBF33,2033-01-01,Jan 2033,78,70.64
2026-05-16,CBG33,2033-02-01,Feb 2033,79,70.57
2026-05-16,CBH33,2033-03-01,Mar 2033,80,70.5
2026-05-16,CBJ33,2033-04-01,Apr 2033,81,70.43
2026-05-16,CBK33,2033-05-01,May 2033,82,70.36
2026-05-16,CBM33,2033-06-01,Jun 2033,83,70.29
2026-05-16,CBN33,2033-07-01,Jul 2033,84,70.22
2026-05-16,CBQ33,2033-08-01,Aug 2033,85,70.15
2026-05-16,CBU33,2033-09-01,Sep 2033,86,70.08
2026-05-16,CBV33,2033-10-01,Oct 2033,87,70.01
2026-05-16,CBX33,2033-11-01,Nov 2033,88,69.94
2026-05-16,CBZ33,2033-12-01,Dec 2033,89,69.87
2026-05-16,CBF34,2034-01-01,Jan 2034,90,69.81
2026-05-16,CBG34,2034-02-01,Feb 2034,91,69.75
2026-05-16,CBH34,2034-03-01,Mar 2034,92,69.69
2026-05-16,CBJ34,2034-04-01,Apr 2034,93,69.63
2026-05-16,CBK34,2034-05-01,May 2034,94,69.57
2026-05-16,CBM34,2034-06-01,Jun 2034,95,69.51
2026-05-16,CBN34,2034-07-01,Jul 2034,96,69.45
2026-05-16,CBQ34,2034-08-01,Aug 2034,97,69.39
2026-05-16,CBU34,2034-09-01,Sep 2034,98,69.33
2026-05-16,CBV34,2034-10-01,Oct 2034,99,69.27
2026-05-16,CBX34,2034-11-01,Nov 2034,100,69.21
2026-05-16,CBZ34,2034-12-01,Dec 2034,101,69.15
2026-05-16,CBF35,2035-01-01,Jan 2035,102,69.09
2026-05-16,CBG35,2035-02-01,Feb 2035,103,69.03
2026-05-16,CBH35,2035-03-01,Mar 2035,104,68.97
2026-05-16,CBJ35,2035-04-01,Apr 2035,105,68.91
2026-05-16,CBK35,2035-05-01,May 2035,106,68.85
2026-05-16,CBM35,2035-06-01,Jun 2035,107,68.79
2026-05-16,CBN35,2035-07-01,Jul 2035,108,68.73
2026-05-16,CBQ35,2035-08-01,Aug 2035,109,68.67
2026-05-16,CBU35,2035-09-01,Sep 2035,110,68.61
2026-05-16,CBV35,2035-10-01,Oct 2035,111,68.55
2026-05-16,CBX35,2035-11-01,Nov 2035,112,68.49
2026-05-16,CBZ35,2035-12-01,Dec 2035,113,68.43
2026-05-16,CBF36,2036-01-01,Jan 2036,114,68.37
2026-05-16,CBG36,2036-02-01,Feb 2036,115,68.31
2026-05-16,CBH36,2036-03-01,Mar 2036,116,68.25
2026-05-16,CBJ36,2036-04-01,Apr 2036,117,68.19
2026-05-16,CBK36,2036-05-01,May 2036,118,68.13
2026-05-16,CBM36,2036-06-01,Jun 2036,119,68.07
2026-05-16,CBN36,2036-07-01,Jul 2036,120,68.01
2026-05-16,CBQ36,2036-08-01,Aug 2036,121,67.95
2026-05-16,CBU36,2036-09-01,Sep 2036,122,67.89
2026-05-16,CBV36,2036-10-01,Oct 2036,123,67.83
2026-05-16,CBX36,2036-11-01,Nov 2036,124,67.77
2026-05-16,CBZ36,2036-12-01,Dec 2036,125,67.71
2026-05-16,CBF37,2037-01-01,Jan 2037,126,67.66
2026-05-16,CBG37,2037-02-01,Feb 2037,127,67.61
2026-05-16,CBH37,2037-03-01,Mar 2037,128,67.56
2026-05-16,CBJ37,2037-04-01,Apr 2037,129,67.51
2026-05-16,CBK37,2037-05-01,May 2037,130,67.46
2026-05-16,CBM37,2037-06-01,Jun 2037,131,67.41
2026-05-16,CBN37,2037-07-01,Jul 2037,132,67.36
2026-05-16,CBQ37,2037-08-01,Aug 2037,133,67.31
2026-05-16,CBU37,2037-09-01,Sep 2037,134,67.26
2026-05-16,CBV37,2037-10-01,Oct 2037,135,67.21
2026-05-16,CBX37,2037-11-01,Nov 2037,136,67.16
2026-05-16,CBZ37,2037-12-01,Dec 2037,137,67.11
2026-05-16,CBF38,2038-01-01,Jan 2038,138,67.06
2026-05-17,CBN26,2026-07-01,Jul 2026,0,109.26
2026-05-17,CBQ26,2026-08-01,Aug 2026,1,104.74
2026-05-17,CBU26,2026-09-01,Sep 2026,2,100.32
2026-05-17,CBV26,2026-10-01,Oct 2026,3,96.54
2026-05-17,CBX26,2026-11-01,Nov 2026,4,93.49
2026-05-17,CBZ26,2026-12-01,Dec 2026,5,90.98
2026-05-17,CBF27,2027-01-01,Jan 2027,6,88.88
2026-05-17,CBG27,2027-02-01,Feb 2027,7,87.13
2026-05-17,CBH27,2027-03-01,Mar 2027,8,85.68
2026-05-17,CBJ27,2027-04-01,Apr 2027,9,84.45
2026-05-17,CBK27,2027-05-01,May 2027,10,83.42
2026-05-17,CBM27,2027-06-01,Jun 2027,11,82.55
2026-05-17,CBN27,2027-07-01,Jul 2027,12,81.8
2026-05-17,CBQ27,2027-08-01,Aug 2027,13,81.15
2026-05-17,CBU27,2027-09-01,Sep 2027,14,80.59
2026-05-17,CBV27,2027-10-01,Oct 2027,15,80.09
2026-05-17,CBX27,2027-11-01,Nov 2027,16,79.65
2026-05-17,CBZ27,2027-12-01,Dec 2027,17,79.27
2026-05-17,CBF28,2028-01-01,Jan 2028,18,78.87
2026-05-17,CBG28,2028-02-01,Feb 2028,19,78.53
2026-05-17,CBH28,2028-03-01,Mar 2028,20,78.26
2026-05-17,CBJ28,2028-04-01,Apr 2028,21,78.01
2026-05-17,CBK28,2028-05-01,May 2028,22,77.78
2026-05-17,CBM28,2028-06-01,Jun 2028,23,77.54
2026-05-17,CBN28,2028-07-01,Jul 2028,24,77.3
2026-05-17,CBQ28,2028-08-01,Aug 2028,25,77.05
2026-05-17,CBU28,2028-09-01,Sep 2028,26,76.8
2026-05-17,CBV28,2028-10-01,Oct 2028,27,76.58
2026-05-17,CBX28,2028-11-01,Nov 2028,28,76.38
2026-05-17,CBZ28,2028-12-01,Dec 2028,29,76.2
2026-05-17,CBF29,2029-01-01,Jan 2029,30,75.99
2026-05-17,CBG29,2029-02-01,Feb 2029,31,75.79
2026-05-17,CBH29,2029-03-01,Mar 2029,32,75.65
2026-05-17,CBJ29,2029-04-01,Apr 2029,33,75.51
2026-05-17,CBK29,2029-05-01,May 2029,34,75.38
2026-05-17,CBM29,2029-06-01,Jun 2029,35,75.26
2026-05-17,CBN29,2029-07-01,Jul 2029,36,75.1
2026-05-17,CBQ29,2029-08-01,Aug 2029,37,74.91
2026-05-17,CBU29,2029-09-01,Sep 2029,38,74.74
2026-05-17,CBV29,2029-10-01,Oct 2029,39,74.56
2026-05-17,CBX29,2029-11-01,Nov 2029,40,74.38
2026-05-17,CBZ29,2029-12-01,Dec 2029,41,74.27
2026-05-17,CBF30,2030-01-01,Jan 2030,42,74.13
2026-05-17,CBG30,2030-02-01,Feb 2030,43,73.97
2026-05-17,CBH30,2030-03-01,Mar 2030,44,73.88
2026-05-17,CBJ30,2030-04-01,Apr 2030,45,73.8
2026-05-17,CBK30,2030-05-01,May 2030,46,73.73
2026-05-17,CBM30,2030-06-01,Jun 2030,47,73.65
2026-05-17,CBN30,2030-07-01,Jul 2030,48,73.52
2026-05-17,CBQ30,2030-08-01,Aug 2030,49,73.4
2026-05-17,CBU30,2030-09-01,Sep 2030,50,73.27
2026-05-17,CBV30,2030-10-01,Oct 2030,51,73.15
2026-05-17,CBX30,2030-11-01,Nov 2030,52,73.04
2026-05-17,CBZ30,2030-12-01,Dec 2030,53,72.93
2026-05-17,CBF31,2031-01-01,Jan 2031,54,72.83
2026-05-17,CBG31,2031-02-01,Feb 2031,55,72.73
2026-05-17,CBH31,2031-03-01,Mar 2031,56,72.65
2026-05-17,CBJ31,2031-04-01,Apr 2031,57,72.57
2026-05-17,CBK31,2031-05-01,May 2031,58,72.45
2026-05-17,CBM31,2031-06-01,Jun 2031,59,72.3
2026-05-17,CBN31,2031-07-01,Jul 2031,60,72.21
2026-05-17,CBQ31,2031-08-01,Aug 2031,61,72.12
2026-05-17,CBU31,2031-09-01,Sep 2031,62,72.03
2026-05-17,CBV31,2031-10-01,Oct 2031,63,71.93
2026-05-17,CBX31,2031-11-01,Nov 2031,64,71.84
2026-05-17,CBZ31,2031-12-01,Dec 2031,65,71.72
2026-05-17,CBF32,2032-01-01,Jan 2032,66,71.63
2026-05-17,CBG32,2032-02-01,Feb 2032,67,71.55
2026-05-17,CBH32,2032-03-01,Mar 2032,68,71.47
2026-05-17,CBJ32,2032-04-01,Apr 2032,69,71.39
2026-05-17,CBK32,2032-05-01,May 2032,70,71.3
2026-05-17,CBM32,2032-06-01,Jun 2032,71,71.21
2026-05-17,CBN32,2032-07-01,Jul 2032,72,71.13
2026-05-17,CBQ32,2032-08-01,Aug 2032,73,71.05
2026-05-17,CBU32,2032-09-01,Sep 2032,74,70.97
2026-05-17,CBV32,2032-10-01,Oct 2032,75,70.89
2026-05-17,CBX32,2032-11-01,Nov 2032,76,70.8
2026-05-17,CBZ32,2032-12-01,Dec 2032,77,70.71
2026-05-17,CBF33,2033-01-01,Jan 2033,78,70.64
2026-05-17,CBG33,2033-02-01,Feb 2033,79,70.57
2026-05-17,CBH33,2033-03-01,Mar 2033,80,70.5
2026-05-17,CBJ33,2033-04-01,Apr 2033,81,70.43
2026-05-17,CBK33,2033-05-01,May 2033,82,70.36
2026-05-17,CBM33,2033-06-01,Jun 2033,83,70.29
2026-05-17,CBN33,2033-07-01,Jul 2033,84,70.22
2026-05-17,CBQ33,2033-08-01,Aug 2033,85,70.15
2026-05-17,CBU33,2033-09-01,Sep 2033,86,70.08
2026-05-17,CBV33,2033-10-01,Oct 2033,87,70.01
2026-05-17,CBX33,2033-11-01,Nov 2033,88,69.94
2026-05-17,CBZ33,2033-12-01,Dec 2033,89,69.87
2026-05-17,CBF34,2034-01-01,Jan 2034,90,69.81
2026-05-17,CBG34,2034-02-01,Feb 2034,91,69.75
2026-05-17,CBH34,2034-03-01,Mar 2034,92,69.69
2026-05-17,CBJ34,2034-04-01,Apr 2034,93,69.63
2026-05-17,CBK34,2034-05-01,May 2034,94,69.57
2026-05-17,CBM34,2034-06-01,Jun 2034,95,69.51
2026-05-17,CBN34,2034-07-01,Jul 2034,96,69.45
2026-05-17,CBQ34,2034-08-01,Aug 2034,97,69.39
2026-05-17,CBU34,2034-09-01,Sep 2034,98,69.33
2026-05-17,CBV34,2034-10-01,Oct 2034,99,69.27
2026-05-17,CBX34,2034-11-01,Nov 2034,100,69.21
2026-05-17,CBZ34,2034-12-01,Dec 2034,101,69.15
2026-05-17,CBF35,2035-01-01,Jan 2035,102,69.09
2026-05-17,CBG35,2035-02-01,Feb 2035,103,69.03
2026-05-17,CBH35,2035-03-01,Mar 2035,104,68.97
2026-05-17,CBJ35,2035-04-01,Apr 2035,105,68.91
2026-05-17,CBK35,2035-05-01,May 2035,106,68.85
2026-05-17,CBM35,2035-06-01,Jun 2035,107,68.79
2026-05-17,CBN35,2035-07-01,Jul 2035,108,68.73
2026-05-17,CBQ35,2035-08-01,Aug 2035,109,68.67
2026-05-17,CBU35,2035-09-01,Sep 2035,110,68.61
2026-05-17,CBV35,2035-10-01,Oct 2035,111,68.55
2026-05-17,CBX35,2035-11-01,Nov 2035,112,68.49
2026-05-17,CBZ35,2035-12-01,Dec 2035,113,68.43
2026-05-17,CBF36,2036-01-01,Jan 2036,114,68.37
2026-05-17,CBG36,2036-02-01,Feb 2036,115,68.31
2026-05-17,CBH36,2036-03-01,Mar 2036,116,68.25
2026-05-17,CBJ36,2036-04-01,Apr 2036,117,68.19
2026-05-17,CBK36,2036-05-01,May 2036,118,68.13
2026-05-17,CBM36,2036-06-01,Jun 2036,119,68.07
2026-05-17,CBN36,2036-07-01,Jul 2036,120,68.01
2026-05-17,CBQ36,2036-08-01,Aug 2036,121,67.95
2026-05-17,CBU36,2036-09-01,Sep 2036,122,67.89
2026-05-17,CBV36,2036-10-01,Oct 2036,123,67.83
2026-05-17,CBX36,2036-11-01,Nov 2036,124,67.77
2026-05-17,CBZ36,2036-12-01,Dec 2036,125,67.71
2026-05-17,CBF37,2037-01-01,Jan 2037,126,67.66
2026-05-17,CBG37,2037-02-01,Feb 2037,127,67.61
2026-05-17,CBH37,2037-03-01,Mar 2037,128,67.56
2026-05-17,CBJ37,2037-04-01,Apr 2037,129,67.51
2026-05-17,CBK37,2037-05-01,May 2037,130,67.46
2026-05-17,CBM37,2037-06-01,Jun 2037,131,67.41
2026-05-17,CBN37,2037-07-01,Jul 2037,132,67.36
2026-05-17,CBQ37,2037-08-01,Aug 2037,133,67.31
2026-05-17,CBU37,2037-09-01,Sep 2037,134,67.26
2026-05-17,CBV37,2037-10-01,Oct 2037,135,67.21
2026-05-17,CBX37,2037-11-01,Nov 2037,136,67.16
2026-05-17,CBZ37,2037-12-01,Dec 2037,137,67.11
2026-05-17,CBF38,2038-01-01,Jan 2038,138,67.06
2026-05-17,CBG38,2038-02-01,Feb 2038,139,67.01
2026-05-17,CBH38,2038-03-01,Mar 2038,140,66.96
2026-05-17,CBJ38,2038-04-01,Apr 2038,141,66.91
2026-05-17,CBK38,2038-05-01,May 2038,142,66.86
2026-05-17,CBM38,2038-06-01,Jun 2038,143,66.81
2026-05-17,CBN38,2038-07-01,Jul 2038,144,66.76
2026-05-17,CBQ38,2038-08-01,Aug 2038,145,66.71
2026-05-17,CBU38,2038-09-01,Sep 2038,146,66.66
2026-05-17,CBV38,2038-10-01,Oct 2038,147,66.61
2026-05-17,CBX38,2038-11-01,Nov 2038,148,66.56
2026-05-17,CBZ38,2038-12-01,Dec 2038,149,66.51
2026-05-17,CBF39,2039-01-01,Jan 2039,150,66.46
2026-05-17,CBG39,2039-02-01,Feb 2039,151,66.41
2026-05-17,CBH39,2039-03-01,Mar 2039,152,66.36
2026-05-18,CBN26,2026-07-01,Jul 2026,0,108.92
2026-05-18,CBQ26,2026-08-01,Aug 2026,1,104.73
2026-05-18,CBU26,2026-09-01,Sep 2026,2,100.36
2026-05-18,CBV26,2026-10-01,Oct 2026,3,96.59
2026-05-18,CBX26,2026-11-01,Nov 2026,4,93.55
2026-05-18,CBZ26,2026-12-01,Dec 2026,5,91.03
2026-05-18,CBF27,2027-01-01,Jan 2027,6,88.81
2026-05-18,CBG27,2027-02-01,Feb 2027,7,87.18
2026-05-18,CBH27,2027-03-01,Mar 2027,8,85.67
2026-05-18,CBJ27,2027-04-01,Apr 2027,9,84.46
2026-05-18,CBK27,2027-05-01,May 2027,10,83.42
2026-05-18,CBM27,2027-06-01,Jun 2027,11,82.53
2026-05-18,CBN27,2027-07-01,Jul 2027,12,82.76
2026-05-18,CBQ27,2027-08-01,Aug 2027,13,82.05
2026-05-18,CBU27,2027-09-01,Sep 2027,14,81.37
2026-05-18,CBV27,2027-10-01,Oct 2027,15,80.88
2026-05-18,CBX27,2027-11-01,Nov 2027,16,79.08
2026-05-18,CBZ27,2027-12-01,Dec 2027,17,79.11
2026-05-18,CBF28,2028-01-01,Jan 2028,18,79.52
2026-05-18,CBG28,2028-02-01,Feb 2028,19,79.14
2026-05-18,CBH28,2028-03-01,Mar 2028,20,78.83
2026-05-18,CBJ28,2028-04-01,Apr 2028,21,78.55
2026-05-18,CBK28,2028-05-01,May 2028,22,78.28
2026-05-18,CBM28,2028-06-01,Jun 2028,23,77.42
2026-05-18,CBN28,2028-07-01,Jul 2028,24,77.74
2026-05-18,CBQ28,2028-08-01,Aug 2028,25,77.46
2026-05-18,CBU28,2028-09-01,Sep 2028,26,77.19
2026-05-18,CBV28,2028-10-01,Oct 2028,27,76.93
2026-05-18,CBX28,2028-11-01,Nov 2028,28,76.7
2026-05-18,CBZ28,2028-12-01,Dec 2028,29,76.03
2026-05-18,CBF29,2029-01-01,Jan 2029,30,76.26
2026-05-18,CBG29,2029-02-01,Feb 2029,31,76.04
2026-05-18,CBH29,2029-03-01,Mar 2029,32,75.88
2026-05-18,CBJ29,2029-04-01,Apr 2029,33,75.72
2026-05-18,CBK29,2029-05-01,May 2029,34,75.57
2026-05-18,CBM29,2029-06-01,Jun 2029,35,75.16
2026-05-18,CBN29,2029-07-01,Jul 2029,36,75.26
2026-05-18,CBQ29,2029-08-01,Aug 2029,37,75.05
2026-05-18,CBU29,2029-09-01,Sep 2029,38,74.86
2026-05-18,CBV29,2029-10-01,Oct 2029,39,74.66
2026-05-18,CBX29,2029-11-01,Nov 2029,40,74.46
2026-05-18,CBZ29,2029-12-01,Dec 2029,41,74.2
2026-05-18,CBF30,2030-01-01,Jan 2030,42,74.19
2026-05-18,CBG30,2030-02-01,Feb 2030,43,74.02
2026-05-18,CBH30,2030-03-01,Mar 2030,44,73.92
2026-05-18,CBJ30,2030-04-01,Apr 2030,45,73.83
2026-05-18,CBK30,2030-05-01,May 2030,46,73.75
2026-05-18,CBM30,2030-06-01,Jun 2030,47,73.66
2026-05-18,CBN30,2030-07-01,Jul 2030,48,73.52
2026-05-18,CBQ30,2030-08-01,Aug 2030,49,73.39
2026-05-18,CBU30,2030-09-01,Sep 2030,50,73.25
2026-05-18,CBV30,2030-10-01,Oct 2030,51,73.12
2026-05-18,CBX30,2030-11-01,Nov 2030,52,73.0
2026-05-18,CBZ30,2030-12-01,Dec 2030,53,72.58
2026-05-18,CBF31,2031-01-01,Jan 2031,54,72.77
2026-05-18,CBG31,2031-02-01,Feb 2031,55,72.67
2026-05-18,CBH31,2031-03-01,Mar 2031,56,72.59
2026-05-18,CBJ31,2031-04-01,Apr 2031,57,72.51
2026-05-18,CBK31,2031-05-01,May 2031,58,72.38
2026-05-18,CBM31,2031-06-01,Jun 2031,59,72.22
2026-05-18,CBN31,2031-07-01,Jul 2031,60,72.13
2026-05-18,CBQ31,2031-08-01,Aug 2031,61,72.04
2026-05-18,CBU31,2031-09-01,Sep 2031,62,71.95
2026-05-18,CBV31,2031-10-01,Oct 2031,63,71.85
2026-05-18,CBX31,2031-11-01,Nov 2031,64,71.75
2026-05-18,CBZ31,2031-12-01,Dec 2031,65,71.57
2026-05-18,CBF32,2032-01-01,Jan 2032,66,71.53
2026-05-18,CBG32,2032-02-01,Feb 2032,67,71.45
2026-05-18,CBH32,2032-03-01,Mar 2032,68,71.37
2026-05-18,CBJ32,2032-04-01,Apr 2032,69,71.29
2026-05-18,CBK32,2032-05-01,May 2032,70,71.2
2026-05-18,CBM32,2032-06-01,Jun 2032,71,71.11
2026-05-18,CBN32,2032-07-01,Jul 2032,72,71.03
2026-05-18,CBQ32,2032-08-01,Aug 2032,73,70.95
2026-05-18,CBU32,2032-09-01,Sep 2032,74,70.87
2026-05-18,CBV32,2032-10-01,Oct 2032,75,70.79
2026-05-18,CBX32,2032-11-01,Nov 2032,76,70.7
2026-05-18,CBZ32,2032-12-01,Dec 2032,77,70.61
2026-05-18,CBF33,2033-01-01,Jan 2033,78,70.54
2026-05-18,CBG33,2033-02-01,Feb 2033,79,70.47
2026-05-18,CBH33,2033-03-01,Mar 2033,80,70.4
2026-05-18,CBJ33,2033-04-01,Apr 2033,81,70.33
2026-05-18,CBK33,2033-05-01,May 2033,82,70.26
2026-05-18,CBM33,2033-06-01,Jun 2033,83,70.19
2026-05-18,CBN33,2033-07-01,Jul 2033,84,70.12
2026-05-18,CBQ33,2033-08-01,Aug 2033,85,70.05
2026-05-18,CBU33,2033-09-01,Sep 2033,86,69.98
2026-05-18,CBV33,2033-10-01,Oct 2033,87,69.91
2026-05-18,CBX33,2033-11-01,Nov 2033,88,69.84
2026-05-18,CBZ33,2033-12-01,Dec 2033,89,69.77
2026-05-18,CBF34,2034-01-01,Jan 2034,90,69.71
2026-05-18,CBG34,2034-02-01,Feb 2034,91,69.65
2026-05-18,CBH34,2034-03-01,Mar 2034,92,69.59
2026-05-18,CBJ34,2034-04-01,Apr 2034,93,69.53
2026-05-18,CBK34,2034-05-01,May 2034,94,69.47
2026-05-18,CBM34,2034-06-01,Jun 2034,95,69.41
2026-05-18,CBN34,2034-07-01,Jul 2034,96,69.35
2026-05-18,CBQ34,2034-08-01,Aug 2034,97,69.29
2026-05-18,CBU34,2034-09-01,Sep 2034,98,69.23
2026-05-18,CBV34,2034-10-01,Oct 2034,99,69.17
2026-05-18,CBX34,2034-11-01,Nov 2034,100,69.11
2026-05-18,CBZ34,2034-12-01,Dec 2034,101,69.05
2026-05-18,CBF35,2035-01-01,Jan 2035,102,68.99
2026-05-18,CBG35,2035-02-01,Feb 2035,103,68.93
2026-05-18,CBH35,2035-03-01,Mar 2035,104,68.87
2026-05-18,CBJ35,2035-04-01,Apr 2035,105,68.81
2026-05-18,CBK35,2035-05-01,May 2035,106,68.75
2026-05-18,CBM35,2035-06-01,Jun 2035,107,68.69
2026-05-18,CBN35,2035-07-01,Jul 2035,108,68.63
2026-05-18,CBQ35,2035-08-01,Aug 2035,109,68.57
2026-05-18,CBU35,2035-09-01,Sep 2035,110,68.51
2026-05-18,CBV35,2035-10-01,Oct 2035,111,68.45
2026-05-18,CBX35,2035-11-01,Nov 2035,112,68.39
2026-05-18,CBZ35,2035-12-01,Dec 2035,113,68.33
2026-05-18,CBF36,2036-01-01,Jan 2036,114,68.27
2026-05-18,CBG36,2036-02-01,Feb 2036,115,68.21
2026-05-18,CBH36,2036-03-01,Mar 2036,116,68.15
2026-05-18,CBJ36,2036-04-01,Apr 2036,117,68.09
2026-05-18,CBK36,2036-05-01,May 2036,118,68.03
2026-05-18,CBM36,2036-06-01,Jun 2036,119,67.97
2026-05-18,CBN36,2036-07-01,Jul 2036,120,67.91
2026-05-18,CBQ36,2036-08-01,Aug 2036,121,67.85
2026-05-18,CBU36,2036-09-01,Sep 2036,122,67.79
2026-05-18,CBV36,2036-10-01,Oct 2036,123,67.73
2026-05-18,CBX36,2036-11-01,Nov 2036,124,67.67
2026-05-18,CBZ36,2036-12-01,Dec 2036,125,67.61
2026-05-18,CBF37,2037-01-01,Jan 2037,126,67.56
2026-05-18,CBG37,2037-02-01,Feb 2037,127,67.51
2026-05-18,CBH37,2037-03-01,Mar 2037,128,67.46
2026-05-18,CBJ37,2037-04-01,Apr 2037,129,67.41
2026-05-18,CBK37,2037-05-01,May 2037,130,67.36
2026-05-18,CBM37,2037-06-01,Jun 2037,131,67.31
2026-05-18,CBN37,2037-07-01,Jul 2037,132,67.26
2026-05-18,CBQ37,2037-08-01,Aug 2037,133,67.21
2026-05-18,CBU37,2037-09-01,Sep 2037,134,67.16
2026-05-18,CBV37,2037-10-01,Oct 2037,135,67.11
2026-05-18,CBX37,2037-11-01,Nov 2037,136,67.06
2026-05-18,CBZ37,2037-12-01,Dec 2037,137,67.01
2026-05-18,CBF38,2038-01-01,Jan 2038,138,66.96
2026-05-18,CBG38,2038-02-01,Feb 2038,139,66.91
2026-05-18,CBH38,2038-03-01,Mar 2038,140,66.86
2026-05-18,CBJ38,2038-04-01,Apr 2038,141,66.81
2026-05-18,CBK38,2038-05-01,May 2038,142,66.76
2026-05-18,CBM38,2038-06-01,Jun 2038,143,66.71
2026-05-18,CBN38,2038-07-01,Jul 2038,144,66.66
2026-05-18,CBQ38,2038-08-01,Aug 2038,145,66.61
2026-05-18,CBU38,2038-09-01,Sep 2038,146,66.56
2026-05-18,CBV38,2038-10-01,Oct 2038,147,66.51
2026-05-18,CBX38,2038-11-01,Nov 2038,148,66.46
2026-05-18,CBZ38,2038-12-01,Dec 2038,149,66.41
2026-05-18,CBF39,2039-01-01,Jan 2039,150,66.36
2026-05-18,CBG39,2039-02-01,Feb 2039,151,66.31
2026-05-18,CBH39,2039-03-01,Mar 2039,152,66.26
