snapshot_date,symbol,contract_date,label,tenor,price
2026-04-13,NGK26,2026-05-01,May 2026,0,2.694
2026-04-13,NGM26,2026-06-01,Jun 2026,1,2.85
2026-04-13,NGN26,2026-07-01,Jul 2026,2,3.151
2026-04-13,NGQ26,2026-08-01,Aug 2026,3,3.221
2026-04-13,NGU26,2026-09-01,Sep 2026,4,3.207
2026-04-13,NGV26,2026-10-01,Oct 2026,5,3.272
2026-04-13,NGX26,2026-11-01,Nov 2026,6,3.554
2026-04-13,NGZ26,2026-12-01,Dec 2026,7,4.319
2026-04-13,NGF27,2027-01-01,Jan 2027,8,4.798
2026-04-13,NGG27,2027-02-01,Feb 2027,9,4.275
2026-04-13,NGH27,2027-03-01,Mar 2027,10,3.328
2026-04-13,NGJ27,2027-04-01,Apr 2027,11,3.036
2026-04-13,NGK27,2027-05-01,May 2027,12,3.016
2026-04-13,NGM27,2027-06-01,Jun 2027,13,3.155
2026-04-13,NGN27,2027-07-01,Jul 2027,14,3.368
2026-04-13,NGQ27,2027-08-01,Aug 2027,15,3.42
2026-04-13,NGU27,2027-09-01,Sep 2027,16,3.396
2026-04-13,NGV27,2027-10-01,Oct 2027,17,3.482
2026-04-13,NGX27,2027-11-01,Nov 2027,18,3.744
2026-04-13,NGZ27,2027-12-01,Dec 2027,19,4.422
2026-04-13,NGF28,2028-01-01,Jan 2028,20,4.87
2026-04-13,NGG28,2028-02-01,Feb 2028,21,4.273
2026-04-13,NGH28,2028-03-01,Mar 2028,22,3.428
2026-04-13,NGJ28,2028-04-01,Apr 2028,23,3.17
2026-04-13,NGK28,2028-05-01,May 2028,24,3.103
2026-04-13,NGM28,2028-06-01,Jun 2028,25,3.265
2026-04-13,NGN28,2028-07-01,Jul 2028,26,3.484
2026-04-13,NGQ28,2028-08-01,Aug 2028,27,3.542
2026-04-13,NGU28,2028-09-01,Sep 2028,28,3.518
2026-04-13,NGV28,2028-10-01,Oct 2028,29,3.585
2026-04-13,NGX28,2028-11-01,Nov 2028,30,3.83
2026-04-13,NGZ28,2028-12-01,Dec 2028,31,4.433
2026-04-13,NGF29,2029-01-01,Jan 2029,32,4.823
2026-04-13,NGG29,2029-02-01,Feb 2029,33,4.239
2026-04-13,NGH29,2029-03-01,Mar 2029,34,3.358
2026-04-13,NGJ29,2029-04-01,Apr 2029,35,3.055
2026-04-13,NGK29,2029-05-01,May 2029,36,3.031
2026-04-13,NGM29,2029-06-01,Jun 2029,37,3.165
2026-04-13,NGN29,2029-07-01,Jul 2029,38,3.382
2026-04-13,NGQ29,2029-08-01,Aug 2029,39,3.451
2026-04-13,NGU29,2029-09-01,Sep 2029,40,3.437
2026-04-13,NGV29,2029-10-01,Oct 2029,41,3.507
2026-04-13,NGX29,2029-11-01,Nov 2029,42,3.728
2026-04-13,NGZ29,2029-12-01,Dec 2029,43,4.308
2026-04-13,NGF30,2030-01-01,Jan 2030,44,4.682
2026-04-13,NGG30,2030-02-01,Feb 2030,45,4.189
2026-04-13,NGH30,2030-03-01,Mar 2030,46,3.488
2026-04-13,NGJ30,2030-04-01,Apr 2030,47,3.063
2026-04-13,NGK30,2030-05-01,May 2030,48,3.037
2026-04-13,NGM30,2030-06-01,Jun 2030,49,3.179
2026-04-13,NGN30,2030-07-01,Jul 2030,50,3.359
2026-04-13,NGQ30,2030-08-01,Aug 2030,51,3.433
2026-04-13,NGU30,2030-09-01,Sep 2030,52,3.425
2026-04-13,NGV30,2030-10-01,Oct 2030,53,3.498
2026-04-13,NGX30,2030-11-01,Nov 2030,54,3.719
2026-04-13,NGZ30,2030-12-01,Dec 2030,55,4.244
2026-04-13,NGF31,2031-01-01,Jan 2031,56,4.589
2026-04-13,NGG31,2031-02-01,Feb 2031,57,4.169
2026-04-13,NGH31,2031-03-01,Mar 2031,58,3.531
2026-04-13,NGJ31,2031-04-01,Apr 2031,59,3.045
2026-04-13,NGK31,2031-05-01,May 2031,60,3.025
2026-04-13,NGM31,2031-06-01,Jun 2031,61,3.178
2026-04-13,NGN31,2031-07-01,Jul 2031,62,3.337
2026-04-13,NGQ31,2031-08-01,Aug 2031,63,3.394
2026-04-13,NGU31,2031-09-01,Sep 2031,64,3.392
2026-04-13,NGV31,2031-10-01,Oct 2031,65,3.492
2026-04-13,NGX31,2031-11-01,Nov 2031,66,3.738
2026-04-13,NGZ31,2031-12-01,Dec 2031,67,4.308
2026-04-13,NGF32,2032-01-01,Jan 2032,68,4.648
2026-04-13,NGG32,2032-02-01,Feb 2032,69,4.19
2026-04-13,NGH32,2032-03-01,Mar 2032,70,3.508
2026-04-13,NGJ32,2032-04-01,Apr 2032,71,3.043
2026-04-13,NGK32,2032-05-01,May 2032,72,3.028
2026-04-13,NGM32,2032-06-01,Jun 2032,73,3.166
2026-04-13,NGN32,2032-07-01,Jul 2032,74,3.32
2026-04-13,NGQ32,2032-08-01,Aug 2032,75,3.369
2026-04-13,NGU32,2032-09-01,Sep 2032,76,3.349
2026-04-13,NGV32,2032-10-01,Oct 2032,77,3.412
2026-04-13,NGX32,2032-11-01,Nov 2032,78,3.612
2026-04-13,NGZ32,2032-12-01,Dec 2032,79,4.042
2026-04-13,NGF33,2033-01-01,Jan 2033,80,4.342
2026-04-13,NGG33,2033-02-01,Feb 2033,81,3.992
2026-04-13,NGH33,2033-03-01,Mar 2033,82,3.365
2026-04-13,NGJ33,2033-04-01,Apr 2033,83,2.94
2026-04-13,NGK33,2033-05-01,May 2033,84,2.94
2026-04-13,NGM33,2033-06-01,Jun 2033,85,3.088
2026-04-13,NGN33,2033-07-01,Jul 2033,86,3.268
2026-04-13,NGQ33,2033-08-01,Aug 2033,87,3.338
2026-04-13,NGU33,2033-09-01,Sep 2033,88,3.313
2026-04-13,NGV33,2033-10-01,Oct 2033,89,3.388
2026-04-13,NGX33,2033-11-01,Nov 2033,90,3.628
2026-04-13,NGZ33,2033-12-01,Dec 2033,91,4.058
2026-04-13,NGF34,2034-01-01,Jan 2034,92,4.338
2026-04-13,NGG34,2034-02-01,Feb 2034,93,4.033
2026-04-13,NGH34,2034-03-01,Mar 2034,94,3.423
2026-04-13,NGJ34,2034-04-01,Apr 2034,95,3.003
2026-04-13,NGK34,2034-05-01,May 2034,96,2.993
2026-04-13,NGM34,2034-06-01,Jun 2034,97,3.143
2026-04-13,NGN34,2034-07-01,Jul 2034,98,3.323
2026-04-13,NGQ34,2034-08-01,Aug 2034,99,3.383
2026-04-13,NGU34,2034-09-01,Sep 2034,100,3.398
2026-04-13,NGV34,2034-10-01,Oct 2034,101,3.444
2026-04-13,NGX34,2034-11-01,Nov 2034,102,3.684
2026-04-13,NGZ34,2034-12-01,Dec 2034,103,4.084
2026-04-13,NGF35,2035-01-01,Jan 2035,104,4.309
2026-04-13,NGG35,2035-02-01,Feb 2035,105,4.069
2026-04-13,NGH35,2035-03-01,Mar 2035,106,3.639
2026-04-13,NGJ35,2035-04-01,Apr 2035,107,3.249
2026-04-13,NGK35,2035-05-01,May 2035,108,3.227
2026-04-13,NGM35,2035-06-01,Jun 2035,109,3.262
2026-04-13,NGN35,2035-07-01,Jul 2035,110,3.302
2026-04-13,NGQ35,2035-08-01,Aug 2035,111,3.342
2026-04-13,NGU35,2035-09-01,Sep 2035,112,3.357
2026-04-13,NGV35,2035-10-01,Oct 2035,113,3.403
2026-04-13,NGX35,2035-11-01,Nov 2035,114,3.603
2026-04-13,NGZ35,2035-12-01,Dec 2035,115,3.913
2026-04-13,NGF36,2036-01-01,Jan 2036,116,4.183
2026-04-13,NGG36,2036-02-01,Feb 2036,117,4.013
2026-04-13,NGH36,2036-03-01,Mar 2036,118,3.743
2026-04-13,NGJ36,2036-04-01,Apr 2036,119,3.413
2026-04-13,NGK36,2036-05-01,May 2036,120,3.391
2026-04-13,NGM36,2036-06-01,Jun 2036,121,3.431
2026-04-13,NGN36,2036-07-01,Jul 2036,122,3.471
2026-04-13,NGQ36,2036-08-01,Aug 2036,123,3.511
2026-04-13,NGU36,2036-09-01,Sep 2036,124,3.526
2026-04-13,NGV36,2036-10-01,Oct 2036,125,3.572
2026-04-13,NGX36,2036-11-01,Nov 2036,126,3.722
2026-04-13,NGZ36,2036-12-01,Dec 2036,127,3.997
2026-04-13,NGF37,2037-01-01,Jan 2037,128,4.222
2026-04-13,NGG37,2037-02-01,Feb 2037,129,4.072
2026-04-13,NGH37,2037-03-01,Mar 2037,130,3.872
2026-04-13,NGJ37,2037-04-01,Apr 2037,131,3.542
2026-04-13,NGK37,2037-05-01,May 2037,132,3.52
2026-04-13,NGM37,2037-06-01,Jun 2037,133,3.555
2026-04-13,NGN37,2037-07-01,Jul 2037,134,3.595
2026-04-13,NGQ37,2037-08-01,Aug 2037,135,3.635
2026-04-13,NGU37,2037-09-01,Sep 2037,136,3.65
2026-04-13,NGV37,2037-10-01,Oct 2037,137,3.696
2026-04-13,NGX37,2037-11-01,Nov 2037,138,3.821
2026-04-13,NGZ37,2037-12-01,Dec 2037,139,4.046
2026-04-13,NGF38,2038-01-01,Jan 2038,140,4.311
2026-04-13,NGG38,2038-02-01,Feb 2038,141,4.161
2026-04-13,NGH38,2038-03-01,Mar 2038,142,3.961
2026-04-13,NGJ38,2038-04-01,Apr 2038,143,3.631
2026-04-13,NGK38,2038-05-01,May 2038,144,3.609
2026-04-13,NGM38,2038-06-01,Jun 2038,145,3.689
2026-04-13,NGN38,2038-07-01,Jul 2038,146,3.789
2026-04-13,NGQ38,2038-08-01,Aug 2038,147,3.829
2026-04-13,NGU38,2038-09-01,Sep 2038,148,3.844
2026-04-13,NGV38,2038-10-01,Oct 2038,149,3.89
2026-04-13,NGX38,2038-11-01,Nov 2038,150,3.962
2026-04-13,NGZ38,2038-12-01,Dec 2038,151,4.117
2026-04-14,NGK26,2026-05-01,May 2026,0,2.602
2026-04-14,NGM26,2026-06-01,Jun 2026,1,2.764
2026-04-14,NGN26,2026-07-01,Jul 2026,2,3.063
2026-04-14,NGQ26,2026-08-01,Aug 2026,3,3.14
2026-04-14,NGU26,2026-09-01,Sep 2026,4,3.118
2026-04-14,NGV26,2026-10-01,Oct 2026,5,3.186
2026-04-14,NGX26,2026-11-01,Nov 2026,6,3.444
2026-04-14,NGZ26,2026-12-01,Dec 2026,7,4.159
2026-04-14,NGF27,2027-01-01,Jan 2027,8,4.608
2026-04-14,NGG27,2027-02-01,Feb 2027,9,4.114
2026-04-14,NGH27,2027-03-01,Mar 2027,10,3.188
2026-04-14,NGJ27,2027-04-01,Apr 2027,11,2.922
2026-04-14,NGK27,2027-05-01,May 2027,12,2.906
2026-04-14,NGM27,2027-06-01,Jun 2027,13,3.048
2026-04-14,NGN27,2027-07-01,Jul 2027,14,3.264
2026-04-14,NGQ27,2027-08-01,Aug 2027,15,3.317
2026-04-14,NGU27,2027-09-01,Sep 2027,16,3.293
2026-04-14,NGV27,2027-10-01,Oct 2027,17,3.378
2026-04-14,NGX27,2027-11-01,Nov 2027,18,3.66
2026-04-14,NGZ27,2027-12-01,Dec 2027,19,4.329
2026-04-14,NGF28,2028-01-01,Jan 2028,20,4.766
2026-04-14,NGG28,2028-02-01,Feb 2028,21,4.193
2026-04-14,NGH28,2028-03-01,Mar 2028,22,3.42
2026-04-14,NGJ28,2028-04-01,Apr 2028,23,3.114
2026-04-14,NGK28,2028-05-01,May 2028,24,3.09
2026-04-14,NGM28,2028-06-01,Jun 2028,25,3.26
2026-04-14,NGN28,2028-07-01,Jul 2028,26,3.48
2026-04-14,NGQ28,2028-08-01,Aug 2028,27,3.538
2026-04-14,NGU28,2028-09-01,Sep 2028,28,3.51
2026-04-14,NGV28,2028-10-01,Oct 2028,29,3.582
2026-04-14,NGX28,2028-11-01,Nov 2028,30,3.818
2026-04-14,NGZ28,2028-12-01,Dec 2028,31,4.412
2026-04-14,NGF29,2029-01-01,Jan 2029,32,4.808
2026-04-14,NGG29,2029-02-01,Feb 2029,33,4.232
2026-04-14,NGH29,2029-03-01,Mar 2029,34,3.347
2026-04-14,NGJ29,2029-04-01,Apr 2029,35,3.051
2026-04-14,NGK29,2029-05-01,May 2029,36,3.026
2026-04-14,NGM29,2029-06-01,Jun 2029,37,3.163
2026-04-14,NGN29,2029-07-01,Jul 2029,38,3.381
2026-04-14,NGQ29,2029-08-01,Aug 2029,39,3.448
2026-04-14,NGU29,2029-09-01,Sep 2029,40,3.435
2026-04-14,NGV29,2029-10-01,Oct 2029,41,3.507
2026-04-14,NGX29,2029-11-01,Nov 2029,42,3.729
2026-04-14,NGZ29,2029-12-01,Dec 2029,43,4.309
2026-04-14,NGF30,2030-01-01,Jan 2030,44,4.684
2026-04-14,NGG30,2030-02-01,Feb 2030,45,4.192
2026-04-14,NGH30,2030-03-01,Mar 2030,46,3.496
2026-04-14,NGJ30,2030-04-01,Apr 2030,47,3.071
2026-04-14,NGK30,2030-05-01,May 2030,48,3.044
2026-04-14,NGM30,2030-06-01,Jun 2030,49,3.19
2026-04-14,NGN30,2030-07-01,Jul 2030,50,3.375
2026-04-14,NGQ30,2030-08-01,Aug 2030,51,3.44
2026-04-14,NGU30,2030-09-01,Sep 2030,52,3.427
2026-04-14,NGV30,2030-10-01,Oct 2030,53,3.501
2026-04-14,NGX30,2030-11-01,Nov 2030,54,3.723
2026-04-14,NGZ30,2030-12-01,Dec 2030,55,4.248
2026-04-14,NGF31,2031-01-01,Jan 2031,56,4.593
2026-04-14,NGG31,2031-02-01,Feb 2031,57,4.153
2026-04-14,NGH31,2031-03-01,Mar 2031,58,3.508
2026-04-14,NGJ31,2031-04-01,Apr 2031,59,3.022
2026-04-14,NGK31,2031-05-01,May 2031,60,3.002
2026-04-14,NGM31,2031-06-01,Jun 2031,61,3.155
2026-04-14,NGN31,2031-07-01,Jul 2031,62,3.314
2026-04-14,NGQ31,2031-08-01,Aug 2031,63,3.371
2026-04-14,NGU31,2031-09-01,Sep 2031,64,3.369
2026-04-14,NGV31,2031-10-01,Oct 2031,65,3.469
2026-04-14,NGX31,2031-11-01,Nov 2031,66,3.715
2026-04-14,NGZ31,2031-12-01,Dec 2031,67,4.285
2026-04-14,NGF32,2032-01-01,Jan 2032,68,4.625
2026-04-14,NGG32,2032-02-01,Feb 2032,69,4.167
2026-04-14,NGH32,2032-03-01,Mar 2032,70,3.485
2026-04-14,NGJ32,2032-04-01,Apr 2032,71,3.02
2026-04-14,NGK32,2032-05-01,May 2032,72,3.005
2026-04-14,NGM32,2032-06-01,Jun 2032,73,3.143
2026-04-14,NGN32,2032-07-01,Jul 2032,74,3.297
2026-04-14,NGQ32,2032-08-01,Aug 2032,75,3.346
2026-04-14,NGU32,2032-09-01,Sep 2032,76,3.326
2026-04-14,NGV32,2032-10-01,Oct 2032,77,3.389
2026-04-14,NGX32,2032-11-01,Nov 2032,78,3.589
2026-04-14,NGZ32,2032-12-01,Dec 2032,79,4.019
2026-04-14,NGF33,2033-01-01,Jan 2033,80,4.319
2026-04-14,NGG33,2033-02-01,Feb 2033,81,3.969
2026-04-14,NGH33,2033-03-01,Mar 2033,82,3.342
2026-04-14,NGJ33,2033-04-01,Apr 2033,83,2.917
2026-04-14,NGK33,2033-05-01,May 2033,84,2.917
2026-04-14,NGM33,2033-06-01,Jun 2033,85,3.065
2026-04-14,NGN33,2033-07-01,Jul 2033,86,3.245
2026-04-14,NGQ33,2033-08-01,Aug 2033,87,3.315
2026-04-14,NGU33,2033-09-01,Sep 2033,88,3.29
2026-04-14,NGV33,2033-10-01,Oct 2033,89,3.365
2026-04-14,NGX33,2033-11-01,Nov 2033,90,3.605
2026-04-14,NGZ33,2033-12-01,Dec 2033,91,4.035
2026-04-14,NGF34,2034-01-01,Jan 2034,92,4.315
2026-04-14,NGG34,2034-02-01,Feb 2034,93,4.01
2026-04-14,NGH34,2034-03-01,Mar 2034,94,3.4
2026-04-14,NGJ34,2034-04-01,Apr 2034,95,2.98
2026-04-14,NGK34,2034-05-01,May 2034,96,2.97
2026-04-14,NGM34,2034-06-01,Jun 2034,97,3.12
2026-04-14,NGN34,2034-07-01,Jul 2034,98,3.3
2026-04-14,NGQ34,2034-08-01,Aug 2034,99,3.36
2026-04-14,NGU34,2034-09-01,Sep 2034,100,3.375
2026-04-14,NGV34,2034-10-01,Oct 2034,101,3.421
2026-04-14,NGX34,2034-11-01,Nov 2034,102,3.661
2026-04-14,NGZ34,2034-12-01,Dec 2034,103,4.061
2026-04-14,NGF35,2035-01-01,Jan 2035,104,4.286
2026-04-14,NGG35,2035-02-01,Feb 2035,105,4.046
2026-04-14,NGH35,2035-03-01,Mar 2035,106,3.616
2026-04-14,NGJ35,2035-04-01,Apr 2035,107,3.226
2026-04-14,NGK35,2035-05-01,May 2035,108,3.204
2026-04-14,NGM35,2035-06-01,Jun 2035,109,3.239
2026-04-14,NGN35,2035-07-01,Jul 2035,110,3.279
2026-04-14,NGQ35,2035-08-01,Aug 2035,111,3.319
2026-04-14,NGU35,2035-09-01,Sep 2035,112,3.334
2026-04-14,NGV35,2035-10-01,Oct 2035,113,3.38
2026-04-14,NGX35,2035-11-01,Nov 2035,114,3.58
2026-04-14,NGZ35,2035-12-01,Dec 2035,115,3.89
2026-04-14,NGF36,2036-01-01,Jan 2036,116,4.16
2026-04-14,NGG36,2036-02-01,Feb 2036,117,3.99
2026-04-14,NGH36,2036-03-01,Mar 2036,118,3.72
2026-04-14,NGJ36,2036-04-01,Apr 2036,119,3.39
2026-04-14,NGK36,2036-05-01,May 2036,120,3.368
2026-04-14,NGM36,2036-06-01,Jun 2036,121,3.408
2026-04-14,NGN36,2036-07-01,Jul 2036,122,3.448
2026-04-14,NGQ36,2036-08-01,Aug 2036,123,3.488
2026-04-14,NGU36,2036-09-01,Sep 2036,124,3.503
2026-04-14,NGV36,2036-10-01,Oct 2036,125,3.549
2026-04-14,NGX36,2036-11-01,Nov 2036,126,3.699
2026-04-14,NGZ36,2036-12-01,Dec 2036,127,3.974
2026-04-14,NGF37,2037-01-01,Jan 2037,128,4.199
2026-04-14,NGG37,2037-02-01,Feb 2037,129,4.049
2026-04-14,NGH37,2037-03-01,Mar 2037,130,3.849
2026-04-14,NGJ37,2037-04-01,Apr 2037,131,3.519
2026-04-14,NGK37,2037-05-01,May 2037,132,3.497
2026-04-14,NGM37,2037-06-01,Jun 2037,133,3.532
2026-04-14,NGN37,2037-07-01,Jul 2037,134,3.572
2026-04-14,NGQ37,2037-08-01,Aug 2037,135,3.612
2026-04-14,NGU37,2037-09-01,Sep 2037,136,3.627
2026-04-14,NGV37,2037-10-01,Oct 2037,137,3.673
2026-04-14,NGX37,2037-11-01,Nov 2037,138,3.798
2026-04-14,NGZ37,2037-12-01,Dec 2037,139,4.023
2026-04-14,NGF38,2038-01-01,Jan 2038,140,4.288
2026-04-15,NGK26,2026-05-01,May 2026,0,2.608
2026-04-15,NGM26,2026-06-01,Jun 2026,1,2.76
2026-04-15,NGN26,2026-07-01,Jul 2026,2,3.054
2026-04-15,NGQ26,2026-08-01,Aug 2026,3,3.136
2026-04-15,NGU26,2026-09-01,Sep 2026,4,3.12
2026-04-15,NGV26,2026-10-01,Oct 2026,5,3.183
2026-04-15,NGX26,2026-11-01,Nov 2026,6,3.445
2026-04-15,NGZ26,2026-12-01,Dec 2026,7,4.142
2026-04-15,NGF27,2027-01-01,Jan 2027,8,4.563
2026-04-15,NGG27,2027-02-01,Feb 2027,9,4.084
2026-04-15,NGH27,2027-03-01,Mar 2027,10,3.2
2026-04-15,NGJ27,2027-04-01,Apr 2027,11,2.94
2026-04-15,NGK27,2027-05-01,May 2027,12,2.923
2026-04-15,NGM27,2027-06-01,Jun 2027,13,3.06
2026-04-15,NGN27,2027-07-01,Jul 2027,14,3.274
2026-04-15,NGQ27,2027-08-01,Aug 2027,15,3.329
2026-04-15,NGU27,2027-09-01,Sep 2027,16,3.304
2026-04-15,NGV27,2027-10-01,Oct 2027,17,3.39
2026-04-15,NGX27,2027-11-01,Nov 2027,18,3.678
2026-04-15,NGZ27,2027-12-01,Dec 2027,19,4.335
2026-04-15,NGF28,2028-01-01,Jan 2028,20,4.76
2026-04-15,NGG28,2028-02-01,Feb 2028,21,4.201
2026-04-15,NGH28,2028-03-01,Mar 2028,22,3.46
2026-04-15,NGJ28,2028-04-01,Apr 2028,23,3.153
2026-04-15,NGK28,2028-05-01,May 2028,24,3.131
2026-04-15,NGM28,2028-06-01,Jun 2028,25,3.26
2026-04-15,NGN28,2028-07-01,Jul 2028,26,3.5
2026-04-15,NGQ28,2028-08-01,Aug 2028,27,3.575
2026-04-15,NGU28,2028-09-01,Sep 2028,28,3.53
2026-04-15,NGV28,2028-10-01,Oct 2028,29,3.591
2026-04-15,NGX28,2028-11-01,Nov 2028,30,3.813
2026-04-15,NGZ28,2028-12-01,Dec 2028,31,4.369
2026-04-15,NGF29,2029-01-01,Jan 2029,32,4.787
2026-04-15,NGG29,2029-02-01,Feb 2029,33,4.243
2026-04-15,NGH29,2029-03-01,Mar 2029,34,3.357
2026-04-15,NGJ29,2029-04-01,Apr 2029,35,3.061
2026-04-15,NGK29,2029-05-01,May 2029,36,3.035
2026-04-15,NGM29,2029-06-01,Jun 2029,37,3.18
2026-04-15,NGN29,2029-07-01,Jul 2029,38,3.399
2026-04-15,NGQ29,2029-08-01,Aug 2029,39,3.466
2026-04-15,NGU29,2029-09-01,Sep 2029,40,3.452
2026-04-15,NGV29,2029-10-01,Oct 2029,41,3.524
2026-04-15,NGX29,2029-11-01,Nov 2029,42,3.748
2026-04-15,NGZ29,2029-12-01,Dec 2029,43,4.329
2026-04-15,NGF30,2030-01-01,Jan 2030,44,4.704
2026-04-15,NGG30,2030-02-01,Feb 2030,45,4.213
2026-04-15,NGH30,2030-03-01,Mar 2030,46,3.519
2026-04-15,NGJ30,2030-04-01,Apr 2030,47,3.094
2026-04-15,NGK30,2030-05-01,May 2030,48,3.068
2026-04-15,NGM30,2030-06-01,Jun 2030,49,3.215
2026-04-15,NGN30,2030-07-01,Jul 2030,50,3.373
2026-04-15,NGQ30,2030-08-01,Aug 2030,51,3.439
2026-04-15,NGU30,2030-09-01,Sep 2030,52,3.427
2026-04-15,NGV30,2030-10-01,Oct 2030,53,3.502
2026-04-15,NGX30,2030-11-01,Nov 2030,54,3.725
2026-04-15,NGZ30,2030-12-01,Dec 2030,55,4.251
2026-04-15,NGF31,2031-01-01,Jan 2031,56,4.597
2026-04-15,NGG31,2031-02-01,Feb 2031,57,4.158
2026-04-15,NGH31,2031-03-01,Mar 2031,58,3.524
2026-04-15,NGJ31,2031-04-01,Apr 2031,59,3.038
2026-04-15,NGK31,2031-05-01,May 2031,60,2.998
2026-04-15,NGM31,2031-06-01,Jun 2031,61,3.151
2026-04-15,NGN31,2031-07-01,Jul 2031,62,3.31
2026-04-15,NGQ31,2031-08-01,Aug 2031,63,3.367
2026-04-15,NGU31,2031-09-01,Sep 2031,64,3.365
2026-04-15,NGV31,2031-10-01,Oct 2031,65,3.465
2026-04-15,NGX31,2031-11-01,Nov 2031,66,3.711
2026-04-15,NGZ31,2031-12-01,Dec 2031,67,4.281
2026-04-15,NGF32,2032-01-01,Jan 2032,68,4.621
2026-04-15,NGG32,2032-02-01,Feb 2032,69,4.163
2026-04-15,NGH32,2032-03-01,Mar 2032,70,3.481
2026-04-15,NGJ32,2032-04-01,Apr 2032,71,3.016
2026-04-15,NGK32,2032-05-01,May 2032,72,3.001
2026-04-15,NGM32,2032-06-01,Jun 2032,73,3.139
2026-04-15,NGN32,2032-07-01,Jul 2032,74,3.293
2026-04-15,NGQ32,2032-08-01,Aug 2032,75,3.342
2026-04-15,NGU32,2032-09-01,Sep 2032,76,3.322
2026-04-15,NGV32,2032-10-01,Oct 2032,77,3.385
2026-04-15,NGX32,2032-11-01,Nov 2032,78,3.585
2026-04-15,NGZ32,2032-12-01,Dec 2032,79,4.015
2026-04-15,NGF33,2033-01-01,Jan 2033,80,4.315
2026-04-15,NGG33,2033-02-01,Feb 2033,81,3.965
2026-04-15,NGH33,2033-03-01,Mar 2033,82,3.338
2026-04-15,NGJ33,2033-04-01,Apr 2033,83,2.913
2026-04-15,NGK33,2033-05-01,May 2033,84,2.913
2026-04-15,NGM33,2033-06-01,Jun 2033,85,3.061
2026-04-15,NGN33,2033-07-01,Jul 2033,86,3.241
2026-04-15,NGQ33,2033-08-01,Aug 2033,87,3.311
2026-04-15,NGU33,2033-09-01,Sep 2033,88,3.286
2026-04-15,NGV33,2033-10-01,Oct 2033,89,3.361
2026-04-15,NGX33,2033-11-01,Nov 2033,90,3.601
2026-04-15,NGZ33,2033-12-01,Dec 2033,91,4.031
2026-04-15,NGF34,2034-01-01,Jan 2034,92,4.311
2026-04-15,NGG34,2034-02-01,Feb 2034,93,4.006
2026-04-15,NGH34,2034-03-01,Mar 2034,94,3.396
2026-04-15,NGJ34,2034-04-01,Apr 2034,95,2.976
2026-04-15,NGK34,2034-05-01,May 2034,96,2.966
2026-04-15,NGM34,2034-06-01,Jun 2034,97,3.116
2026-04-15,NGN34,2034-07-01,Jul 2034,98,3.296
2026-04-15,NGQ34,2034-08-01,Aug 2034,99,3.356
2026-04-15,NGU34,2034-09-01,Sep 2034,100,3.371
2026-04-15,NGV34,2034-10-01,Oct 2034,101,3.417
2026-04-15,NGX34,2034-11-01,Nov 2034,102,3.657
2026-04-15,NGZ34,2034-12-01,Dec 2034,103,4.057
2026-04-15,NGF35,2035-01-01,Jan 2035,104,4.282
2026-04-15,NGG35,2035-02-01,Feb 2035,105,4.042
2026-04-15,NGH35,2035-03-01,Mar 2035,106,3.612
2026-04-15,NGJ35,2035-04-01,Apr 2035,107,3.222
2026-04-15,NGK35,2035-05-01,May 2035,108,3.2
2026-04-15,NGM35,2035-06-01,Jun 2035,109,3.235
2026-04-15,NGN35,2035-07-01,Jul 2035,110,3.275
2026-04-15,NGQ35,2035-08-01,Aug 2035,111,3.315
2026-04-15,NGU35,2035-09-01,Sep 2035,112,3.33
2026-04-15,NGV35,2035-10-01,Oct 2035,113,3.376
2026-04-15,NGX35,2035-11-01,Nov 2035,114,3.576
2026-04-15,NGZ35,2035-12-01,Dec 2035,115,3.886
2026-04-15,NGF36,2036-01-01,Jan 2036,116,4.156
2026-04-15,NGG36,2036-02-01,Feb 2036,117,3.986
2026-04-15,NGH36,2036-03-01,Mar 2036,118,3.716
2026-04-15,NGJ36,2036-04-01,Apr 2036,119,3.386
2026-04-15,NGK36,2036-05-01,May 2036,120,3.364
2026-04-15,NGM36,2036-06-01,Jun 2036,121,3.404
2026-04-15,NGN36,2036-07-01,Jul 2036,122,3.444
2026-04-15,NGQ36,2036-08-01,Aug 2036,123,3.484
2026-04-15,NGU36,2036-09-01,Sep 2036,124,3.499
2026-04-15,NGV36,2036-10-01,Oct 2036,125,3.545
2026-04-15,NGX36,2036-11-01,Nov 2036,126,3.695
2026-04-15,NGZ36,2036-12-01,Dec 2036,127,3.97
2026-04-15,NGF37,2037-01-01,Jan 2037,128,4.195
2026-04-15,NGG37,2037-02-01,Feb 2037,129,4.045
2026-04-15,NGH37,2037-03-01,Mar 2037,130,3.845
2026-04-15,NGJ37,2037-04-01,Apr 2037,131,3.515
2026-04-15,NGK37,2037-05-01,May 2037,132,3.493
2026-04-15,NGM37,2037-06-01,Jun 2037,133,3.528
2026-04-15,NGN37,2037-07-01,Jul 2037,134,3.568
2026-04-15,NGQ37,2037-08-01,Aug 2037,135,3.608
2026-04-15,NGU37,2037-09-01,Sep 2037,136,3.623
2026-04-15,NGV37,2037-10-01,Oct 2037,137,3.669
2026-04-15,NGX37,2037-11-01,Nov 2037,138,3.794
2026-04-15,NGZ37,2037-12-01,Dec 2037,139,4.019
2026-04-15,NGF38,2038-01-01,Jan 2038,140,4.284
2026-04-16,NGK26,2026-05-01,May 2026,0,2.667
2026-04-16,NGM26,2026-06-01,Jun 2026,1,2.811
2026-04-16,NGN26,2026-07-01,Jul 2026,2,3.098
2026-04-16,NGQ26,2026-08-01,Aug 2026,3,3.175
2026-04-16,NGU26,2026-09-01,Sep 2026,4,3.159
2026-04-16,NGV26,2026-10-01,Oct 2026,5,3.232
2026-04-16,NGX26,2026-11-01,Nov 2026,6,3.506
2026-04-16,NGZ26,2026-12-01,Dec 2026,7,4.203
2026-04-16,NGF27,2027-01-01,Jan 2027,8,4.626
2026-04-16,NGG27,2027-02-01,Feb 2027,9,4.149
2026-04-16,NGH27,2027-03-01,Mar 2027,10,3.26
2026-04-16,NGJ27,2027-04-01,Apr 2027,11,2.996
2026-04-16,NGK27,2027-05-01,May 2027,12,2.979
2026-04-16,NGM27,2027-06-01,Jun 2027,13,3.117
2026-04-16,NGN27,2027-07-01,Jul 2027,14,3.339
2026-04-16,NGQ27,2027-08-01,Aug 2027,15,3.392
2026-04-16,NGU27,2027-09-01,Sep 2027,16,3.366
2026-04-16,NGV27,2027-10-01,Oct 2027,17,3.448
2026-04-16,NGX27,2027-11-01,Nov 2027,18,3.736
2026-04-16,NGZ27,2027-12-01,Dec 2027,19,4.39
2026-04-16,NGF28,2028-01-01,Jan 2028,20,4.802
2026-04-16,NGG28,2028-02-01,Feb 2028,21,4.233
2026-04-16,NGH28,2028-03-01,Mar 2028,22,3.488
2026-04-16,NGJ28,2028-04-01,Apr 2028,23,3.179
2026-04-16,NGK28,2028-05-01,May 2028,24,3.148
2026-04-16,NGM28,2028-06-01,Jun 2028,25,3.312
2026-04-16,NGN28,2028-07-01,Jul 2028,26,3.529
2026-04-16,NGQ28,2028-08-01,Aug 2028,27,3.588
2026-04-16,NGU28,2028-09-01,Sep 2028,28,3.559
2026-04-16,NGV28,2028-10-01,Oct 2028,29,3.62
2026-04-16,NGX28,2028-11-01,Nov 2028,30,3.84
2026-04-16,NGZ28,2028-12-01,Dec 2028,31,4.394
2026-04-16,NGF29,2029-01-01,Jan 2029,32,4.802
2026-04-16,NGG29,2029-02-01,Feb 2029,33,4.247
2026-04-16,NGH29,2029-03-01,Mar 2029,34,3.357
2026-04-16,NGJ29,2029-04-01,Apr 2029,35,3.081
2026-04-16,NGK29,2029-05-01,May 2029,36,3.058
2026-04-16,NGM29,2029-06-01,Jun 2029,37,3.195
2026-04-16,NGN29,2029-07-01,Jul 2029,38,3.41
2026-04-16,NGQ29,2029-08-01,Aug 2029,39,3.477
2026-04-16,NGU29,2029-09-01,Sep 2029,40,3.463
2026-04-16,NGV29,2029-10-01,Oct 2029,41,3.533
2026-04-16,NGX29,2029-11-01,Nov 2029,42,3.753
2026-04-16,NGZ29,2029-12-01,Dec 2029,43,4.328
2026-04-16,NGF30,2030-01-01,Jan 2030,44,4.7
2026-04-16,NGG30,2030-02-01,Feb 2030,45,4.202
2026-04-16,NGH30,2030-03-01,Mar 2030,46,3.497
2026-04-16,NGJ30,2030-04-01,Apr 2030,47,3.082
2026-04-16,NGK30,2030-05-01,May 2030,48,3.055
2026-04-16,NGM30,2030-06-01,Jun 2030,49,3.2
2026-04-16,NGN30,2030-07-01,Jul 2030,50,3.383
2026-04-16,NGQ30,2030-08-01,Aug 2030,51,3.444
2026-04-16,NGU30,2030-09-01,Sep 2030,52,3.428
2026-04-16,NGV30,2030-10-01,Oct 2030,53,3.498
2026-04-16,NGX30,2030-11-01,Nov 2030,54,3.723
2026-04-16,NGZ30,2030-12-01,Dec 2030,55,4.243
2026-04-16,NGF31,2031-01-01,Jan 2031,56,4.584
2026-04-16,NGG31,2031-02-01,Feb 2031,57,4.159
2026-04-16,NGH31,2031-03-01,Mar 2031,58,3.512
2026-04-16,NGJ31,2031-04-01,Apr 2031,59,3.03
2026-04-16,NGK31,2031-05-01,May 2031,60,3.0
2026-04-16,NGM31,2031-06-01,Jun 2031,61,3.14
2026-04-16,NGN31,2031-07-01,Jul 2031,62,3.296
2026-04-16,NGQ31,2031-08-01,Aug 2031,63,3.353
2026-04-16,NGU31,2031-09-01,Sep 2031,64,3.351
2026-04-16,NGV31,2031-10-01,Oct 2031,65,3.47
2026-04-16,NGX31,2031-11-01,Nov 2031,66,3.697
2026-04-16,NGZ31,2031-12-01,Dec 2031,67,4.267
2026-04-16,NGF32,2032-01-01,Jan 2032,68,4.607
2026-04-16,NGG32,2032-02-01,Feb 2032,69,4.149
2026-04-16,NGH32,2032-03-01,Mar 2032,70,3.467
2026-04-16,NGJ32,2032-04-01,Apr 2032,71,3.002
2026-04-16,NGK32,2032-05-01,May 2032,72,2.987
2026-04-16,NGM32,2032-06-01,Jun 2032,73,3.125
2026-04-16,NGN32,2032-07-01,Jul 2032,74,3.279
2026-04-16,NGQ32,2032-08-01,Aug 2032,75,3.328
2026-04-16,NGU32,2032-09-01,Sep 2032,76,3.308
2026-04-16,NGV32,2032-10-01,Oct 2032,77,3.371
2026-04-16,NGX32,2032-11-01,Nov 2032,78,3.571
2026-04-16,NGZ32,2032-12-01,Dec 2032,79,4.001
2026-04-16,NGF33,2033-01-01,Jan 2033,80,4.301
2026-04-16,NGG33,2033-02-01,Feb 2033,81,3.951
2026-04-16,NGH33,2033-03-01,Mar 2033,82,3.324
2026-04-16,NGJ33,2033-04-01,Apr 2033,83,2.899
2026-04-16,NGK33,2033-05-01,May 2033,84,2.899
2026-04-16,NGM33,2033-06-01,Jun 2033,85,3.047
2026-04-16,NGN33,2033-07-01,Jul 2033,86,3.227
2026-04-16,NGQ33,2033-08-01,Aug 2033,87,3.297
2026-04-16,NGU33,2033-09-01,Sep 2033,88,3.272
2026-04-16,NGV33,2033-10-01,Oct 2033,89,3.347
2026-04-16,NGX33,2033-11-01,Nov 2033,90,3.587
2026-04-16,NGZ33,2033-12-01,Dec 2033,91,4.017
2026-04-16,NGF34,2034-01-01,Jan 2034,92,4.297
2026-04-16,NGG34,2034-02-01,Feb 2034,93,3.992
2026-04-16,NGH34,2034-03-01,Mar 2034,94,3.382
2026-04-16,NGJ34,2034-04-01,Apr 2034,95,2.962
2026-04-16,NGK34,2034-05-01,May 2034,96,2.952
2026-04-16,NGM34,2034-06-01,Jun 2034,97,3.102
2026-04-16,NGN34,2034-07-01,Jul 2034,98,3.282
2026-04-16,NGQ34,2034-08-01,Aug 2034,99,3.342
2026-04-16,NGU34,2034-09-01,Sep 2034,100,3.357
2026-04-16,NGV34,2034-10-01,Oct 2034,101,3.403
2026-04-16,NGX34,2034-11-01,Nov 2034,102,3.643
2026-04-16,NGZ34,2034-12-01,Dec 2034,103,4.043
2026-04-16,NGF35,2035-01-01,Jan 2035,104,4.268
2026-04-16,NGG35,2035-02-01,Feb 2035,105,4.028
2026-04-16,NGH35,2035-03-01,Mar 2035,106,3.598
2026-04-16,NGJ35,2035-04-01,Apr 2035,107,3.208
2026-04-16,NGK35,2035-05-01,May 2035,108,3.186
2026-04-16,NGM35,2035-06-01,Jun 2035,109,3.221
2026-04-16,NGN35,2035-07-01,Jul 2035,110,3.261
2026-04-16,NGQ35,2035-08-01,Aug 2035,111,3.301
2026-04-16,NGU35,2035-09-01,Sep 2035,112,3.316
2026-04-16,NGV35,2035-10-01,Oct 2035,113,3.362
2026-04-16,NGX35,2035-11-01,Nov 2035,114,3.562
2026-04-16,NGZ35,2035-12-01,Dec 2035,115,3.872
2026-04-16,NGF36,2036-01-01,Jan 2036,116,4.142
2026-04-16,NGG36,2036-02-01,Feb 2036,117,3.972
2026-04-16,NGH36,2036-03-01,Mar 2036,118,3.702
2026-04-16,NGJ36,2036-04-01,Apr 2036,119,3.372
2026-04-16,NGK36,2036-05-01,May 2036,120,3.35
2026-04-16,NGM36,2036-06-01,Jun 2036,121,3.39
2026-04-16,NGN36,2036-07-01,Jul 2036,122,3.43
2026-04-16,NGQ36,2036-08-01,Aug 2036,123,3.47
2026-04-16,NGU36,2036-09-01,Sep 2036,124,3.485
2026-04-16,NGV36,2036-10-01,Oct 2036,125,3.531
2026-04-16,NGX36,2036-11-01,Nov 2036,126,3.681
2026-04-16,NGZ36,2036-12-01,Dec 2036,127,3.956
2026-04-16,NGF37,2037-01-01,Jan 2037,128,4.181
2026-04-16,NGG37,2037-02-01,Feb 2037,129,4.031
2026-04-16,NGH37,2037-03-01,Mar 2037,130,3.831
2026-04-16,NGJ37,2037-04-01,Apr 2037,131,3.501
2026-04-16,NGK37,2037-05-01,May 2037,132,3.479
2026-04-16,NGM37,2037-06-01,Jun 2037,133,3.514
2026-04-16,NGN37,2037-07-01,Jul 2037,134,3.554
2026-04-16,NGQ37,2037-08-01,Aug 2037,135,3.594
2026-04-16,NGU37,2037-09-01,Sep 2037,136,3.609
2026-04-16,NGV37,2037-10-01,Oct 2037,137,3.655
2026-04-16,NGX37,2037-11-01,Nov 2037,138,3.78
2026-04-16,NGZ37,2037-12-01,Dec 2037,139,4.005
2026-04-16,NGF38,2038-01-01,Jan 2038,140,4.27
2026-04-17,NGK26,2026-05-01,May 2026,0,2.681
2026-04-17,NGM26,2026-06-01,Jun 2026,1,2.822
2026-04-17,NGN26,2026-07-01,Jul 2026,2,3.109
2026-04-17,NGQ26,2026-08-01,Aug 2026,3,3.184
2026-04-17,NGU26,2026-09-01,Sep 2026,4,3.165
2026-04-17,NGV26,2026-10-01,Oct 2026,5,3.234
2026-04-17,NGX26,2026-11-01,Nov 2026,6,3.507
2026-04-17,NGZ26,2026-12-01,Dec 2026,7,4.196
2026-04-17,NGF27,2027-01-01,Jan 2027,8,4.603
2026-04-17,NGG27,2027-02-01,Feb 2027,9,4.142
2026-04-17,NGH27,2027-03-01,Mar 2027,10,3.279
2026-04-17,NGJ27,2027-04-01,Apr 2027,11,3.025
2026-04-17,NGK27,2027-05-01,May 2027,12,3.008
2026-04-17,NGM27,2027-06-01,Jun 2027,13,3.139
2026-04-17,NGN27,2027-07-01,Jul 2027,14,3.345
2026-04-17,NGQ27,2027-08-01,Aug 2027,15,3.404
2026-04-17,NGU27,2027-09-01,Sep 2027,16,3.384
2026-04-17,NGV27,2027-10-01,Oct 2027,17,3.468
2026-04-17,NGX27,2027-11-01,Nov 2027,18,3.739
2026-04-17,NGZ27,2027-12-01,Dec 2027,19,4.392
2026-04-17,NGF28,2028-01-01,Jan 2028,20,4.793
2026-04-17,NGG28,2028-02-01,Feb 2028,21,4.25
2026-04-17,NGH28,2028-03-01,Mar 2028,22,3.487
2026-04-17,NGJ28,2028-04-01,Apr 2028,23,3.175
2026-04-17,NGK28,2028-05-01,May 2028,24,3.14
2026-04-17,NGM28,2028-06-01,Jun 2028,25,3.32
2026-04-17,NGN28,2028-07-01,Jul 2028,26,3.529
2026-04-17,NGQ28,2028-08-01,Aug 2028,27,3.595
2026-04-17,NGU28,2028-09-01,Sep 2028,28,3.57
2026-04-17,NGV28,2028-10-01,Oct 2028,29,3.631
2026-04-17,NGX28,2028-11-01,Nov 2028,30,3.844
2026-04-17,NGZ28,2028-12-01,Dec 2028,31,4.385
2026-04-17,NGF29,2029-01-01,Jan 2029,32,4.785
2026-04-17,NGG29,2029-02-01,Feb 2029,33,4.277
2026-04-17,NGH29,2029-03-01,Mar 2029,34,3.413
2026-04-17,NGJ29,2029-04-01,Apr 2029,35,3.09
2026-04-17,NGK29,2029-05-01,May 2029,36,3.096
2026-04-17,NGM29,2029-06-01,Jun 2029,37,3.23
2026-04-17,NGN29,2029-07-01,Jul 2029,38,3.445
2026-04-17,NGQ29,2029-08-01,Aug 2029,39,3.512
2026-04-17,NGU29,2029-09-01,Sep 2029,40,3.499
2026-04-17,NGV29,2029-10-01,Oct 2029,41,3.571
2026-04-17,NGX29,2029-11-01,Nov 2029,42,3.786
2026-04-17,NGZ29,2029-12-01,Dec 2029,43,4.368
2026-04-17,NGF30,2030-01-01,Jan 2030,44,4.738
2026-04-17,NGG30,2030-02-01,Feb 2030,45,4.233
2026-04-17,NGH30,2030-03-01,Mar 2030,46,3.523
2026-04-17,NGJ30,2030-04-01,Apr 2030,47,3.103
2026-04-17,NGK30,2030-05-01,May 2030,48,3.071
2026-04-17,NGM30,2030-06-01,Jun 2030,49,3.211
2026-04-17,NGN30,2030-07-01,Jul 2030,50,3.366
2026-04-17,NGQ30,2030-08-01,Aug 2030,51,3.428
2026-04-17,NGU30,2030-09-01,Sep 2030,52,3.412
2026-04-17,NGV30,2030-10-01,Oct 2030,53,3.483
2026-04-17,NGX30,2030-11-01,Nov 2030,54,3.708
2026-04-17,NGZ30,2030-12-01,Dec 2030,55,4.229
2026-04-17,NGF31,2031-01-01,Jan 2031,56,4.571
2026-04-17,NGG31,2031-02-01,Feb 2031,57,4.145
2026-04-17,NGH31,2031-03-01,Mar 2031,58,3.499
2026-04-17,NGJ31,2031-04-01,Apr 2031,59,3.017
2026-04-17,NGK31,2031-05-01,May 2031,60,2.993
2026-04-17,NGM31,2031-06-01,Jun 2031,61,3.143
2026-04-17,NGN31,2031-07-01,Jul 2031,62,3.306
2026-04-17,NGQ31,2031-08-01,Aug 2031,63,3.363
2026-04-17,NGU31,2031-09-01,Sep 2031,64,3.361
2026-04-17,NGV31,2031-10-01,Oct 2031,65,3.461
2026-04-17,NGX31,2031-11-01,Nov 2031,66,3.707
2026-04-17,NGZ31,2031-12-01,Dec 2031,67,4.277
2026-04-17,NGF32,2032-01-01,Jan 2032,68,4.617
2026-04-17,NGG32,2032-02-01,Feb 2032,69,4.159
2026-04-17,NGH32,2032-03-01,Mar 2032,70,3.477
2026-04-17,NGJ32,2032-04-01,Apr 2032,71,3.012
2026-04-17,NGK32,2032-05-01,May 2032,72,2.997
2026-04-17,NGM32,2032-06-01,Jun 2032,73,3.135
2026-04-17,NGN32,2032-07-01,Jul 2032,74,3.289
2026-04-17,NGQ32,2032-08-01,Aug 2032,75,3.338
2026-04-17,NGU32,2032-09-01,Sep 2032,76,3.318
2026-04-17,NGV32,2032-10-01,Oct 2032,77,3.381
2026-04-17,NGX32,2032-11-01,Nov 2032,78,3.581
2026-04-17,NGZ32,2032-12-01,Dec 2032,79,4.011
2026-04-17,NGF33,2033-01-01,Jan 2033,80,4.311
2026-04-17,NGG33,2033-02-01,Feb 2033,81,3.961
2026-04-17,NGH33,2033-03-01,Mar 2033,82,3.334
2026-04-17,NGJ33,2033-04-01,Apr 2033,83,2.909
2026-04-17,NGK33,2033-05-01,May 2033,84,2.909
2026-04-17,NGM33,2033-06-01,Jun 2033,85,3.057
2026-04-17,NGN33,2033-07-01,Jul 2033,86,3.237
2026-04-17,NGQ33,2033-08-01,Aug 2033,87,3.307
2026-04-17,NGU33,2033-09-01,Sep 2033,88,3.282
2026-04-17,NGV33,2033-10-01,Oct 2033,89,3.357
2026-04-17,NGX33,2033-11-01,Nov 2033,90,3.597
2026-04-17,NGZ33,2033-12-01,Dec 2033,91,4.027
2026-04-17,NGF34,2034-01-01,Jan 2034,92,4.307
2026-04-17,NGG34,2034-02-01,Feb 2034,93,4.002
2026-04-17,NGH34,2034-03-01,Mar 2034,94,3.392
2026-04-17,NGJ34,2034-04-01,Apr 2034,95,2.972
2026-04-17,NGK34,2034-05-01,May 2034,96,2.962
2026-04-17,NGM34,2034-06-01,Jun 2034,97,3.112
2026-04-17,NGN34,2034-07-01,Jul 2034,98,3.292
2026-04-17,NGQ34,2034-08-01,Aug 2034,99,3.352
2026-04-17,NGU34,2034-09-01,Sep 2034,100,3.367
2026-04-17,NGV34,2034-10-01,Oct 2034,101,3.413
2026-04-17,NGX34,2034-11-01,Nov 2034,102,3.653
2026-04-17,NGZ34,2034-12-01,Dec 2034,103,4.053
2026-04-17,NGF35,2035-01-01,Jan 2035,104,4.278
2026-04-17,NGG35,2035-02-01,Feb 2035,105,4.038
2026-04-17,NGH35,2035-03-01,Mar 2035,106,3.608
2026-04-17,NGJ35,2035-04-01,Apr 2035,107,3.218
2026-04-17,NGK35,2035-05-01,May 2035,108,3.196
2026-04-17,NGM35,2035-06-01,Jun 2035,109,3.231
2026-04-17,NGN35,2035-07-01,Jul 2035,110,3.271
2026-04-17,NGQ35,2035-08-01,Aug 2035,111,3.311
2026-04-17,NGU35,2035-09-01,Sep 2035,112,3.326
2026-04-17,NGV35,2035-10-01,Oct 2035,113,3.372
2026-04-17,NGX35,2035-11-01,Nov 2035,114,3.572
2026-04-17,NGZ35,2035-12-01,Dec 2035,115,3.882
2026-04-17,NGF36,2036-01-01,Jan 2036,116,4.152
2026-04-17,NGG36,2036-02-01,Feb 2036,117,3.982
2026-04-17,NGH36,2036-03-01,Mar 2036,118,3.712
2026-04-17,NGJ36,2036-04-01,Apr 2036,119,3.382
2026-04-17,NGK36,2036-05-01,May 2036,120,3.36
2026-04-17,NGM36,2036-06-01,Jun 2036,121,3.4
2026-04-17,NGN36,2036-07-01,Jul 2036,122,3.44
2026-04-17,NGQ36,2036-08-01,Aug 2036,123,3.48
2026-04-17,NGU36,2036-09-01,Sep 2036,124,3.495
2026-04-17,NGV36,2036-10-01,Oct 2036,125,3.541
2026-04-17,NGX36,2036-11-01,Nov 2036,126,3.691
2026-04-17,NGZ36,2036-12-01,Dec 2036,127,3.966
2026-04-17,NGF37,2037-01-01,Jan 2037,128,4.191
2026-04-17,NGG37,2037-02-01,Feb 2037,129,4.041
2026-04-17,NGH37,2037-03-01,Mar 2037,130,3.841
2026-04-17,NGJ37,2037-04-01,Apr 2037,131,3.511
2026-04-17,NGK37,2037-05-01,May 2037,132,3.489
2026-04-17,NGM37,2037-06-01,Jun 2037,133,3.524
2026-04-17,NGN37,2037-07-01,Jul 2037,134,3.564
2026-04-17,NGQ37,2037-08-01,Aug 2037,135,3.604
2026-04-17,NGU37,2037-09-01,Sep 2037,136,3.619
2026-04-17,NGV37,2037-10-01,Oct 2037,137,3.665
2026-04-17,NGX37,2037-11-01,Nov 2037,138,3.79
2026-04-17,NGZ37,2037-12-01,Dec 2037,139,4.015
2026-04-17,NGF38,2038-01-01,Jan 2038,140,4.28
2026-04-18,NGK26,2026-05-01,May 2026,0,2.674
2026-04-18,NGM26,2026-06-01,Jun 2026,1,2.815
2026-04-18,NGN26,2026-07-01,Jul 2026,2,3.101
2026-04-18,NGQ26,2026-08-01,Aug 2026,3,3.176
2026-04-18,NGU26,2026-09-01,Sep 2026,4,3.158
2026-04-18,NGV26,2026-10-01,Oct 2026,5,3.229
2026-04-18,NGX26,2026-11-01,Nov 2026,6,3.506
2026-04-18,NGZ26,2026-12-01,Dec 2026,7,4.196
2026-04-18,NGF27,2027-01-01,Jan 2027,8,4.604
2026-04-18,NGG27,2027-02-01,Feb 2027,9,4.144
2026-04-18,NGH27,2027-03-01,Mar 2027,10,3.284
2026-04-18,NGJ27,2027-04-01,Apr 2027,11,3.035
2026-04-18,NGK27,2027-05-01,May 2027,12,3.02
2026-04-18,NGM27,2027-06-01,Jun 2027,13,3.157
2026-04-18,NGN27,2027-07-01,Jul 2027,14,3.37
2026-04-18,NGQ27,2027-08-01,Aug 2027,15,3.426
2026-04-18,NGU27,2027-09-01,Sep 2027,16,3.403
2026-04-18,NGV27,2027-10-01,Oct 2027,17,3.486
2026-04-18,NGX27,2027-11-01,Nov 2027,18,3.755
2026-04-18,NGZ27,2027-12-01,Dec 2027,19,4.404
2026-04-18,NGF28,2028-01-01,Jan 2028,20,4.797
2026-04-18,NGG28,2028-02-01,Feb 2028,21,4.251
2026-04-18,NGH28,2028-03-01,Mar 2028,22,3.486
2026-04-18,NGJ28,2028-04-01,Apr 2028,23,3.171
2026-04-18,NGK28,2028-05-01,May 2028,24,3.156
2026-04-18,NGM28,2028-06-01,Jun 2028,25,3.316
2026-04-18,NGN28,2028-07-01,Jul 2028,26,3.535
2026-04-18,NGQ28,2028-08-01,Aug 2028,27,3.595
2026-04-18,NGU28,2028-09-01,Sep 2028,28,3.568
2026-04-18,NGV28,2028-10-01,Oct 2028,29,3.631
2026-04-18,NGX28,2028-11-01,Nov 2028,30,3.851
2026-04-18,NGZ28,2028-12-01,Dec 2028,31,4.403
2026-04-18,NGF29,2029-01-01,Jan 2029,32,4.809
2026-04-18,NGG29,2029-02-01,Feb 2029,33,4.277
2026-04-18,NGH29,2029-03-01,Mar 2029,34,3.413
2026-04-18,NGJ29,2029-04-01,Apr 2029,35,3.119
2026-04-18,NGK29,2029-05-01,May 2029,36,3.096
2026-04-18,NGM29,2029-06-01,Jun 2029,37,3.23
2026-04-18,NGN29,2029-07-01,Jul 2029,38,3.445
2026-04-18,NGQ29,2029-08-01,Aug 2029,39,3.512
2026-04-18,NGU29,2029-09-01,Sep 2029,40,3.499
2026-04-18,NGV29,2029-10-01,Oct 2029,41,3.571
2026-04-18,NGX29,2029-11-01,Nov 2029,42,3.786
2026-04-18,NGZ29,2029-12-01,Dec 2029,43,4.368
2026-04-18,NGF30,2030-01-01,Jan 2030,44,4.738
2026-04-18,NGG30,2030-02-01,Feb 2030,45,4.233
2026-04-18,NGH30,2030-03-01,Mar 2030,46,3.523
2026-04-18,NGJ30,2030-04-01,Apr 2030,47,3.103
2026-04-18,NGK30,2030-05-01,May 2030,48,3.071
2026-04-18,NGM30,2030-06-01,Jun 2030,49,3.211
2026-04-18,NGN30,2030-07-01,Jul 2030,50,3.366
2026-04-18,NGQ30,2030-08-01,Aug 2030,51,3.428
2026-04-18,NGU30,2030-09-01,Sep 2030,52,3.412
2026-04-18,NGV30,2030-10-01,Oct 2030,53,3.483
2026-04-18,NGX30,2030-11-01,Nov 2030,54,3.708
2026-04-18,NGZ30,2030-12-01,Dec 2030,55,4.229
2026-04-18,NGF31,2031-01-01,Jan 2031,56,4.571
2026-04-18,NGG31,2031-02-01,Feb 2031,57,4.145
2026-04-18,NGH31,2031-03-01,Mar 2031,58,3.499
2026-04-18,NGJ31,2031-04-01,Apr 2031,59,3.017
2026-04-18,NGK31,2031-05-01,May 2031,60,2.993
2026-04-18,NGM31,2031-06-01,Jun 2031,61,3.143
2026-04-18,NGN31,2031-07-01,Jul 2031,62,3.306
2026-04-18,NGQ31,2031-08-01,Aug 2031,63,3.363
2026-04-18,NGU31,2031-09-01,Sep 2031,64,3.361
2026-04-18,NGV31,2031-10-01,Oct 2031,65,3.461
2026-04-18,NGX31,2031-11-01,Nov 2031,66,3.707
2026-04-18,NGZ31,2031-12-01,Dec 2031,67,4.277
2026-04-18,NGF32,2032-01-01,Jan 2032,68,4.617
2026-04-18,NGG32,2032-02-01,Feb 2032,69,4.159
2026-04-18,NGH32,2032-03-01,Mar 2032,70,3.477
2026-04-18,NGJ32,2032-04-01,Apr 2032,71,3.012
2026-04-18,NGK32,2032-05-01,May 2032,72,2.997
2026-04-18,NGM32,2032-06-01,Jun 2032,73,3.135
2026-04-18,NGN32,2032-07-01,Jul 2032,74,3.289
2026-04-18,NGQ32,2032-08-01,Aug 2032,75,3.338
2026-04-18,NGU32,2032-09-01,Sep 2032,76,3.318
2026-04-18,NGV32,2032-10-01,Oct 2032,77,3.381
2026-04-18,NGX32,2032-11-01,Nov 2032,78,3.581
2026-04-18,NGZ32,2032-12-01,Dec 2032,79,4.011
2026-04-18,NGF33,2033-01-01,Jan 2033,80,4.311
2026-04-18,NGG33,2033-02-01,Feb 2033,81,3.961
2026-04-18,NGH33,2033-03-01,Mar 2033,82,3.334
2026-04-18,NGJ33,2033-04-01,Apr 2033,83,2.909
2026-04-18,NGK33,2033-05-01,May 2033,84,2.909
2026-04-18,NGM33,2033-06-01,Jun 2033,85,3.057
2026-04-18,NGN33,2033-07-01,Jul 2033,86,3.237
2026-04-18,NGQ33,2033-08-01,Aug 2033,87,3.307
2026-04-18,NGU33,2033-09-01,Sep 2033,88,3.282
2026-04-18,NGV33,2033-10-01,Oct 2033,89,3.357
2026-04-18,NGX33,2033-11-01,Nov 2033,90,3.597
2026-04-18,NGZ33,2033-12-01,Dec 2033,91,4.027
2026-04-18,NGF34,2034-01-01,Jan 2034,92,4.307
2026-04-18,NGG34,2034-02-01,Feb 2034,93,4.002
2026-04-18,NGH34,2034-03-01,Mar 2034,94,3.392
2026-04-18,NGJ34,2034-04-01,Apr 2034,95,2.972
2026-04-18,NGK34,2034-05-01,May 2034,96,2.962
2026-04-18,NGM34,2034-06-01,Jun 2034,97,3.112
2026-04-18,NGN34,2034-07-01,Jul 2034,98,3.292
2026-04-18,NGQ34,2034-08-01,Aug 2034,99,3.352
2026-04-18,NGU34,2034-09-01,Sep 2034,100,3.367
2026-04-18,NGV34,2034-10-01,Oct 2034,101,3.413
2026-04-18,NGX34,2034-11-01,Nov 2034,102,3.653
2026-04-18,NGZ34,2034-12-01,Dec 2034,103,4.053
2026-04-18,NGF35,2035-01-01,Jan 2035,104,4.278
2026-04-18,NGG35,2035-02-01,Feb 2035,105,4.038
2026-04-18,NGH35,2035-03-01,Mar 2035,106,3.608
2026-04-18,NGJ35,2035-04-01,Apr 2035,107,3.218
2026-04-18,NGK35,2035-05-01,May 2035,108,3.196
2026-04-18,NGM35,2035-06-01,Jun 2035,109,3.231
2026-04-18,NGN35,2035-07-01,Jul 2035,110,3.271
2026-04-18,NGQ35,2035-08-01,Aug 2035,111,3.311
2026-04-18,NGU35,2035-09-01,Sep 2035,112,3.326
2026-04-18,NGV35,2035-10-01,Oct 2035,113,3.372
2026-04-18,NGX35,2035-11-01,Nov 2035,114,3.572
2026-04-18,NGZ35,2035-12-01,Dec 2035,115,3.882
2026-04-18,NGF36,2036-01-01,Jan 2036,116,4.152
2026-04-18,NGG36,2036-02-01,Feb 2036,117,3.982
2026-04-18,NGH36,2036-03-01,Mar 2036,118,3.712
2026-04-18,NGJ36,2036-04-01,Apr 2036,119,3.382
2026-04-18,NGK36,2036-05-01,May 2036,120,3.36
2026-04-18,NGM36,2036-06-01,Jun 2036,121,3.4
2026-04-18,NGN36,2036-07-01,Jul 2036,122,3.44
2026-04-18,NGQ36,2036-08-01,Aug 2036,123,3.48
2026-04-18,NGU36,2036-09-01,Sep 2036,124,3.495
2026-04-18,NGV36,2036-10-01,Oct 2036,125,3.541
2026-04-18,NGX36,2036-11-01,Nov 2036,126,3.691
2026-04-18,NGZ36,2036-12-01,Dec 2036,127,3.966
2026-04-18,NGF37,2037-01-01,Jan 2037,128,4.191
2026-04-18,NGG37,2037-02-01,Feb 2037,129,4.041
2026-04-18,NGH37,2037-03-01,Mar 2037,130,3.841
2026-04-18,NGJ37,2037-04-01,Apr 2037,131,3.511
2026-04-18,NGK37,2037-05-01,May 2037,132,3.489
2026-04-18,NGM37,2037-06-01,Jun 2037,133,3.524
2026-04-18,NGN37,2037-07-01,Jul 2037,134,3.564
2026-04-18,NGQ37,2037-08-01,Aug 2037,135,3.604
2026-04-18,NGU37,2037-09-01,Sep 2037,136,3.619
2026-04-18,NGV37,2037-10-01,Oct 2037,137,3.665
2026-04-18,NGX37,2037-11-01,Nov 2037,138,3.79
2026-04-18,NGZ37,2037-12-01,Dec 2037,139,4.015
2026-04-18,NGF38,2038-01-01,Jan 2038,140,4.28
2026-04-19,NGK26,2026-05-01,May 2026,0,2.674
2026-04-19,NGM26,2026-06-01,Jun 2026,1,2.815
2026-04-19,NGN26,2026-07-01,Jul 2026,2,3.101
2026-04-19,NGQ26,2026-08-01,Aug 2026,3,3.176
2026-04-19,NGU26,2026-09-01,Sep 2026,4,3.158
2026-04-19,NGV26,2026-10-01,Oct 2026,5,3.229
2026-04-19,NGX26,2026-11-01,Nov 2026,6,3.506
2026-04-19,NGZ26,2026-12-01,Dec 2026,7,4.196
2026-04-19,NGF27,2027-01-01,Jan 2027,8,4.604
2026-04-19,NGG27,2027-02-01,Feb 2027,9,4.144
2026-04-19,NGH27,2027-03-01,Mar 2027,10,3.284
2026-04-19,NGJ27,2027-04-01,Apr 2027,11,3.035
2026-04-19,NGK27,2027-05-01,May 2027,12,3.02
2026-04-19,NGM27,2027-06-01,Jun 2027,13,3.157
2026-04-19,NGN27,2027-07-01,Jul 2027,14,3.37
2026-04-19,NGQ27,2027-08-01,Aug 2027,15,3.426
2026-04-19,NGU27,2027-09-01,Sep 2027,16,3.403
2026-04-19,NGV27,2027-10-01,Oct 2027,17,3.486
2026-04-19,NGX27,2027-11-01,Nov 2027,18,3.755
2026-04-19,NGZ27,2027-12-01,Dec 2027,19,4.404
2026-04-19,NGF28,2028-01-01,Jan 2028,20,4.797
2026-04-19,NGG28,2028-02-01,Feb 2028,21,4.251
2026-04-19,NGH28,2028-03-01,Mar 2028,22,3.486
2026-04-19,NGJ28,2028-04-01,Apr 2028,23,3.171
2026-04-19,NGK28,2028-05-01,May 2028,24,3.156
2026-04-19,NGM28,2028-06-01,Jun 2028,25,3.316
2026-04-19,NGN28,2028-07-01,Jul 2028,26,3.535
2026-04-19,NGQ28,2028-08-01,Aug 2028,27,3.595
2026-04-19,NGU28,2028-09-01,Sep 2028,28,3.568
2026-04-19,NGV28,2028-10-01,Oct 2028,29,3.631
2026-04-19,NGX28,2028-11-01,Nov 2028,30,3.851
2026-04-19,NGZ28,2028-12-01,Dec 2028,31,4.403
2026-04-19,NGF29,2029-01-01,Jan 2029,32,4.809
2026-04-19,NGG29,2029-02-01,Feb 2029,33,4.277
2026-04-19,NGH29,2029-03-01,Mar 2029,34,3.413
2026-04-19,NGJ29,2029-04-01,Apr 2029,35,3.119
2026-04-19,NGK29,2029-05-01,May 2029,36,3.096
2026-04-19,NGM29,2029-06-01,Jun 2029,37,3.23
2026-04-19,NGN29,2029-07-01,Jul 2029,38,3.445
2026-04-19,NGQ29,2029-08-01,Aug 2029,39,3.512
2026-04-19,NGU29,2029-09-01,Sep 2029,40,3.499
2026-04-19,NGV29,2029-10-01,Oct 2029,41,3.571
2026-04-19,NGX29,2029-11-01,Nov 2029,42,3.786
2026-04-19,NGZ29,2029-12-01,Dec 2029,43,4.368
2026-04-19,NGF30,2030-01-01,Jan 2030,44,4.738
2026-04-19,NGG30,2030-02-01,Feb 2030,45,4.233
2026-04-19,NGH30,2030-03-01,Mar 2030,46,3.523
2026-04-19,NGJ30,2030-04-01,Apr 2030,47,3.103
2026-04-19,NGK30,2030-05-01,May 2030,48,3.071
2026-04-19,NGM30,2030-06-01,Jun 2030,49,3.211
2026-04-19,NGN30,2030-07-01,Jul 2030,50,3.366
2026-04-19,NGQ30,2030-08-01,Aug 2030,51,3.428
2026-04-19,NGU30,2030-09-01,Sep 2030,52,3.412
2026-04-19,NGV30,2030-10-01,Oct 2030,53,3.483
2026-04-19,NGX30,2030-11-01,Nov 2030,54,3.708
2026-04-19,NGZ30,2030-12-01,Dec 2030,55,4.229
2026-04-19,NGF31,2031-01-01,Jan 2031,56,4.571
2026-04-19,NGG31,2031-02-01,Feb 2031,57,4.145
2026-04-19,NGH31,2031-03-01,Mar 2031,58,3.499
2026-04-19,NGJ31,2031-04-01,Apr 2031,59,3.017
2026-04-19,NGK31,2031-05-01,May 2031,60,2.993
2026-04-19,NGM31,2031-06-01,Jun 2031,61,3.143
2026-04-19,NGN31,2031-07-01,Jul 2031,62,3.306
2026-04-19,NGQ31,2031-08-01,Aug 2031,63,3.363
2026-04-19,NGU31,2031-09-01,Sep 2031,64,3.361
2026-04-19,NGV31,2031-10-01,Oct 2031,65,3.461
2026-04-19,NGX31,2031-11-01,Nov 2031,66,3.707
2026-04-19,NGZ31,2031-12-01,Dec 2031,67,4.277
2026-04-19,NGF32,2032-01-01,Jan 2032,68,4.617
2026-04-19,NGG32,2032-02-01,Feb 2032,69,4.159
2026-04-19,NGH32,2032-03-01,Mar 2032,70,3.477
2026-04-19,NGJ32,2032-04-01,Apr 2032,71,3.012
2026-04-19,NGK32,2032-05-01,May 2032,72,2.997
2026-04-19,NGM32,2032-06-01,Jun 2032,73,3.135
2026-04-19,NGN32,2032-07-01,Jul 2032,74,3.289
2026-04-19,NGQ32,2032-08-01,Aug 2032,75,3.338
2026-04-19,NGU32,2032-09-01,Sep 2032,76,3.318
2026-04-19,NGV32,2032-10-01,Oct 2032,77,3.381
2026-04-19,NGX32,2032-11-01,Nov 2032,78,3.581
2026-04-19,NGZ32,2032-12-01,Dec 2032,79,4.011
2026-04-19,NGF33,2033-01-01,Jan 2033,80,4.311
2026-04-19,NGG33,2033-02-01,Feb 2033,81,3.961
2026-04-19,NGH33,2033-03-01,Mar 2033,82,3.334
2026-04-19,NGJ33,2033-04-01,Apr 2033,83,2.909
2026-04-19,NGK33,2033-05-01,May 2033,84,2.909
2026-04-19,NGM33,2033-06-01,Jun 2033,85,3.057
2026-04-19,NGN33,2033-07-01,Jul 2033,86,3.237
2026-04-19,NGQ33,2033-08-01,Aug 2033,87,3.307
2026-04-19,NGU33,2033-09-01,Sep 2033,88,3.282
2026-04-19,NGV33,2033-10-01,Oct 2033,89,3.357
2026-04-19,NGX33,2033-11-01,Nov 2033,90,3.597
2026-04-19,NGZ33,2033-12-01,Dec 2033,91,4.027
2026-04-19,NGF34,2034-01-01,Jan 2034,92,4.307
2026-04-19,NGG34,2034-02-01,Feb 2034,93,4.002
2026-04-19,NGH34,2034-03-01,Mar 2034,94,3.392
2026-04-19,NGJ34,2034-04-01,Apr 2034,95,2.972
2026-04-19,NGK34,2034-05-01,May 2034,96,2.962
2026-04-19,NGM34,2034-06-01,Jun 2034,97,3.112
2026-04-19,NGN34,2034-07-01,Jul 2034,98,3.292
2026-04-19,NGQ34,2034-08-01,Aug 2034,99,3.352
2026-04-19,NGU34,2034-09-01,Sep 2034,100,3.367
2026-04-19,NGV34,2034-10-01,Oct 2034,101,3.413
2026-04-19,NGX34,2034-11-01,Nov 2034,102,3.653
2026-04-19,NGZ34,2034-12-01,Dec 2034,103,4.053
2026-04-19,NGF35,2035-01-01,Jan 2035,104,4.278
2026-04-19,NGG35,2035-02-01,Feb 2035,105,4.038
2026-04-19,NGH35,2035-03-01,Mar 2035,106,3.608
2026-04-19,NGJ35,2035-04-01,Apr 2035,107,3.218
2026-04-19,NGK35,2035-05-01,May 2035,108,3.196
2026-04-19,NGM35,2035-06-01,Jun 2035,109,3.231
2026-04-19,NGN35,2035-07-01,Jul 2035,110,3.271
2026-04-19,NGQ35,2035-08-01,Aug 2035,111,3.311
2026-04-19,NGU35,2035-09-01,Sep 2035,112,3.326
2026-04-19,NGV35,2035-10-01,Oct 2035,113,3.372
2026-04-19,NGX35,2035-11-01,Nov 2035,114,3.572
2026-04-19,NGZ35,2035-12-01,Dec 2035,115,3.882
2026-04-19,NGF36,2036-01-01,Jan 2036,116,4.152
2026-04-19,NGG36,2036-02-01,Feb 2036,117,3.982
2026-04-19,NGH36,2036-03-01,Mar 2036,118,3.712
2026-04-19,NGJ36,2036-04-01,Apr 2036,119,3.382
2026-04-19,NGK36,2036-05-01,May 2036,120,3.36
2026-04-19,NGM36,2036-06-01,Jun 2036,121,3.4
2026-04-19,NGN36,2036-07-01,Jul 2036,122,3.44
2026-04-19,NGQ36,2036-08-01,Aug 2036,123,3.48
2026-04-19,NGU36,2036-09-01,Sep 2036,124,3.495
2026-04-19,NGV36,2036-10-01,Oct 2036,125,3.541
2026-04-19,NGX36,2036-11-01,Nov 2036,126,3.691
2026-04-19,NGZ36,2036-12-01,Dec 2036,127,3.966
2026-04-19,NGF37,2037-01-01,Jan 2037,128,4.191
2026-04-19,NGG37,2037-02-01,Feb 2037,129,4.041
2026-04-19,NGH37,2037-03-01,Mar 2037,130,3.841
2026-04-19,NGJ37,2037-04-01,Apr 2037,131,3.511
2026-04-19,NGK37,2037-05-01,May 2037,132,3.489
2026-04-19,NGM37,2037-06-01,Jun 2037,133,3.524
2026-04-19,NGN37,2037-07-01,Jul 2037,134,3.564
2026-04-19,NGQ37,2037-08-01,Aug 2037,135,3.604
2026-04-19,NGU37,2037-09-01,Sep 2037,136,3.619
2026-04-19,NGV37,2037-10-01,Oct 2037,137,3.665
2026-04-19,NGX37,2037-11-01,Nov 2037,138,3.79
2026-04-19,NGZ37,2037-12-01,Dec 2037,139,4.015
2026-04-19,NGF38,2038-01-01,Jan 2038,140,4.28
2026-04-19,NGG38,2038-02-01,Feb 2038,141,4.13
2026-04-19,NGH38,2038-03-01,Mar 2038,142,3.93
2026-04-19,NGJ38,2038-04-01,Apr 2038,143,3.6
2026-04-19,NGK38,2038-05-01,May 2038,144,3.578
2026-04-19,NGM38,2038-06-01,Jun 2038,145,3.658
2026-04-19,NGN38,2038-07-01,Jul 2038,146,3.758
2026-04-19,NGQ38,2038-08-01,Aug 2038,147,3.798
2026-04-19,NGU38,2038-09-01,Sep 2038,148,3.813
2026-04-19,NGV38,2038-10-01,Oct 2038,149,3.859
2026-04-19,NGX38,2038-11-01,Nov 2038,150,3.931
2026-04-19,NGZ38,2038-12-01,Dec 2038,151,4.086
2026-04-20,NGK26,2026-05-01,May 2026,0,2.681
2026-04-20,NGM26,2026-06-01,Jun 2026,1,2.823
2026-04-20,NGN26,2026-07-01,Jul 2026,2,3.102
2026-04-20,NGQ26,2026-08-01,Aug 2026,3,3.178
2026-04-20,NGU26,2026-09-01,Sep 2026,4,3.163
2026-04-20,NGV26,2026-10-01,Oct 2026,5,3.234
2026-04-20,NGX26,2026-11-01,Nov 2026,6,3.513
2026-04-20,NGZ26,2026-12-01,Dec 2026,7,4.209
2026-04-20,NGF27,2027-01-01,Jan 2027,8,4.624
2026-04-20,NGG27,2027-02-01,Feb 2027,9,4.161
2026-04-20,NGH27,2027-03-01,Mar 2027,10,3.291
2026-04-20,NGJ27,2027-04-01,Apr 2027,11,3.032
2026-04-20,NGK27,2027-05-01,May 2027,12,3.016
2026-04-20,NGM27,2027-06-01,Jun 2027,13,3.152
2026-04-20,NGN27,2027-07-01,Jul 2027,14,3.363
2026-04-20,NGQ27,2027-08-01,Aug 2027,15,3.42
2026-04-20,NGU27,2027-09-01,Sep 2027,16,3.394
2026-04-20,NGV27,2027-10-01,Oct 2027,17,3.471
2026-04-20,NGX27,2027-11-01,Nov 2027,18,3.737
2026-04-20,NGZ27,2027-12-01,Dec 2027,19,4.388
2026-04-20,NGF28,2028-01-01,Jan 2028,20,4.788
2026-04-20,NGG28,2028-02-01,Feb 2028,21,4.251
2026-04-20,NGH28,2028-03-01,Mar 2028,22,3.49
2026-04-20,NGJ28,2028-04-01,Apr 2028,23,3.18
2026-04-20,NGK28,2028-05-01,May 2028,24,3.159
2026-04-20,NGM28,2028-06-01,Jun 2028,25,3.317
2026-04-20,NGN28,2028-07-01,Jul 2028,26,3.535
2026-04-20,NGQ28,2028-08-01,Aug 2028,27,3.594
2026-04-20,NGU28,2028-09-01,Sep 2028,28,3.57
2026-04-20,NGV28,2028-10-01,Oct 2028,29,3.63
2026-04-20,NGX28,2028-11-01,Nov 2028,30,3.851
2026-04-20,NGZ28,2028-12-01,Dec 2028,31,4.399
2026-04-20,NGF29,2029-01-01,Jan 2029,32,4.805
2026-04-20,NGG29,2029-02-01,Feb 2029,33,4.25
2026-04-20,NGH29,2029-03-01,Mar 2029,34,3.38
2026-04-20,NGJ29,2029-04-01,Apr 2029,35,3.113
2026-04-20,NGK29,2029-05-01,May 2029,36,3.09
2026-04-20,NGM29,2029-06-01,Jun 2029,37,3.222
2026-04-20,NGN29,2029-07-01,Jul 2029,38,3.438
2026-04-20,NGQ29,2029-08-01,Aug 2029,39,3.504
2026-04-20,NGU29,2029-09-01,Sep 2029,40,3.491
2026-04-20,NGV29,2029-10-01,Oct 2029,41,3.565
2026-04-20,NGX29,2029-11-01,Nov 2029,42,3.776
2026-04-20,NGZ29,2029-12-01,Dec 2029,43,4.36
2026-04-20,NGF30,2030-01-01,Jan 2030,44,4.732
2026-04-20,NGG30,2030-02-01,Feb 2030,45,4.231
2026-04-20,NGH30,2030-03-01,Mar 2030,46,3.528
2026-04-20,NGJ30,2030-04-01,Apr 2030,47,3.11
2026-04-20,NGK30,2030-05-01,May 2030,48,3.081
2026-04-20,NGM30,2030-06-01,Jun 2030,49,3.218
2026-04-20,NGN30,2030-07-01,Jul 2030,50,3.371
2026-04-20,NGQ30,2030-08-01,Aug 2030,51,3.432
2026-04-20,NGU30,2030-09-01,Sep 2030,52,3.414
2026-04-20,NGV30,2030-10-01,Oct 2030,53,3.484
2026-04-20,NGX30,2030-11-01,Nov 2030,54,3.708
2026-04-20,NGZ30,2030-12-01,Dec 2030,55,4.227
2026-04-20,NGF31,2031-01-01,Jan 2031,56,4.568
2026-04-20,NGG31,2031-02-01,Feb 2031,57,4.14
2026-04-20,NGH31,2031-03-01,Mar 2031,58,3.493
2026-04-20,NGJ31,2031-04-01,Apr 2031,59,3.01
2026-04-20,NGK31,2031-05-01,May 2031,60,2.984
2026-04-20,NGM31,2031-06-01,Jun 2031,61,3.133
2026-04-20,NGN31,2031-07-01,Jul 2031,62,3.294
2026-04-20,NGQ31,2031-08-01,Aug 2031,63,3.35
2026-04-20,NGU31,2031-09-01,Sep 2031,64,3.346
2026-04-20,NGV31,2031-10-01,Oct 2031,65,3.445
2026-04-20,NGX31,2031-11-01,Nov 2031,66,3.69
2026-04-20,NGZ31,2031-12-01,Dec 2031,67,4.258
2026-04-20,NGF32,2032-01-01,Jan 2032,68,4.597
2026-04-20,NGG32,2032-02-01,Feb 2032,69,4.137
2026-04-20,NGH32,2032-03-01,Mar 2032,70,3.454
2026-04-20,NGJ32,2032-04-01,Apr 2032,71,2.988
2026-04-20,NGK32,2032-05-01,May 2032,72,2.971
2026-04-20,NGM32,2032-06-01,Jun 2032,73,3.108
2026-04-20,NGN32,2032-07-01,Jul 2032,74,3.26
2026-04-20,NGQ32,2032-08-01,Aug 2032,75,3.308
2026-04-20,NGU32,2032-09-01,Sep 2032,76,3.287
2026-04-20,NGV32,2032-10-01,Oct 2032,77,3.372
2026-04-20,NGX32,2032-11-01,Nov 2032,78,3.571
2026-04-20,NGZ32,2032-12-01,Dec 2032,79,4.022
2026-04-20,NGF33,2033-01-01,Jan 2033,80,4.277
2026-04-20,NGG33,2033-02-01,Feb 2033,81,3.922
2026-04-20,NGH33,2033-03-01,Mar 2033,82,3.295
2026-04-20,NGJ33,2033-04-01,Apr 2033,83,2.87
2026-04-20,NGK33,2033-05-01,May 2033,84,2.87
2026-04-20,NGM33,2033-06-01,Jun 2033,85,3.018
2026-04-20,NGN33,2033-07-01,Jul 2033,86,3.198
2026-04-20,NGQ33,2033-08-01,Aug 2033,87,3.268
2026-04-20,NGU33,2033-09-01,Sep 2033,88,3.243
2026-04-20,NGV33,2033-10-01,Oct 2033,89,3.318
2026-04-20,NGX33,2033-11-01,Nov 2033,90,3.558
2026-04-20,NGZ33,2033-12-01,Dec 2033,91,3.988
2026-04-20,NGF34,2034-01-01,Jan 2034,92,4.268
2026-04-20,NGG34,2034-02-01,Feb 2034,93,3.963
2026-04-20,NGH34,2034-03-01,Mar 2034,94,3.353
2026-04-20,NGJ34,2034-04-01,Apr 2034,95,2.933
2026-04-20,NGK34,2034-05-01,May 2034,96,2.923
2026-04-20,NGM34,2034-06-01,Jun 2034,97,3.073
2026-04-20,NGN34,2034-07-01,Jul 2034,98,3.253
2026-04-20,NGQ34,2034-08-01,Aug 2034,99,3.313
2026-04-20,NGU34,2034-09-01,Sep 2034,100,3.328
2026-04-20,NGV34,2034-10-01,Oct 2034,101,3.374
2026-04-20,NGX34,2034-11-01,Nov 2034,102,3.614
2026-04-20,NGZ34,2034-12-01,Dec 2034,103,4.014
2026-04-20,NGF35,2035-01-01,Jan 2035,104,4.239
2026-04-20,NGG35,2035-02-01,Feb 2035,105,3.999
2026-04-20,NGH35,2035-03-01,Mar 2035,106,3.569
2026-04-20,NGJ35,2035-04-01,Apr 2035,107,3.179
2026-04-20,NGK35,2035-05-01,May 2035,108,3.157
2026-04-20,NGM35,2035-06-01,Jun 2035,109,3.192
2026-04-20,NGN35,2035-07-01,Jul 2035,110,3.232
2026-04-20,NGQ35,2035-08-01,Aug 2035,111,3.272
2026-04-20,NGU35,2035-09-01,Sep 2035,112,3.287
2026-04-20,NGV35,2035-10-01,Oct 2035,113,3.333
2026-04-20,NGX35,2035-11-01,Nov 2035,114,3.533
2026-04-20,NGZ35,2035-12-01,Dec 2035,115,3.843
2026-04-20,NGF36,2036-01-01,Jan 2036,116,4.113
2026-04-20,NGG36,2036-02-01,Feb 2036,117,3.943
2026-04-20,NGH36,2036-03-01,Mar 2036,118,3.673
2026-04-20,NGJ36,2036-04-01,Apr 2036,119,3.343
2026-04-20,NGK36,2036-05-01,May 2036,120,3.321
2026-04-20,NGM36,2036-06-01,Jun 2036,121,3.361
2026-04-20,NGN36,2036-07-01,Jul 2036,122,3.401
2026-04-20,NGQ36,2036-08-01,Aug 2036,123,3.441
2026-04-20,NGU36,2036-09-01,Sep 2036,124,3.456
2026-04-20,NGV36,2036-10-01,Oct 2036,125,3.502
2026-04-20,NGX36,2036-11-01,Nov 2036,126,3.652
2026-04-20,NGZ36,2036-12-01,Dec 2036,127,3.927
2026-04-20,NGF37,2037-01-01,Jan 2037,128,4.152
2026-04-20,NGG37,2037-02-01,Feb 2037,129,4.002
2026-04-20,NGH37,2037-03-01,Mar 2037,130,3.802
2026-04-20,NGJ37,2037-04-01,Apr 2037,131,3.472
2026-04-20,NGK37,2037-05-01,May 2037,132,3.45
2026-04-20,NGM37,2037-06-01,Jun 2037,133,3.485
2026-04-20,NGN37,2037-07-01,Jul 2037,134,3.525
2026-04-20,NGQ37,2037-08-01,Aug 2037,135,3.565
2026-04-20,NGU37,2037-09-01,Sep 2037,136,3.58
2026-04-20,NGV37,2037-10-01,Oct 2037,137,3.626
2026-04-20,NGX37,2037-11-01,Nov 2037,138,3.751
2026-04-20,NGZ37,2037-12-01,Dec 2037,139,3.976
2026-04-20,NGF38,2038-01-01,Jan 2038,140,4.241
2026-04-20,NGG38,2038-02-01,Feb 2038,141,4.091
2026-04-20,NGH38,2038-03-01,Mar 2038,142,3.891
2026-04-20,NGJ38,2038-04-01,Apr 2038,143,3.561
2026-04-20,NGK38,2038-05-01,May 2038,144,3.539
2026-04-20,NGM38,2038-06-01,Jun 2038,145,3.619
2026-04-20,NGN38,2038-07-01,Jul 2038,146,3.719
2026-04-20,NGQ38,2038-08-01,Aug 2038,147,3.759
2026-04-20,NGU38,2038-09-01,Sep 2038,148,3.774
2026-04-20,NGV38,2038-10-01,Oct 2038,149,3.82
2026-04-20,NGX38,2038-11-01,Nov 2038,150,3.892
2026-04-20,NGZ38,2038-12-01,Dec 2038,151,4.047
2026-04-21,NGK26,2026-05-01,May 2026,0,2.707
2026-04-21,NGM26,2026-06-01,Jun 2026,1,2.85
2026-04-21,NGN26,2026-07-01,Jul 2026,2,3.121
2026-04-21,NGQ26,2026-08-01,Aug 2026,3,3.197
2026-04-21,NGU26,2026-09-01,Sep 2026,4,3.181
2026-04-21,NGV26,2026-10-01,Oct 2026,5,3.252
2026-04-21,NGX26,2026-11-01,Nov 2026,6,3.545
2026-04-21,NGZ26,2026-12-01,Dec 2026,7,4.26
2026-04-21,NGF27,2027-01-01,Jan 2027,8,4.697
2026-04-21,NGG27,2027-02-01,Feb 2027,9,4.223
2026-04-21,NGH27,2027-03-01,Mar 2027,10,3.312
2026-04-21,NGJ27,2027-04-01,Apr 2027,11,3.045
2026-04-21,NGK27,2027-05-01,May 2027,12,3.028
2026-04-21,NGM27,2027-06-01,Jun 2027,13,3.162
2026-04-21,NGN27,2027-07-01,Jul 2027,14,3.374
2026-04-21,NGQ27,2027-08-01,Aug 2027,15,3.423
2026-04-21,NGU27,2027-09-01,Sep 2027,16,3.403
2026-04-21,NGV27,2027-10-01,Oct 2027,17,3.485
2026-04-21,NGX27,2027-11-01,Nov 2027,18,3.761
2026-04-21,NGZ27,2027-12-01,Dec 2027,19,4.415
2026-04-21,NGF28,2028-01-01,Jan 2028,20,4.82
2026-04-21,NGG28,2028-02-01,Feb 2028,21,4.265
2026-04-21,NGH28,2028-03-01,Mar 2028,22,3.497
2026-04-21,NGJ28,2028-04-01,Apr 2028,23,3.176
2026-04-21,NGK28,2028-05-01,May 2028,24,3.158
2026-04-21,NGM28,2028-06-01,Jun 2028,25,3.308
2026-04-21,NGN28,2028-07-01,Jul 2028,26,3.525
2026-04-21,NGQ28,2028-08-01,Aug 2028,27,3.583
2026-04-21,NGU28,2028-09-01,Sep 2028,28,3.56
2026-04-21,NGV28,2028-10-01,Oct 2028,29,3.628
2026-04-21,NGX28,2028-11-01,Nov 2028,30,3.848
2026-04-21,NGZ28,2028-12-01,Dec 2028,31,4.391
2026-04-21,NGF29,2029-01-01,Jan 2029,32,4.807
2026-04-21,NGG29,2029-02-01,Feb 2029,33,4.271
2026-04-21,NGH29,2029-03-01,Mar 2029,34,3.408
2026-04-21,NGJ29,2029-04-01,Apr 2029,35,3.113
2026-04-21,NGK29,2029-05-01,May 2029,36,3.09
2026-04-21,NGM29,2029-06-01,Jun 2029,37,3.223
2026-04-21,NGN29,2029-07-01,Jul 2029,38,3.437
2026-04-21,NGQ29,2029-08-01,Aug 2029,39,3.502
2026-04-21,NGU29,2029-09-01,Sep 2029,40,3.489
2026-04-21,NGV29,2029-10-01,Oct 2029,41,3.557
2026-04-21,NGX29,2029-11-01,Nov 2029,42,3.768
2026-04-21,NGZ29,2029-12-01,Dec 2029,43,4.358
2026-04-21,NGF30,2030-01-01,Jan 2030,44,4.731
2026-04-21,NGG30,2030-02-01,Feb 2030,45,4.233
2026-04-21,NGH30,2030-03-01,Mar 2030,46,3.531
2026-04-21,NGJ30,2030-04-01,Apr 2030,47,3.114
2026-04-21,NGK30,2030-05-01,May 2030,48,3.086
2026-04-21,NGM30,2030-06-01,Jun 2030,49,3.228
2026-04-21,NGN30,2030-07-01,Jul 2030,50,3.408
2026-04-21,NGQ30,2030-08-01,Aug 2030,51,3.466
2026-04-21,NGU30,2030-09-01,Sep 2030,52,3.45
2026-04-21,NGV30,2030-10-01,Oct 2030,53,3.524
2026-04-21,NGX30,2030-11-01,Nov 2030,54,3.745
2026-04-21,NGZ30,2030-12-01,Dec 2030,55,4.265
2026-04-21,NGF31,2031-01-01,Jan 2031,56,4.606
2026-04-21,NGG31,2031-02-01,Feb 2031,57,4.179
2026-04-21,NGH31,2031-03-01,Mar 2031,58,3.532
2026-04-21,NGJ31,2031-04-01,Apr 2031,59,3.049
2026-04-21,NGK31,2031-05-01,May 2031,60,3.024
2026-04-21,NGM31,2031-06-01,Jun 2031,61,3.173
2026-04-21,NGN31,2031-07-01,Jul 2031,62,3.334
2026-04-21,NGQ31,2031-08-01,Aug 2031,63,3.391
2026-04-21,NGU31,2031-09-01,Sep 2031,64,3.387
2026-04-21,NGV31,2031-10-01,Oct 2031,65,3.487
2026-04-21,NGX31,2031-11-01,Nov 2031,66,3.737
2026-04-21,NGZ31,2031-12-01,Dec 2031,67,4.293
2026-04-21,NGF32,2032-01-01,Jan 2032,68,4.632
2026-04-21,NGG32,2032-02-01,Feb 2032,69,4.171
2026-04-21,NGH32,2032-03-01,Mar 2032,70,3.485
2026-04-21,NGJ32,2032-04-01,Apr 2032,71,3.018
2026-04-21,NGK32,2032-05-01,May 2032,72,2.999
2026-04-21,NGM32,2032-06-01,Jun 2032,73,3.133
2026-04-21,NGN32,2032-07-01,Jul 2032,74,3.282
2026-04-21,NGQ32,2032-08-01,Aug 2032,75,3.327
2026-04-21,NGU32,2032-09-01,Sep 2032,76,3.304
2026-04-21,NGV32,2032-10-01,Oct 2032,77,3.37
2026-04-21,NGX32,2032-11-01,Nov 2032,78,3.569
2026-04-21,NGZ32,2032-12-01,Dec 2032,79,4.02
2026-04-21,NGF33,2033-01-01,Jan 2033,80,4.275
2026-04-21,NGG33,2033-02-01,Feb 2033,81,3.92
2026-04-21,NGH33,2033-03-01,Mar 2033,82,3.293
2026-04-21,NGJ33,2033-04-01,Apr 2033,83,2.868
2026-04-21,NGK33,2033-05-01,May 2033,84,2.868
2026-04-21,NGM33,2033-06-01,Jun 2033,85,3.016
2026-04-21,NGN33,2033-07-01,Jul 2033,86,3.196
2026-04-21,NGQ33,2033-08-01,Aug 2033,87,3.266
2026-04-21,NGU33,2033-09-01,Sep 2033,88,3.241
2026-04-21,NGV33,2033-10-01,Oct 2033,89,3.316
2026-04-21,NGX33,2033-11-01,Nov 2033,90,3.556
2026-04-21,NGZ33,2033-12-01,Dec 2033,91,3.986
2026-04-21,NGF34,2034-01-01,Jan 2034,92,4.266
2026-04-21,NGG34,2034-02-01,Feb 2034,93,3.961
2026-04-21,NGH34,2034-03-01,Mar 2034,94,3.351
2026-04-21,NGJ34,2034-04-01,Apr 2034,95,2.931
2026-04-21,NGK34,2034-05-01,May 2034,96,2.921
2026-04-21,NGM34,2034-06-01,Jun 2034,97,3.071
2026-04-21,NGN34,2034-07-01,Jul 2034,98,3.251
2026-04-21,NGQ34,2034-08-01,Aug 2034,99,3.311
2026-04-21,NGU34,2034-09-01,Sep 2034,100,3.326
2026-04-21,NGV34,2034-10-01,Oct 2034,101,3.372
2026-04-21,NGX34,2034-11-01,Nov 2034,102,3.612
2026-04-21,NGZ34,2034-12-01,Dec 2034,103,4.012
2026-04-21,NGF35,2035-01-01,Jan 2035,104,4.237
2026-04-21,NGG35,2035-02-01,Feb 2035,105,3.997
2026-04-21,NGH35,2035-03-01,Mar 2035,106,3.567
2026-04-21,NGJ35,2035-04-01,Apr 2035,107,3.177
2026-04-21,NGK35,2035-05-01,May 2035,108,3.155
2026-04-21,NGM35,2035-06-01,Jun 2035,109,3.19
2026-04-21,NGN35,2035-07-01,Jul 2035,110,3.23
2026-04-21,NGQ35,2035-08-01,Aug 2035,111,3.27
2026-04-21,NGU35,2035-09-01,Sep 2035,112,3.285
2026-04-21,NGV35,2035-10-01,Oct 2035,113,3.331
2026-04-21,NGX35,2035-11-01,Nov 2035,114,3.531
2026-04-21,NGZ35,2035-12-01,Dec 2035,115,3.841
2026-04-21,NGF36,2036-01-01,Jan 2036,116,4.111
2026-04-21,NGG36,2036-02-01,Feb 2036,117,3.941
2026-04-21,NGH36,2036-03-01,Mar 2036,118,3.671
2026-04-21,NGJ36,2036-04-01,Apr 2036,119,3.341
2026-04-21,NGK36,2036-05-01,May 2036,120,3.319
2026-04-21,NGM36,2036-06-01,Jun 2036,121,3.359
2026-04-21,NGN36,2036-07-01,Jul 2036,122,3.399
2026-04-21,NGQ36,2036-08-01,Aug 2036,123,3.439
2026-04-21,NGU36,2036-09-01,Sep 2036,124,3.454
2026-04-21,NGV36,2036-10-01,Oct 2036,125,3.5
2026-04-21,NGX36,2036-11-01,Nov 2036,126,3.65
2026-04-21,NGZ36,2036-12-01,Dec 2036,127,3.925
2026-04-21,NGF37,2037-01-01,Jan 2037,128,4.15
2026-04-21,NGG37,2037-02-01,Feb 2037,129,4.0
2026-04-21,NGH37,2037-03-01,Mar 2037,130,3.8
2026-04-21,NGJ37,2037-04-01,Apr 2037,131,3.47
2026-04-21,NGK37,2037-05-01,May 2037,132,3.448
2026-04-21,NGM37,2037-06-01,Jun 2037,133,3.483
2026-04-21,NGN37,2037-07-01,Jul 2037,134,3.523
2026-04-21,NGQ37,2037-08-01,Aug 2037,135,3.563
2026-04-21,NGU37,2037-09-01,Sep 2037,136,3.578
2026-04-21,NGV37,2037-10-01,Oct 2037,137,3.624
2026-04-21,NGX37,2037-11-01,Nov 2037,138,3.749
2026-04-21,NGZ37,2037-12-01,Dec 2037,139,3.974
2026-04-21,NGF38,2038-01-01,Jan 2038,140,4.239
2026-04-22,NGK26,2026-05-01,May 2026,0,2.715
2026-04-22,NGM26,2026-06-01,Jun 2026,1,2.854
2026-04-22,NGN26,2026-07-01,Jul 2026,2,3.127
2026-04-22,NGQ26,2026-08-01,Aug 2026,3,3.198
2026-04-22,NGU26,2026-09-01,Sep 2026,4,3.184
2026-04-22,NGV26,2026-10-01,Oct 2026,5,3.252
2026-04-22,NGX26,2026-11-01,Nov 2026,6,3.558
2026-04-22,NGZ26,2026-12-01,Dec 2026,7,4.264
2026-04-22,NGF27,2027-01-01,Jan 2027,8,4.698
2026-04-22,NGG27,2027-02-01,Feb 2027,9,4.229
2026-04-22,NGH27,2027-03-01,Mar 2027,10,3.334
2026-04-22,NGJ27,2027-04-01,Apr 2027,11,3.063
2026-04-22,NGK27,2027-05-01,May 2027,12,3.047
2026-04-22,NGM27,2027-06-01,Jun 2027,13,3.177
2026-04-22,NGN27,2027-07-01,Jul 2027,14,3.387
2026-04-22,NGQ27,2027-08-01,Aug 2027,15,3.436
2026-04-22,NGU27,2027-09-01,Sep 2027,16,3.414
2026-04-22,NGV27,2027-10-01,Oct 2027,17,3.499
2026-04-22,NGX27,2027-11-01,Nov 2027,18,3.767
2026-04-22,NGZ27,2027-12-01,Dec 2027,19,4.413
2026-04-22,NGF28,2028-01-01,Jan 2028,20,4.813
2026-04-22,NGG28,2028-02-01,Feb 2028,21,4.268
2026-04-22,NGH28,2028-03-01,Mar 2028,22,3.498
2026-04-22,NGJ28,2028-04-01,Apr 2028,23,3.175
2026-04-22,NGK28,2028-05-01,May 2028,24,3.166
2026-04-22,NGM28,2028-06-01,Jun 2028,25,3.319
2026-04-22,NGN28,2028-07-01,Jul 2028,26,3.533
2026-04-22,NGQ28,2028-08-01,Aug 2028,27,3.594
2026-04-22,NGU28,2028-09-01,Sep 2028,28,3.569
2026-04-22,NGV28,2028-10-01,Oct 2028,29,3.627
2026-04-22,NGX28,2028-11-01,Nov 2028,30,3.849
2026-04-22,NGZ28,2028-12-01,Dec 2028,31,4.393
2026-04-22,NGF29,2029-01-01,Jan 2029,32,4.817
2026-04-22,NGG29,2029-02-01,Feb 2029,33,4.281
2026-04-22,NGH29,2029-03-01,Mar 2029,34,3.418
2026-04-22,NGJ29,2029-04-01,Apr 2029,35,3.122
2026-04-22,NGK29,2029-05-01,May 2029,36,3.099
2026-04-22,NGM29,2029-06-01,Jun 2029,37,3.233
2026-04-22,NGN29,2029-07-01,Jul 2029,38,3.448
2026-04-22,NGQ29,2029-08-01,Aug 2029,39,3.514
2026-04-22,NGU29,2029-09-01,Sep 2029,40,3.501
2026-04-22,NGV29,2029-10-01,Oct 2029,41,3.573
2026-04-22,NGX29,2029-11-01,Nov 2029,42,3.78
2026-04-22,NGZ29,2029-12-01,Dec 2029,43,4.369
2026-04-22,NGF30,2030-01-01,Jan 2030,44,4.742
2026-04-22,NGG30,2030-02-01,Feb 2030,45,4.242
2026-04-22,NGH30,2030-03-01,Mar 2030,46,3.537
2026-04-22,NGJ30,2030-04-01,Apr 2030,47,3.123
2026-04-22,NGK30,2030-05-01,May 2030,48,3.096
2026-04-22,NGM30,2030-06-01,Jun 2030,49,3.239
2026-04-22,NGN30,2030-07-01,Jul 2030,50,3.42
2026-04-22,NGQ30,2030-08-01,Aug 2030,51,3.479
2026-04-22,NGU30,2030-09-01,Sep 2030,52,3.463
2026-04-22,NGV30,2030-10-01,Oct 2030,53,3.538
2026-04-22,NGX30,2030-11-01,Nov 2030,54,3.76
2026-04-22,NGZ30,2030-12-01,Dec 2030,55,4.281
2026-04-22,NGF31,2031-01-01,Jan 2031,56,4.623
2026-04-22,NGG31,2031-02-01,Feb 2031,57,4.176
2026-04-22,NGH31,2031-03-01,Mar 2031,58,3.53
2026-04-22,NGJ31,2031-04-01,Apr 2031,59,3.045
2026-04-22,NGK31,2031-05-01,May 2031,60,3.045
2026-04-22,NGM31,2031-06-01,Jun 2031,61,3.195
2026-04-22,NGN31,2031-07-01,Jul 2031,62,3.356
2026-04-22,NGQ31,2031-08-01,Aug 2031,63,3.414
2026-04-22,NGU31,2031-09-01,Sep 2031,64,3.411
2026-04-22,NGV31,2031-10-01,Oct 2031,65,3.512
2026-04-22,NGX31,2031-11-01,Nov 2031,66,3.763
2026-04-22,NGZ31,2031-12-01,Dec 2031,67,4.338
2026-04-22,NGF32,2032-01-01,Jan 2032,68,4.657
2026-04-22,NGG32,2032-02-01,Feb 2032,69,4.193
2026-04-22,NGH32,2032-03-01,Mar 2032,70,3.5
2026-04-22,NGJ32,2032-04-01,Apr 2032,71,3.033
2026-04-22,NGK32,2032-05-01,May 2032,72,3.014
2026-04-22,NGM32,2032-06-01,Jun 2032,73,3.148
2026-04-22,NGN32,2032-07-01,Jul 2032,74,3.297
2026-04-22,NGQ32,2032-08-01,Aug 2032,75,3.342
2026-04-22,NGU32,2032-09-01,Sep 2032,76,3.319
2026-04-22,NGV32,2032-10-01,Oct 2032,77,3.385
2026-04-22,NGX32,2032-11-01,Nov 2032,78,3.584
2026-04-22,NGZ32,2032-12-01,Dec 2032,79,4.035
2026-04-22,NGF33,2033-01-01,Jan 2033,80,4.29
2026-04-22,NGG33,2033-02-01,Feb 2033,81,3.935
2026-04-22,NGH33,2033-03-01,Mar 2033,82,3.308
2026-04-22,NGJ33,2033-04-01,Apr 2033,83,2.883
2026-04-22,NGK33,2033-05-01,May 2033,84,2.883
2026-04-22,NGM33,2033-06-01,Jun 2033,85,3.031
2026-04-22,NGN33,2033-07-01,Jul 2033,86,3.211
2026-04-22,NGQ33,2033-08-01,Aug 2033,87,3.281
2026-04-22,NGU33,2033-09-01,Sep 2033,88,3.256
2026-04-22,NGV33,2033-10-01,Oct 2033,89,3.331
2026-04-22,NGX33,2033-11-01,Nov 2033,90,3.571
2026-04-22,NGZ33,2033-12-01,Dec 2033,91,4.001
2026-04-22,NGF34,2034-01-01,Jan 2034,92,4.281
2026-04-22,NGG34,2034-02-01,Feb 2034,93,3.976
2026-04-22,NGH34,2034-03-01,Mar 2034,94,3.366
2026-04-22,NGJ34,2034-04-01,Apr 2034,95,2.946
2026-04-22,NGK34,2034-05-01,May 2034,96,2.936
2026-04-22,NGM34,2034-06-01,Jun 2034,97,3.086
2026-04-22,NGN34,2034-07-01,Jul 2034,98,3.266
2026-04-22,NGQ34,2034-08-01,Aug 2034,99,3.326
2026-04-22,NGU34,2034-09-01,Sep 2034,100,3.341
2026-04-22,NGV34,2034-10-01,Oct 2034,101,3.387
2026-04-22,NGX34,2034-11-01,Nov 2034,102,3.627
2026-04-22,NGZ34,2034-12-01,Dec 2034,103,4.027
2026-04-22,NGF35,2035-01-01,Jan 2035,104,4.252
2026-04-22,NGG35,2035-02-01,Feb 2035,105,4.012
2026-04-22,NGH35,2035-03-01,Mar 2035,106,3.582
2026-04-22,NGJ35,2035-04-01,Apr 2035,107,3.192
2026-04-22,NGK35,2035-05-01,May 2035,108,3.17
2026-04-22,NGM35,2035-06-01,Jun 2035,109,3.205
2026-04-22,NGN35,2035-07-01,Jul 2035,110,3.245
2026-04-22,NGQ35,2035-08-01,Aug 2035,111,3.285
2026-04-22,NGU35,2035-09-01,Sep 2035,112,3.3
2026-04-22,NGV35,2035-10-01,Oct 2035,113,3.346
2026-04-22,NGX35,2035-11-01,Nov 2035,114,3.546
2026-04-22,NGZ35,2035-12-01,Dec 2035,115,3.856
2026-04-22,NGF36,2036-01-01,Jan 2036,116,4.126
2026-04-22,NGG36,2036-02-01,Feb 2036,117,3.956
2026-04-22,NGH36,2036-03-01,Mar 2036,118,3.686
2026-04-22,NGJ36,2036-04-01,Apr 2036,119,3.356
2026-04-22,NGK36,2036-05-01,May 2036,120,3.334
2026-04-22,NGM36,2036-06-01,Jun 2036,121,3.374
2026-04-22,NGN36,2036-07-01,Jul 2036,122,3.414
2026-04-22,NGQ36,2036-08-01,Aug 2036,123,3.454
2026-04-22,NGU36,2036-09-01,Sep 2036,124,3.469
2026-04-22,NGV36,2036-10-01,Oct 2036,125,3.515
2026-04-22,NGX36,2036-11-01,Nov 2036,126,3.665
2026-04-22,NGZ36,2036-12-01,Dec 2036,127,3.94
2026-04-22,NGF37,2037-01-01,Jan 2037,128,4.165
2026-04-22,NGG37,2037-02-01,Feb 2037,129,4.015
2026-04-22,NGH37,2037-03-01,Mar 2037,130,3.815
2026-04-22,NGJ37,2037-04-01,Apr 2037,131,3.485
2026-04-22,NGK37,2037-05-01,May 2037,132,3.463
2026-04-22,NGM37,2037-06-01,Jun 2037,133,3.498
2026-04-22,NGN37,2037-07-01,Jul 2037,134,3.538
2026-04-22,NGQ37,2037-08-01,Aug 2037,135,3.578
2026-04-22,NGU37,2037-09-01,Sep 2037,136,3.593
2026-04-22,NGV37,2037-10-01,Oct 2037,137,3.639
2026-04-22,NGX37,2037-11-01,Nov 2037,138,3.764
2026-04-22,NGZ37,2037-12-01,Dec 2037,139,3.989
2026-04-22,NGF38,2038-01-01,Jan 2038,140,4.254
2026-04-23,NGK26,2026-05-01,May 2026,0,2.592
2026-04-23,NGM26,2026-06-01,Jun 2026,1,2.739
2026-04-23,NGN26,2026-07-01,Jul 2026,2,3.029
2026-04-23,NGQ26,2026-08-01,Aug 2026,3,3.108
2026-04-23,NGU26,2026-09-01,Sep 2026,4,3.096
2026-04-23,NGV26,2026-10-01,Oct 2026,5,3.167
2026-04-23,NGX26,2026-11-01,Nov 2026,6,3.484
2026-04-23,NGZ26,2026-12-01,Dec 2026,7,4.237
2026-04-23,NGF27,2027-01-01,Jan 2027,8,4.681
2026-04-23,NGG27,2027-02-01,Feb 2027,9,4.209
2026-04-23,NGH27,2027-03-01,Mar 2027,10,3.3
2026-04-23,NGJ27,2027-04-01,Apr 2027,11,3.03
2026-04-23,NGK27,2027-05-01,May 2027,12,3.019
2026-04-23,NGM27,2027-06-01,Jun 2027,13,3.155
2026-04-23,NGN27,2027-07-01,Jul 2027,14,3.371
2026-04-23,NGQ27,2027-08-01,Aug 2027,15,3.424
2026-04-23,NGU27,2027-09-01,Sep 2027,16,3.401
2026-04-23,NGV27,2027-10-01,Oct 2027,17,3.481
2026-04-23,NGX27,2027-11-01,Nov 2027,18,3.754
2026-04-23,NGZ27,2027-12-01,Dec 2027,19,4.407
2026-04-23,NGF28,2028-01-01,Jan 2028,20,4.805
2026-04-23,NGG28,2028-02-01,Feb 2028,21,4.268
2026-04-23,NGH28,2028-03-01,Mar 2028,22,3.49
2026-04-23,NGJ28,2028-04-01,Apr 2028,23,3.171
2026-04-23,NGK28,2028-05-01,May 2028,24,3.154
2026-04-23,NGM28,2028-06-01,Jun 2028,25,3.299
2026-04-23,NGN28,2028-07-01,Jul 2028,26,3.52
2026-04-23,NGQ28,2028-08-01,Aug 2028,27,3.583
2026-04-23,NGU28,2028-09-01,Sep 2028,28,3.557
2026-04-23,NGV28,2028-10-01,Oct 2028,29,3.617
2026-04-23,NGX28,2028-11-01,Nov 2028,30,3.846
2026-04-23,NGZ28,2028-12-01,Dec 2028,31,4.404
2026-04-23,NGF29,2029-01-01,Jan 2029,32,4.832
2026-04-23,NGG29,2029-02-01,Feb 2029,33,4.302
2026-04-23,NGH29,2029-03-01,Mar 2029,34,3.431
2026-04-23,NGJ29,2029-04-01,Apr 2029,35,3.136
2026-04-23,NGK29,2029-05-01,May 2029,36,3.113
2026-04-23,NGM29,2029-06-01,Jun 2029,37,3.247
2026-04-23,NGN29,2029-07-01,Jul 2029,38,3.448
2026-04-23,NGQ29,2029-08-01,Aug 2029,39,3.531
2026-04-23,NGU29,2029-09-01,Sep 2029,40,3.518
2026-04-23,NGV29,2029-10-01,Oct 2029,41,3.59
2026-04-23,NGX29,2029-11-01,Nov 2029,42,3.797
2026-04-23,NGZ29,2029-12-01,Dec 2029,43,4.386
2026-04-23,NGF30,2030-01-01,Jan 2030,44,4.759
2026-04-23,NGG30,2030-02-01,Feb 2030,45,4.249
2026-04-23,NGH30,2030-03-01,Mar 2030,46,3.539
2026-04-23,NGJ30,2030-04-01,Apr 2030,47,3.125
2026-04-23,NGK30,2030-05-01,May 2030,48,3.098
2026-04-23,NGM30,2030-06-01,Jun 2030,49,3.241
2026-04-23,NGN30,2030-07-01,Jul 2030,50,3.422
2026-04-23,NGQ30,2030-08-01,Aug 2030,51,3.481
2026-04-23,NGU30,2030-09-01,Sep 2030,52,3.465
2026-04-23,NGV30,2030-10-01,Oct 2030,53,3.54
2026-04-23,NGX30,2030-11-01,Nov 2030,54,3.762
2026-04-23,NGZ30,2030-12-01,Dec 2030,55,4.283
2026-04-23,NGF31,2031-01-01,Jan 2031,56,4.623
2026-04-23,NGG31,2031-02-01,Feb 2031,57,4.18
2026-04-23,NGH31,2031-03-01,Mar 2031,58,3.525
2026-04-23,NGJ31,2031-04-01,Apr 2031,59,3.043
2026-04-23,NGK31,2031-05-01,May 2031,60,3.019
2026-04-23,NGM31,2031-06-01,Jun 2031,61,3.169
2026-04-23,NGN31,2031-07-01,Jul 2031,62,3.33
2026-04-23,NGQ31,2031-08-01,Aug 2031,63,3.388
2026-04-23,NGU31,2031-09-01,Sep 2031,64,3.385
2026-04-23,NGV31,2031-10-01,Oct 2031,65,3.486
2026-04-23,NGX31,2031-11-01,Nov 2031,66,3.737
2026-04-23,NGZ31,2031-12-01,Dec 2031,67,4.312
2026-04-23,NGF32,2032-01-01,Jan 2032,68,4.631
2026-04-23,NGG32,2032-02-01,Feb 2032,69,4.167
2026-04-23,NGH32,2032-03-01,Mar 2032,70,3.474
2026-04-23,NGJ32,2032-04-01,Apr 2032,71,3.007
2026-04-23,NGK32,2032-05-01,May 2032,72,2.988
2026-04-23,NGM32,2032-06-01,Jun 2032,73,3.122
2026-04-23,NGN32,2032-07-01,Jul 2032,74,3.271
2026-04-23,NGQ32,2032-08-01,Aug 2032,75,3.316
2026-04-23,NGU32,2032-09-01,Sep 2032,76,3.293
2026-04-23,NGV32,2032-10-01,Oct 2032,77,3.359
2026-04-23,NGX32,2032-11-01,Nov 2032,78,3.558
2026-04-23,NGZ32,2032-12-01,Dec 2032,79,4.009
2026-04-23,NGF33,2033-01-01,Jan 2033,80,4.264
2026-04-23,NGG33,2033-02-01,Feb 2033,81,3.909
2026-04-23,NGH33,2033-03-01,Mar 2033,82,3.282
2026-04-23,NGJ33,2033-04-01,Apr 2033,83,2.857
2026-04-23,NGK33,2033-05-01,May 2033,84,2.857
2026-04-23,NGM33,2033-06-01,Jun 2033,85,3.005
2026-04-23,NGN33,2033-07-01,Jul 2033,86,3.185
2026-04-23,NGQ33,2033-08-01,Aug 2033,87,3.255
2026-04-23,NGU33,2033-09-01,Sep 2033,88,3.23
2026-04-23,NGV33,2033-10-01,Oct 2033,89,3.305
2026-04-23,NGX33,2033-11-01,Nov 2033,90,3.545
2026-04-23,NGZ33,2033-12-01,Dec 2033,91,3.975
2026-04-23,NGF34,2034-01-01,Jan 2034,92,4.255
2026-04-23,NGG34,2034-02-01,Feb 2034,93,3.95
2026-04-23,NGH34,2034-03-01,Mar 2034,94,3.34
2026-04-23,NGJ34,2034-04-01,Apr 2034,95,2.92
2026-04-23,NGK34,2034-05-01,May 2034,96,2.91
2026-04-23,NGM34,2034-06-01,Jun 2034,97,3.06
2026-04-23,NGN34,2034-07-01,Jul 2034,98,3.24
2026-04-23,NGQ34,2034-08-01,Aug 2034,99,3.3
2026-04-23,NGU34,2034-09-01,Sep 2034,100,3.315
2026-04-23,NGV34,2034-10-01,Oct 2034,101,3.361
2026-04-23,NGX34,2034-11-01,Nov 2034,102,3.601
2026-04-23,NGZ34,2034-12-01,Dec 2034,103,4.001
2026-04-23,NGF35,2035-01-01,Jan 2035,104,4.226
2026-04-23,NGG35,2035-02-01,Feb 2035,105,3.986
2026-04-23,NGH35,2035-03-01,Mar 2035,106,3.556
2026-04-23,NGJ35,2035-04-01,Apr 2035,107,3.166
2026-04-23,NGK35,2035-05-01,May 2035,108,3.144
2026-04-23,NGM35,2035-06-01,Jun 2035,109,3.179
2026-04-23,NGN35,2035-07-01,Jul 2035,110,3.219
2026-04-23,NGQ35,2035-08-01,Aug 2035,111,3.259
2026-04-23,NGU35,2035-09-01,Sep 2035,112,3.274
2026-04-23,NGV35,2035-10-01,Oct 2035,113,3.32
2026-04-23,NGX35,2035-11-01,Nov 2035,114,3.52
2026-04-23,NGZ35,2035-12-01,Dec 2035,115,3.83
2026-04-23,NGF36,2036-01-01,Jan 2036,116,4.1
2026-04-23,NGG36,2036-02-01,Feb 2036,117,3.93
2026-04-23,NGH36,2036-03-01,Mar 2036,118,3.66
2026-04-23,NGJ36,2036-04-01,Apr 2036,119,3.33
2026-04-23,NGK36,2036-05-01,May 2036,120,3.308
2026-04-23,NGM36,2036-06-01,Jun 2036,121,3.348
2026-04-23,NGN36,2036-07-01,Jul 2036,122,3.388
2026-04-23,NGQ36,2036-08-01,Aug 2036,123,3.428
2026-04-23,NGU36,2036-09-01,Sep 2036,124,3.443
2026-04-23,NGV36,2036-10-01,Oct 2036,125,3.489
2026-04-23,NGX36,2036-11-01,Nov 2036,126,3.639
2026-04-23,NGZ36,2036-12-01,Dec 2036,127,3.914
2026-04-23,NGF37,2037-01-01,Jan 2037,128,4.139
2026-04-23,NGG37,2037-02-01,Feb 2037,129,3.989
2026-04-23,NGH37,2037-03-01,Mar 2037,130,3.789
2026-04-23,NGJ37,2037-04-01,Apr 2037,131,3.459
2026-04-23,NGK37,2037-05-01,May 2037,132,3.437
2026-04-23,NGM37,2037-06-01,Jun 2037,133,3.472
2026-04-23,NGN37,2037-07-01,Jul 2037,134,3.512
2026-04-23,NGQ37,2037-08-01,Aug 2037,135,3.552
2026-04-23,NGU37,2037-09-01,Sep 2037,136,3.567
2026-04-23,NGV37,2037-10-01,Oct 2037,137,3.613
2026-04-23,NGX37,2037-11-01,Nov 2037,138,3.738
2026-04-23,NGZ37,2037-12-01,Dec 2037,139,3.963
2026-04-23,NGF38,2038-01-01,Jan 2038,140,4.228
2026-04-24,NGK26,2026-05-01,May 2026,0,2.521
2026-04-24,NGM26,2026-06-01,Jun 2026,1,2.684
2026-04-24,NGN26,2026-07-01,Jul 2026,2,2.986
2026-04-24,NGQ26,2026-08-01,Aug 2026,3,3.07
2026-04-24,NGU26,2026-09-01,Sep 2026,4,3.062
2026-04-24,NGV26,2026-10-01,Oct 2026,5,3.138
2026-04-24,NGX26,2026-11-01,Nov 2026,6,3.439
2026-04-24,NGZ26,2026-12-01,Dec 2026,7,4.187
2026-04-24,NGF27,2027-01-01,Jan 2027,8,4.63
2026-04-24,NGG27,2027-02-01,Feb 2027,9,4.168
2026-04-24,NGH27,2027-03-01,Mar 2027,10,3.251
2026-04-24,NGJ27,2027-04-01,Apr 2027,11,3.0
2026-04-24,NGK27,2027-05-01,May 2027,12,2.986
2026-04-24,NGM27,2027-06-01,Jun 2027,13,3.118
2026-04-24,NGN27,2027-07-01,Jul 2027,14,3.33
2026-04-24,NGQ27,2027-08-01,Aug 2027,15,3.383
2026-04-24,NGU27,2027-09-01,Sep 2027,16,3.362
2026-04-24,NGV27,2027-10-01,Oct 2027,17,3.445
2026-04-24,NGX27,2027-11-01,Nov 2027,18,3.72
2026-04-24,NGZ27,2027-12-01,Dec 2027,19,4.366
2026-04-24,NGF28,2028-01-01,Jan 2028,20,4.774
2026-04-24,NGG28,2028-02-01,Feb 2028,21,4.247
2026-04-24,NGH28,2028-03-01,Mar 2028,22,3.468
2026-04-24,NGJ28,2028-04-01,Apr 2028,23,3.15
2026-04-24,NGK28,2028-05-01,May 2028,24,3.143
2026-04-24,NGM28,2028-06-01,Jun 2028,25,3.284
2026-04-24,NGN28,2028-07-01,Jul 2028,26,3.497
2026-04-24,NGQ28,2028-08-01,Aug 2028,27,3.58
2026-04-24,NGU28,2028-09-01,Sep 2028,28,3.537
2026-04-24,NGV28,2028-10-01,Oct 2028,29,3.609
2026-04-24,NGX28,2028-11-01,Nov 2028,30,3.84
2026-04-24,NGZ28,2028-12-01,Dec 2028,31,4.41
2026-04-24,NGF29,2029-01-01,Jan 2029,32,4.81
2026-04-24,NGG29,2029-02-01,Feb 2029,33,4.282
2026-04-24,NGH29,2029-03-01,Mar 2029,34,3.403
2026-04-24,NGJ29,2029-04-01,Apr 2029,35,3.109
2026-04-24,NGK29,2029-05-01,May 2029,36,3.095
2026-04-24,NGM29,2029-06-01,Jun 2029,37,3.23
2026-04-24,NGN29,2029-07-01,Jul 2029,38,3.445
2026-04-24,NGQ29,2029-08-01,Aug 2029,39,3.512
2026-04-24,NGU29,2029-09-01,Sep 2029,40,3.5
2026-04-24,NGV29,2029-10-01,Oct 2029,41,3.572
2026-04-24,NGX29,2029-11-01,Nov 2029,42,3.78
2026-04-24,NGZ29,2029-12-01,Dec 2029,43,4.37
2026-04-24,NGF30,2030-01-01,Jan 2030,44,4.744
2026-04-24,NGG30,2030-02-01,Feb 2030,45,4.24
2026-04-24,NGH30,2030-03-01,Mar 2030,46,3.535
2026-04-24,NGJ30,2030-04-01,Apr 2030,47,3.117
2026-04-24,NGK30,2030-05-01,May 2030,48,3.091
2026-04-24,NGM30,2030-06-01,Jun 2030,49,3.215
2026-04-24,NGN30,2030-07-01,Jul 2030,50,3.367
2026-04-24,NGQ30,2030-08-01,Aug 2030,51,3.407
2026-04-24,NGU30,2030-09-01,Sep 2030,52,3.392
2026-04-24,NGV30,2030-10-01,Oct 2030,53,3.468
2026-04-24,NGX30,2030-11-01,Nov 2030,54,3.691
2026-04-24,NGZ30,2030-12-01,Dec 2030,55,4.213
2026-04-24,NGF31,2031-01-01,Jan 2031,56,4.565
2026-04-24,NGG31,2031-02-01,Feb 2031,57,4.112
2026-04-24,NGH31,2031-03-01,Mar 2031,58,3.458
2026-04-24,NGJ31,2031-04-01,Apr 2031,59,2.978
2026-04-24,NGK31,2031-05-01,May 2031,60,2.955
2026-04-24,NGM31,2031-06-01,Jun 2031,61,3.106
2026-04-24,NGN31,2031-07-01,Jul 2031,62,3.274
2026-04-24,NGQ31,2031-08-01,Aug 2031,63,3.332
2026-04-24,NGU31,2031-09-01,Sep 2031,64,3.329
2026-04-24,NGV31,2031-10-01,Oct 2031,65,3.43
2026-04-24,NGX31,2031-11-01,Nov 2031,66,3.681
2026-04-24,NGZ31,2031-12-01,Dec 2031,67,4.256
2026-04-24,NGF32,2032-01-01,Jan 2032,68,4.575
2026-04-24,NGG32,2032-02-01,Feb 2032,69,4.111
2026-04-24,NGH32,2032-03-01,Mar 2032,70,3.418
2026-04-24,NGJ32,2032-04-01,Apr 2032,71,2.951
2026-04-24,NGK32,2032-05-01,May 2032,72,2.932
2026-04-24,NGM32,2032-06-01,Jun 2032,73,3.066
2026-04-24,NGN32,2032-07-01,Jul 2032,74,3.215
2026-04-24,NGQ32,2032-08-01,Aug 2032,75,3.26
2026-04-24,NGU32,2032-09-01,Sep 2032,76,3.237
2026-04-24,NGV32,2032-10-01,Oct 2032,77,3.303
2026-04-24,NGX32,2032-11-01,Nov 2032,78,3.502
2026-04-24,NGZ32,2032-12-01,Dec 2032,79,3.953
2026-04-24,NGF33,2033-01-01,Jan 2033,80,4.208
2026-04-24,NGG33,2033-02-01,Feb 2033,81,3.853
2026-04-24,NGH33,2033-03-01,Mar 2033,82,3.226
2026-04-24,NGJ33,2033-04-01,Apr 2033,83,2.801
2026-04-24,NGK33,2033-05-01,May 2033,84,2.801
2026-04-24,NGM33,2033-06-01,Jun 2033,85,2.949
2026-04-24,NGN33,2033-07-01,Jul 2033,86,3.129
2026-04-24,NGQ33,2033-08-01,Aug 2033,87,3.199
2026-04-24,NGU33,2033-09-01,Sep 2033,88,3.174
2026-04-24,NGV33,2033-10-01,Oct 2033,89,3.249
2026-04-24,NGX33,2033-11-01,Nov 2033,90,3.489
2026-04-24,NGZ33,2033-12-01,Dec 2033,91,3.919
2026-04-24,NGF34,2034-01-01,Jan 2034,92,4.199
2026-04-24,NGG34,2034-02-01,Feb 2034,93,3.894
2026-04-24,NGH34,2034-03-01,Mar 2034,94,3.284
2026-04-24,NGJ34,2034-04-01,Apr 2034,95,2.864
2026-04-24,NGK34,2034-05-01,May 2034,96,2.854
2026-04-24,NGM34,2034-06-01,Jun 2034,97,3.004
2026-04-24,NGN34,2034-07-01,Jul 2034,98,3.184
2026-04-24,NGQ34,2034-08-01,Aug 2034,99,3.244
2026-04-24,NGU34,2034-09-01,Sep 2034,100,3.259
2026-04-24,NGV34,2034-10-01,Oct 2034,101,3.305
2026-04-24,NGX34,2034-11-01,Nov 2034,102,3.545
2026-04-24,NGZ34,2034-12-01,Dec 2034,103,3.945
2026-04-24,NGF35,2035-01-01,Jan 2035,104,4.17
2026-04-24,NGG35,2035-02-01,Feb 2035,105,3.93
2026-04-24,NGH35,2035-03-01,Mar 2035,106,3.5
2026-04-24,NGJ35,2035-04-01,Apr 2035,107,3.11
2026-04-24,NGK35,2035-05-01,May 2035,108,3.088
2026-04-24,NGM35,2035-06-01,Jun 2035,109,3.123
2026-04-24,NGN35,2035-07-01,Jul 2035,110,3.163
2026-04-24,NGQ35,2035-08-01,Aug 2035,111,3.203
2026-04-24,NGU35,2035-09-01,Sep 2035,112,3.218
2026-04-24,NGV35,2035-10-01,Oct 2035,113,3.264
2026-04-24,NGX35,2035-11-01,Nov 2035,114,3.464
2026-04-24,NGZ35,2035-12-01,Dec 2035,115,3.774
2026-04-24,NGF36,2036-01-01,Jan 2036,116,4.044
2026-04-24,NGG36,2036-02-01,Feb 2036,117,3.874
2026-04-24,NGH36,2036-03-01,Mar 2036,118,3.604
2026-04-24,NGJ36,2036-04-01,Apr 2036,119,3.274
2026-04-24,NGK36,2036-05-01,May 2036,120,3.252
2026-04-24,NGM36,2036-06-01,Jun 2036,121,3.292
2026-04-24,NGN36,2036-07-01,Jul 2036,122,3.332
2026-04-24,NGQ36,2036-08-01,Aug 2036,123,3.372
2026-04-24,NGU36,2036-09-01,Sep 2036,124,3.387
2026-04-24,NGV36,2036-10-01,Oct 2036,125,3.433
2026-04-24,NGX36,2036-11-01,Nov 2036,126,3.583
2026-04-24,NGZ36,2036-12-01,Dec 2036,127,3.858
2026-04-24,NGF37,2037-01-01,Jan 2037,128,4.083
2026-04-24,NGG37,2037-02-01,Feb 2037,129,3.933
2026-04-24,NGH37,2037-03-01,Mar 2037,130,3.733
2026-04-24,NGJ37,2037-04-01,Apr 2037,131,3.403
2026-04-24,NGK37,2037-05-01,May 2037,132,3.381
2026-04-24,NGM37,2037-06-01,Jun 2037,133,3.416
2026-04-24,NGN37,2037-07-01,Jul 2037,134,3.456
2026-04-24,NGQ37,2037-08-01,Aug 2037,135,3.496
2026-04-24,NGU37,2037-09-01,Sep 2037,136,3.511
2026-04-24,NGV37,2037-10-01,Oct 2037,137,3.557
2026-04-24,NGX37,2037-11-01,Nov 2037,138,3.682
2026-04-24,NGZ37,2037-12-01,Dec 2037,139,3.907
2026-04-24,NGF38,2038-01-01,Jan 2038,140,4.172
2026-04-25,NGK26,2026-05-01,May 2026,0,2.523
2026-04-25,NGM26,2026-06-01,Jun 2026,1,2.683
2026-04-25,NGN26,2026-07-01,Jul 2026,2,2.983
2026-04-25,NGQ26,2026-08-01,Aug 2026,3,3.068
2026-04-25,NGU26,2026-09-01,Sep 2026,4,3.06
2026-04-25,NGV26,2026-10-01,Oct 2026,5,3.136
2026-04-25,NGX26,2026-11-01,Nov 2026,6,3.444
2026-04-25,NGZ26,2026-12-01,Dec 2026,7,4.193
2026-04-25,NGF27,2027-01-01,Jan 2027,8,4.64
2026-04-25,NGG27,2027-02-01,Feb 2027,9,4.174
2026-04-25,NGH27,2027-03-01,Mar 2027,10,3.257
2026-04-25,NGJ27,2027-04-01,Apr 2027,11,2.995
2026-04-25,NGK27,2027-05-01,May 2027,12,2.982
2026-04-25,NGM27,2027-06-01,Jun 2027,13,3.119
2026-04-25,NGN27,2027-07-01,Jul 2027,14,3.334
2026-04-25,NGQ27,2027-08-01,Aug 2027,15,3.388
2026-04-25,NGU27,2027-09-01,Sep 2027,16,3.367
2026-04-25,NGV27,2027-10-01,Oct 2027,17,3.449
2026-04-25,NGX27,2027-11-01,Nov 2027,18,3.716
2026-04-25,NGZ27,2027-12-01,Dec 2027,19,4.364
2026-04-25,NGF28,2028-01-01,Jan 2028,20,4.772
2026-04-25,NGG28,2028-02-01,Feb 2028,21,4.243
2026-04-25,NGH28,2028-03-01,Mar 2028,22,3.463
2026-04-25,NGJ28,2028-04-01,Apr 2028,23,3.146
2026-04-25,NGK28,2028-05-01,May 2028,24,3.129
2026-04-25,NGM28,2028-06-01,Jun 2028,25,3.284
2026-04-25,NGN28,2028-07-01,Jul 2028,26,3.505
2026-04-25,NGQ28,2028-08-01,Aug 2028,27,3.563
2026-04-25,NGU28,2028-09-01,Sep 2028,28,3.537
2026-04-25,NGV28,2028-10-01,Oct 2028,29,3.603
2026-04-25,NGX28,2028-11-01,Nov 2028,30,3.829
2026-04-25,NGZ28,2028-12-01,Dec 2028,31,4.402
2026-04-25,NGF29,2029-01-01,Jan 2029,32,4.81
2026-04-25,NGG29,2029-02-01,Feb 2029,33,4.282
2026-04-25,NGH29,2029-03-01,Mar 2029,34,3.403
2026-04-25,NGJ29,2029-04-01,Apr 2029,35,3.109
2026-04-25,NGK29,2029-05-01,May 2029,36,3.087
2026-04-25,NGM29,2029-06-01,Jun 2029,37,3.222
2026-04-25,NGN29,2029-07-01,Jul 2029,38,3.445
2026-04-25,NGQ29,2029-08-01,Aug 2029,39,3.512
2026-04-25,NGU29,2029-09-01,Sep 2029,40,3.499
2026-04-25,NGV29,2029-10-01,Oct 2029,41,3.572
2026-04-25,NGX29,2029-11-01,Nov 2029,42,3.78
2026-04-25,NGZ29,2029-12-01,Dec 2029,43,4.37
2026-04-25,NGF30,2030-01-01,Jan 2030,44,4.744
2026-04-25,NGG30,2030-02-01,Feb 2030,45,4.24
2026-04-25,NGH30,2030-03-01,Mar 2030,46,3.535
2026-04-25,NGJ30,2030-04-01,Apr 2030,47,3.117
2026-04-25,NGK30,2030-05-01,May 2030,48,3.091
2026-04-25,NGM30,2030-06-01,Jun 2030,49,3.215
2026-04-25,NGN30,2030-07-01,Jul 2030,50,3.367
2026-04-25,NGQ30,2030-08-01,Aug 2030,51,3.407
2026-04-25,NGU30,2030-09-01,Sep 2030,52,3.392
2026-04-25,NGV30,2030-10-01,Oct 2030,53,3.468
2026-04-25,NGX30,2030-11-01,Nov 2030,54,3.691
2026-04-25,NGZ30,2030-12-01,Dec 2030,55,4.213
2026-04-25,NGF31,2031-01-01,Jan 2031,56,4.565
2026-04-25,NGG31,2031-02-01,Feb 2031,57,4.112
2026-04-25,NGH31,2031-03-01,Mar 2031,58,3.458
2026-04-25,NGJ31,2031-04-01,Apr 2031,59,2.978
2026-04-25,NGK31,2031-05-01,May 2031,60,2.955
2026-04-25,NGM31,2031-06-01,Jun 2031,61,3.106
2026-04-25,NGN31,2031-07-01,Jul 2031,62,3.274
2026-04-25,NGQ31,2031-08-01,Aug 2031,63,3.332
2026-04-25,NGU31,2031-09-01,Sep 2031,64,3.329
2026-04-25,NGV31,2031-10-01,Oct 2031,65,3.43
2026-04-25,NGX31,2031-11-01,Nov 2031,66,3.681
2026-04-25,NGZ31,2031-12-01,Dec 2031,67,4.256
2026-04-25,NGF32,2032-01-01,Jan 2032,68,4.575
2026-04-25,NGG32,2032-02-01,Feb 2032,69,4.111
2026-04-25,NGH32,2032-03-01,Mar 2032,70,3.418
2026-04-25,NGJ32,2032-04-01,Apr 2032,71,2.951
2026-04-25,NGK32,2032-05-01,May 2032,72,2.932
2026-04-25,NGM32,2032-06-01,Jun 2032,73,3.066
2026-04-25,NGN32,2032-07-01,Jul 2032,74,3.215
2026-04-25,NGQ32,2032-08-01,Aug 2032,75,3.26
2026-04-25,NGU32,2032-09-01,Sep 2032,76,3.237
2026-04-25,NGV32,2032-10-01,Oct 2032,77,3.303
2026-04-25,NGX32,2032-11-01,Nov 2032,78,3.502
2026-04-25,NGZ32,2032-12-01,Dec 2032,79,3.953
2026-04-25,NGF33,2033-01-01,Jan 2033,80,4.208
2026-04-25,NGG33,2033-02-01,Feb 2033,81,3.853
2026-04-25,NGH33,2033-03-01,Mar 2033,82,3.226
2026-04-25,NGJ33,2033-04-01,Apr 2033,83,2.801
2026-04-25,NGK33,2033-05-01,May 2033,84,2.801
2026-04-25,NGM33,2033-06-01,Jun 2033,85,2.949
2026-04-25,NGN33,2033-07-01,Jul 2033,86,3.129
2026-04-25,NGQ33,2033-08-01,Aug 2033,87,3.199
2026-04-25,NGU33,2033-09-01,Sep 2033,88,3.174
2026-04-25,NGV33,2033-10-01,Oct 2033,89,3.249
2026-04-25,NGX33,2033-11-01,Nov 2033,90,3.489
2026-04-25,NGZ33,2033-12-01,Dec 2033,91,3.919
2026-04-25,NGF34,2034-01-01,Jan 2034,92,4.199
2026-04-25,NGG34,2034-02-01,Feb 2034,93,3.894
2026-04-25,NGH34,2034-03-01,Mar 2034,94,3.284
2026-04-25,NGJ34,2034-04-01,Apr 2034,95,2.864
2026-04-25,NGK34,2034-05-01,May 2034,96,2.854
2026-04-25,NGM34,2034-06-01,Jun 2034,97,3.004
2026-04-25,NGN34,2034-07-01,Jul 2034,98,3.184
2026-04-25,NGQ34,2034-08-01,Aug 2034,99,3.244
2026-04-25,NGU34,2034-09-01,Sep 2034,100,3.259
2026-04-25,NGV34,2034-10-01,Oct 2034,101,3.305
2026-04-25,NGX34,2034-11-01,Nov 2034,102,3.545
2026-04-25,NGZ34,2034-12-01,Dec 2034,103,3.945
2026-04-25,NGF35,2035-01-01,Jan 2035,104,4.17
2026-04-25,NGG35,2035-02-01,Feb 2035,105,3.93
2026-04-25,NGH35,2035-03-01,Mar 2035,106,3.5
2026-04-25,NGJ35,2035-04-01,Apr 2035,107,3.11
2026-04-25,NGK35,2035-05-01,May 2035,108,3.088
2026-04-25,NGM35,2035-06-01,Jun 2035,109,3.123
2026-04-25,NGN35,2035-07-01,Jul 2035,110,3.163
2026-04-25,NGQ35,2035-08-01,Aug 2035,111,3.203
2026-04-25,NGU35,2035-09-01,Sep 2035,112,3.218
2026-04-25,NGV35,2035-10-01,Oct 2035,113,3.264
2026-04-25,NGX35,2035-11-01,Nov 2035,114,3.464
2026-04-25,NGZ35,2035-12-01,Dec 2035,115,3.774
2026-04-25,NGF36,2036-01-01,Jan 2036,116,4.044
2026-04-25,NGG36,2036-02-01,Feb 2036,117,3.874
2026-04-25,NGH36,2036-03-01,Mar 2036,118,3.604
2026-04-25,NGJ36,2036-04-01,Apr 2036,119,3.274
2026-04-25,NGK36,2036-05-01,May 2036,120,3.252
2026-04-25,NGM36,2036-06-01,Jun 2036,121,3.292
2026-04-25,NGN36,2036-07-01,Jul 2036,122,3.332
2026-04-25,NGQ36,2036-08-01,Aug 2036,123,3.372
2026-04-25,NGU36,2036-09-01,Sep 2036,124,3.387
2026-04-25,NGV36,2036-10-01,Oct 2036,125,3.433
2026-04-25,NGX36,2036-11-01,Nov 2036,126,3.583
2026-04-25,NGZ36,2036-12-01,Dec 2036,127,3.858
2026-04-25,NGF37,2037-01-01,Jan 2037,128,4.083
2026-04-25,NGG37,2037-02-01,Feb 2037,129,3.933
2026-04-25,NGH37,2037-03-01,Mar 2037,130,3.733
2026-04-25,NGJ37,2037-04-01,Apr 2037,131,3.403
2026-04-25,NGK37,2037-05-01,May 2037,132,3.381
2026-04-25,NGM37,2037-06-01,Jun 2037,133,3.416
2026-04-25,NGN37,2037-07-01,Jul 2037,134,3.456
2026-04-25,NGQ37,2037-08-01,Aug 2037,135,3.496
2026-04-25,NGU37,2037-09-01,Sep 2037,136,3.511
2026-04-25,NGV37,2037-10-01,Oct 2037,137,3.557
2026-04-25,NGX37,2037-11-01,Nov 2037,138,3.682
2026-04-25,NGZ37,2037-12-01,Dec 2037,139,3.907
2026-04-25,NGF38,2038-01-01,Jan 2038,140,4.172
2026-04-26,NGK26,2026-05-01,May 2026,0,2.523
2026-04-26,NGM26,2026-06-01,Jun 2026,1,2.683
2026-04-26,NGN26,2026-07-01,Jul 2026,2,2.983
2026-04-26,NGQ26,2026-08-01,Aug 2026,3,3.068
2026-04-26,NGU26,2026-09-01,Sep 2026,4,3.06
2026-04-26,NGV26,2026-10-01,Oct 2026,5,3.136
2026-04-26,NGX26,2026-11-01,Nov 2026,6,3.444
2026-04-26,NGZ26,2026-12-01,Dec 2026,7,4.193
2026-04-26,NGF27,2027-01-01,Jan 2027,8,4.64
2026-04-26,NGG27,2027-02-01,Feb 2027,9,4.174
2026-04-26,NGH27,2027-03-01,Mar 2027,10,3.257
2026-04-26,NGJ27,2027-04-01,Apr 2027,11,2.995
2026-04-26,NGK27,2027-05-01,May 2027,12,2.982
2026-04-26,NGM27,2027-06-01,Jun 2027,13,3.119
2026-04-26,NGN27,2027-07-01,Jul 2027,14,3.334
2026-04-26,NGQ27,2027-08-01,Aug 2027,15,3.388
2026-04-26,NGU27,2027-09-01,Sep 2027,16,3.367
2026-04-26,NGV27,2027-10-01,Oct 2027,17,3.449
2026-04-26,NGX27,2027-11-01,Nov 2027,18,3.716
2026-04-26,NGZ27,2027-12-01,Dec 2027,19,4.364
2026-04-26,NGF28,2028-01-01,Jan 2028,20,4.772
2026-04-26,NGG28,2028-02-01,Feb 2028,21,4.243
2026-04-26,NGH28,2028-03-01,Mar 2028,22,3.463
2026-04-26,NGJ28,2028-04-01,Apr 2028,23,3.146
2026-04-26,NGK28,2028-05-01,May 2028,24,3.129
2026-04-26,NGM28,2028-06-01,Jun 2028,25,3.284
2026-04-26,NGN28,2028-07-01,Jul 2028,26,3.505
2026-04-26,NGQ28,2028-08-01,Aug 2028,27,3.563
2026-04-26,NGU28,2028-09-01,Sep 2028,28,3.537
2026-04-26,NGV28,2028-10-01,Oct 2028,29,3.603
2026-04-26,NGX28,2028-11-01,Nov 2028,30,3.829
2026-04-26,NGZ28,2028-12-01,Dec 2028,31,4.402
2026-04-26,NGF29,2029-01-01,Jan 2029,32,4.81
2026-04-26,NGG29,2029-02-01,Feb 2029,33,4.282
2026-04-26,NGH29,2029-03-01,Mar 2029,34,3.403
2026-04-26,NGJ29,2029-04-01,Apr 2029,35,3.109
2026-04-26,NGK29,2029-05-01,May 2029,36,3.087
2026-04-26,NGM29,2029-06-01,Jun 2029,37,3.222
2026-04-26,NGN29,2029-07-01,Jul 2029,38,3.445
2026-04-26,NGQ29,2029-08-01,Aug 2029,39,3.512
2026-04-26,NGU29,2029-09-01,Sep 2029,40,3.499
2026-04-26,NGV29,2029-10-01,Oct 2029,41,3.572
2026-04-26,NGX29,2029-11-01,Nov 2029,42,3.78
2026-04-26,NGZ29,2029-12-01,Dec 2029,43,4.37
2026-04-26,NGF30,2030-01-01,Jan 2030,44,4.744
2026-04-26,NGG30,2030-02-01,Feb 2030,45,4.24
2026-04-26,NGH30,2030-03-01,Mar 2030,46,3.535
2026-04-26,NGJ30,2030-04-01,Apr 2030,47,3.117
2026-04-26,NGK30,2030-05-01,May 2030,48,3.091
2026-04-26,NGM30,2030-06-01,Jun 2030,49,3.215
2026-04-26,NGN30,2030-07-01,Jul 2030,50,3.367
2026-04-26,NGQ30,2030-08-01,Aug 2030,51,3.407
2026-04-26,NGU30,2030-09-01,Sep 2030,52,3.392
2026-04-26,NGV30,2030-10-01,Oct 2030,53,3.468
2026-04-26,NGX30,2030-11-01,Nov 2030,54,3.691
2026-04-26,NGZ30,2030-12-01,Dec 2030,55,4.213
2026-04-26,NGF31,2031-01-01,Jan 2031,56,4.565
2026-04-26,NGG31,2031-02-01,Feb 2031,57,4.112
2026-04-26,NGH31,2031-03-01,Mar 2031,58,3.458
2026-04-26,NGJ31,2031-04-01,Apr 2031,59,2.978
2026-04-26,NGK31,2031-05-01,May 2031,60,2.955
2026-04-26,NGM31,2031-06-01,Jun 2031,61,3.106
2026-04-26,NGN31,2031-07-01,Jul 2031,62,3.274
2026-04-26,NGQ31,2031-08-01,Aug 2031,63,3.332
2026-04-26,NGU31,2031-09-01,Sep 2031,64,3.329
2026-04-26,NGV31,2031-10-01,Oct 2031,65,3.43
2026-04-26,NGX31,2031-11-01,Nov 2031,66,3.681
2026-04-26,NGZ31,2031-12-01,Dec 2031,67,4.256
2026-04-26,NGF32,2032-01-01,Jan 2032,68,4.575
2026-04-26,NGG32,2032-02-01,Feb 2032,69,4.111
2026-04-26,NGH32,2032-03-01,Mar 2032,70,3.418
2026-04-26,NGJ32,2032-04-01,Apr 2032,71,2.951
2026-04-26,NGK32,2032-05-01,May 2032,72,2.932
2026-04-26,NGM32,2032-06-01,Jun 2032,73,3.066
2026-04-26,NGN32,2032-07-01,Jul 2032,74,3.215
2026-04-26,NGQ32,2032-08-01,Aug 2032,75,3.26
2026-04-26,NGU32,2032-09-01,Sep 2032,76,3.237
2026-04-26,NGV32,2032-10-01,Oct 2032,77,3.303
2026-04-26,NGX32,2032-11-01,Nov 2032,78,3.502
2026-04-26,NGZ32,2032-12-01,Dec 2032,79,3.953
2026-04-26,NGF33,2033-01-01,Jan 2033,80,4.208
2026-04-26,NGG33,2033-02-01,Feb 2033,81,3.853
2026-04-26,NGH33,2033-03-01,Mar 2033,82,3.226
2026-04-26,NGJ33,2033-04-01,Apr 2033,83,2.801
2026-04-26,NGK33,2033-05-01,May 2033,84,2.801
2026-04-26,NGM33,2033-06-01,Jun 2033,85,2.949
2026-04-26,NGN33,2033-07-01,Jul 2033,86,3.129
2026-04-26,NGQ33,2033-08-01,Aug 2033,87,3.199
2026-04-26,NGU33,2033-09-01,Sep 2033,88,3.174
2026-04-26,NGV33,2033-10-01,Oct 2033,89,3.249
2026-04-26,NGX33,2033-11-01,Nov 2033,90,3.489
2026-04-26,NGZ33,2033-12-01,Dec 2033,91,3.919
2026-04-26,NGF34,2034-01-01,Jan 2034,92,4.199
2026-04-26,NGG34,2034-02-01,Feb 2034,93,3.894
2026-04-26,NGH34,2034-03-01,Mar 2034,94,3.284
2026-04-26,NGJ34,2034-04-01,Apr 2034,95,2.864
2026-04-26,NGK34,2034-05-01,May 2034,96,2.854
2026-04-26,NGM34,2034-06-01,Jun 2034,97,3.004
2026-04-26,NGN34,2034-07-01,Jul 2034,98,3.184
2026-04-26,NGQ34,2034-08-01,Aug 2034,99,3.244
2026-04-26,NGU34,2034-09-01,Sep 2034,100,3.259
2026-04-26,NGV34,2034-10-01,Oct 2034,101,3.305
2026-04-26,NGX34,2034-11-01,Nov 2034,102,3.545
2026-04-26,NGZ34,2034-12-01,Dec 2034,103,3.945
2026-04-26,NGF35,2035-01-01,Jan 2035,104,4.17
2026-04-26,NGG35,2035-02-01,Feb 2035,105,3.93
2026-04-26,NGH35,2035-03-01,Mar 2035,106,3.5
2026-04-26,NGJ35,2035-04-01,Apr 2035,107,3.11
2026-04-26,NGK35,2035-05-01,May 2035,108,3.088
2026-04-26,NGM35,2035-06-01,Jun 2035,109,3.123
2026-04-26,NGN35,2035-07-01,Jul 2035,110,3.163
2026-04-26,NGQ35,2035-08-01,Aug 2035,111,3.203
2026-04-26,NGU35,2035-09-01,Sep 2035,112,3.218
2026-04-26,NGV35,2035-10-01,Oct 2035,113,3.264
2026-04-26,NGX35,2035-11-01,Nov 2035,114,3.464
2026-04-26,NGZ35,2035-12-01,Dec 2035,115,3.774
2026-04-26,NGF36,2036-01-01,Jan 2036,116,4.044
2026-04-26,NGG36,2036-02-01,Feb 2036,117,3.874
2026-04-26,NGH36,2036-03-01,Mar 2036,118,3.604
2026-04-26,NGJ36,2036-04-01,Apr 2036,119,3.274
2026-04-26,NGK36,2036-05-01,May 2036,120,3.252
2026-04-26,NGM36,2036-06-01,Jun 2036,121,3.292
2026-04-26,NGN36,2036-07-01,Jul 2036,122,3.332
2026-04-26,NGQ36,2036-08-01,Aug 2036,123,3.372
2026-04-26,NGU36,2036-09-01,Sep 2036,124,3.387
2026-04-26,NGV36,2036-10-01,Oct 2036,125,3.433
2026-04-26,NGX36,2036-11-01,Nov 2036,126,3.583
2026-04-26,NGZ36,2036-12-01,Dec 2036,127,3.858
2026-04-26,NGF37,2037-01-01,Jan 2037,128,4.083
2026-04-26,NGG37,2037-02-01,Feb 2037,129,3.933
2026-04-26,NGH37,2037-03-01,Mar 2037,130,3.733
2026-04-26,NGJ37,2037-04-01,Apr 2037,131,3.403
2026-04-26,NGK37,2037-05-01,May 2037,132,3.381
2026-04-26,NGM37,2037-06-01,Jun 2037,133,3.416
2026-04-26,NGN37,2037-07-01,Jul 2037,134,3.456
2026-04-26,NGQ37,2037-08-01,Aug 2037,135,3.496
2026-04-26,NGU37,2037-09-01,Sep 2037,136,3.511
2026-04-26,NGV37,2037-10-01,Oct 2037,137,3.557
2026-04-26,NGX37,2037-11-01,Nov 2037,138,3.682
2026-04-26,NGZ37,2037-12-01,Dec 2037,139,3.907
2026-04-26,NGF38,2038-01-01,Jan 2038,140,4.172
2026-04-26,NGG38,2038-02-01,Feb 2038,141,4.022
2026-04-26,NGH38,2038-03-01,Mar 2038,142,3.822
2026-04-26,NGJ38,2038-04-01,Apr 2038,143,3.492
2026-04-26,NGK38,2038-05-01,May 2038,144,3.47
2026-04-26,NGM38,2038-06-01,Jun 2038,145,3.55
2026-04-26,NGN38,2038-07-01,Jul 2038,146,3.65
2026-04-26,NGQ38,2038-08-01,Aug 2038,147,3.69
2026-04-26,NGU38,2038-09-01,Sep 2038,148,3.705
2026-04-26,NGV38,2038-10-01,Oct 2038,149,3.751
2026-04-26,NGX38,2038-11-01,Nov 2038,150,3.823
2026-04-26,NGZ38,2038-12-01,Dec 2038,151,3.978
2026-04-27,NGK26,2026-05-01,May 2026,0,2.548
2026-04-27,NGM26,2026-06-01,Jun 2026,1,2.732
2026-04-27,NGN26,2026-07-01,Jul 2026,2,3.028
2026-04-27,NGQ26,2026-08-01,Aug 2026,3,3.107
2026-04-27,NGU26,2026-09-01,Sep 2026,4,3.094
2026-04-27,NGV26,2026-10-01,Oct 2026,5,3.166
2026-04-27,NGX26,2026-11-01,Nov 2026,6,3.465
2026-04-27,NGZ26,2026-12-01,Dec 2026,7,4.2
2026-04-27,NGF27,2027-01-01,Jan 2027,8,4.636
2026-04-27,NGG27,2027-02-01,Feb 2027,9,4.171
2026-04-27,NGH27,2027-03-01,Mar 2027,10,3.251
2026-04-27,NGJ27,2027-04-01,Apr 2027,11,2.986
2026-04-27,NGK27,2027-05-01,May 2027,12,2.965
2026-04-27,NGM27,2027-06-01,Jun 2027,13,3.099
2026-04-27,NGN27,2027-07-01,Jul 2027,14,3.315
2026-04-27,NGQ27,2027-08-01,Aug 2027,15,3.368
2026-04-27,NGU27,2027-09-01,Sep 2027,16,3.349
2026-04-27,NGV27,2027-10-01,Oct 2027,17,3.429
2026-04-27,NGX27,2027-11-01,Nov 2027,18,3.7
2026-04-27,NGZ27,2027-12-01,Dec 2027,19,4.346
2026-04-27,NGF28,2028-01-01,Jan 2028,20,4.747
2026-04-27,NGG28,2028-02-01,Feb 2028,21,4.218
2026-04-27,NGH28,2028-03-01,Mar 2028,22,3.459
2026-04-27,NGJ28,2028-04-01,Apr 2028,23,3.155
2026-04-27,NGK28,2028-05-01,May 2028,24,3.137
2026-04-27,NGM28,2028-06-01,Jun 2028,25,3.284
2026-04-27,NGN28,2028-07-01,Jul 2028,26,3.505
2026-04-27,NGQ28,2028-08-01,Aug 2028,27,3.575
2026-04-27,NGU28,2028-09-01,Sep 2028,28,3.549
2026-04-27,NGV28,2028-10-01,Oct 2028,29,3.61
2026-04-27,NGX28,2028-11-01,Nov 2028,30,3.843
2026-04-27,NGZ28,2028-12-01,Dec 2028,31,4.408
2026-04-27,NGF29,2029-01-01,Jan 2029,32,4.81
2026-04-27,NGG29,2029-02-01,Feb 2029,33,4.29
2026-04-27,NGH29,2029-03-01,Mar 2029,34,3.411
2026-04-27,NGJ29,2029-04-01,Apr 2029,35,3.119
2026-04-27,NGK29,2029-05-01,May 2029,36,3.092
2026-04-27,NGM29,2029-06-01,Jun 2029,37,3.225
2026-04-27,NGN29,2029-07-01,Jul 2029,38,3.451
2026-04-27,NGQ29,2029-08-01,Aug 2029,39,3.522
2026-04-27,NGU29,2029-09-01,Sep 2029,40,3.508
2026-04-27,NGV29,2029-10-01,Oct 2029,41,3.581
2026-04-27,NGX29,2029-11-01,Nov 2029,42,3.796
2026-04-27,NGZ29,2029-12-01,Dec 2029,43,4.388
2026-04-27,NGF30,2030-01-01,Jan 2030,44,4.744
2026-04-27,NGG30,2030-02-01,Feb 2030,45,4.24
2026-04-27,NGH30,2030-03-01,Mar 2030,46,3.535
2026-04-27,NGJ30,2030-04-01,Apr 2030,47,3.15
2026-04-27,NGK30,2030-05-01,May 2030,48,3.12
2026-04-27,NGM30,2030-06-01,Jun 2030,49,3.247
2026-04-27,NGN30,2030-07-01,Jul 2030,50,3.429
2026-04-27,NGQ30,2030-08-01,Aug 2030,51,3.469
2026-04-27,NGU30,2030-09-01,Sep 2030,52,3.454
2026-04-27,NGV30,2030-10-01,Oct 2030,53,3.53
2026-04-27,NGX30,2030-11-01,Nov 2030,54,3.753
2026-04-27,NGZ30,2030-12-01,Dec 2030,55,4.275
2026-04-27,NGF31,2031-01-01,Jan 2031,56,4.627
2026-04-27,NGG31,2031-02-01,Feb 2031,57,4.174
2026-04-27,NGH31,2031-03-01,Mar 2031,58,3.52
2026-04-27,NGJ31,2031-04-01,Apr 2031,59,3.04
2026-04-27,NGK31,2031-05-01,May 2031,60,3.017
2026-04-27,NGM31,2031-06-01,Jun 2031,61,3.168
2026-04-27,NGN31,2031-07-01,Jul 2031,62,3.336
2026-04-27,NGQ31,2031-08-01,Aug 2031,63,3.394
2026-04-27,NGU31,2031-09-01,Sep 2031,64,3.391
2026-04-27,NGV31,2031-10-01,Oct 2031,65,3.492
2026-04-27,NGX31,2031-11-01,Nov 2031,66,3.743
2026-04-27,NGZ31,2031-12-01,Dec 2031,67,4.318
2026-04-27,NGF32,2032-01-01,Jan 2032,68,4.637
2026-04-27,NGG32,2032-02-01,Feb 2032,69,4.173
2026-04-27,NGH32,2032-03-01,Mar 2032,70,3.48
2026-04-27,NGJ32,2032-04-01,Apr 2032,71,3.013
2026-04-27,NGK32,2032-05-01,May 2032,72,2.994
2026-04-27,NGM32,2032-06-01,Jun 2032,73,3.128
2026-04-27,NGN32,2032-07-01,Jul 2032,74,3.277
2026-04-27,NGQ32,2032-08-01,Aug 2032,75,3.322
2026-04-27,NGU32,2032-09-01,Sep 2032,76,3.299
2026-04-27,NGV32,2032-10-01,Oct 2032,77,3.365
2026-04-27,NGX32,2032-11-01,Nov 2032,78,3.564
2026-04-27,NGZ32,2032-12-01,Dec 2032,79,4.015
2026-04-27,NGF33,2033-01-01,Jan 2033,80,4.27
2026-04-27,NGG33,2033-02-01,Feb 2033,81,3.915
2026-04-27,NGH33,2033-03-01,Mar 2033,82,3.288
2026-04-27,NGJ33,2033-04-01,Apr 2033,83,2.863
2026-04-27,NGK33,2033-05-01,May 2033,84,2.863
2026-04-27,NGM33,2033-06-01,Jun 2033,85,3.011
2026-04-27,NGN33,2033-07-01,Jul 2033,86,3.191
2026-04-27,NGQ33,2033-08-01,Aug 2033,87,3.261
2026-04-27,NGU33,2033-09-01,Sep 2033,88,3.236
2026-04-27,NGV33,2033-10-01,Oct 2033,89,3.311
2026-04-27,NGX33,2033-11-01,Nov 2033,90,3.551
2026-04-27,NGZ33,2033-12-01,Dec 2033,91,3.981
2026-04-27,NGF34,2034-01-01,Jan 2034,92,4.261
2026-04-27,NGG34,2034-02-01,Feb 2034,93,3.956
2026-04-27,NGH34,2034-03-01,Mar 2034,94,3.346
2026-04-27,NGJ34,2034-04-01,Apr 2034,95,2.926
2026-04-27,NGK34,2034-05-01,May 2034,96,2.916
2026-04-27,NGM34,2034-06-01,Jun 2034,97,3.066
2026-04-27,NGN34,2034-07-01,Jul 2034,98,3.246
2026-04-27,NGQ34,2034-08-01,Aug 2034,99,3.306
2026-04-27,NGU34,2034-09-01,Sep 2034,100,3.321
2026-04-27,NGV34,2034-10-01,Oct 2034,101,3.367
2026-04-27,NGX34,2034-11-01,Nov 2034,102,3.607
2026-04-27,NGZ34,2034-12-01,Dec 2034,103,4.007
2026-04-27,NGF35,2035-01-01,Jan 2035,104,4.232
2026-04-27,NGG35,2035-02-01,Feb 2035,105,3.992
2026-04-27,NGH35,2035-03-01,Mar 2035,106,3.562
2026-04-27,NGJ35,2035-04-01,Apr 2035,107,3.172
2026-04-27,NGK35,2035-05-01,May 2035,108,3.15
2026-04-27,NGM35,2035-06-01,Jun 2035,109,3.185
2026-04-27,NGN35,2035-07-01,Jul 2035,110,3.225
2026-04-27,NGQ35,2035-08-01,Aug 2035,111,3.265
2026-04-27,NGU35,2035-09-01,Sep 2035,112,3.28
2026-04-27,NGV35,2035-10-01,Oct 2035,113,3.326
2026-04-27,NGX35,2035-11-01,Nov 2035,114,3.526
2026-04-27,NGZ35,2035-12-01,Dec 2035,115,3.836
2026-04-27,NGF36,2036-01-01,Jan 2036,116,4.106
2026-04-27,NGG36,2036-02-01,Feb 2036,117,3.936
2026-04-27,NGH36,2036-03-01,Mar 2036,118,3.666
2026-04-27,NGJ36,2036-04-01,Apr 2036,119,3.336
2026-04-27,NGK36,2036-05-01,May 2036,120,3.314
2026-04-27,NGM36,2036-06-01,Jun 2036,121,3.354
2026-04-27,NGN36,2036-07-01,Jul 2036,122,3.394
2026-04-27,NGQ36,2036-08-01,Aug 2036,123,3.434
2026-04-27,NGU36,2036-09-01,Sep 2036,124,3.449
2026-04-27,NGV36,2036-10-01,Oct 2036,125,3.495
2026-04-27,NGX36,2036-11-01,Nov 2036,126,3.645
2026-04-27,NGZ36,2036-12-01,Dec 2036,127,3.92
2026-04-27,NGF37,2037-01-01,Jan 2037,128,4.145
2026-04-27,NGG37,2037-02-01,Feb 2037,129,3.995
2026-04-27,NGH37,2037-03-01,Mar 2037,130,3.795
2026-04-27,NGJ37,2037-04-01,Apr 2037,131,3.465
2026-04-27,NGK37,2037-05-01,May 2037,132,3.443
2026-04-27,NGM37,2037-06-01,Jun 2037,133,3.478
2026-04-27,NGN37,2037-07-01,Jul 2037,134,3.518
2026-04-27,NGQ37,2037-08-01,Aug 2037,135,3.558
2026-04-27,NGU37,2037-09-01,Sep 2037,136,3.573
2026-04-27,NGV37,2037-10-01,Oct 2037,137,3.619
2026-04-27,NGX37,2037-11-01,Nov 2037,138,3.744
2026-04-27,NGZ37,2037-12-01,Dec 2037,139,3.969
2026-04-27,NGF38,2038-01-01,Jan 2038,140,4.234
2026-04-27,NGG38,2038-02-01,Feb 2038,141,4.084
2026-04-27,NGH38,2038-03-01,Mar 2038,142,3.884
2026-04-27,NGJ38,2038-04-01,Apr 2038,143,3.554
2026-04-27,NGK38,2038-05-01,May 2038,144,3.532
2026-04-27,NGM38,2038-06-01,Jun 2038,145,3.612
2026-04-27,NGN38,2038-07-01,Jul 2038,146,3.712
2026-04-27,NGQ38,2038-08-01,Aug 2038,147,3.752
2026-04-27,NGU38,2038-09-01,Sep 2038,148,3.767
2026-04-27,NGV38,2038-10-01,Oct 2038,149,3.813
2026-04-27,NGX38,2038-11-01,Nov 2038,150,3.885
2026-04-27,NGZ38,2038-12-01,Dec 2038,151,4.04
2026-04-28,NGK26,2026-05-01,May 2026,0,2.554
2026-04-28,NGM26,2026-06-01,Jun 2026,1,2.688
2026-04-28,NGN26,2026-07-01,Jul 2026,2,2.988
2026-04-28,NGQ26,2026-08-01,Aug 2026,3,3.071
2026-04-28,NGU26,2026-09-01,Sep 2026,4,3.064
2026-04-28,NGV26,2026-10-01,Oct 2026,5,3.139
2026-04-28,NGX26,2026-11-01,Nov 2026,6,3.443
2026-04-28,NGZ26,2026-12-01,Dec 2026,7,4.171
2026-04-28,NGF27,2027-01-01,Jan 2027,8,4.604
2026-04-28,NGG27,2027-02-01,Feb 2027,9,4.138
2026-04-28,NGH27,2027-03-01,Mar 2027,10,3.239
2026-04-28,NGJ27,2027-04-01,Apr 2027,11,2.979
2026-04-28,NGK27,2027-05-01,May 2027,12,2.959
2026-04-28,NGM27,2027-06-01,Jun 2027,13,3.093
2026-04-28,NGN27,2027-07-01,Jul 2027,14,3.311
2026-04-28,NGQ27,2027-08-01,Aug 2027,15,3.365
2026-04-28,NGU27,2027-09-01,Sep 2027,16,3.343
2026-04-28,NGV27,2027-10-01,Oct 2027,17,3.43
2026-04-28,NGX27,2027-11-01,Nov 2027,18,3.709
2026-04-28,NGZ27,2027-12-01,Dec 2027,19,4.353
2026-04-28,NGF28,2028-01-01,Jan 2028,20,4.759
2026-04-28,NGG28,2028-02-01,Feb 2028,21,4.24
2026-04-28,NGH28,2028-03-01,Mar 2028,22,3.467
2026-04-28,NGJ28,2028-04-01,Apr 2028,23,3.161
2026-04-28,NGK28,2028-05-01,May 2028,24,3.135
2026-04-28,NGM28,2028-06-01,Jun 2028,25,3.285
2026-04-28,NGN28,2028-07-01,Jul 2028,26,3.504
2026-04-28,NGQ28,2028-08-01,Aug 2028,27,3.562
2026-04-28,NGU28,2028-09-01,Sep 2028,28,3.537
2026-04-28,NGV28,2028-10-01,Oct 2028,29,3.61
2026-04-28,NGX28,2028-11-01,Nov 2028,30,3.849
2026-04-28,NGZ28,2028-12-01,Dec 2028,31,4.405
2026-04-28,NGF29,2029-01-01,Jan 2029,32,4.805
2026-04-28,NGG29,2029-02-01,Feb 2029,33,4.272
2026-04-28,NGH29,2029-03-01,Mar 2029,34,3.392
2026-04-28,NGJ29,2029-04-01,Apr 2029,35,3.099
2026-04-28,NGK29,2029-05-01,May 2029,36,3.078
2026-04-28,NGM29,2029-06-01,Jun 2029,37,3.21
2026-04-28,NGN29,2029-07-01,Jul 2029,38,3.436
2026-04-28,NGQ29,2029-08-01,Aug 2029,39,3.506
2026-04-28,NGU29,2029-09-01,Sep 2029,40,3.492
2026-04-28,NGV29,2029-10-01,Oct 2029,41,3.563
2026-04-28,NGX29,2029-11-01,Nov 2029,42,3.777
2026-04-28,NGZ29,2029-12-01,Dec 2029,43,4.368
2026-04-28,NGF30,2030-01-01,Jan 2030,44,4.743
2026-04-28,NGG30,2030-02-01,Feb 2030,45,4.24
2026-04-28,NGH30,2030-03-01,Mar 2030,46,3.535
2026-04-28,NGJ30,2030-04-01,Apr 2030,47,3.109
2026-04-28,NGK30,2030-05-01,May 2030,48,3.086
2026-04-28,NGM30,2030-06-01,Jun 2030,49,3.213
2026-04-28,NGN30,2030-07-01,Jul 2030,50,3.396
2026-04-28,NGQ30,2030-08-01,Aug 2030,51,3.436
2026-04-28,NGU30,2030-09-01,Sep 2030,52,3.421
2026-04-28,NGV30,2030-10-01,Oct 2030,53,3.498
2026-04-28,NGX30,2030-11-01,Nov 2030,54,3.721
2026-04-28,NGZ30,2030-12-01,Dec 2030,55,4.243
2026-04-28,NGF31,2031-01-01,Jan 2031,56,4.596
2026-04-28,NGG31,2031-02-01,Feb 2031,57,4.143
2026-04-28,NGH31,2031-03-01,Mar 2031,58,3.49
2026-04-28,NGJ31,2031-04-01,Apr 2031,59,3.014
2026-04-28,NGK31,2031-05-01,May 2031,60,2.986
2026-04-28,NGM31,2031-06-01,Jun 2031,61,3.116
2026-04-28,NGN31,2031-07-01,Jul 2031,62,3.284
2026-04-28,NGQ31,2031-08-01,Aug 2031,63,3.342
2026-04-28,NGU31,2031-09-01,Sep 2031,64,3.339
2026-04-28,NGV31,2031-10-01,Oct 2031,65,3.44
2026-04-28,NGX31,2031-11-01,Nov 2031,66,3.691
2026-04-28,NGZ31,2031-12-01,Dec 2031,67,4.266
2026-04-28,NGF32,2032-01-01,Jan 2032,68,4.601
2026-04-28,NGG32,2032-02-01,Feb 2032,69,4.137
2026-04-28,NGH32,2032-03-01,Mar 2032,70,3.444
2026-04-28,NGJ32,2032-04-01,Apr 2032,71,2.977
2026-04-28,NGK32,2032-05-01,May 2032,72,2.958
2026-04-28,NGM32,2032-06-01,Jun 2032,73,3.092
2026-04-28,NGN32,2032-07-01,Jul 2032,74,3.241
2026-04-28,NGQ32,2032-08-01,Aug 2032,75,3.286
2026-04-28,NGU32,2032-09-01,Sep 2032,76,3.263
2026-04-28,NGV32,2032-10-01,Oct 2032,77,3.329
2026-04-28,NGX32,2032-11-01,Nov 2032,78,3.528
2026-04-28,NGZ32,2032-12-01,Dec 2032,79,3.979
2026-04-28,NGF33,2033-01-01,Jan 2033,80,4.234
2026-04-28,NGG33,2033-02-01,Feb 2033,81,3.879
2026-04-28,NGH33,2033-03-01,Mar 2033,82,3.252
2026-04-28,NGJ33,2033-04-01,Apr 2033,83,2.827
2026-04-28,NGK33,2033-05-01,May 2033,84,2.827
2026-04-28,NGM33,2033-06-01,Jun 2033,85,2.975
2026-04-28,NGN33,2033-07-01,Jul 2033,86,3.155
2026-04-28,NGQ33,2033-08-01,Aug 2033,87,3.225
2026-04-28,NGU33,2033-09-01,Sep 2033,88,3.2
2026-04-28,NGV33,2033-10-01,Oct 2033,89,3.275
2026-04-28,NGX33,2033-11-01,Nov 2033,90,3.515
2026-04-28,NGZ33,2033-12-01,Dec 2033,91,3.945
2026-04-28,NGF34,2034-01-01,Jan 2034,92,4.225
2026-04-28,NGG34,2034-02-01,Feb 2034,93,3.92
2026-04-28,NGH34,2034-03-01,Mar 2034,94,3.31
2026-04-28,NGJ34,2034-04-01,Apr 2034,95,2.89
2026-04-28,NGK34,2034-05-01,May 2034,96,2.88
2026-04-28,NGM34,2034-06-01,Jun 2034,97,3.03
2026-04-28,NGN34,2034-07-01,Jul 2034,98,3.21
2026-04-28,NGQ34,2034-08-01,Aug 2034,99,3.27
2026-04-28,NGU34,2034-09-01,Sep 2034,100,3.285
2026-04-28,NGV34,2034-10-01,Oct 2034,101,3.331
2026-04-28,NGX34,2034-11-01,Nov 2034,102,3.571
2026-04-28,NGZ34,2034-12-01,Dec 2034,103,3.971
2026-04-28,NGF35,2035-01-01,Jan 2035,104,4.196
2026-04-28,NGG35,2035-02-01,Feb 2035,105,3.956
2026-04-28,NGH35,2035-03-01,Mar 2035,106,3.526
2026-04-28,NGJ35,2035-04-01,Apr 2035,107,3.136
2026-04-28,NGK35,2035-05-01,May 2035,108,3.114
2026-04-28,NGM35,2035-06-01,Jun 2035,109,3.149
2026-04-28,NGN35,2035-07-01,Jul 2035,110,3.189
2026-04-28,NGQ35,2035-08-01,Aug 2035,111,3.229
2026-04-28,NGU35,2035-09-01,Sep 2035,112,3.244
2026-04-28,NGV35,2035-10-01,Oct 2035,113,3.29
2026-04-28,NGX35,2035-11-01,Nov 2035,114,3.49
2026-04-28,NGZ35,2035-12-01,Dec 2035,115,3.8
2026-04-28,NGF36,2036-01-01,Jan 2036,116,4.07
2026-04-28,NGG36,2036-02-01,Feb 2036,117,3.9
2026-04-28,NGH36,2036-03-01,Mar 2036,118,3.63
2026-04-28,NGJ36,2036-04-01,Apr 2036,119,3.3
2026-04-28,NGK36,2036-05-01,May 2036,120,3.278
2026-04-28,NGM36,2036-06-01,Jun 2036,121,3.318
2026-04-28,NGN36,2036-07-01,Jul 2036,122,3.358
2026-04-28,NGQ36,2036-08-01,Aug 2036,123,3.398
2026-04-28,NGU36,2036-09-01,Sep 2036,124,3.413
2026-04-28,NGV36,2036-10-01,Oct 2036,125,3.459
2026-04-28,NGX36,2036-11-01,Nov 2036,126,3.609
2026-04-28,NGZ36,2036-12-01,Dec 2036,127,3.884
2026-04-28,NGF37,2037-01-01,Jan 2037,128,4.109
2026-04-28,NGG37,2037-02-01,Feb 2037,129,3.959
2026-04-28,NGH37,2037-03-01,Mar 2037,130,3.759
2026-04-28,NGJ37,2037-04-01,Apr 2037,131,3.429
2026-04-28,NGK37,2037-05-01,May 2037,132,3.407
2026-04-28,NGM37,2037-06-01,Jun 2037,133,3.442
2026-04-28,NGN37,2037-07-01,Jul 2037,134,3.482
2026-04-28,NGQ37,2037-08-01,Aug 2037,135,3.522
2026-04-28,NGU37,2037-09-01,Sep 2037,136,3.537
2026-04-28,NGV37,2037-10-01,Oct 2037,137,3.583
2026-04-28,NGX37,2037-11-01,Nov 2037,138,3.708
2026-04-28,NGZ37,2037-12-01,Dec 2037,139,3.933
2026-04-28,NGF38,2038-01-01,Jan 2038,140,4.198
2026-04-29,NGM26,2026-06-01,Jun 2026,0,2.644
2026-04-29,NGN26,2026-07-01,Jul 2026,1,2.941
2026-04-29,NGQ26,2026-08-01,Aug 2026,2,3.02
2026-04-29,NGU26,2026-09-01,Sep 2026,3,3.015
2026-04-29,NGV26,2026-10-01,Oct 2026,4,3.094
2026-04-29,NGX26,2026-11-01,Nov 2026,5,3.411
2026-04-29,NGZ26,2026-12-01,Dec 2026,6,4.166
2026-04-29,NGF27,2027-01-01,Jan 2027,7,4.612
2026-04-29,NGG27,2027-02-01,Feb 2027,8,4.147
2026-04-29,NGH27,2027-03-01,Mar 2027,9,3.233
2026-04-29,NGJ27,2027-04-01,Apr 2027,10,2.977
2026-04-29,NGK27,2027-05-01,May 2027,11,2.96
2026-04-29,NGM27,2027-06-01,Jun 2027,12,3.099
2026-04-29,NGN27,2027-07-01,Jul 2027,13,3.317
2026-04-29,NGQ27,2027-08-01,Aug 2027,14,3.369
2026-04-29,NGU27,2027-09-01,Sep 2027,15,3.348
2026-04-29,NGV27,2027-10-01,Oct 2027,16,3.431
2026-04-29,NGX27,2027-11-01,Nov 2027,17,3.713
2026-04-29,NGZ27,2027-12-01,Dec 2027,18,4.367
2026-04-29,NGF28,2028-01-01,Jan 2028,19,4.769
2026-04-29,NGG28,2028-02-01,Feb 2028,20,4.246
2026-04-29,NGH28,2028-03-01,Mar 2028,21,3.474
2026-04-29,NGJ28,2028-04-01,Apr 2028,22,3.167
2026-04-29,NGK28,2028-05-01,May 2028,23,3.144
2026-04-29,NGM28,2028-06-01,Jun 2028,24,3.301
2026-04-29,NGN28,2028-07-01,Jul 2028,25,3.524
2026-04-29,NGQ28,2028-08-01,Aug 2028,26,3.583
2026-04-29,NGU28,2028-09-01,Sep 2028,27,3.557
2026-04-29,NGV28,2028-10-01,Oct 2028,28,3.61
2026-04-29,NGX28,2028-11-01,Nov 2028,29,3.85
2026-04-29,NGZ28,2028-12-01,Dec 2028,30,4.425
2026-04-29,NGF29,2029-01-01,Jan 2029,31,4.805
2026-04-29,NGG29,2029-02-01,Feb 2029,32,4.271
2026-04-29,NGH29,2029-03-01,Mar 2029,33,3.392
2026-04-29,NGJ29,2029-04-01,Apr 2029,34,3.12
2026-04-29,NGK29,2029-05-01,May 2029,35,3.102
2026-04-29,NGM29,2029-06-01,Jun 2029,36,3.234
2026-04-29,NGN29,2029-07-01,Jul 2029,37,3.46
2026-04-29,NGQ29,2029-08-01,Aug 2029,38,3.53
2026-04-29,NGU29,2029-09-01,Sep 2029,39,3.515
2026-04-29,NGV29,2029-10-01,Oct 2029,40,3.587
2026-04-29,NGX29,2029-11-01,Nov 2029,41,3.802
2026-04-29,NGZ29,2029-12-01,Dec 2029,42,4.365
2026-04-29,NGF30,2030-01-01,Jan 2030,43,4.769
2026-04-29,NGG30,2030-02-01,Feb 2030,44,4.261
2026-04-29,NGH30,2030-03-01,Mar 2030,45,3.52
2026-04-29,NGJ30,2030-04-01,Apr 2030,46,3.121
2026-04-29,NGK30,2030-05-01,May 2030,47,3.095
2026-04-29,NGM30,2030-06-01,Jun 2030,48,3.227
2026-04-29,NGN30,2030-07-01,Jul 2030,49,3.406
2026-04-29,NGQ30,2030-08-01,Aug 2030,50,3.446
2026-04-29,NGU30,2030-09-01,Sep 2030,51,3.432
2026-04-29,NGV30,2030-10-01,Oct 2030,52,3.509
2026-04-29,NGX30,2030-11-01,Nov 2030,53,3.728
2026-04-29,NGZ30,2030-12-01,Dec 2030,54,4.25
2026-04-29,NGF31,2031-01-01,Jan 2031,55,4.603
2026-04-29,NGG31,2031-02-01,Feb 2031,56,4.151
2026-04-29,NGH31,2031-03-01,Mar 2031,57,3.498
2026-04-29,NGJ31,2031-04-01,Apr 2031,58,3.023
2026-04-29,NGK31,2031-05-01,May 2031,59,2.998
2026-04-29,NGM31,2031-06-01,Jun 2031,60,3.145
2026-04-29,NGN31,2031-07-01,Jul 2031,61,3.313
2026-04-29,NGQ31,2031-08-01,Aug 2031,62,3.371
2026-04-29,NGU31,2031-09-01,Sep 2031,63,3.368
2026-04-29,NGV31,2031-10-01,Oct 2031,64,3.469
2026-04-29,NGX31,2031-11-01,Nov 2031,65,3.72
2026-04-29,NGZ31,2031-12-01,Dec 2031,66,4.295
2026-04-29,NGF32,2032-01-01,Jan 2032,67,4.63
2026-04-29,NGG32,2032-02-01,Feb 2032,68,4.166
2026-04-29,NGH32,2032-03-01,Mar 2032,69,3.473
2026-04-29,NGJ32,2032-04-01,Apr 2032,70,3.006
2026-04-29,NGK32,2032-05-01,May 2032,71,2.987
2026-04-29,NGM32,2032-06-01,Jun 2032,72,3.121
2026-04-29,NGN32,2032-07-01,Jul 2032,73,3.27
2026-04-29,NGQ32,2032-08-01,Aug 2032,74,3.315
2026-04-29,NGU32,2032-09-01,Sep 2032,75,3.292
2026-04-29,NGV32,2032-10-01,Oct 2032,76,3.358
2026-04-29,NGX32,2032-11-01,Nov 2032,77,3.557
2026-04-29,NGZ32,2032-12-01,Dec 2032,78,4.008
2026-04-29,NGF33,2033-01-01,Jan 2033,79,4.263
2026-04-29,NGG33,2033-02-01,Feb 2033,80,3.908
2026-04-29,NGH33,2033-03-01,Mar 2033,81,3.281
2026-04-29,NGJ33,2033-04-01,Apr 2033,82,2.856
2026-04-29,NGK33,2033-05-01,May 2033,83,2.856
2026-04-29,NGM33,2033-06-01,Jun 2033,84,3.004
2026-04-29,NGN33,2033-07-01,Jul 2033,85,3.184
2026-04-29,NGQ33,2033-08-01,Aug 2033,86,3.254
2026-04-29,NGU33,2033-09-01,Sep 2033,87,3.229
2026-04-29,NGV33,2033-10-01,Oct 2033,88,3.304
2026-04-29,NGX33,2033-11-01,Nov 2033,89,3.544
2026-04-29,NGZ33,2033-12-01,Dec 2033,90,3.974
2026-04-29,NGF34,2034-01-01,Jan 2034,91,4.254
2026-04-29,NGG34,2034-02-01,Feb 2034,92,3.949
2026-04-29,NGH34,2034-03-01,Mar 2034,93,3.339
2026-04-29,NGJ34,2034-04-01,Apr 2034,94,2.919
2026-04-29,NGK34,2034-05-01,May 2034,95,2.909
2026-04-29,NGM34,2034-06-01,Jun 2034,96,3.059
2026-04-29,NGN34,2034-07-01,Jul 2034,97,3.239
2026-04-29,NGQ34,2034-08-01,Aug 2034,98,3.299
2026-04-29,NGU34,2034-09-01,Sep 2034,99,3.314
2026-04-29,NGV34,2034-10-01,Oct 2034,100,3.36
2026-04-29,NGX34,2034-11-01,Nov 2034,101,3.6
2026-04-29,NGZ34,2034-12-01,Dec 2034,102,4.0
2026-04-29,NGF35,2035-01-01,Jan 2035,103,4.225
2026-04-29,NGG35,2035-02-01,Feb 2035,104,3.985
2026-04-29,NGH35,2035-03-01,Mar 2035,105,3.555
2026-04-29,NGJ35,2035-04-01,Apr 2035,106,3.165
2026-04-29,NGK35,2035-05-01,May 2035,107,3.143
2026-04-29,NGM35,2035-06-01,Jun 2035,108,3.178
2026-04-29,NGN35,2035-07-01,Jul 2035,109,3.218
2026-04-29,NGQ35,2035-08-01,Aug 2035,110,3.258
2026-04-29,NGU35,2035-09-01,Sep 2035,111,3.273
2026-04-29,NGV35,2035-10-01,Oct 2035,112,3.319
2026-04-29,NGX35,2035-11-01,Nov 2035,113,3.519
2026-04-29,NGZ35,2035-12-01,Dec 2035,114,3.829
2026-04-29,NGF36,2036-01-01,Jan 2036,115,4.07
2026-04-29,NGG36,2036-02-01,Feb 2036,116,3.9
2026-04-29,NGH36,2036-03-01,Mar 2036,117,3.63
2026-04-29,NGJ36,2036-04-01,Apr 2036,118,3.329
2026-04-29,NGK36,2036-05-01,May 2036,119,3.307
2026-04-29,NGM36,2036-06-01,Jun 2036,120,3.347
2026-04-29,NGN36,2036-07-01,Jul 2036,121,3.387
2026-04-29,NGQ36,2036-08-01,Aug 2036,122,3.427
2026-04-29,NGU36,2036-09-01,Sep 2036,123,3.442
2026-04-29,NGV36,2036-10-01,Oct 2036,124,3.488
2026-04-29,NGX36,2036-11-01,Nov 2036,125,3.638
2026-04-29,NGZ36,2036-12-01,Dec 2036,126,3.913
2026-04-29,NGF37,2037-01-01,Jan 2037,127,4.138
2026-04-29,NGG37,2037-02-01,Feb 2037,128,3.988
2026-04-29,NGH37,2037-03-01,Mar 2037,129,3.788
2026-04-29,NGJ37,2037-04-01,Apr 2037,130,3.458
2026-04-29,NGK37,2037-05-01,May 2037,131,3.436
2026-04-29,NGM37,2037-06-01,Jun 2037,132,3.471
2026-04-29,NGN37,2037-07-01,Jul 2037,133,3.511
2026-04-29,NGQ37,2037-08-01,Aug 2037,134,3.551
2026-04-29,NGU37,2037-09-01,Sep 2037,135,3.566
2026-04-29,NGV37,2037-10-01,Oct 2037,136,3.612
2026-04-29,NGX37,2037-11-01,Nov 2037,137,3.737
2026-04-29,NGZ37,2037-12-01,Dec 2037,138,3.962
2026-04-29,NGF38,2038-01-01,Jan 2038,139,4.227
2026-04-30,NGM26,2026-06-01,Jun 2026,0,2.763
2026-04-30,NGN26,2026-07-01,Jul 2026,1,3.039
2026-04-30,NGQ26,2026-08-01,Aug 2026,2,3.107
2026-04-30,NGU26,2026-09-01,Sep 2026,3,3.095
2026-04-30,NGV26,2026-10-01,Oct 2026,4,3.168
2026-04-30,NGX26,2026-11-01,Nov 2026,5,3.481
2026-04-30,NGZ26,2026-12-01,Dec 2026,6,4.212
2026-04-30,NGF27,2027-01-01,Jan 2027,7,4.657
2026-04-30,NGG27,2027-02-01,Feb 2027,8,4.187
2026-04-30,NGH27,2027-03-01,Mar 2027,9,3.262
2026-04-30,NGJ27,2027-04-01,Apr 2027,10,2.996
2026-04-30,NGK27,2027-05-01,May 2027,11,2.977
2026-04-30,NGM27,2027-06-01,Jun 2027,12,3.115
2026-04-30,NGN27,2027-07-01,Jul 2027,13,3.329
2026-04-30,NGQ27,2027-08-01,Aug 2027,14,3.381
2026-04-30,NGU27,2027-09-01,Sep 2027,15,3.358
2026-04-30,NGV27,2027-10-01,Oct 2027,16,3.439
2026-04-30,NGX27,2027-11-01,Nov 2027,17,3.718
2026-04-30,NGZ27,2027-12-01,Dec 2027,18,4.384
2026-04-30,NGF28,2028-01-01,Jan 2028,19,4.784
2026-04-30,NGG28,2028-02-01,Feb 2028,20,4.262
2026-04-30,NGH28,2028-03-01,Mar 2028,21,3.49
2026-04-30,NGJ28,2028-04-01,Apr 2028,22,3.177
2026-04-30,NGK28,2028-05-01,May 2028,23,3.161
2026-04-30,NGM28,2028-06-01,Jun 2028,24,3.313
2026-04-30,NGN28,2028-07-01,Jul 2028,25,3.534
2026-04-30,NGQ28,2028-08-01,Aug 2028,26,3.59
2026-04-30,NGU28,2028-09-01,Sep 2028,27,3.565
2026-04-30,NGV28,2028-10-01,Oct 2028,28,3.634
2026-04-30,NGX28,2028-11-01,Nov 2028,29,3.861
2026-04-30,NGZ28,2028-12-01,Dec 2028,30,4.41
2026-04-30,NGF29,2029-01-01,Jan 2029,31,4.832
2026-04-30,NGG29,2029-02-01,Feb 2029,32,4.296
2026-04-30,NGH29,2029-03-01,Mar 2029,33,3.417
2026-04-30,NGJ29,2029-04-01,Apr 2029,34,3.123
2026-04-30,NGK29,2029-05-01,May 2029,35,3.112
2026-04-30,NGM29,2029-06-01,Jun 2029,36,3.243
2026-04-30,NGN29,2029-07-01,Jul 2029,37,3.464
2026-04-30,NGQ29,2029-08-01,Aug 2029,38,3.534
2026-04-30,NGU29,2029-09-01,Sep 2029,39,3.52
2026-04-30,NGV29,2029-10-01,Oct 2029,40,3.59
2026-04-30,NGX29,2029-11-01,Nov 2029,41,3.795
2026-04-30,NGZ29,2029-12-01,Dec 2029,42,4.389
2026-04-30,NGF30,2030-01-01,Jan 2030,43,4.759
2026-04-30,NGG30,2030-02-01,Feb 2030,44,4.249
2026-04-30,NGH30,2030-03-01,Mar 2030,45,3.539
2026-04-30,NGJ30,2030-04-01,Apr 2030,46,3.114
2026-04-30,NGK30,2030-05-01,May 2030,47,3.09
2026-04-30,NGM30,2030-06-01,Jun 2030,48,3.217
2026-04-30,NGN30,2030-07-01,Jul 2030,49,3.397
2026-04-30,NGQ30,2030-08-01,Aug 2030,50,3.442
2026-04-30,NGU30,2030-09-01,Sep 2030,51,3.421
2026-04-30,NGV30,2030-10-01,Oct 2030,52,3.498
2026-04-30,NGX30,2030-11-01,Nov 2030,53,3.717
2026-04-30,NGZ30,2030-12-01,Dec 2030,54,4.239
2026-04-30,NGF31,2031-01-01,Jan 2031,55,4.592
2026-04-30,NGG31,2031-02-01,Feb 2031,56,4.136
2026-04-30,NGH31,2031-03-01,Mar 2031,57,3.483
2026-04-30,NGJ31,2031-04-01,Apr 2031,58,3.008
2026-04-30,NGK31,2031-05-01,May 2031,59,2.983
2026-04-30,NGM31,2031-06-01,Jun 2031,60,3.13
2026-04-30,NGN31,2031-07-01,Jul 2031,61,3.297
2026-04-30,NGQ31,2031-08-01,Aug 2031,62,3.355
2026-04-30,NGU31,2031-09-01,Sep 2031,63,3.352
2026-04-30,NGV31,2031-10-01,Oct 2031,64,3.453
2026-04-30,NGX31,2031-11-01,Nov 2031,65,3.704
2026-04-30,NGZ31,2031-12-01,Dec 2031,66,4.279
2026-04-30,NGF32,2032-01-01,Jan 2032,67,4.614
2026-04-30,NGG32,2032-02-01,Feb 2032,68,4.15
2026-04-30,NGH32,2032-03-01,Mar 2032,69,3.456
2026-04-30,NGJ32,2032-04-01,Apr 2032,70,2.989
2026-04-30,NGK32,2032-05-01,May 2032,71,2.97
2026-04-30,NGM32,2032-06-01,Jun 2032,72,3.104
2026-04-30,NGN32,2032-07-01,Jul 2032,73,3.253
2026-04-30,NGQ32,2032-08-01,Aug 2032,74,3.298
2026-04-30,NGU32,2032-09-01,Sep 2032,75,3.275
2026-04-30,NGV32,2032-10-01,Oct 2032,76,3.341
2026-04-30,NGX32,2032-11-01,Nov 2032,77,3.551
2026-04-30,NGZ32,2032-12-01,Dec 2032,78,4.011
2026-04-30,NGF33,2033-01-01,Jan 2033,79,4.281
2026-04-30,NGG33,2033-02-01,Feb 2033,80,3.926
2026-04-30,NGH33,2033-03-01,Mar 2033,81,3.299
2026-04-30,NGJ33,2033-04-01,Apr 2033,82,2.874
2026-04-30,NGK33,2033-05-01,May 2033,83,2.874
2026-04-30,NGM33,2033-06-01,Jun 2033,84,3.022
2026-04-30,NGN33,2033-07-01,Jul 2033,85,3.202
2026-04-30,NGQ33,2033-08-01,Aug 2033,86,3.272
2026-04-30,NGU33,2033-09-01,Sep 2033,87,3.247
2026-04-30,NGV33,2033-10-01,Oct 2033,88,3.322
2026-04-30,NGX33,2033-11-01,Nov 2033,89,3.562
2026-04-30,NGZ33,2033-12-01,Dec 2033,90,3.992
2026-04-30,NGF34,2034-01-01,Jan 2034,91,4.272
2026-04-30,NGG34,2034-02-01,Feb 2034,92,3.967
2026-04-30,NGH34,2034-03-01,Mar 2034,93,3.357
2026-04-30,NGJ34,2034-04-01,Apr 2034,94,2.937
2026-04-30,NGK34,2034-05-01,May 2034,95,2.927
2026-04-30,NGM34,2034-06-01,Jun 2034,96,3.077
2026-04-30,NGN34,2034-07-01,Jul 2034,97,3.257
2026-04-30,NGQ34,2034-08-01,Aug 2034,98,3.317
2026-04-30,NGU34,2034-09-01,Sep 2034,99,3.332
2026-04-30,NGV34,2034-10-01,Oct 2034,100,3.378
2026-04-30,NGX34,2034-11-01,Nov 2034,101,3.618
2026-04-30,NGZ34,2034-12-01,Dec 2034,102,4.018
2026-04-30,NGF35,2035-01-01,Jan 2035,103,4.243
2026-04-30,NGG35,2035-02-01,Feb 2035,104,4.003
2026-04-30,NGH35,2035-03-01,Mar 2035,105,3.573
2026-04-30,NGJ35,2035-04-01,Apr 2035,106,3.183
2026-04-30,NGK35,2035-05-01,May 2035,107,3.161
2026-04-30,NGM35,2035-06-01,Jun 2035,108,3.196
2026-04-30,NGN35,2035-07-01,Jul 2035,109,3.236
2026-04-30,NGQ35,2035-08-01,Aug 2035,110,3.276
2026-04-30,NGU35,2035-09-01,Sep 2035,111,3.291
2026-04-30,NGV35,2035-10-01,Oct 2035,112,3.337
2026-04-30,NGX35,2035-11-01,Nov 2035,113,3.537
2026-04-30,NGZ35,2035-12-01,Dec 2035,114,3.847
2026-04-30,NGF36,2036-01-01,Jan 2036,115,4.117
2026-04-30,NGG36,2036-02-01,Feb 2036,116,3.947
2026-04-30,NGH36,2036-03-01,Mar 2036,117,3.677
2026-04-30,NGJ36,2036-04-01,Apr 2036,118,3.347
2026-04-30,NGK36,2036-05-01,May 2036,119,3.325
2026-04-30,NGM36,2036-06-01,Jun 2036,120,3.365
2026-04-30,NGN36,2036-07-01,Jul 2036,121,3.405
2026-04-30,NGQ36,2036-08-01,Aug 2036,122,3.445
2026-04-30,NGU36,2036-09-01,Sep 2036,123,3.46
2026-04-30,NGV36,2036-10-01,Oct 2036,124,3.506
2026-04-30,NGX36,2036-11-01,Nov 2036,125,3.656
2026-04-30,NGZ36,2036-12-01,Dec 2036,126,3.931
2026-04-30,NGF37,2037-01-01,Jan 2037,127,4.156
2026-04-30,NGG37,2037-02-01,Feb 2037,128,4.006
2026-04-30,NGH37,2037-03-01,Mar 2037,129,3.806
2026-04-30,NGJ37,2037-04-01,Apr 2037,130,3.476
2026-04-30,NGK37,2037-05-01,May 2037,131,3.454
2026-04-30,NGM37,2037-06-01,Jun 2037,132,3.489
2026-04-30,NGN37,2037-07-01,Jul 2037,133,3.529
2026-04-30,NGQ37,2037-08-01,Aug 2037,134,3.569
2026-04-30,NGU37,2037-09-01,Sep 2037,135,3.584
2026-04-30,NGV37,2037-10-01,Oct 2037,136,3.63
2026-04-30,NGX37,2037-11-01,Nov 2037,137,3.755
2026-04-30,NGZ37,2037-12-01,Dec 2037,138,3.98
2026-04-30,NGF38,2038-01-01,Jan 2038,139,4.245
2026-05-01,NGM26,2026-06-01,Jun 2026,0,2.79
2026-05-01,NGN26,2026-07-01,Jul 2026,1,3.084
2026-05-01,NGQ26,2026-08-01,Aug 2026,2,3.151
2026-05-01,NGU26,2026-09-01,Sep 2026,3,3.139
2026-05-01,NGV26,2026-10-01,Oct 2026,4,3.21
2026-05-01,NGX26,2026-11-01,Nov 2026,5,3.521
2026-05-01,NGZ26,2026-12-01,Dec 2026,6,4.247
2026-05-01,NGF27,2027-01-01,Jan 2027,7,4.691
2026-05-01,NGG27,2027-02-01,Feb 2027,8,4.216
2026-05-01,NGH27,2027-03-01,Mar 2027,9,3.272
2026-05-01,NGJ27,2027-04-01,Apr 2027,10,3.014
2026-05-01,NGK27,2027-05-01,May 2027,11,2.992
2026-05-01,NGM27,2027-06-01,Jun 2027,12,3.124
2026-05-01,NGN27,2027-07-01,Jul 2027,13,3.342
2026-05-01,NGQ27,2027-08-01,Aug 2027,14,3.393
2026-05-01,NGU27,2027-09-01,Sep 2027,15,3.37
2026-05-01,NGV27,2027-10-01,Oct 2027,16,3.449
2026-05-01,NGX27,2027-11-01,Nov 2027,17,3.722
2026-05-01,NGZ27,2027-12-01,Dec 2027,18,4.384
2026-05-01,NGF28,2028-01-01,Jan 2028,19,4.783
2026-05-01,NGG28,2028-02-01,Feb 2028,20,4.265
2026-05-01,NGH28,2028-03-01,Mar 2028,21,3.496
2026-05-01,NGJ28,2028-04-01,Apr 2028,22,3.179
2026-05-01,NGK28,2028-05-01,May 2028,23,3.159
2026-05-01,NGM28,2028-06-01,Jun 2028,24,3.309
2026-05-01,NGN28,2028-07-01,Jul 2028,25,3.525
2026-05-01,NGQ28,2028-08-01,Aug 2028,26,3.587
2026-05-01,NGU28,2028-09-01,Sep 2028,27,3.561
2026-05-01,NGV28,2028-10-01,Oct 2028,28,3.622
2026-05-01,NGX28,2028-11-01,Nov 2028,29,3.858
2026-05-01,NGZ28,2028-12-01,Dec 2028,30,4.427
2026-05-01,NGF29,2029-01-01,Jan 2029,31,4.824
2026-05-01,NGG29,2029-02-01,Feb 2029,32,4.296
2026-05-01,NGH29,2029-03-01,Mar 2029,33,3.426
2026-05-01,NGJ29,2029-04-01,Apr 2029,34,3.13
2026-05-01,NGK29,2029-05-01,May 2029,35,3.106
2026-05-01,NGM29,2029-06-01,Jun 2029,36,3.238
2026-05-01,NGN29,2029-07-01,Jul 2029,37,3.463
2026-05-01,NGQ29,2029-08-01,Aug 2029,38,3.535
2026-05-01,NGU29,2029-09-01,Sep 2029,39,3.521
2026-05-01,NGV29,2029-10-01,Oct 2029,40,3.591
2026-05-01,NGX29,2029-11-01,Nov 2029,41,3.797
2026-05-01,NGZ29,2029-12-01,Dec 2029,42,4.387
2026-05-01,NGF30,2030-01-01,Jan 2030,43,4.758
2026-05-01,NGG30,2030-02-01,Feb 2030,44,4.255
2026-05-01,NGH30,2030-03-01,Mar 2030,45,3.542
2026-05-01,NGJ30,2030-04-01,Apr 2030,46,3.117
2026-05-01,NGK30,2030-05-01,May 2030,47,3.087
2026-05-01,NGM30,2030-06-01,Jun 2030,48,3.222
2026-05-01,NGN30,2030-07-01,Jul 2030,49,3.414
2026-05-01,NGQ30,2030-08-01,Aug 2030,50,3.464
2026-05-01,NGU30,2030-09-01,Sep 2030,51,3.442
2026-05-01,NGV30,2030-10-01,Oct 2030,52,3.512
2026-05-01,NGX30,2030-11-01,Nov 2030,53,3.728
2026-05-01,NGZ30,2030-12-01,Dec 2030,54,4.249
2026-05-01,NGF31,2031-01-01,Jan 2031,55,4.602
2026-05-01,NGG31,2031-02-01,Feb 2031,56,4.143
2026-05-01,NGH31,2031-03-01,Mar 2031,57,3.489
2026-05-01,NGJ31,2031-04-01,Apr 2031,58,3.014
2026-05-01,NGK31,2031-05-01,May 2031,59,2.984
2026-05-01,NGM31,2031-06-01,Jun 2031,60,3.123
2026-05-01,NGN31,2031-07-01,Jul 2031,61,3.29
2026-05-01,NGQ31,2031-08-01,Aug 2031,62,3.347
2026-05-01,NGU31,2031-09-01,Sep 2031,63,3.344
2026-05-01,NGV31,2031-10-01,Oct 2031,64,3.445
2026-05-01,NGX31,2031-11-01,Nov 2031,65,3.695
2026-05-01,NGZ31,2031-12-01,Dec 2031,66,4.27
2026-05-01,NGF32,2032-01-01,Jan 2032,67,4.605
2026-05-01,NGG32,2032-02-01,Feb 2032,68,4.14
2026-05-01,NGH32,2032-03-01,Mar 2032,69,3.44
2026-05-01,NGJ32,2032-04-01,Apr 2032,70,2.976
2026-05-01,NGK32,2032-05-01,May 2032,71,2.954
2026-05-01,NGM32,2032-06-01,Jun 2032,72,3.086
2026-05-01,NGN32,2032-07-01,Jul 2032,73,3.246
2026-05-01,NGQ32,2032-08-01,Aug 2032,74,3.301
2026-05-01,NGU32,2032-09-01,Sep 2032,75,3.286
2026-05-01,NGV32,2032-10-01,Oct 2032,76,3.35
2026-05-01,NGX32,2032-11-01,Nov 2032,77,3.57
2026-05-01,NGZ32,2032-12-01,Dec 2032,78,4.005
2026-05-01,NGF33,2033-01-01,Jan 2033,79,4.26
2026-05-01,NGG33,2033-02-01,Feb 2033,80,3.905
2026-05-01,NGH33,2033-03-01,Mar 2033,81,3.278
2026-05-01,NGJ33,2033-04-01,Apr 2033,82,2.853
2026-05-01,NGK33,2033-05-01,May 2033,83,2.853
2026-05-01,NGM33,2033-06-01,Jun 2033,84,3.001
2026-05-01,NGN33,2033-07-01,Jul 2033,85,3.181
2026-05-01,NGQ33,2033-08-01,Aug 2033,86,3.251
2026-05-01,NGU33,2033-09-01,Sep 2033,87,3.226
2026-05-01,NGV33,2033-10-01,Oct 2033,88,3.301
2026-05-01,NGX33,2033-11-01,Nov 2033,89,3.541
2026-05-01,NGZ33,2033-12-01,Dec 2033,90,3.971
2026-05-01,NGF34,2034-01-01,Jan 2034,91,4.251
2026-05-01,NGG34,2034-02-01,Feb 2034,92,3.946
2026-05-01,NGH34,2034-03-01,Mar 2034,93,3.336
2026-05-01,NGJ34,2034-04-01,Apr 2034,94,2.916
2026-05-01,NGK34,2034-05-01,May 2034,95,2.906
2026-05-01,NGM34,2034-06-01,Jun 2034,96,3.056
2026-05-01,NGN34,2034-07-01,Jul 2034,97,3.236
2026-05-01,NGQ34,2034-08-01,Aug 2034,98,3.296
2026-05-01,NGU34,2034-09-01,Sep 2034,99,3.311
2026-05-01,NGV34,2034-10-01,Oct 2034,100,3.357
2026-05-01,NGX34,2034-11-01,Nov 2034,101,3.597
2026-05-01,NGZ34,2034-12-01,Dec 2034,102,3.997
2026-05-01,NGF35,2035-01-01,Jan 2035,103,4.222
2026-05-01,NGG35,2035-02-01,Feb 2035,104,3.982
2026-05-01,NGH35,2035-03-01,Mar 2035,105,3.552
2026-05-01,NGJ35,2035-04-01,Apr 2035,106,3.162
2026-05-01,NGK35,2035-05-01,May 2035,107,3.14
2026-05-01,NGM35,2035-06-01,Jun 2035,108,3.175
2026-05-01,NGN35,2035-07-01,Jul 2035,109,3.215
2026-05-01,NGQ35,2035-08-01,Aug 2035,110,3.255
2026-05-01,NGU35,2035-09-01,Sep 2035,111,3.27
2026-05-01,NGV35,2035-10-01,Oct 2035,112,3.316
2026-05-01,NGX35,2035-11-01,Nov 2035,113,3.516
2026-05-01,NGZ35,2035-12-01,Dec 2035,114,3.826
2026-05-01,NGF36,2036-01-01,Jan 2036,115,4.096
2026-05-01,NGG36,2036-02-01,Feb 2036,116,3.926
2026-05-01,NGH36,2036-03-01,Mar 2036,117,3.656
2026-05-01,NGJ36,2036-04-01,Apr 2036,118,3.326
2026-05-01,NGK36,2036-05-01,May 2036,119,3.304
2026-05-01,NGM36,2036-06-01,Jun 2036,120,3.344
2026-05-01,NGN36,2036-07-01,Jul 2036,121,3.384
2026-05-01,NGQ36,2036-08-01,Aug 2036,122,3.424
2026-05-01,NGU36,2036-09-01,Sep 2036,123,3.439
2026-05-01,NGV36,2036-10-01,Oct 2036,124,3.485
2026-05-01,NGX36,2036-11-01,Nov 2036,125,3.635
2026-05-01,NGZ36,2036-12-01,Dec 2036,126,3.91
2026-05-01,NGF37,2037-01-01,Jan 2037,127,4.135
2026-05-01,NGG37,2037-02-01,Feb 2037,128,3.985
2026-05-01,NGH37,2037-03-01,Mar 2037,129,3.785
2026-05-01,NGJ37,2037-04-01,Apr 2037,130,3.455
2026-05-01,NGK37,2037-05-01,May 2037,131,3.433
2026-05-01,NGM37,2037-06-01,Jun 2037,132,3.468
2026-05-01,NGN37,2037-07-01,Jul 2037,133,3.508
2026-05-01,NGQ37,2037-08-01,Aug 2037,134,3.548
2026-05-01,NGU37,2037-09-01,Sep 2037,135,3.563
2026-05-01,NGV37,2037-10-01,Oct 2037,136,3.609
2026-05-01,NGX37,2037-11-01,Nov 2037,137,3.734
2026-05-01,NGZ37,2037-12-01,Dec 2037,138,3.959
2026-05-01,NGF38,2038-01-01,Jan 2038,139,4.224
2026-05-02,NGM26,2026-06-01,Jun 2026,0,2.78
2026-05-02,NGN26,2026-07-01,Jul 2026,1,3.075
2026-05-02,NGQ26,2026-08-01,Aug 2026,2,3.142
2026-05-02,NGU26,2026-09-01,Sep 2026,3,3.13
2026-05-02,NGV26,2026-10-01,Oct 2026,4,3.203
2026-05-02,NGX26,2026-11-01,Nov 2026,5,3.515
2026-05-02,NGZ26,2026-12-01,Dec 2026,6,4.243
2026-05-02,NGF27,2027-01-01,Jan 2027,7,4.684
2026-05-02,NGG27,2027-02-01,Feb 2027,8,4.21
2026-05-02,NGH27,2027-03-01,Mar 2027,9,3.268
2026-05-02,NGJ27,2027-04-01,Apr 2027,10,3.011
2026-05-02,NGK27,2027-05-01,May 2027,11,2.99
2026-05-02,NGM27,2027-06-01,Jun 2027,12,3.127
2026-05-02,NGN27,2027-07-01,Jul 2027,13,3.34
2026-05-02,NGQ27,2027-08-01,Aug 2027,14,3.392
2026-05-02,NGU27,2027-09-01,Sep 2027,15,3.37
2026-05-02,NGV27,2027-10-01,Oct 2027,16,3.45
2026-05-02,NGX27,2027-11-01,Nov 2027,17,3.723
2026-05-02,NGZ27,2027-12-01,Dec 2027,18,4.381
2026-05-02,NGF28,2028-01-01,Jan 2028,19,4.78
2026-05-02,NGG28,2028-02-01,Feb 2028,20,4.265
2026-05-02,NGH28,2028-03-01,Mar 2028,21,3.492
2026-05-02,NGJ28,2028-04-01,Apr 2028,22,3.177
2026-05-02,NGK28,2028-05-01,May 2028,23,3.159
2026-05-02,NGM28,2028-06-01,Jun 2028,24,3.309
2026-05-02,NGN28,2028-07-01,Jul 2028,25,3.531
2026-05-02,NGQ28,2028-08-01,Aug 2028,26,3.587
2026-05-02,NGU28,2028-09-01,Sep 2028,27,3.561
2026-05-02,NGV28,2028-10-01,Oct 2028,28,3.629
2026-05-02,NGX28,2028-11-01,Nov 2028,29,3.855
2026-05-02,NGZ28,2028-12-01,Dec 2028,30,4.423
2026-05-02,NGF29,2029-01-01,Jan 2029,31,4.824
2026-05-02,NGG29,2029-02-01,Feb 2029,32,4.296
2026-05-02,NGH29,2029-03-01,Mar 2029,33,3.426
2026-05-02,NGJ29,2029-04-01,Apr 2029,34,3.128
2026-05-02,NGK29,2029-05-01,May 2029,35,3.106
2026-05-02,NGM29,2029-06-01,Jun 2029,36,3.238
2026-05-02,NGN29,2029-07-01,Jul 2029,37,3.463
2026-05-02,NGQ29,2029-08-01,Aug 2029,38,3.535
2026-05-02,NGU29,2029-09-01,Sep 2029,39,3.521
2026-05-02,NGV29,2029-10-01,Oct 2029,40,3.591
2026-05-02,NGX29,2029-11-01,Nov 2029,41,3.797
2026-05-02,NGZ29,2029-12-01,Dec 2029,42,4.387
2026-05-02,NGF30,2030-01-01,Jan 2030,43,4.758
2026-05-02,NGG30,2030-02-01,Feb 2030,44,4.255
2026-05-02,NGH30,2030-03-01,Mar 2030,45,3.542
2026-05-02,NGJ30,2030-04-01,Apr 2030,46,3.117
2026-05-02,NGK30,2030-05-01,May 2030,47,3.087
2026-05-02,NGM30,2030-06-01,Jun 2030,48,3.222
2026-05-02,NGN30,2030-07-01,Jul 2030,49,3.414
2026-05-02,NGQ30,2030-08-01,Aug 2030,50,3.464
2026-05-02,NGU30,2030-09-01,Sep 2030,51,3.442
2026-05-02,NGV30,2030-10-01,Oct 2030,52,3.512
2026-05-02,NGX30,2030-11-01,Nov 2030,53,3.728
2026-05-02,NGZ30,2030-12-01,Dec 2030,54,4.249
2026-05-02,NGF31,2031-01-01,Jan 2031,55,4.602
2026-05-02,NGG31,2031-02-01,Feb 2031,56,4.143
2026-05-02,NGH31,2031-03-01,Mar 2031,57,3.489
2026-05-02,NGJ31,2031-04-01,Apr 2031,58,3.014
2026-05-02,NGK31,2031-05-01,May 2031,59,2.984
2026-05-02,NGM31,2031-06-01,Jun 2031,60,3.123
2026-05-02,NGN31,2031-07-01,Jul 2031,61,3.29
2026-05-02,NGQ31,2031-08-01,Aug 2031,62,3.347
2026-05-02,NGU31,2031-09-01,Sep 2031,63,3.344
2026-05-02,NGV31,2031-10-01,Oct 2031,64,3.445
2026-05-02,NGX31,2031-11-01,Nov 2031,65,3.695
2026-05-02,NGZ31,2031-12-01,Dec 2031,66,4.27
2026-05-02,NGF32,2032-01-01,Jan 2032,67,4.605
2026-05-02,NGG32,2032-02-01,Feb 2032,68,4.14
2026-05-02,NGH32,2032-03-01,Mar 2032,69,3.44
2026-05-02,NGJ32,2032-04-01,Apr 2032,70,2.976
2026-05-02,NGK32,2032-05-01,May 2032,71,2.954
2026-05-02,NGM32,2032-06-01,Jun 2032,72,3.086
2026-05-02,NGN32,2032-07-01,Jul 2032,73,3.246
2026-05-02,NGQ32,2032-08-01,Aug 2032,74,3.301
2026-05-02,NGU32,2032-09-01,Sep 2032,75,3.286
2026-05-02,NGV32,2032-10-01,Oct 2032,76,3.35
2026-05-02,NGX32,2032-11-01,Nov 2032,77,3.57
2026-05-02,NGZ32,2032-12-01,Dec 2032,78,4.005
2026-05-02,NGF33,2033-01-01,Jan 2033,79,4.26
2026-05-02,NGG33,2033-02-01,Feb 2033,80,3.905
2026-05-02,NGH33,2033-03-01,Mar 2033,81,3.278
2026-05-02,NGJ33,2033-04-01,Apr 2033,82,2.853
2026-05-02,NGK33,2033-05-01,May 2033,83,2.853
2026-05-02,NGM33,2033-06-01,Jun 2033,84,3.001
2026-05-02,NGN33,2033-07-01,Jul 2033,85,3.181
2026-05-02,NGQ33,2033-08-01,Aug 2033,86,3.251
2026-05-02,NGU33,2033-09-01,Sep 2033,87,3.226
2026-05-02,NGV33,2033-10-01,Oct 2033,88,3.301
2026-05-02,NGX33,2033-11-01,Nov 2033,89,3.541
2026-05-02,NGZ33,2033-12-01,Dec 2033,90,3.971
2026-05-02,NGF34,2034-01-01,Jan 2034,91,4.251
2026-05-02,NGG34,2034-02-01,Feb 2034,92,3.946
2026-05-02,NGH34,2034-03-01,Mar 2034,93,3.336
2026-05-02,NGJ34,2034-04-01,Apr 2034,94,2.916
2026-05-02,NGK34,2034-05-01,May 2034,95,2.906
2026-05-02,NGM34,2034-06-01,Jun 2034,96,3.056
2026-05-02,NGN34,2034-07-01,Jul 2034,97,3.236
2026-05-02,NGQ34,2034-08-01,Aug 2034,98,3.296
2026-05-02,NGU34,2034-09-01,Sep 2034,99,3.311
2026-05-02,NGV34,2034-10-01,Oct 2034,100,3.357
2026-05-02,NGX34,2034-11-01,Nov 2034,101,3.597
2026-05-02,NGZ34,2034-12-01,Dec 2034,102,3.997
2026-05-02,NGF35,2035-01-01,Jan 2035,103,4.222
2026-05-02,NGG35,2035-02-01,Feb 2035,104,3.982
2026-05-02,NGH35,2035-03-01,Mar 2035,105,3.552
2026-05-02,NGJ35,2035-04-01,Apr 2035,106,3.162
2026-05-02,NGK35,2035-05-01,May 2035,107,3.14
2026-05-02,NGM35,2035-06-01,Jun 2035,108,3.175
2026-05-02,NGN35,2035-07-01,Jul 2035,109,3.215
2026-05-02,NGQ35,2035-08-01,Aug 2035,110,3.255
2026-05-02,NGU35,2035-09-01,Sep 2035,111,3.27
2026-05-02,NGV35,2035-10-01,Oct 2035,112,3.316
2026-05-02,NGX35,2035-11-01,Nov 2035,113,3.516
2026-05-02,NGZ35,2035-12-01,Dec 2035,114,3.826
2026-05-02,NGF36,2036-01-01,Jan 2036,115,4.096
2026-05-02,NGG36,2036-02-01,Feb 2036,116,3.926
2026-05-02,NGH36,2036-03-01,Mar 2036,117,3.656
2026-05-02,NGJ36,2036-04-01,Apr 2036,118,3.326
2026-05-02,NGK36,2036-05-01,May 2036,119,3.304
2026-05-02,NGM36,2036-06-01,Jun 2036,120,3.344
2026-05-02,NGN36,2036-07-01,Jul 2036,121,3.384
2026-05-02,NGQ36,2036-08-01,Aug 2036,122,3.424
2026-05-02,NGU36,2036-09-01,Sep 2036,123,3.439
2026-05-02,NGV36,2036-10-01,Oct 2036,124,3.485
2026-05-02,NGX36,2036-11-01,Nov 2036,125,3.635
2026-05-02,NGZ36,2036-12-01,Dec 2036,126,3.91
2026-05-02,NGF37,2037-01-01,Jan 2037,127,4.135
2026-05-02,NGG37,2037-02-01,Feb 2037,128,3.985
2026-05-02,NGH37,2037-03-01,Mar 2037,129,3.785
2026-05-02,NGJ37,2037-04-01,Apr 2037,130,3.455
2026-05-02,NGK37,2037-05-01,May 2037,131,3.433
2026-05-02,NGM37,2037-06-01,Jun 2037,132,3.468
2026-05-02,NGN37,2037-07-01,Jul 2037,133,3.508
2026-05-02,NGQ37,2037-08-01,Aug 2037,134,3.548
2026-05-02,NGU37,2037-09-01,Sep 2037,135,3.563
2026-05-02,NGV37,2037-10-01,Oct 2037,136,3.609
2026-05-02,NGX37,2037-11-01,Nov 2037,137,3.734
2026-05-02,NGZ37,2037-12-01,Dec 2037,138,3.959
2026-05-02,NGF38,2038-01-01,Jan 2038,139,4.224
2026-05-03,NGM26,2026-06-01,Jun 2026,0,2.78
2026-05-03,NGN26,2026-07-01,Jul 2026,1,3.075
2026-05-03,NGQ26,2026-08-01,Aug 2026,2,3.142
2026-05-03,NGU26,2026-09-01,Sep 2026,3,3.13
2026-05-03,NGV26,2026-10-01,Oct 2026,4,3.203
2026-05-03,NGX26,2026-11-01,Nov 2026,5,3.515
2026-05-03,NGZ26,2026-12-01,Dec 2026,6,4.243
2026-05-03,NGF27,2027-01-01,Jan 2027,7,4.684
2026-05-03,NGG27,2027-02-01,Feb 2027,8,4.21
2026-05-03,NGH27,2027-03-01,Mar 2027,9,3.268
2026-05-03,NGJ27,2027-04-01,Apr 2027,10,3.011
2026-05-03,NGK27,2027-05-01,May 2027,11,2.99
2026-05-03,NGM27,2027-06-01,Jun 2027,12,3.127
2026-05-03,NGN27,2027-07-01,Jul 2027,13,3.34
2026-05-03,NGQ27,2027-08-01,Aug 2027,14,3.392
2026-05-03,NGU27,2027-09-01,Sep 2027,15,3.37
2026-05-03,NGV27,2027-10-01,Oct 2027,16,3.45
2026-05-03,NGX27,2027-11-01,Nov 2027,17,3.723
2026-05-03,NGZ27,2027-12-01,Dec 2027,18,4.381
2026-05-03,NGF28,2028-01-01,Jan 2028,19,4.78
2026-05-03,NGG28,2028-02-01,Feb 2028,20,4.265
2026-05-03,NGH28,2028-03-01,Mar 2028,21,3.492
2026-05-03,NGJ28,2028-04-01,Apr 2028,22,3.177
2026-05-03,NGK28,2028-05-01,May 2028,23,3.159
2026-05-03,NGM28,2028-06-01,Jun 2028,24,3.309
2026-05-03,NGN28,2028-07-01,Jul 2028,25,3.531
2026-05-03,NGQ28,2028-08-01,Aug 2028,26,3.587
2026-05-03,NGU28,2028-09-01,Sep 2028,27,3.561
2026-05-03,NGV28,2028-10-01,Oct 2028,28,3.629
2026-05-03,NGX28,2028-11-01,Nov 2028,29,3.855
2026-05-03,NGZ28,2028-12-01,Dec 2028,30,4.423
2026-05-03,NGF29,2029-01-01,Jan 2029,31,4.824
2026-05-03,NGG29,2029-02-01,Feb 2029,32,4.296
2026-05-03,NGH29,2029-03-01,Mar 2029,33,3.426
2026-05-03,NGJ29,2029-04-01,Apr 2029,34,3.128
2026-05-03,NGK29,2029-05-01,May 2029,35,3.106
2026-05-03,NGM29,2029-06-01,Jun 2029,36,3.238
2026-05-03,NGN29,2029-07-01,Jul 2029,37,3.463
2026-05-03,NGQ29,2029-08-01,Aug 2029,38,3.535
2026-05-03,NGU29,2029-09-01,Sep 2029,39,3.521
2026-05-03,NGV29,2029-10-01,Oct 2029,40,3.591
2026-05-03,NGX29,2029-11-01,Nov 2029,41,3.797
2026-05-03,NGZ29,2029-12-01,Dec 2029,42,4.387
2026-05-03,NGF30,2030-01-01,Jan 2030,43,4.758
2026-05-03,NGG30,2030-02-01,Feb 2030,44,4.255
2026-05-03,NGH30,2030-03-01,Mar 2030,45,3.542
2026-05-03,NGJ30,2030-04-01,Apr 2030,46,3.117
2026-05-03,NGK30,2030-05-01,May 2030,47,3.087
2026-05-03,NGM30,2030-06-01,Jun 2030,48,3.222
2026-05-03,NGN30,2030-07-01,Jul 2030,49,3.414
2026-05-03,NGQ30,2030-08-01,Aug 2030,50,3.464
2026-05-03,NGU30,2030-09-01,Sep 2030,51,3.442
2026-05-03,NGV30,2030-10-01,Oct 2030,52,3.512
2026-05-03,NGX30,2030-11-01,Nov 2030,53,3.728
2026-05-03,NGZ30,2030-12-01,Dec 2030,54,4.249
2026-05-03,NGF31,2031-01-01,Jan 2031,55,4.602
2026-05-03,NGG31,2031-02-01,Feb 2031,56,4.143
2026-05-03,NGH31,2031-03-01,Mar 2031,57,3.489
2026-05-03,NGJ31,2031-04-01,Apr 2031,58,3.014
2026-05-03,NGK31,2031-05-01,May 2031,59,2.984
2026-05-03,NGM31,2031-06-01,Jun 2031,60,3.123
2026-05-03,NGN31,2031-07-01,Jul 2031,61,3.29
2026-05-03,NGQ31,2031-08-01,Aug 2031,62,3.347
2026-05-03,NGU31,2031-09-01,Sep 2031,63,3.344
2026-05-03,NGV31,2031-10-01,Oct 2031,64,3.445
2026-05-03,NGX31,2031-11-01,Nov 2031,65,3.695
2026-05-03,NGZ31,2031-12-01,Dec 2031,66,4.27
2026-05-03,NGF32,2032-01-01,Jan 2032,67,4.605
2026-05-03,NGG32,2032-02-01,Feb 2032,68,4.14
2026-05-03,NGH32,2032-03-01,Mar 2032,69,3.44
2026-05-03,NGJ32,2032-04-01,Apr 2032,70,2.976
2026-05-03,NGK32,2032-05-01,May 2032,71,2.954
2026-05-03,NGM32,2032-06-01,Jun 2032,72,3.086
2026-05-03,NGN32,2032-07-01,Jul 2032,73,3.246
2026-05-03,NGQ32,2032-08-01,Aug 2032,74,3.301
2026-05-03,NGU32,2032-09-01,Sep 2032,75,3.286
2026-05-03,NGV32,2032-10-01,Oct 2032,76,3.35
2026-05-03,NGX32,2032-11-01,Nov 2032,77,3.57
2026-05-03,NGZ32,2032-12-01,Dec 2032,78,4.005
2026-05-03,NGF33,2033-01-01,Jan 2033,79,4.26
2026-05-03,NGG33,2033-02-01,Feb 2033,80,3.905
2026-05-03,NGH33,2033-03-01,Mar 2033,81,3.278
2026-05-03,NGJ33,2033-04-01,Apr 2033,82,2.853
2026-05-03,NGK33,2033-05-01,May 2033,83,2.853
2026-05-03,NGM33,2033-06-01,Jun 2033,84,3.001
2026-05-03,NGN33,2033-07-01,Jul 2033,85,3.181
2026-05-03,NGQ33,2033-08-01,Aug 2033,86,3.251
2026-05-03,NGU33,2033-09-01,Sep 2033,87,3.226
2026-05-03,NGV33,2033-10-01,Oct 2033,88,3.301
2026-05-03,NGX33,2033-11-01,Nov 2033,89,3.541
2026-05-03,NGZ33,2033-12-01,Dec 2033,90,3.971
2026-05-03,NGF34,2034-01-01,Jan 2034,91,4.251
2026-05-03,NGG34,2034-02-01,Feb 2034,92,3.946
2026-05-03,NGH34,2034-03-01,Mar 2034,93,3.336
2026-05-03,NGJ34,2034-04-01,Apr 2034,94,2.916
2026-05-03,NGK34,2034-05-01,May 2034,95,2.906
2026-05-03,NGM34,2034-06-01,Jun 2034,96,3.056
2026-05-03,NGN34,2034-07-01,Jul 2034,97,3.236
2026-05-03,NGQ34,2034-08-01,Aug 2034,98,3.296
2026-05-03,NGU34,2034-09-01,Sep 2034,99,3.311
2026-05-03,NGV34,2034-10-01,Oct 2034,100,3.357
2026-05-03,NGX34,2034-11-01,Nov 2034,101,3.597
2026-05-03,NGZ34,2034-12-01,Dec 2034,102,3.997
2026-05-03,NGF35,2035-01-01,Jan 2035,103,4.222
2026-05-03,NGG35,2035-02-01,Feb 2035,104,3.982
2026-05-03,NGH35,2035-03-01,Mar 2035,105,3.552
2026-05-03,NGJ35,2035-04-01,Apr 2035,106,3.162
2026-05-03,NGK35,2035-05-01,May 2035,107,3.14
2026-05-03,NGM35,2035-06-01,Jun 2035,108,3.175
2026-05-03,NGN35,2035-07-01,Jul 2035,109,3.215
2026-05-03,NGQ35,2035-08-01,Aug 2035,110,3.255
2026-05-03,NGU35,2035-09-01,Sep 2035,111,3.27
2026-05-03,NGV35,2035-10-01,Oct 2035,112,3.316
2026-05-03,NGX35,2035-11-01,Nov 2035,113,3.516
2026-05-03,NGZ35,2035-12-01,Dec 2035,114,3.826
2026-05-03,NGF36,2036-01-01,Jan 2036,115,4.096
2026-05-03,NGG36,2036-02-01,Feb 2036,116,3.926
2026-05-03,NGH36,2036-03-01,Mar 2036,117,3.656
2026-05-03,NGJ36,2036-04-01,Apr 2036,118,3.326
2026-05-03,NGK36,2036-05-01,May 2036,119,3.304
2026-05-03,NGM36,2036-06-01,Jun 2036,120,3.344
2026-05-03,NGN36,2036-07-01,Jul 2036,121,3.384
2026-05-03,NGQ36,2036-08-01,Aug 2036,122,3.424
2026-05-03,NGU36,2036-09-01,Sep 2036,123,3.439
2026-05-03,NGV36,2036-10-01,Oct 2036,124,3.485
2026-05-03,NGX36,2036-11-01,Nov 2036,125,3.635
2026-05-03,NGZ36,2036-12-01,Dec 2036,126,3.91
2026-05-03,NGF37,2037-01-01,Jan 2037,127,4.135
2026-05-03,NGG37,2037-02-01,Feb 2037,128,3.985
2026-05-03,NGH37,2037-03-01,Mar 2037,129,3.785
2026-05-03,NGJ37,2037-04-01,Apr 2037,130,3.455
2026-05-03,NGK37,2037-05-01,May 2037,131,3.433
2026-05-03,NGM37,2037-06-01,Jun 2037,132,3.468
2026-05-03,NGN37,2037-07-01,Jul 2037,133,3.508
2026-05-03,NGQ37,2037-08-01,Aug 2037,134,3.548
2026-05-03,NGU37,2037-09-01,Sep 2037,135,3.563
2026-05-03,NGV37,2037-10-01,Oct 2037,136,3.609
2026-05-03,NGX37,2037-11-01,Nov 2037,137,3.734
2026-05-03,NGZ37,2037-12-01,Dec 2037,138,3.959
2026-05-03,NGF38,2038-01-01,Jan 2038,139,4.224
2026-05-03,NGG38,2038-02-01,Feb 2038,140,4.074
2026-05-03,NGH38,2038-03-01,Mar 2038,141,3.874
2026-05-03,NGJ38,2038-04-01,Apr 2038,142,3.544
2026-05-03,NGK38,2038-05-01,May 2038,143,3.522
2026-05-03,NGM38,2038-06-01,Jun 2038,144,3.602
2026-05-03,NGN38,2038-07-01,Jul 2038,145,3.702
2026-05-03,NGQ38,2038-08-01,Aug 2038,146,3.742
2026-05-03,NGU38,2038-09-01,Sep 2038,147,3.757
2026-05-03,NGV38,2038-10-01,Oct 2038,148,3.803
2026-05-03,NGX38,2038-11-01,Nov 2038,149,3.875
2026-05-03,NGZ38,2038-12-01,Dec 2038,150,4.03
2026-05-04,NGM26,2026-06-01,Jun 2026,0,2.85
2026-05-04,NGN26,2026-07-01,Jul 2026,1,3.141
2026-05-04,NGQ26,2026-08-01,Aug 2026,2,3.215
2026-05-04,NGU26,2026-09-01,Sep 2026,3,3.198
2026-05-04,NGV26,2026-10-01,Oct 2026,4,3.271
2026-05-04,NGX26,2026-11-01,Nov 2026,5,3.59
2026-05-04,NGZ26,2026-12-01,Dec 2026,6,4.352
2026-05-04,NGF27,2027-01-01,Jan 2027,7,4.803
2026-05-04,NGG27,2027-02-01,Feb 2027,8,4.311
2026-05-04,NGH27,2027-03-01,Mar 2027,9,3.333
2026-05-04,NGJ27,2027-04-01,Apr 2027,10,3.061
2026-05-04,NGK27,2027-05-01,May 2027,11,3.038
2026-05-04,NGM27,2027-06-01,Jun 2027,12,3.174
2026-05-04,NGN27,2027-07-01,Jul 2027,13,3.389
2026-05-04,NGQ27,2027-08-01,Aug 2027,14,3.441
2026-05-04,NGU27,2027-09-01,Sep 2027,15,3.418
2026-05-04,NGV27,2027-10-01,Oct 2027,16,3.495
2026-05-04,NGX27,2027-11-01,Nov 2027,17,3.765
2026-05-04,NGZ27,2027-12-01,Dec 2027,18,4.419
2026-05-04,NGF28,2028-01-01,Jan 2028,19,4.827
2026-05-04,NGG28,2028-02-01,Feb 2028,20,4.302
2026-05-04,NGH28,2028-03-01,Mar 2028,21,3.511
2026-05-04,NGJ28,2028-04-01,Apr 2028,22,3.188
2026-05-04,NGK28,2028-05-01,May 2028,23,3.171
2026-05-04,NGM28,2028-06-01,Jun 2028,24,3.32
2026-05-04,NGN28,2028-07-01,Jul 2028,25,3.545
2026-05-04,NGQ28,2028-08-01,Aug 2028,26,3.587
2026-05-04,NGU28,2028-09-01,Sep 2028,27,3.57
2026-05-04,NGV28,2028-10-01,Oct 2028,28,3.648
2026-05-04,NGX28,2028-11-01,Nov 2028,29,3.865
2026-05-04,NGZ28,2028-12-01,Dec 2028,30,4.436
2026-05-04,NGF29,2029-01-01,Jan 2029,31,4.819
2026-05-04,NGG29,2029-02-01,Feb 2029,32,4.307
2026-05-04,NGH29,2029-03-01,Mar 2029,33,3.44
2026-05-04,NGJ29,2029-04-01,Apr 2029,34,3.144
2026-05-04,NGK29,2029-05-01,May 2029,35,3.109
2026-05-04,NGM29,2029-06-01,Jun 2029,36,3.241
2026-05-04,NGN29,2029-07-01,Jul 2029,37,3.466
2026-05-04,NGQ29,2029-08-01,Aug 2029,38,3.552
2026-05-04,NGU29,2029-09-01,Sep 2029,39,3.539
2026-05-04,NGV29,2029-10-01,Oct 2029,40,3.611
2026-05-04,NGX29,2029-11-01,Nov 2029,41,3.81
2026-05-04,NGZ29,2029-12-01,Dec 2029,42,4.408
2026-05-04,NGF30,2030-01-01,Jan 2030,43,4.78
2026-05-04,NGG30,2030-02-01,Feb 2030,44,4.277
2026-05-04,NGH30,2030-03-01,Mar 2030,45,3.563
2026-05-04,NGJ30,2030-04-01,Apr 2030,46,3.128
2026-05-04,NGK30,2030-05-01,May 2030,47,3.098
2026-05-04,NGM30,2030-06-01,Jun 2030,48,3.234
2026-05-04,NGN30,2030-07-01,Jul 2030,49,3.426
2026-05-04,NGQ30,2030-08-01,Aug 2030,50,3.476
2026-05-04,NGU30,2030-09-01,Sep 2030,51,3.454
2026-05-04,NGV30,2030-10-01,Oct 2030,52,3.524
2026-05-04,NGX30,2030-11-01,Nov 2030,53,3.733
2026-05-04,NGZ30,2030-12-01,Dec 2030,54,4.254
2026-05-04,NGF31,2031-01-01,Jan 2031,55,4.608
2026-05-04,NGG31,2031-02-01,Feb 2031,56,4.149
2026-05-04,NGH31,2031-03-01,Mar 2031,57,3.495
2026-05-04,NGJ31,2031-04-01,Apr 2031,58,3.021
2026-05-04,NGK31,2031-05-01,May 2031,59,2.992
2026-05-04,NGM31,2031-06-01,Jun 2031,60,3.134
2026-05-04,NGN31,2031-07-01,Jul 2031,61,3.299
2026-05-04,NGQ31,2031-08-01,Aug 2031,62,3.355
2026-05-04,NGU31,2031-09-01,Sep 2031,63,3.352
2026-05-04,NGV31,2031-10-01,Oct 2031,64,3.453
2026-05-04,NGX31,2031-11-01,Nov 2031,65,3.702
2026-05-04,NGZ31,2031-12-01,Dec 2031,66,4.277
2026-05-04,NGF32,2032-01-01,Jan 2032,67,4.612
2026-05-04,NGG32,2032-02-01,Feb 2032,68,4.146
2026-05-04,NGH32,2032-03-01,Mar 2032,69,3.443
2026-05-04,NGJ32,2032-04-01,Apr 2032,70,2.979
2026-05-04,NGK32,2032-05-01,May 2032,71,2.957
2026-05-04,NGM32,2032-06-01,Jun 2032,72,3.089
2026-05-04,NGN32,2032-07-01,Jul 2032,73,3.249
2026-05-04,NGQ32,2032-08-01,Aug 2032,74,3.304
2026-05-04,NGU32,2032-09-01,Sep 2032,75,3.289
2026-05-04,NGV32,2032-10-01,Oct 2032,76,3.353
2026-05-04,NGX32,2032-11-01,Nov 2032,77,3.573
2026-05-04,NGZ32,2032-12-01,Dec 2032,78,4.008
2026-05-04,NGF33,2033-01-01,Jan 2033,79,4.263
2026-05-04,NGG33,2033-02-01,Feb 2033,80,3.908
2026-05-04,NGH33,2033-03-01,Mar 2033,81,3.281
2026-05-04,NGJ33,2033-04-01,Apr 2033,82,2.856
2026-05-04,NGK33,2033-05-01,May 2033,83,2.856
2026-05-04,NGM33,2033-06-01,Jun 2033,84,3.004
2026-05-04,NGN33,2033-07-01,Jul 2033,85,3.184
2026-05-04,NGQ33,2033-08-01,Aug 2033,86,3.254
2026-05-04,NGU33,2033-09-01,Sep 2033,87,3.229
2026-05-04,NGV33,2033-10-01,Oct 2033,88,3.304
2026-05-04,NGX33,2033-11-01,Nov 2033,89,3.544
2026-05-04,NGZ33,2033-12-01,Dec 2033,90,3.974
2026-05-04,NGF34,2034-01-01,Jan 2034,91,4.254
2026-05-04,NGG34,2034-02-01,Feb 2034,92,3.949
2026-05-04,NGH34,2034-03-01,Mar 2034,93,3.339
2026-05-04,NGJ34,2034-04-01,Apr 2034,94,2.919
2026-05-04,NGK34,2034-05-01,May 2034,95,2.909
2026-05-04,NGM34,2034-06-01,Jun 2034,96,3.059
2026-05-04,NGN34,2034-07-01,Jul 2034,97,3.239
2026-05-04,NGQ34,2034-08-01,Aug 2034,98,3.299
2026-05-04,NGU34,2034-09-01,Sep 2034,99,3.314
2026-05-04,NGV34,2034-10-01,Oct 2034,100,3.36
2026-05-04,NGX34,2034-11-01,Nov 2034,101,3.6
2026-05-04,NGZ34,2034-12-01,Dec 2034,102,4.0
2026-05-04,NGF35,2035-01-01,Jan 2035,103,4.225
2026-05-04,NGG35,2035-02-01,Feb 2035,104,3.985
2026-05-04,NGH35,2035-03-01,Mar 2035,105,3.555
2026-05-04,NGJ35,2035-04-01,Apr 2035,106,3.165
2026-05-04,NGK35,2035-05-01,May 2035,107,3.143
2026-05-04,NGM35,2035-06-01,Jun 2035,108,3.178
2026-05-04,NGN35,2035-07-01,Jul 2035,109,3.218
2026-05-04,NGQ35,2035-08-01,Aug 2035,110,3.258
2026-05-04,NGU35,2035-09-01,Sep 2035,111,3.273
2026-05-04,NGV35,2035-10-01,Oct 2035,112,3.319
2026-05-04,NGX35,2035-11-01,Nov 2035,113,3.519
2026-05-04,NGZ35,2035-12-01,Dec 2035,114,3.829
2026-05-04,NGF36,2036-01-01,Jan 2036,115,4.099
2026-05-04,NGG36,2036-02-01,Feb 2036,116,3.929
2026-05-04,NGH36,2036-03-01,Mar 2036,117,3.659
2026-05-04,NGJ36,2036-04-01,Apr 2036,118,3.329
2026-05-04,NGK36,2036-05-01,May 2036,119,3.307
2026-05-04,NGM36,2036-06-01,Jun 2036,120,3.347
2026-05-04,NGN36,2036-07-01,Jul 2036,121,3.387
2026-05-04,NGQ36,2036-08-01,Aug 2036,122,3.427
2026-05-04,NGU36,2036-09-01,Sep 2036,123,3.442
2026-05-04,NGV36,2036-10-01,Oct 2036,124,3.488
2026-05-04,NGX36,2036-11-01,Nov 2036,125,3.638
2026-05-04,NGZ36,2036-12-01,Dec 2036,126,3.913
2026-05-04,NGF37,2037-01-01,Jan 2037,127,4.138
2026-05-04,NGG37,2037-02-01,Feb 2037,128,3.988
2026-05-04,NGH37,2037-03-01,Mar 2037,129,3.788
2026-05-04,NGJ37,2037-04-01,Apr 2037,130,3.458
2026-05-04,NGK37,2037-05-01,May 2037,131,3.436
2026-05-04,NGM37,2037-06-01,Jun 2037,132,3.471
2026-05-04,NGN37,2037-07-01,Jul 2037,133,3.511
2026-05-04,NGQ37,2037-08-01,Aug 2037,134,3.551
2026-05-04,NGU37,2037-09-01,Sep 2037,135,3.566
2026-05-04,NGV37,2037-10-01,Oct 2037,136,3.612
2026-05-04,NGX37,2037-11-01,Nov 2037,137,3.737
2026-05-04,NGZ37,2037-12-01,Dec 2037,138,3.962
2026-05-04,NGF38,2038-01-01,Jan 2038,139,4.227
2026-05-04,NGG38,2038-02-01,Feb 2038,140,4.077
2026-05-04,NGH38,2038-03-01,Mar 2038,141,3.877
2026-05-04,NGJ38,2038-04-01,Apr 2038,142,3.547
2026-05-04,NGK38,2038-05-01,May 2038,143,3.525
2026-05-04,NGM38,2038-06-01,Jun 2038,144,3.605
2026-05-04,NGN38,2038-07-01,Jul 2038,145,3.705
2026-05-04,NGQ38,2038-08-01,Aug 2038,146,3.745
2026-05-04,NGU38,2038-09-01,Sep 2038,147,3.76
2026-05-04,NGV38,2038-10-01,Oct 2038,148,3.806
2026-05-04,NGX38,2038-11-01,Nov 2038,149,3.878
2026-05-04,NGZ38,2038-12-01,Dec 2038,150,4.033
2026-05-05,NGM26,2026-06-01,Jun 2026,0,2.766
2026-05-05,NGN26,2026-07-01,Jul 2026,1,3.052
2026-05-05,NGQ26,2026-08-01,Aug 2026,2,3.12
2026-05-05,NGU26,2026-09-01,Sep 2026,3,3.106
2026-05-05,NGV26,2026-10-01,Oct 2026,4,3.177
2026-05-05,NGX26,2026-11-01,Nov 2026,5,3.492
2026-05-05,NGZ26,2026-12-01,Dec 2026,6,4.266
2026-05-05,NGF27,2027-01-01,Jan 2027,7,4.716
2026-05-05,NGG27,2027-02-01,Feb 2027,8,4.225
2026-05-05,NGH27,2027-03-01,Mar 2027,9,3.267
2026-05-05,NGJ27,2027-04-01,Apr 2027,10,2.997
2026-05-05,NGK27,2027-05-01,May 2027,11,2.98
2026-05-05,NGM27,2027-06-01,Jun 2027,12,3.119
2026-05-05,NGN27,2027-07-01,Jul 2027,13,3.338
2026-05-05,NGQ27,2027-08-01,Aug 2027,14,3.395
2026-05-05,NGU27,2027-09-01,Sep 2027,15,3.372
2026-05-05,NGV27,2027-10-01,Oct 2027,16,3.446
2026-05-05,NGX27,2027-11-01,Nov 2027,17,3.725
2026-05-05,NGZ27,2027-12-01,Dec 2027,18,4.375
2026-05-05,NGF28,2028-01-01,Jan 2028,19,4.794
2026-05-05,NGG28,2028-02-01,Feb 2028,20,4.29
2026-05-05,NGH28,2028-03-01,Mar 2028,21,3.497
2026-05-05,NGJ28,2028-04-01,Apr 2028,22,3.177
2026-05-05,NGK28,2028-05-01,May 2028,23,3.153
2026-05-05,NGM28,2028-06-01,Jun 2028,24,3.296
2026-05-05,NGN28,2028-07-01,Jul 2028,25,3.524
2026-05-05,NGQ28,2028-08-01,Aug 2028,26,3.591
2026-05-05,NGU28,2028-09-01,Sep 2028,27,3.565
2026-05-05,NGV28,2028-10-01,Oct 2028,28,3.625
2026-05-05,NGX28,2028-11-01,Nov 2028,29,3.856
2026-05-05,NGZ28,2028-12-01,Dec 2028,30,4.43
2026-05-05,NGF29,2029-01-01,Jan 2029,31,4.825
2026-05-05,NGG29,2029-02-01,Feb 2029,32,4.285
2026-05-05,NGH29,2029-03-01,Mar 2029,33,3.43
2026-05-05,NGJ29,2029-04-01,Apr 2029,34,3.139
2026-05-05,NGK29,2029-05-01,May 2029,35,3.11
2026-05-05,NGM29,2029-06-01,Jun 2029,36,3.25
2026-05-05,NGN29,2029-07-01,Jul 2029,37,3.476
2026-05-05,NGQ29,2029-08-01,Aug 2029,38,3.548
2026-05-05,NGU29,2029-09-01,Sep 2029,39,3.534
2026-05-05,NGV29,2029-10-01,Oct 2029,40,3.607
2026-05-05,NGX29,2029-11-01,Nov 2029,41,3.815
2026-05-05,NGZ29,2029-12-01,Dec 2029,42,4.405
2026-05-05,NGF30,2030-01-01,Jan 2030,43,4.781
2026-05-05,NGG30,2030-02-01,Feb 2030,44,4.274
2026-05-05,NGH30,2030-03-01,Mar 2030,45,3.559
2026-05-05,NGJ30,2030-04-01,Apr 2030,46,3.134
2026-05-05,NGK30,2030-05-01,May 2030,47,3.104
2026-05-05,NGM30,2030-06-01,Jun 2030,48,3.239
2026-05-05,NGN30,2030-07-01,Jul 2030,49,3.425
2026-05-05,NGQ30,2030-08-01,Aug 2030,50,3.475
2026-05-05,NGU30,2030-09-01,Sep 2030,51,3.449
2026-05-05,NGV30,2030-10-01,Oct 2030,52,3.517
2026-05-05,NGX30,2030-11-01,Nov 2030,53,3.726
2026-05-05,NGZ30,2030-12-01,Dec 2030,54,4.248
2026-05-05,NGF31,2031-01-01,Jan 2031,55,4.602
2026-05-05,NGG31,2031-02-01,Feb 2031,56,4.142
2026-05-05,NGH31,2031-03-01,Mar 2031,57,3.488
2026-05-05,NGJ31,2031-04-01,Apr 2031,58,3.014
2026-05-05,NGK31,2031-05-01,May 2031,59,2.986
2026-05-05,NGM31,2031-06-01,Jun 2031,60,3.121
2026-05-05,NGN31,2031-07-01,Jul 2031,61,3.289
2026-05-05,NGQ31,2031-08-01,Aug 2031,62,3.342
2026-05-05,NGU31,2031-09-01,Sep 2031,63,3.339
2026-05-05,NGV31,2031-10-01,Oct 2031,64,3.44
2026-05-05,NGX31,2031-11-01,Nov 2031,65,3.689
2026-05-05,NGZ31,2031-12-01,Dec 2031,66,4.263
2026-05-05,NGF32,2032-01-01,Jan 2032,67,4.598
2026-05-05,NGG32,2032-02-01,Feb 2032,68,4.132
2026-05-05,NGH32,2032-03-01,Mar 2032,69,3.428
2026-05-05,NGJ32,2032-04-01,Apr 2032,70,2.964
2026-05-05,NGK32,2032-05-01,May 2032,71,2.942
2026-05-05,NGM32,2032-06-01,Jun 2032,72,3.074
2026-05-05,NGN32,2032-07-01,Jul 2032,73,3.234
2026-05-05,NGQ32,2032-08-01,Aug 2032,74,3.289
2026-05-05,NGU32,2032-09-01,Sep 2032,75,3.274
2026-05-05,NGV32,2032-10-01,Oct 2032,76,3.338
2026-05-05,NGX32,2032-11-01,Nov 2032,77,3.558
2026-05-05,NGZ32,2032-12-01,Dec 2032,78,3.993
2026-05-05,NGF33,2033-01-01,Jan 2033,79,4.248
2026-05-05,NGG33,2033-02-01,Feb 2033,80,3.893
2026-05-05,NGH33,2033-03-01,Mar 2033,81,3.266
2026-05-05,NGJ33,2033-04-01,Apr 2033,82,2.841
2026-05-05,NGK33,2033-05-01,May 2033,83,2.841
2026-05-05,NGM33,2033-06-01,Jun 2033,84,2.989
2026-05-05,NGN33,2033-07-01,Jul 2033,85,3.169
2026-05-05,NGQ33,2033-08-01,Aug 2033,86,3.239
2026-05-05,NGU33,2033-09-01,Sep 2033,87,3.214
2026-05-05,NGV33,2033-10-01,Oct 2033,88,3.289
2026-05-05,NGX33,2033-11-01,Nov 2033,89,3.529
2026-05-05,NGZ33,2033-12-01,Dec 2033,90,3.959
2026-05-05,NGF34,2034-01-01,Jan 2034,91,4.239
2026-05-05,NGG34,2034-02-01,Feb 2034,92,3.934
2026-05-05,NGH34,2034-03-01,Mar 2034,93,3.324
2026-05-05,NGJ34,2034-04-01,Apr 2034,94,2.904
2026-05-05,NGK34,2034-05-01,May 2034,95,2.894
2026-05-05,NGM34,2034-06-01,Jun 2034,96,3.044
2026-05-05,NGN34,2034-07-01,Jul 2034,97,3.224
2026-05-05,NGQ34,2034-08-01,Aug 2034,98,3.284
2026-05-05,NGU34,2034-09-01,Sep 2034,99,3.299
2026-05-05,NGV34,2034-10-01,Oct 2034,100,3.345
2026-05-05,NGX34,2034-11-01,Nov 2034,101,3.585
2026-05-05,NGZ34,2034-12-01,Dec 2034,102,3.985
2026-05-05,NGF35,2035-01-01,Jan 2035,103,4.21
2026-05-05,NGG35,2035-02-01,Feb 2035,104,3.97
2026-05-05,NGH35,2035-03-01,Mar 2035,105,3.54
2026-05-05,NGJ35,2035-04-01,Apr 2035,106,3.15
2026-05-05,NGK35,2035-05-01,May 2035,107,3.128
2026-05-05,NGM35,2035-06-01,Jun 2035,108,3.163
2026-05-05,NGN35,2035-07-01,Jul 2035,109,3.203
2026-05-05,NGQ35,2035-08-01,Aug 2035,110,3.243
2026-05-05,NGU35,2035-09-01,Sep 2035,111,3.258
2026-05-05,NGV35,2035-10-01,Oct 2035,112,3.304
2026-05-05,NGX35,2035-11-01,Nov 2035,113,3.504
2026-05-05,NGZ35,2035-12-01,Dec 2035,114,3.814
2026-05-05,NGF36,2036-01-01,Jan 2036,115,4.084
2026-05-05,NGG36,2036-02-01,Feb 2036,116,3.914
2026-05-05,NGH36,2036-03-01,Mar 2036,117,3.644
2026-05-05,NGJ36,2036-04-01,Apr 2036,118,3.314
2026-05-05,NGK36,2036-05-01,May 2036,119,3.292
2026-05-05,NGM36,2036-06-01,Jun 2036,120,3.332
2026-05-05,NGN36,2036-07-01,Jul 2036,121,3.372
2026-05-05,NGQ36,2036-08-01,Aug 2036,122,3.412
2026-05-05,NGU36,2036-09-01,Sep 2036,123,3.427
2026-05-05,NGV36,2036-10-01,Oct 2036,124,3.473
2026-05-05,NGX36,2036-11-01,Nov 2036,125,3.623
2026-05-05,NGZ36,2036-12-01,Dec 2036,126,3.898
2026-05-05,NGF37,2037-01-01,Jan 2037,127,4.123
2026-05-05,NGG37,2037-02-01,Feb 2037,128,3.973
2026-05-05,NGH37,2037-03-01,Mar 2037,129,3.773
2026-05-05,NGJ37,2037-04-01,Apr 2037,130,3.443
2026-05-05,NGK37,2037-05-01,May 2037,131,3.421
2026-05-05,NGM37,2037-06-01,Jun 2037,132,3.456
2026-05-05,NGN37,2037-07-01,Jul 2037,133,3.496
2026-05-05,NGQ37,2037-08-01,Aug 2037,134,3.536
2026-05-05,NGU37,2037-09-01,Sep 2037,135,3.551
2026-05-05,NGV37,2037-10-01,Oct 2037,136,3.597
2026-05-05,NGX37,2037-11-01,Nov 2037,137,3.722
2026-05-05,NGZ37,2037-12-01,Dec 2037,138,3.947
2026-05-05,NGF38,2038-01-01,Jan 2038,139,4.212
2026-05-06,NGM26,2026-06-01,Jun 2026,0,2.716
2026-05-06,NGN26,2026-07-01,Jul 2026,1,2.994
2026-05-06,NGQ26,2026-08-01,Aug 2026,2,3.066
2026-05-06,NGU26,2026-09-01,Sep 2026,3,3.049
2026-05-06,NGV26,2026-10-01,Oct 2026,4,3.117
2026-05-06,NGX26,2026-11-01,Nov 2026,5,3.422
2026-05-06,NGZ26,2026-12-01,Dec 2026,6,4.175
2026-05-06,NGF27,2027-01-01,Jan 2027,7,4.622
2026-05-06,NGG27,2027-02-01,Feb 2027,8,4.148
2026-05-06,NGH27,2027-03-01,Mar 2027,9,3.213
2026-05-06,NGJ27,2027-04-01,Apr 2027,10,2.955
2026-05-06,NGK27,2027-05-01,May 2027,11,2.94
2026-05-06,NGM27,2027-06-01,Jun 2027,12,3.08
2026-05-06,NGN27,2027-07-01,Jul 2027,13,3.297
2026-05-06,NGQ27,2027-08-01,Aug 2027,14,3.349
2026-05-06,NGU27,2027-09-01,Sep 2027,15,3.323
2026-05-06,NGV27,2027-10-01,Oct 2027,16,3.404
2026-05-06,NGX27,2027-11-01,Nov 2027,17,3.675
2026-05-06,NGZ27,2027-12-01,Dec 2027,18,4.341
2026-05-06,NGF28,2028-01-01,Jan 2028,19,4.754
2026-05-06,NGG28,2028-02-01,Feb 2028,20,4.234
2026-05-06,NGH28,2028-03-01,Mar 2028,21,3.466
2026-05-06,NGJ28,2028-04-01,Apr 2028,22,3.138
2026-05-06,NGK28,2028-05-01,May 2028,23,3.123
2026-05-06,NGM28,2028-06-01,Jun 2028,24,3.284
2026-05-06,NGN28,2028-07-01,Jul 2028,25,3.484
2026-05-06,NGQ28,2028-08-01,Aug 2028,26,3.55
2026-05-06,NGU28,2028-09-01,Sep 2028,27,3.526
2026-05-06,NGV28,2028-10-01,Oct 2028,28,3.596
2026-05-06,NGX28,2028-11-01,Nov 2028,29,3.824
2026-05-06,NGZ28,2028-12-01,Dec 2028,30,4.403
2026-05-06,NGF29,2029-01-01,Jan 2029,31,4.797
2026-05-06,NGG29,2029-02-01,Feb 2029,32,4.273
2026-05-06,NGH29,2029-03-01,Mar 2029,33,3.415
2026-05-06,NGJ29,2029-04-01,Apr 2029,34,3.123
2026-05-06,NGK29,2029-05-01,May 2029,35,3.102
2026-05-06,NGM29,2029-06-01,Jun 2029,36,3.231
2026-05-06,NGN29,2029-07-01,Jul 2029,37,3.457
2026-05-06,NGQ29,2029-08-01,Aug 2029,38,3.529
2026-05-06,NGU29,2029-09-01,Sep 2029,39,3.515
2026-05-06,NGV29,2029-10-01,Oct 2029,40,3.586
2026-05-06,NGX29,2029-11-01,Nov 2029,41,3.794
2026-05-06,NGZ29,2029-12-01,Dec 2029,42,4.385
2026-05-06,NGF30,2030-01-01,Jan 2030,43,4.761
2026-05-06,NGG30,2030-02-01,Feb 2030,44,4.254
2026-05-06,NGH30,2030-03-01,Mar 2030,45,3.54
2026-05-06,NGJ30,2030-04-01,Apr 2030,46,3.116
2026-05-06,NGK30,2030-05-01,May 2030,47,3.085
2026-05-06,NGM30,2030-06-01,Jun 2030,48,3.22
2026-05-06,NGN30,2030-07-01,Jul 2030,49,3.406
2026-05-06,NGQ30,2030-08-01,Aug 2030,50,3.456
2026-05-06,NGU30,2030-09-01,Sep 2030,51,3.43
2026-05-06,NGV30,2030-10-01,Oct 2030,52,3.498
2026-05-06,NGX30,2030-11-01,Nov 2030,53,3.708
2026-05-06,NGZ30,2030-12-01,Dec 2030,54,4.23
2026-05-06,NGF31,2031-01-01,Jan 2031,55,4.584
2026-05-06,NGG31,2031-02-01,Feb 2031,56,4.124
2026-05-06,NGH31,2031-03-01,Mar 2031,57,3.47
2026-05-06,NGJ31,2031-04-01,Apr 2031,58,2.996
2026-05-06,NGK31,2031-05-01,May 2031,59,2.969
2026-05-06,NGM31,2031-06-01,Jun 2031,60,3.109
2026-05-06,NGN31,2031-07-01,Jul 2031,61,3.276
2026-05-06,NGQ31,2031-08-01,Aug 2031,62,3.328
2026-05-06,NGU31,2031-09-01,Sep 2031,63,3.325
2026-05-06,NGV31,2031-10-01,Oct 2031,64,3.426
2026-05-06,NGX31,2031-11-01,Nov 2031,65,3.674
2026-05-06,NGZ31,2031-12-01,Dec 2031,66,4.248
2026-05-06,NGF32,2032-01-01,Jan 2032,67,4.583
2026-05-06,NGG32,2032-02-01,Feb 2032,68,4.116
2026-05-06,NGH32,2032-03-01,Mar 2032,69,3.412
2026-05-06,NGJ32,2032-04-01,Apr 2032,70,2.957
2026-05-06,NGK32,2032-05-01,May 2032,71,2.934
2026-05-06,NGM32,2032-06-01,Jun 2032,72,3.066
2026-05-06,NGN32,2032-07-01,Jul 2032,73,3.226
2026-05-06,NGQ32,2032-08-01,Aug 2032,74,3.28
2026-05-06,NGU32,2032-09-01,Sep 2032,75,3.26
2026-05-06,NGV32,2032-10-01,Oct 2032,76,3.324
2026-05-06,NGX32,2032-11-01,Nov 2032,77,3.544
2026-05-06,NGZ32,2032-12-01,Dec 2032,78,3.979
2026-05-06,NGF33,2033-01-01,Jan 2033,79,4.245
2026-05-06,NGG33,2033-02-01,Feb 2033,80,3.89
2026-05-06,NGH33,2033-03-01,Mar 2033,81,3.263
2026-05-06,NGJ33,2033-04-01,Apr 2033,82,2.838
2026-05-06,NGK33,2033-05-01,May 2033,83,2.838
2026-05-06,NGM33,2033-06-01,Jun 2033,84,2.986
2026-05-06,NGN33,2033-07-01,Jul 2033,85,3.166
2026-05-06,NGQ33,2033-08-01,Aug 2033,86,3.236
2026-05-06,NGU33,2033-09-01,Sep 2033,87,3.211
2026-05-06,NGV33,2033-10-01,Oct 2033,88,3.286
2026-05-06,NGX33,2033-11-01,Nov 2033,89,3.526
2026-05-06,NGZ33,2033-12-01,Dec 2033,90,3.956
2026-05-06,NGF34,2034-01-01,Jan 2034,91,4.236
2026-05-06,NGG34,2034-02-01,Feb 2034,92,3.931
2026-05-06,NGH34,2034-03-01,Mar 2034,93,3.321
2026-05-06,NGJ34,2034-04-01,Apr 2034,94,2.901
2026-05-06,NGK34,2034-05-01,May 2034,95,2.891
2026-05-06,NGM34,2034-06-01,Jun 2034,96,3.041
2026-05-06,NGN34,2034-07-01,Jul 2034,97,3.221
2026-05-06,NGQ34,2034-08-01,Aug 2034,98,3.281
2026-05-06,NGU34,2034-09-01,Sep 2034,99,3.296
2026-05-06,NGV34,2034-10-01,Oct 2034,100,3.342
2026-05-06,NGX34,2034-11-01,Nov 2034,101,3.582
2026-05-06,NGZ34,2034-12-01,Dec 2034,102,3.982
2026-05-06,NGF35,2035-01-01,Jan 2035,103,4.207
2026-05-06,NGG35,2035-02-01,Feb 2035,104,3.967
2026-05-06,NGH35,2035-03-01,Mar 2035,105,3.537
2026-05-06,NGJ35,2035-04-01,Apr 2035,106,3.147
2026-05-06,NGK35,2035-05-01,May 2035,107,3.125
2026-05-06,NGM35,2035-06-01,Jun 2035,108,3.16
2026-05-06,NGN35,2035-07-01,Jul 2035,109,3.2
2026-05-06,NGQ35,2035-08-01,Aug 2035,110,3.24
2026-05-06,NGU35,2035-09-01,Sep 2035,111,3.255
2026-05-06,NGV35,2035-10-01,Oct 2035,112,3.301
2026-05-06,NGX35,2035-11-01,Nov 2035,113,3.501
2026-05-06,NGZ35,2035-12-01,Dec 2035,114,3.811
2026-05-06,NGF36,2036-01-01,Jan 2036,115,4.081
2026-05-06,NGG36,2036-02-01,Feb 2036,116,3.911
2026-05-06,NGH36,2036-03-01,Mar 2036,117,3.641
2026-05-06,NGJ36,2036-04-01,Apr 2036,118,3.311
2026-05-06,NGK36,2036-05-01,May 2036,119,3.289
2026-05-06,NGM36,2036-06-01,Jun 2036,120,3.329
2026-05-06,NGN36,2036-07-01,Jul 2036,121,3.369
2026-05-06,NGQ36,2036-08-01,Aug 2036,122,3.409
2026-05-06,NGU36,2036-09-01,Sep 2036,123,3.424
2026-05-06,NGV36,2036-10-01,Oct 2036,124,3.47
2026-05-06,NGX36,2036-11-01,Nov 2036,125,3.62
2026-05-06,NGZ36,2036-12-01,Dec 2036,126,3.895
2026-05-06,NGF37,2037-01-01,Jan 2037,127,4.12
2026-05-06,NGG37,2037-02-01,Feb 2037,128,3.97
2026-05-06,NGH37,2037-03-01,Mar 2037,129,3.77
2026-05-06,NGJ37,2037-04-01,Apr 2037,130,3.44
2026-05-06,NGK37,2037-05-01,May 2037,131,3.418
2026-05-06,NGM37,2037-06-01,Jun 2037,132,3.453
2026-05-06,NGN37,2037-07-01,Jul 2037,133,3.493
2026-05-06,NGQ37,2037-08-01,Aug 2037,134,3.533
2026-05-06,NGU37,2037-09-01,Sep 2037,135,3.548
2026-05-06,NGV37,2037-10-01,Oct 2037,136,3.594
2026-05-06,NGX37,2037-11-01,Nov 2037,137,3.719
2026-05-06,NGZ37,2037-12-01,Dec 2037,138,3.944
2026-05-06,NGF38,2038-01-01,Jan 2038,139,4.209
2026-05-06,NGU38,2038-09-01,Sep 2038,140,3.742
2026-05-07,NGM26,2026-06-01,Jun 2026,0,2.776
2026-05-07,NGN26,2026-07-01,Jul 2026,1,3.03
2026-05-07,NGQ26,2026-08-01,Aug 2026,2,3.105
2026-05-07,NGU26,2026-09-01,Sep 2026,3,3.085
2026-05-07,NGV26,2026-10-01,Oct 2026,4,3.148
2026-05-07,NGX26,2026-11-01,Nov 2026,5,3.455
2026-05-07,NGZ26,2026-12-01,Dec 2026,6,4.182
2026-05-07,NGF27,2027-01-01,Jan 2027,7,4.626
2026-05-07,NGG27,2027-02-01,Feb 2027,8,4.151
2026-05-07,NGH27,2027-03-01,Mar 2027,9,3.209
2026-05-07,NGJ27,2027-04-01,Apr 2027,10,2.952
2026-05-07,NGK27,2027-05-01,May 2027,11,2.931
2026-05-07,NGM27,2027-06-01,Jun 2027,12,3.075
2026-05-07,NGN27,2027-07-01,Jul 2027,13,3.287
2026-05-07,NGQ27,2027-08-01,Aug 2027,14,3.342
2026-05-07,NGU27,2027-09-01,Sep 2027,15,3.32
2026-05-07,NGV27,2027-10-01,Oct 2027,16,3.4
2026-05-07,NGX27,2027-11-01,Nov 2027,17,3.67
2026-05-07,NGZ27,2027-12-01,Dec 2027,18,4.328
2026-05-07,NGF28,2028-01-01,Jan 2028,19,4.733
2026-05-07,NGG28,2028-02-01,Feb 2028,20,4.208
2026-05-07,NGH28,2028-03-01,Mar 2028,21,3.459
2026-05-07,NGJ28,2028-04-01,Apr 2028,22,3.137
2026-05-07,NGK28,2028-05-01,May 2028,23,3.127
2026-05-07,NGM28,2028-06-01,Jun 2028,24,3.277
2026-05-07,NGN28,2028-07-01,Jul 2028,25,3.494
2026-05-07,NGQ28,2028-08-01,Aug 2028,26,3.551
2026-05-07,NGU28,2028-09-01,Sep 2028,27,3.528
2026-05-07,NGV28,2028-10-01,Oct 2028,28,3.597
2026-05-07,NGX28,2028-11-01,Nov 2028,29,3.819
2026-05-07,NGZ28,2028-12-01,Dec 2028,30,4.407
2026-05-07,NGF29,2029-01-01,Jan 2029,31,4.804
2026-05-07,NGG29,2029-02-01,Feb 2029,32,4.279
2026-05-07,NGH29,2029-03-01,Mar 2029,33,3.41
2026-05-07,NGJ29,2029-04-01,Apr 2029,34,3.12
2026-05-07,NGK29,2029-05-01,May 2029,35,3.106
2026-05-07,NGM29,2029-06-01,Jun 2029,36,3.233
2026-05-07,NGN29,2029-07-01,Jul 2029,37,3.459
2026-05-07,NGQ29,2029-08-01,Aug 2029,38,3.525
2026-05-07,NGU29,2029-09-01,Sep 2029,39,3.517
2026-05-07,NGV29,2029-10-01,Oct 2029,40,3.588
2026-05-07,NGX29,2029-11-01,Nov 2029,41,3.796
2026-05-07,NGZ29,2029-12-01,Dec 2029,42,4.387
2026-05-07,NGF30,2030-01-01,Jan 2030,43,4.764
2026-05-07,NGG30,2030-02-01,Feb 2030,44,4.254
2026-05-07,NGH30,2030-03-01,Mar 2030,45,3.543
2026-05-07,NGJ30,2030-04-01,Apr 2030,46,3.12
2026-05-07,NGK30,2030-05-01,May 2030,47,3.088
2026-05-07,NGM30,2030-06-01,Jun 2030,48,3.223
2026-05-07,NGN30,2030-07-01,Jul 2030,49,3.409
2026-05-07,NGQ30,2030-08-01,Aug 2030,50,3.459
2026-05-07,NGU30,2030-09-01,Sep 2030,51,3.433
2026-05-07,NGV30,2030-10-01,Oct 2030,52,3.502
2026-05-07,NGX30,2030-11-01,Nov 2030,53,3.712
2026-05-07,NGZ30,2030-12-01,Dec 2030,54,4.234
2026-05-07,NGF31,2031-01-01,Jan 2031,55,4.588
2026-05-07,NGG31,2031-02-01,Feb 2031,56,4.128
2026-05-07,NGH31,2031-03-01,Mar 2031,57,3.474
2026-05-07,NGJ31,2031-04-01,Apr 2031,58,3.001
2026-05-07,NGK31,2031-05-01,May 2031,59,2.974
2026-05-07,NGM31,2031-06-01,Jun 2031,60,3.116
2026-05-07,NGN31,2031-07-01,Jul 2031,61,3.281
2026-05-07,NGQ31,2031-08-01,Aug 2031,62,3.333
2026-05-07,NGU31,2031-09-01,Sep 2031,63,3.329
2026-05-07,NGV31,2031-10-01,Oct 2031,64,3.429
2026-05-07,NGX31,2031-11-01,Nov 2031,65,3.676
2026-05-07,NGZ31,2031-12-01,Dec 2031,66,4.25
2026-05-07,NGF32,2032-01-01,Jan 2032,67,4.584
2026-05-07,NGG32,2032-02-01,Feb 2032,68,4.116
2026-05-07,NGH32,2032-03-01,Mar 2032,69,3.411
2026-05-07,NGJ32,2032-04-01,Apr 2032,70,2.956
2026-05-07,NGK32,2032-05-01,May 2032,71,2.932
2026-05-07,NGM32,2032-06-01,Jun 2032,72,3.063
2026-05-07,NGN32,2032-07-01,Jul 2032,73,3.222
2026-05-07,NGQ32,2032-08-01,Aug 2032,74,3.276
2026-05-07,NGU32,2032-09-01,Sep 2032,75,3.255
2026-05-07,NGV32,2032-10-01,Oct 2032,76,3.318
2026-05-07,NGX32,2032-11-01,Nov 2032,77,3.537
2026-05-07,NGZ32,2032-12-01,Dec 2032,78,3.972
2026-05-07,NGF33,2033-01-01,Jan 2033,79,4.224
2026-05-07,NGG33,2033-02-01,Feb 2033,80,3.869
2026-05-07,NGH33,2033-03-01,Mar 2033,81,3.242
2026-05-07,NGJ33,2033-04-01,Apr 2033,82,2.817
2026-05-07,NGK33,2033-05-01,May 2033,83,2.817
2026-05-07,NGM33,2033-06-01,Jun 2033,84,2.965
2026-05-07,NGN33,2033-07-01,Jul 2033,85,3.145
2026-05-07,NGQ33,2033-08-01,Aug 2033,86,3.215
2026-05-07,NGU33,2033-09-01,Sep 2033,87,3.19
2026-05-07,NGV33,2033-10-01,Oct 2033,88,3.265
2026-05-07,NGX33,2033-11-01,Nov 2033,89,3.505
2026-05-07,NGZ33,2033-12-01,Dec 2033,90,3.935
2026-05-07,NGF34,2034-01-01,Jan 2034,91,4.215
2026-05-07,NGG34,2034-02-01,Feb 2034,92,3.91
2026-05-07,NGH34,2034-03-01,Mar 2034,93,3.3
2026-05-07,NGJ34,2034-04-01,Apr 2034,94,2.88
2026-05-07,NGK34,2034-05-01,May 2034,95,2.87
2026-05-07,NGM34,2034-06-01,Jun 2034,96,3.02
2026-05-07,NGN34,2034-07-01,Jul 2034,97,3.2
2026-05-07,NGQ34,2034-08-01,Aug 2034,98,3.26
2026-05-07,NGU34,2034-09-01,Sep 2034,99,3.275
2026-05-07,NGV34,2034-10-01,Oct 2034,100,3.321
2026-05-07,NGX34,2034-11-01,Nov 2034,101,3.561
2026-05-07,NGZ34,2034-12-01,Dec 2034,102,3.961
2026-05-07,NGF35,2035-01-01,Jan 2035,103,4.186
2026-05-07,NGG35,2035-02-01,Feb 2035,104,3.946
2026-05-07,NGH35,2035-03-01,Mar 2035,105,3.516
2026-05-07,NGJ35,2035-04-01,Apr 2035,106,3.126
2026-05-07,NGK35,2035-05-01,May 2035,107,3.104
2026-05-07,NGM35,2035-06-01,Jun 2035,108,3.139
2026-05-07,NGN35,2035-07-01,Jul 2035,109,3.179
2026-05-07,NGQ35,2035-08-01,Aug 2035,110,3.219
2026-05-07,NGU35,2035-09-01,Sep 2035,111,3.234
2026-05-07,NGV35,2035-10-01,Oct 2035,112,3.28
2026-05-07,NGX35,2035-11-01,Nov 2035,113,3.48
2026-05-07,NGZ35,2035-12-01,Dec 2035,114,3.79
2026-05-07,NGF36,2036-01-01,Jan 2036,115,4.06
2026-05-07,NGG36,2036-02-01,Feb 2036,116,3.89
2026-05-07,NGH36,2036-03-01,Mar 2036,117,3.62
2026-05-07,NGJ36,2036-04-01,Apr 2036,118,3.29
2026-05-07,NGK36,2036-05-01,May 2036,119,3.268
2026-05-07,NGM36,2036-06-01,Jun 2036,120,3.308
2026-05-07,NGN36,2036-07-01,Jul 2036,121,3.348
2026-05-07,NGQ36,2036-08-01,Aug 2036,122,3.388
2026-05-07,NGU36,2036-09-01,Sep 2036,123,3.403
2026-05-07,NGV36,2036-10-01,Oct 2036,124,3.449
2026-05-07,NGX36,2036-11-01,Nov 2036,125,3.599
2026-05-07,NGZ36,2036-12-01,Dec 2036,126,3.874
2026-05-07,NGF37,2037-01-01,Jan 2037,127,4.099
2026-05-07,NGG37,2037-02-01,Feb 2037,128,3.949
2026-05-07,NGH37,2037-03-01,Mar 2037,129,3.749
2026-05-07,NGJ37,2037-04-01,Apr 2037,130,3.419
2026-05-07,NGK37,2037-05-01,May 2037,131,3.397
2026-05-07,NGM37,2037-06-01,Jun 2037,132,3.432
2026-05-07,NGN37,2037-07-01,Jul 2037,133,3.472
2026-05-07,NGQ37,2037-08-01,Aug 2037,134,3.512
2026-05-07,NGU37,2037-09-01,Sep 2037,135,3.527
2026-05-07,NGV37,2037-10-01,Oct 2037,136,3.573
2026-05-07,NGX37,2037-11-01,Nov 2037,137,3.698
2026-05-07,NGZ37,2037-12-01,Dec 2037,138,3.923
2026-05-07,NGF38,2038-01-01,Jan 2038,139,4.188
2026-05-07,NGU38,2038-09-01,Sep 2038,140,3.721
2026-05-08,NGM26,2026-06-01,Jun 2026,0,2.751
2026-05-08,NGN26,2026-07-01,Jul 2026,1,2.998
2026-05-08,NGQ26,2026-08-01,Aug 2026,2,3.069
2026-05-08,NGU26,2026-09-01,Sep 2026,3,3.048
2026-05-08,NGV26,2026-10-01,Oct 2026,4,3.117
2026-05-08,NGX26,2026-11-01,Nov 2026,5,3.427
2026-05-08,NGZ26,2026-12-01,Dec 2026,6,4.15
2026-05-08,NGF27,2027-01-01,Jan 2027,7,4.59
2026-05-08,NGG27,2027-02-01,Feb 2027,8,4.12
2026-05-08,NGH27,2027-03-01,Mar 2027,9,3.195
2026-05-08,NGJ27,2027-04-01,Apr 2027,10,2.945
2026-05-08,NGK27,2027-05-01,May 2027,11,2.925
2026-05-08,NGM27,2027-06-01,Jun 2027,12,3.069
2026-05-08,NGN27,2027-07-01,Jul 2027,13,3.286
2026-05-08,NGQ27,2027-08-01,Aug 2027,14,3.336
2026-05-08,NGU27,2027-09-01,Sep 2027,15,3.309
2026-05-08,NGV27,2027-10-01,Oct 2027,16,3.388
2026-05-08,NGX27,2027-11-01,Nov 2027,17,3.656
2026-05-08,NGZ27,2027-12-01,Dec 2027,18,4.313
2026-05-08,NGF28,2028-01-01,Jan 2028,19,4.732
2026-05-08,NGG28,2028-02-01,Feb 2028,20,4.208
2026-05-08,NGH28,2028-03-01,Mar 2028,21,3.462
2026-05-08,NGJ28,2028-04-01,Apr 2028,22,3.145
2026-05-08,NGK28,2028-05-01,May 2028,23,3.15
2026-05-08,NGM28,2028-06-01,Jun 2028,24,3.285
2026-05-08,NGN28,2028-07-01,Jul 2028,25,3.502
2026-05-08,NGQ28,2028-08-01,Aug 2028,26,3.559
2026-05-08,NGU28,2028-09-01,Sep 2028,27,3.55
2026-05-08,NGV28,2028-10-01,Oct 2028,28,3.62
2026-05-08,NGX28,2028-11-01,Nov 2028,29,3.82
2026-05-08,NGZ28,2028-12-01,Dec 2028,30,4.405
2026-05-08,NGF29,2029-01-01,Jan 2029,31,4.81
2026-05-08,NGG29,2029-02-01,Feb 2029,32,4.28
2026-05-08,NGH29,2029-03-01,Mar 2029,33,3.419
2026-05-08,NGJ29,2029-04-01,Apr 2029,34,3.124
2026-05-08,NGK29,2029-05-01,May 2029,35,3.107
2026-05-08,NGM29,2029-06-01,Jun 2029,36,3.23
2026-05-08,NGN29,2029-07-01,Jul 2029,37,3.456
2026-05-08,NGQ29,2029-08-01,Aug 2029,38,3.528
2026-05-08,NGU29,2029-09-01,Sep 2029,39,3.514
2026-05-08,NGV29,2029-10-01,Oct 2029,40,3.586
2026-05-08,NGX29,2029-11-01,Nov 2029,41,3.795
2026-05-08,NGZ29,2029-12-01,Dec 2029,42,4.387
2026-05-08,NGF30,2030-01-01,Jan 2030,43,4.765
2026-05-08,NGG30,2030-02-01,Feb 2030,44,4.259
2026-05-08,NGH30,2030-03-01,Mar 2030,45,3.546
2026-05-08,NGJ30,2030-04-01,Apr 2030,46,3.124
2026-05-08,NGK30,2030-05-01,May 2030,47,3.093
2026-05-08,NGM30,2030-06-01,Jun 2030,48,3.229
2026-05-08,NGN30,2030-07-01,Jul 2030,49,3.424
2026-05-08,NGQ30,2030-08-01,Aug 2030,50,3.467
2026-05-08,NGU30,2030-09-01,Sep 2030,51,3.442
2026-05-08,NGV30,2030-10-01,Oct 2030,52,3.514
2026-05-08,NGX30,2030-11-01,Nov 2030,53,3.723
2026-05-08,NGZ30,2030-12-01,Dec 2030,54,4.245
2026-05-08,NGF31,2031-01-01,Jan 2031,55,4.596
2026-05-08,NGG31,2031-02-01,Feb 2031,56,4.126
2026-05-08,NGH31,2031-03-01,Mar 2031,57,3.471
2026-05-08,NGJ31,2031-04-01,Apr 2031,58,2.998
2026-05-08,NGK31,2031-05-01,May 2031,59,2.972
2026-05-08,NGM31,2031-06-01,Jun 2031,60,3.116
2026-05-08,NGN31,2031-07-01,Jul 2031,61,3.284
2026-05-08,NGQ31,2031-08-01,Aug 2031,62,3.334
2026-05-08,NGU31,2031-09-01,Sep 2031,63,3.33
2026-05-08,NGV31,2031-10-01,Oct 2031,64,3.43
2026-05-08,NGX31,2031-11-01,Nov 2031,65,3.676
2026-05-08,NGZ31,2031-12-01,Dec 2031,66,4.25
2026-05-08,NGF32,2032-01-01,Jan 2032,67,4.584
2026-05-08,NGG32,2032-02-01,Feb 2032,68,4.116
2026-05-08,NGH32,2032-03-01,Mar 2032,69,3.411
2026-05-08,NGJ32,2032-04-01,Apr 2032,70,2.956
2026-05-08,NGK32,2032-05-01,May 2032,71,2.931
2026-05-08,NGM32,2032-06-01,Jun 2032,72,3.062
2026-05-08,NGN32,2032-07-01,Jul 2032,73,3.221
2026-05-08,NGQ32,2032-08-01,Aug 2032,74,3.275
2026-05-08,NGU32,2032-09-01,Sep 2032,75,3.254
2026-05-08,NGV32,2032-10-01,Oct 2032,76,3.317
2026-05-08,NGX32,2032-11-01,Nov 2032,77,3.535
2026-05-08,NGZ32,2032-12-01,Dec 2032,78,3.97
2026-05-08,NGF33,2033-01-01,Jan 2033,79,4.22
2026-05-08,NGG33,2033-02-01,Feb 2033,80,3.865
2026-05-08,NGH33,2033-03-01,Mar 2033,81,3.238
2026-05-08,NGJ33,2033-04-01,Apr 2033,82,2.813
2026-05-08,NGK33,2033-05-01,May 2033,83,2.813
2026-05-08,NGM33,2033-06-01,Jun 2033,84,2.961
2026-05-08,NGN33,2033-07-01,Jul 2033,85,3.141
2026-05-08,NGQ33,2033-08-01,Aug 2033,86,3.211
2026-05-08,NGU33,2033-09-01,Sep 2033,87,3.186
2026-05-08,NGV33,2033-10-01,Oct 2033,88,3.261
2026-05-08,NGX33,2033-11-01,Nov 2033,89,3.501
2026-05-08,NGZ33,2033-12-01,Dec 2033,90,3.931
2026-05-08,NGF34,2034-01-01,Jan 2034,91,4.211
2026-05-08,NGG34,2034-02-01,Feb 2034,92,3.906
2026-05-08,NGH34,2034-03-01,Mar 2034,93,3.296
2026-05-08,NGJ34,2034-04-01,Apr 2034,94,2.876
2026-05-08,NGK34,2034-05-01,May 2034,95,2.866
2026-05-08,NGM34,2034-06-01,Jun 2034,96,3.016
2026-05-08,NGN34,2034-07-01,Jul 2034,97,3.196
2026-05-08,NGQ34,2034-08-01,Aug 2034,98,3.256
2026-05-08,NGU34,2034-09-01,Sep 2034,99,3.271
2026-05-08,NGV34,2034-10-01,Oct 2034,100,3.317
2026-05-08,NGX34,2034-11-01,Nov 2034,101,3.557
2026-05-08,NGZ34,2034-12-01,Dec 2034,102,3.957
2026-05-08,NGF35,2035-01-01,Jan 2035,103,4.182
2026-05-08,NGG35,2035-02-01,Feb 2035,104,3.942
2026-05-08,NGH35,2035-03-01,Mar 2035,105,3.512
2026-05-08,NGJ35,2035-04-01,Apr 2035,106,3.122
2026-05-08,NGK35,2035-05-01,May 2035,107,3.1
2026-05-08,NGM35,2035-06-01,Jun 2035,108,3.135
2026-05-08,NGN35,2035-07-01,Jul 2035,109,3.175
2026-05-08,NGQ35,2035-08-01,Aug 2035,110,3.215
2026-05-08,NGU35,2035-09-01,Sep 2035,111,3.23
2026-05-08,NGV35,2035-10-01,Oct 2035,112,3.276
2026-05-08,NGX35,2035-11-01,Nov 2035,113,3.476
2026-05-08,NGZ35,2035-12-01,Dec 2035,114,3.786
2026-05-08,NGF36,2036-01-01,Jan 2036,115,4.056
2026-05-08,NGG36,2036-02-01,Feb 2036,116,3.886
2026-05-08,NGH36,2036-03-01,Mar 2036,117,3.616
2026-05-08,NGJ36,2036-04-01,Apr 2036,118,3.286
2026-05-08,NGK36,2036-05-01,May 2036,119,3.264
2026-05-08,NGM36,2036-06-01,Jun 2036,120,3.304
2026-05-08,NGN36,2036-07-01,Jul 2036,121,3.344
2026-05-08,NGQ36,2036-08-01,Aug 2036,122,3.384
2026-05-08,NGU36,2036-09-01,Sep 2036,123,3.399
2026-05-08,NGV36,2036-10-01,Oct 2036,124,3.445
2026-05-08,NGX36,2036-11-01,Nov 2036,125,3.595
2026-05-08,NGZ36,2036-12-01,Dec 2036,126,3.87
2026-05-08,NGF37,2037-01-01,Jan 2037,127,4.095
2026-05-08,NGG37,2037-02-01,Feb 2037,128,3.945
2026-05-08,NGH37,2037-03-01,Mar 2037,129,3.745
2026-05-08,NGJ37,2037-04-01,Apr 2037,130,3.415
2026-05-08,NGK37,2037-05-01,May 2037,131,3.393
2026-05-08,NGM37,2037-06-01,Jun 2037,132,3.428
2026-05-08,NGN37,2037-07-01,Jul 2037,133,3.468
2026-05-08,NGQ37,2037-08-01,Aug 2037,134,3.508
2026-05-08,NGU37,2037-09-01,Sep 2037,135,3.523
2026-05-08,NGV37,2037-10-01,Oct 2037,136,3.569
2026-05-08,NGX37,2037-11-01,Nov 2037,137,3.694
2026-05-08,NGZ37,2037-12-01,Dec 2037,138,3.919
2026-05-08,NGF38,2038-01-01,Jan 2038,139,4.184
2026-05-08,NGU38,2038-09-01,Sep 2038,140,3.717
2026-05-09,NGM26,2026-06-01,Jun 2026,0,2.757
2026-05-09,NGN26,2026-07-01,Jul 2026,1,3.007
2026-05-09,NGQ26,2026-08-01,Aug 2026,2,3.077
2026-05-09,NGU26,2026-09-01,Sep 2026,3,3.055
2026-05-09,NGV26,2026-10-01,Oct 2026,4,3.124
2026-05-09,NGX26,2026-11-01,Nov 2026,5,3.437
2026-05-09,NGZ26,2026-12-01,Dec 2026,6,4.161
2026-05-09,NGF27,2027-01-01,Jan 2027,7,4.599
2026-05-09,NGG27,2027-02-01,Feb 2027,8,4.13
2026-05-09,NGH27,2027-03-01,Mar 2027,9,3.207
2026-05-09,NGJ27,2027-04-01,Apr 2027,10,2.959
2026-05-09,NGK27,2027-05-01,May 2027,11,2.939
2026-05-09,NGM27,2027-06-01,Jun 2027,12,3.084
2026-05-09,NGN27,2027-07-01,Jul 2027,13,3.3
2026-05-09,NGQ27,2027-08-01,Aug 2027,14,3.352
2026-05-09,NGU27,2027-09-01,Sep 2027,15,3.327
2026-05-09,NGV27,2027-10-01,Oct 2027,16,3.403
2026-05-09,NGX27,2027-11-01,Nov 2027,17,3.673
2026-05-09,NGZ27,2027-12-01,Dec 2027,18,4.329
2026-05-09,NGF28,2028-01-01,Jan 2028,19,4.737
2026-05-09,NGG28,2028-02-01,Feb 2028,20,4.222
2026-05-09,NGH28,2028-03-01,Mar 2028,21,3.473
2026-05-09,NGJ28,2028-04-01,Apr 2028,22,3.15
2026-05-09,NGK28,2028-05-01,May 2028,23,3.132
2026-05-09,NGM28,2028-06-01,Jun 2028,24,3.285
2026-05-09,NGN28,2028-07-01,Jul 2028,25,3.502
2026-05-09,NGQ28,2028-08-01,Aug 2028,26,3.559
2026-05-09,NGU28,2028-09-01,Sep 2028,27,3.535
2026-05-09,NGV28,2028-10-01,Oct 2028,28,3.604
2026-05-09,NGX28,2028-11-01,Nov 2028,29,3.834
2026-05-09,NGZ28,2028-12-01,Dec 2028,30,4.418
2026-05-09,NGF29,2029-01-01,Jan 2029,31,4.81
2026-05-09,NGG29,2029-02-01,Feb 2029,32,4.28
2026-05-09,NGH29,2029-03-01,Mar 2029,33,3.419
2026-05-09,NGJ29,2029-04-01,Apr 2029,34,3.124
2026-05-09,NGK29,2029-05-01,May 2029,35,3.107
2026-05-09,NGM29,2029-06-01,Jun 2029,36,3.23
2026-05-09,NGN29,2029-07-01,Jul 2029,37,3.456
2026-05-09,NGQ29,2029-08-01,Aug 2029,38,3.528
2026-05-09,NGU29,2029-09-01,Sep 2029,39,3.514
2026-05-09,NGV29,2029-10-01,Oct 2029,40,3.586
2026-05-09,NGX29,2029-11-01,Nov 2029,41,3.795
2026-05-09,NGZ29,2029-12-01,Dec 2029,42,4.387
2026-05-09,NGF30,2030-01-01,Jan 2030,43,4.765
2026-05-09,NGG30,2030-02-01,Feb 2030,44,4.259
2026-05-09,NGH30,2030-03-01,Mar 2030,45,3.546
2026-05-09,NGJ30,2030-04-01,Apr 2030,46,3.124
2026-05-09,NGK30,2030-05-01,May 2030,47,3.093
2026-05-09,NGM30,2030-06-01,Jun 2030,48,3.229
2026-05-09,NGN30,2030-07-01,Jul 2030,49,3.424
2026-05-09,NGQ30,2030-08-01,Aug 2030,50,3.467
2026-05-09,NGU30,2030-09-01,Sep 2030,51,3.442
2026-05-09,NGV30,2030-10-01,Oct 2030,52,3.514
2026-05-09,NGX30,2030-11-01,Nov 2030,53,3.723
2026-05-09,NGZ30,2030-12-01,Dec 2030,54,4.245
2026-05-09,NGF31,2031-01-01,Jan 2031,55,4.596
2026-05-09,NGG31,2031-02-01,Feb 2031,56,4.126
2026-05-09,NGH31,2031-03-01,Mar 2031,57,3.471
2026-05-09,NGJ31,2031-04-01,Apr 2031,58,2.998
2026-05-09,NGK31,2031-05-01,May 2031,59,2.972
2026-05-09,NGM31,2031-06-01,Jun 2031,60,3.116
2026-05-09,NGN31,2031-07-01,Jul 2031,61,3.284
2026-05-09,NGQ31,2031-08-01,Aug 2031,62,3.334
2026-05-09,NGU31,2031-09-01,Sep 2031,63,3.33
2026-05-09,NGV31,2031-10-01,Oct 2031,64,3.43
2026-05-09,NGX31,2031-11-01,Nov 2031,65,3.676
2026-05-09,NGZ31,2031-12-01,Dec 2031,66,4.25
2026-05-09,NGF32,2032-01-01,Jan 2032,67,4.584
2026-05-09,NGG32,2032-02-01,Feb 2032,68,4.116
2026-05-09,NGH32,2032-03-01,Mar 2032,69,3.411
2026-05-09,NGJ32,2032-04-01,Apr 2032,70,2.956
2026-05-09,NGK32,2032-05-01,May 2032,71,2.931
2026-05-09,NGM32,2032-06-01,Jun 2032,72,3.062
2026-05-09,NGN32,2032-07-01,Jul 2032,73,3.221
2026-05-09,NGQ32,2032-08-01,Aug 2032,74,3.275
2026-05-09,NGU32,2032-09-01,Sep 2032,75,3.254
2026-05-09,NGV32,2032-10-01,Oct 2032,76,3.317
2026-05-09,NGX32,2032-11-01,Nov 2032,77,3.535
2026-05-09,NGZ32,2032-12-01,Dec 2032,78,3.97
2026-05-09,NGF33,2033-01-01,Jan 2033,79,4.22
2026-05-09,NGG33,2033-02-01,Feb 2033,80,3.865
2026-05-09,NGH33,2033-03-01,Mar 2033,81,3.238
2026-05-09,NGJ33,2033-04-01,Apr 2033,82,2.813
2026-05-09,NGK33,2033-05-01,May 2033,83,2.813
2026-05-09,NGM33,2033-06-01,Jun 2033,84,2.961
2026-05-09,NGN33,2033-07-01,Jul 2033,85,3.141
2026-05-09,NGQ33,2033-08-01,Aug 2033,86,3.211
2026-05-09,NGU33,2033-09-01,Sep 2033,87,3.186
2026-05-09,NGV33,2033-10-01,Oct 2033,88,3.261
2026-05-09,NGX33,2033-11-01,Nov 2033,89,3.501
2026-05-09,NGZ33,2033-12-01,Dec 2033,90,3.931
2026-05-09,NGF34,2034-01-01,Jan 2034,91,4.211
2026-05-09,NGG34,2034-02-01,Feb 2034,92,3.906
2026-05-09,NGH34,2034-03-01,Mar 2034,93,3.296
2026-05-09,NGJ34,2034-04-01,Apr 2034,94,2.876
2026-05-09,NGK34,2034-05-01,May 2034,95,2.866
2026-05-09,NGM34,2034-06-01,Jun 2034,96,3.016
2026-05-09,NGN34,2034-07-01,Jul 2034,97,3.196
2026-05-09,NGQ34,2034-08-01,Aug 2034,98,3.256
2026-05-09,NGU34,2034-09-01,Sep 2034,99,3.271
2026-05-09,NGV34,2034-10-01,Oct 2034,100,3.317
2026-05-09,NGX34,2034-11-01,Nov 2034,101,3.557
2026-05-09,NGZ34,2034-12-01,Dec 2034,102,3.957
2026-05-09,NGF35,2035-01-01,Jan 2035,103,4.182
2026-05-09,NGG35,2035-02-01,Feb 2035,104,3.942
2026-05-09,NGH35,2035-03-01,Mar 2035,105,3.512
2026-05-09,NGJ35,2035-04-01,Apr 2035,106,3.122
2026-05-09,NGK35,2035-05-01,May 2035,107,3.1
2026-05-09,NGM35,2035-06-01,Jun 2035,108,3.135
2026-05-09,NGN35,2035-07-01,Jul 2035,109,3.175
2026-05-09,NGQ35,2035-08-01,Aug 2035,110,3.215
2026-05-09,NGU35,2035-09-01,Sep 2035,111,3.23
2026-05-09,NGV35,2035-10-01,Oct 2035,112,3.276
2026-05-09,NGX35,2035-11-01,Nov 2035,113,3.476
2026-05-09,NGZ35,2035-12-01,Dec 2035,114,3.786
2026-05-09,NGF36,2036-01-01,Jan 2036,115,4.056
2026-05-09,NGG36,2036-02-01,Feb 2036,116,3.886
2026-05-09,NGH36,2036-03-01,Mar 2036,117,3.616
2026-05-09,NGJ36,2036-04-01,Apr 2036,118,3.286
2026-05-09,NGK36,2036-05-01,May 2036,119,3.264
2026-05-09,NGM36,2036-06-01,Jun 2036,120,3.304
2026-05-09,NGN36,2036-07-01,Jul 2036,121,3.344
2026-05-09,NGQ36,2036-08-01,Aug 2036,122,3.384
2026-05-09,NGU36,2036-09-01,Sep 2036,123,3.399
2026-05-09,NGV36,2036-10-01,Oct 2036,124,3.445
2026-05-09,NGX36,2036-11-01,Nov 2036,125,3.595
2026-05-09,NGZ36,2036-12-01,Dec 2036,126,3.87
2026-05-09,NGF37,2037-01-01,Jan 2037,127,4.095
2026-05-09,NGG37,2037-02-01,Feb 2037,128,3.945
2026-05-09,NGH37,2037-03-01,Mar 2037,129,3.745
2026-05-09,NGJ37,2037-04-01,Apr 2037,130,3.415
2026-05-09,NGK37,2037-05-01,May 2037,131,3.393
2026-05-09,NGM37,2037-06-01,Jun 2037,132,3.428
2026-05-09,NGN37,2037-07-01,Jul 2037,133,3.468
2026-05-09,NGQ37,2037-08-01,Aug 2037,134,3.508
2026-05-09,NGU37,2037-09-01,Sep 2037,135,3.523
2026-05-09,NGV37,2037-10-01,Oct 2037,136,3.569
2026-05-09,NGX37,2037-11-01,Nov 2037,137,3.694
2026-05-09,NGZ37,2037-12-01,Dec 2037,138,3.919
2026-05-09,NGF38,2038-01-01,Jan 2038,139,4.184
2026-05-09,NGU38,2038-09-01,Sep 2038,140,3.717
2026-05-10,NGM26,2026-06-01,Jun 2026,0,2.757
2026-05-10,NGN26,2026-07-01,Jul 2026,1,3.007
2026-05-10,NGQ26,2026-08-01,Aug 2026,2,3.077
2026-05-10,NGU26,2026-09-01,Sep 2026,3,3.055
2026-05-10,NGV26,2026-10-01,Oct 2026,4,3.124
2026-05-10,NGX26,2026-11-01,Nov 2026,5,3.437
2026-05-10,NGZ26,2026-12-01,Dec 2026,6,4.161
2026-05-10,NGF27,2027-01-01,Jan 2027,7,4.599
2026-05-10,NGG27,2027-02-01,Feb 2027,8,4.13
2026-05-10,NGH27,2027-03-01,Mar 2027,9,3.207
2026-05-10,NGJ27,2027-04-01,Apr 2027,10,2.959
2026-05-10,NGK27,2027-05-01,May 2027,11,2.939
2026-05-10,NGM27,2027-06-01,Jun 2027,12,3.084
2026-05-10,NGN27,2027-07-01,Jul 2027,13,3.3
2026-05-10,NGQ27,2027-08-01,Aug 2027,14,3.352
2026-05-10,NGU27,2027-09-01,Sep 2027,15,3.327
2026-05-10,NGV27,2027-10-01,Oct 2027,16,3.403
2026-05-10,NGX27,2027-11-01,Nov 2027,17,3.673
2026-05-10,NGZ27,2027-12-01,Dec 2027,18,4.329
2026-05-10,NGF28,2028-01-01,Jan 2028,19,4.737
2026-05-10,NGG28,2028-02-01,Feb 2028,20,4.222
2026-05-10,NGH28,2028-03-01,Mar 2028,21,3.473
2026-05-10,NGJ28,2028-04-01,Apr 2028,22,3.15
2026-05-10,NGK28,2028-05-01,May 2028,23,3.132
2026-05-10,NGM28,2028-06-01,Jun 2028,24,3.285
2026-05-10,NGN28,2028-07-01,Jul 2028,25,3.502
2026-05-10,NGQ28,2028-08-01,Aug 2028,26,3.559
2026-05-10,NGU28,2028-09-01,Sep 2028,27,3.535
2026-05-10,NGV28,2028-10-01,Oct 2028,28,3.604
2026-05-10,NGX28,2028-11-01,Nov 2028,29,3.834
2026-05-10,NGZ28,2028-12-01,Dec 2028,30,4.418
2026-05-10,NGF29,2029-01-01,Jan 2029,31,4.81
2026-05-10,NGG29,2029-02-01,Feb 2029,32,4.28
2026-05-10,NGH29,2029-03-01,Mar 2029,33,3.419
2026-05-10,NGJ29,2029-04-01,Apr 2029,34,3.124
2026-05-10,NGK29,2029-05-01,May 2029,35,3.107
2026-05-10,NGM29,2029-06-01,Jun 2029,36,3.23
2026-05-10,NGN29,2029-07-01,Jul 2029,37,3.456
2026-05-10,NGQ29,2029-08-01,Aug 2029,38,3.528
2026-05-10,NGU29,2029-09-01,Sep 2029,39,3.514
2026-05-10,NGV29,2029-10-01,Oct 2029,40,3.586
2026-05-10,NGX29,2029-11-01,Nov 2029,41,3.795
2026-05-10,NGZ29,2029-12-01,Dec 2029,42,4.387
2026-05-10,NGF30,2030-01-01,Jan 2030,43,4.765
2026-05-10,NGG30,2030-02-01,Feb 2030,44,4.259
2026-05-10,NGH30,2030-03-01,Mar 2030,45,3.546
2026-05-10,NGJ30,2030-04-01,Apr 2030,46,3.124
2026-05-10,NGK30,2030-05-01,May 2030,47,3.093
2026-05-10,NGM30,2030-06-01,Jun 2030,48,3.229
2026-05-10,NGN30,2030-07-01,Jul 2030,49,3.424
2026-05-10,NGQ30,2030-08-01,Aug 2030,50,3.467
2026-05-10,NGU30,2030-09-01,Sep 2030,51,3.442
2026-05-10,NGV30,2030-10-01,Oct 2030,52,3.514
2026-05-10,NGX30,2030-11-01,Nov 2030,53,3.723
2026-05-10,NGZ30,2030-12-01,Dec 2030,54,4.245
2026-05-10,NGF31,2031-01-01,Jan 2031,55,4.596
2026-05-10,NGG31,2031-02-01,Feb 2031,56,4.126
2026-05-10,NGH31,2031-03-01,Mar 2031,57,3.471
2026-05-10,NGJ31,2031-04-01,Apr 2031,58,2.998
2026-05-10,NGK31,2031-05-01,May 2031,59,2.972
2026-05-10,NGM31,2031-06-01,Jun 2031,60,3.116
2026-05-10,NGN31,2031-07-01,Jul 2031,61,3.284
2026-05-10,NGQ31,2031-08-01,Aug 2031,62,3.334
2026-05-10,NGU31,2031-09-01,Sep 2031,63,3.33
2026-05-10,NGV31,2031-10-01,Oct 2031,64,3.43
2026-05-10,NGX31,2031-11-01,Nov 2031,65,3.676
2026-05-10,NGZ31,2031-12-01,Dec 2031,66,4.25
2026-05-10,NGF32,2032-01-01,Jan 2032,67,4.584
2026-05-10,NGG32,2032-02-01,Feb 2032,68,4.116
2026-05-10,NGH32,2032-03-01,Mar 2032,69,3.411
2026-05-10,NGJ32,2032-04-01,Apr 2032,70,2.956
2026-05-10,NGK32,2032-05-01,May 2032,71,2.931
2026-05-10,NGM32,2032-06-01,Jun 2032,72,3.062
2026-05-10,NGN32,2032-07-01,Jul 2032,73,3.221
2026-05-10,NGQ32,2032-08-01,Aug 2032,74,3.275
2026-05-10,NGU32,2032-09-01,Sep 2032,75,3.254
2026-05-10,NGV32,2032-10-01,Oct 2032,76,3.317
2026-05-10,NGX32,2032-11-01,Nov 2032,77,3.535
2026-05-10,NGZ32,2032-12-01,Dec 2032,78,3.97
2026-05-10,NGF33,2033-01-01,Jan 2033,79,4.22
2026-05-10,NGG33,2033-02-01,Feb 2033,80,3.865
2026-05-10,NGH33,2033-03-01,Mar 2033,81,3.238
2026-05-10,NGJ33,2033-04-01,Apr 2033,82,2.813
2026-05-10,NGK33,2033-05-01,May 2033,83,2.813
2026-05-10,NGM33,2033-06-01,Jun 2033,84,2.961
2026-05-10,NGN33,2033-07-01,Jul 2033,85,3.141
2026-05-10,NGQ33,2033-08-01,Aug 2033,86,3.211
2026-05-10,NGU33,2033-09-01,Sep 2033,87,3.186
2026-05-10,NGV33,2033-10-01,Oct 2033,88,3.261
2026-05-10,NGX33,2033-11-01,Nov 2033,89,3.501
2026-05-10,NGZ33,2033-12-01,Dec 2033,90,3.931
2026-05-10,NGF34,2034-01-01,Jan 2034,91,4.211
2026-05-10,NGG34,2034-02-01,Feb 2034,92,3.906
2026-05-10,NGH34,2034-03-01,Mar 2034,93,3.296
2026-05-10,NGJ34,2034-04-01,Apr 2034,94,2.876
2026-05-10,NGK34,2034-05-01,May 2034,95,2.866
2026-05-10,NGM34,2034-06-01,Jun 2034,96,3.016
2026-05-10,NGN34,2034-07-01,Jul 2034,97,3.196
2026-05-10,NGQ34,2034-08-01,Aug 2034,98,3.256
2026-05-10,NGU34,2034-09-01,Sep 2034,99,3.271
2026-05-10,NGV34,2034-10-01,Oct 2034,100,3.317
2026-05-10,NGX34,2034-11-01,Nov 2034,101,3.557
2026-05-10,NGZ34,2034-12-01,Dec 2034,102,3.957
2026-05-10,NGF35,2035-01-01,Jan 2035,103,4.182
2026-05-10,NGG35,2035-02-01,Feb 2035,104,3.942
2026-05-10,NGH35,2035-03-01,Mar 2035,105,3.512
2026-05-10,NGJ35,2035-04-01,Apr 2035,106,3.122
2026-05-10,NGK35,2035-05-01,May 2035,107,3.1
2026-05-10,NGM35,2035-06-01,Jun 2035,108,3.135
2026-05-10,NGN35,2035-07-01,Jul 2035,109,3.175
2026-05-10,NGQ35,2035-08-01,Aug 2035,110,3.215
2026-05-10,NGU35,2035-09-01,Sep 2035,111,3.23
2026-05-10,NGV35,2035-10-01,Oct 2035,112,3.276
2026-05-10,NGX35,2035-11-01,Nov 2035,113,3.476
2026-05-10,NGZ35,2035-12-01,Dec 2035,114,3.786
2026-05-10,NGF36,2036-01-01,Jan 2036,115,4.056
2026-05-10,NGG36,2036-02-01,Feb 2036,116,3.886
2026-05-10,NGH36,2036-03-01,Mar 2036,117,3.616
2026-05-10,NGJ36,2036-04-01,Apr 2036,118,3.286
2026-05-10,NGK36,2036-05-01,May 2036,119,3.264
2026-05-10,NGM36,2036-06-01,Jun 2036,120,3.304
2026-05-10,NGN36,2036-07-01,Jul 2036,121,3.344
2026-05-10,NGQ36,2036-08-01,Aug 2036,122,3.384
2026-05-10,NGU36,2036-09-01,Sep 2036,123,3.399
2026-05-10,NGV36,2036-10-01,Oct 2036,124,3.445
2026-05-10,NGX36,2036-11-01,Nov 2036,125,3.595
2026-05-10,NGZ36,2036-12-01,Dec 2036,126,3.87
2026-05-10,NGF37,2037-01-01,Jan 2037,127,4.095
2026-05-10,NGG37,2037-02-01,Feb 2037,128,3.945
2026-05-10,NGH37,2037-03-01,Mar 2037,129,3.745
2026-05-10,NGJ37,2037-04-01,Apr 2037,130,3.415
2026-05-10,NGK37,2037-05-01,May 2037,131,3.393
2026-05-10,NGM37,2037-06-01,Jun 2037,132,3.428
2026-05-10,NGN37,2037-07-01,Jul 2037,133,3.468
2026-05-10,NGQ37,2037-08-01,Aug 2037,134,3.508
2026-05-10,NGU37,2037-09-01,Sep 2037,135,3.523
2026-05-10,NGV37,2037-10-01,Oct 2037,136,3.569
2026-05-10,NGX37,2037-11-01,Nov 2037,137,3.694
2026-05-10,NGZ37,2037-12-01,Dec 2037,138,3.919
2026-05-10,NGF38,2038-01-01,Jan 2038,139,4.184
2026-05-10,NGG38,2038-02-01,Feb 2038,140,4.034
2026-05-10,NGH38,2038-03-01,Mar 2038,141,3.834
2026-05-10,NGJ38,2038-04-01,Apr 2038,142,3.504
2026-05-10,NGK38,2038-05-01,May 2038,143,3.482
2026-05-10,NGM38,2038-06-01,Jun 2038,144,3.562
2026-05-10,NGN38,2038-07-01,Jul 2038,145,3.662
2026-05-10,NGQ38,2038-08-01,Aug 2038,146,3.702
2026-05-10,NGU38,2038-09-01,Sep 2038,147,3.717
2026-05-10,NGV38,2038-10-01,Oct 2038,148,3.763
2026-05-10,NGX38,2038-11-01,Nov 2038,149,3.835
2026-05-10,NGZ38,2038-12-01,Dec 2038,150,3.99
2026-05-11,NGM26,2026-06-01,Jun 2026,0,2.916
2026-05-11,NGN26,2026-07-01,Jul 2026,1,3.127
2026-05-11,NGQ26,2026-08-01,Aug 2026,2,3.18
2026-05-11,NGU26,2026-09-01,Sep 2026,3,3.149
2026-05-11,NGV26,2026-10-01,Oct 2026,4,3.211
2026-05-11,NGX26,2026-11-01,Nov 2026,5,3.517
2026-05-11,NGZ26,2026-12-01,Dec 2026,6,4.235
2026-05-11,NGF27,2027-01-01,Jan 2027,7,4.668
2026-05-11,NGG27,2027-02-01,Feb 2027,8,4.193
2026-05-11,NGH27,2027-03-01,Mar 2027,9,3.259
2026-05-11,NGJ27,2027-04-01,Apr 2027,10,2.996
2026-05-11,NGK27,2027-05-01,May 2027,11,2.971
2026-05-11,NGM27,2027-06-01,Jun 2027,12,3.115
2026-05-11,NGN27,2027-07-01,Jul 2027,13,3.328
2026-05-11,NGQ27,2027-08-01,Aug 2027,14,3.378
2026-05-11,NGU27,2027-09-01,Sep 2027,15,3.354
2026-05-11,NGV27,2027-10-01,Oct 2027,16,3.432
2026-05-11,NGX27,2027-11-01,Nov 2027,17,3.696
2026-05-11,NGZ27,2027-12-01,Dec 2027,18,4.346
2026-05-11,NGF28,2028-01-01,Jan 2028,19,4.762
2026-05-11,NGG28,2028-02-01,Feb 2028,20,4.241
2026-05-11,NGH28,2028-03-01,Mar 2028,21,3.489
2026-05-11,NGJ28,2028-04-01,Apr 2028,22,3.169
2026-05-11,NGK28,2028-05-01,May 2028,23,3.157
2026-05-11,NGM28,2028-06-01,Jun 2028,24,3.296
2026-05-11,NGN28,2028-07-01,Jul 2028,25,3.528
2026-05-11,NGQ28,2028-08-01,Aug 2028,26,3.585
2026-05-11,NGU28,2028-09-01,Sep 2028,27,3.56
2026-05-11,NGV28,2028-10-01,Oct 2028,28,3.619
2026-05-11,NGX28,2028-11-01,Nov 2028,29,3.843
2026-05-11,NGZ28,2028-12-01,Dec 2028,30,4.428
2026-05-11,NGF29,2029-01-01,Jan 2029,31,4.822
2026-05-11,NGG29,2029-02-01,Feb 2029,32,4.294
2026-05-11,NGH29,2029-03-01,Mar 2029,33,3.428
2026-05-11,NGJ29,2029-04-01,Apr 2029,34,3.132
2026-05-11,NGK29,2029-05-01,May 2029,35,3.113
2026-05-11,NGM29,2029-06-01,Jun 2029,36,3.234
2026-05-11,NGN29,2029-07-01,Jul 2029,37,3.458
2026-05-11,NGQ29,2029-08-01,Aug 2029,38,3.53
2026-05-11,NGU29,2029-09-01,Sep 2029,39,3.516
2026-05-11,NGV29,2029-10-01,Oct 2029,40,3.588
2026-05-11,NGX29,2029-11-01,Nov 2029,41,3.788
2026-05-11,NGZ29,2029-12-01,Dec 2029,42,4.387
2026-05-11,NGF30,2030-01-01,Jan 2030,43,4.759
2026-05-11,NGG30,2030-02-01,Feb 2030,44,4.259
2026-05-11,NGH30,2030-03-01,Mar 2030,45,3.541
2026-05-11,NGJ30,2030-04-01,Apr 2030,46,3.119
2026-05-11,NGK30,2030-05-01,May 2030,47,3.089
2026-05-11,NGM30,2030-06-01,Jun 2030,48,3.225
2026-05-11,NGN30,2030-07-01,Jul 2030,49,3.421
2026-05-11,NGQ30,2030-08-01,Aug 2030,50,3.464
2026-05-11,NGU30,2030-09-01,Sep 2030,51,3.44
2026-05-11,NGV30,2030-10-01,Oct 2030,52,3.515
2026-05-11,NGX30,2030-11-01,Nov 2030,53,3.722
2026-05-11,NGZ30,2030-12-01,Dec 2030,54,4.244
2026-05-11,NGF31,2031-01-01,Jan 2031,55,4.599
2026-05-11,NGG31,2031-02-01,Feb 2031,56,4.126
2026-05-11,NGH31,2031-03-01,Mar 2031,57,3.471
2026-05-11,NGJ31,2031-04-01,Apr 2031,58,3.002
2026-05-11,NGK31,2031-05-01,May 2031,59,2.974
2026-05-11,NGM31,2031-06-01,Jun 2031,60,3.119
2026-05-11,NGN31,2031-07-01,Jul 2031,61,3.287
2026-05-11,NGQ31,2031-08-01,Aug 2031,62,3.337
2026-05-11,NGU31,2031-09-01,Sep 2031,63,3.333
2026-05-11,NGV31,2031-10-01,Oct 2031,64,3.433
2026-05-11,NGX31,2031-11-01,Nov 2031,65,3.678
2026-05-11,NGZ31,2031-12-01,Dec 2031,66,4.252
2026-05-11,NGF32,2032-01-01,Jan 2032,67,4.586
2026-05-11,NGG32,2032-02-01,Feb 2032,68,4.118
2026-05-11,NGH32,2032-03-01,Mar 2032,69,3.413
2026-05-11,NGJ32,2032-04-01,Apr 2032,70,2.958
2026-05-11,NGK32,2032-05-01,May 2032,71,2.933
2026-05-11,NGM32,2032-06-01,Jun 2032,72,3.064
2026-05-11,NGN32,2032-07-01,Jul 2032,73,3.223
2026-05-11,NGQ32,2032-08-01,Aug 2032,74,3.277
2026-05-11,NGU32,2032-09-01,Sep 2032,75,3.255
2026-05-11,NGV32,2032-10-01,Oct 2032,76,3.318
2026-05-11,NGX32,2032-11-01,Nov 2032,77,3.536
2026-05-11,NGZ32,2032-12-01,Dec 2032,78,3.971
2026-05-11,NGF33,2033-01-01,Jan 2033,79,4.219
2026-05-11,NGG33,2033-02-01,Feb 2033,80,3.87
2026-05-11,NGH33,2033-03-01,Mar 2033,81,3.243
2026-05-11,NGJ33,2033-04-01,Apr 2033,82,2.818
2026-05-11,NGK33,2033-05-01,May 2033,83,2.818
2026-05-11,NGM33,2033-06-01,Jun 2033,84,2.966
2026-05-11,NGN33,2033-07-01,Jul 2033,85,3.146
2026-05-11,NGQ33,2033-08-01,Aug 2033,86,3.216
2026-05-11,NGU33,2033-09-01,Sep 2033,87,3.191
2026-05-11,NGV33,2033-10-01,Oct 2033,88,3.266
2026-05-11,NGX33,2033-11-01,Nov 2033,89,3.506
2026-05-11,NGZ33,2033-12-01,Dec 2033,90,3.936
2026-05-11,NGF34,2034-01-01,Jan 2034,91,4.216
2026-05-11,NGG34,2034-02-01,Feb 2034,92,3.911
2026-05-11,NGH34,2034-03-01,Mar 2034,93,3.301
2026-05-11,NGJ34,2034-04-01,Apr 2034,94,2.881
2026-05-11,NGK34,2034-05-01,May 2034,95,2.871
2026-05-11,NGM34,2034-06-01,Jun 2034,96,3.021
2026-05-11,NGN34,2034-07-01,Jul 2034,97,3.201
2026-05-11,NGQ34,2034-08-01,Aug 2034,98,3.261
2026-05-11,NGU34,2034-09-01,Sep 2034,99,3.276
2026-05-11,NGV34,2034-10-01,Oct 2034,100,3.322
2026-05-11,NGX34,2034-11-01,Nov 2034,101,3.562
2026-05-11,NGZ34,2034-12-01,Dec 2034,102,3.962
2026-05-11,NGF35,2035-01-01,Jan 2035,103,4.187
2026-05-11,NGG35,2035-02-01,Feb 2035,104,3.947
2026-05-11,NGH35,2035-03-01,Mar 2035,105,3.517
2026-05-11,NGJ35,2035-04-01,Apr 2035,106,3.127
2026-05-11,NGK35,2035-05-01,May 2035,107,3.105
2026-05-11,NGM35,2035-06-01,Jun 2035,108,3.14
2026-05-11,NGN35,2035-07-01,Jul 2035,109,3.18
2026-05-11,NGQ35,2035-08-01,Aug 2035,110,3.22
2026-05-11,NGU35,2035-09-01,Sep 2035,111,3.235
2026-05-11,NGV35,2035-10-01,Oct 2035,112,3.281
2026-05-11,NGX35,2035-11-01,Nov 2035,113,3.481
2026-05-11,NGZ35,2035-12-01,Dec 2035,114,3.791
2026-05-11,NGF36,2036-01-01,Jan 2036,115,4.061
2026-05-11,NGG36,2036-02-01,Feb 2036,116,3.891
2026-05-11,NGH36,2036-03-01,Mar 2036,117,3.621
2026-05-11,NGJ36,2036-04-01,Apr 2036,118,3.291
2026-05-11,NGK36,2036-05-01,May 2036,119,3.269
2026-05-11,NGM36,2036-06-01,Jun 2036,120,3.309
2026-05-11,NGN36,2036-07-01,Jul 2036,121,3.349
2026-05-11,NGQ36,2036-08-01,Aug 2036,122,3.389
2026-05-11,NGU36,2036-09-01,Sep 2036,123,3.404
2026-05-11,NGV36,2036-10-01,Oct 2036,124,3.45
2026-05-11,NGX36,2036-11-01,Nov 2036,125,3.6
2026-05-11,NGZ36,2036-12-01,Dec 2036,126,3.875
2026-05-11,NGF37,2037-01-01,Jan 2037,127,4.1
2026-05-11,NGG37,2037-02-01,Feb 2037,128,3.95
2026-05-11,NGH37,2037-03-01,Mar 2037,129,3.75
2026-05-11,NGJ37,2037-04-01,Apr 2037,130,3.42
2026-05-11,NGK37,2037-05-01,May 2037,131,3.398
2026-05-11,NGM37,2037-06-01,Jun 2037,132,3.433
2026-05-11,NGN37,2037-07-01,Jul 2037,133,3.473
2026-05-11,NGQ37,2037-08-01,Aug 2037,134,3.513
2026-05-11,NGU37,2037-09-01,Sep 2037,135,3.528
2026-05-11,NGV37,2037-10-01,Oct 2037,136,3.574
2026-05-11,NGX37,2037-11-01,Nov 2037,137,3.699
2026-05-11,NGZ37,2037-12-01,Dec 2037,138,3.924
2026-05-11,NGF38,2038-01-01,Jan 2038,139,4.189
2026-05-11,NGU38,2038-09-01,Sep 2038,140,3.722
2026-05-12,NGM26,2026-06-01,Jun 2026,0,2.835
2026-05-12,NGN26,2026-07-01,Jul 2026,1,3.044
2026-05-12,NGQ26,2026-08-01,Aug 2026,2,3.092
2026-05-12,NGU26,2026-09-01,Sep 2026,3,3.067
2026-05-12,NGV26,2026-10-01,Oct 2026,4,3.131
2026-05-12,NGX26,2026-11-01,Nov 2026,5,3.448
2026-05-12,NGZ26,2026-12-01,Dec 2026,6,4.174
2026-05-12,NGF27,2027-01-01,Jan 2027,7,4.612
2026-05-12,NGG27,2027-02-01,Feb 2027,8,4.137
2026-05-12,NGH27,2027-03-01,Mar 2027,9,3.198
2026-05-12,NGJ27,2027-04-01,Apr 2027,10,2.947
2026-05-12,NGK27,2027-05-01,May 2027,11,2.928
2026-05-12,NGM27,2027-06-01,Jun 2027,12,3.073
2026-05-12,NGN27,2027-07-01,Jul 2027,13,3.284
2026-05-12,NGQ27,2027-08-01,Aug 2027,14,3.335
2026-05-12,NGU27,2027-09-01,Sep 2027,15,3.312
2026-05-12,NGV27,2027-10-01,Oct 2027,16,3.392
2026-05-12,NGX27,2027-11-01,Nov 2027,17,3.661
2026-05-12,NGZ27,2027-12-01,Dec 2027,18,4.311
2026-05-12,NGF28,2028-01-01,Jan 2028,19,4.734
2026-05-12,NGG28,2028-02-01,Feb 2028,20,4.222
2026-05-12,NGH28,2028-03-01,Mar 2028,21,3.467
2026-05-12,NGJ28,2028-04-01,Apr 2028,22,3.154
2026-05-12,NGK28,2028-05-01,May 2028,23,3.163
2026-05-12,NGM28,2028-06-01,Jun 2028,24,3.287
2026-05-12,NGN28,2028-07-01,Jul 2028,25,3.518
2026-05-12,NGQ28,2028-08-01,Aug 2028,26,3.557
2026-05-12,NGU28,2028-09-01,Sep 2028,27,3.54
2026-05-12,NGV28,2028-10-01,Oct 2028,28,3.604
2026-05-12,NGX28,2028-11-01,Nov 2028,29,3.83
2026-05-12,NGZ28,2028-12-01,Dec 2028,30,4.42
2026-05-12,NGF29,2029-01-01,Jan 2029,31,4.812
2026-05-12,NGG29,2029-02-01,Feb 2029,32,4.285
2026-05-12,NGH29,2029-03-01,Mar 2029,33,3.423
2026-05-12,NGJ29,2029-04-01,Apr 2029,34,3.124
2026-05-12,NGK29,2029-05-01,May 2029,35,3.103
2026-05-12,NGM29,2029-06-01,Jun 2029,36,3.225
2026-05-12,NGN29,2029-07-01,Jul 2029,37,3.451
2026-05-12,NGQ29,2029-08-01,Aug 2029,38,3.524
2026-05-12,NGU29,2029-09-01,Sep 2029,39,3.509
2026-05-12,NGV29,2029-10-01,Oct 2029,40,3.585
2026-05-12,NGX29,2029-11-01,Nov 2029,41,3.784
2026-05-12,NGZ29,2029-12-01,Dec 2029,42,4.375
2026-05-12,NGF30,2030-01-01,Jan 2030,43,4.755
2026-05-12,NGG30,2030-02-01,Feb 2030,44,4.237
2026-05-12,NGH30,2030-03-01,Mar 2030,45,3.541
2026-05-12,NGJ30,2030-04-01,Apr 2030,46,3.1
2026-05-12,NGK30,2030-05-01,May 2030,47,3.067
2026-05-12,NGM30,2030-06-01,Jun 2030,48,3.205
2026-05-12,NGN30,2030-07-01,Jul 2030,49,3.405
2026-05-12,NGQ30,2030-08-01,Aug 2030,50,3.453
2026-05-12,NGU30,2030-09-01,Sep 2030,51,3.445
2026-05-12,NGV30,2030-10-01,Oct 2030,52,3.502
2026-05-12,NGX30,2030-11-01,Nov 2030,53,3.727
2026-05-12,NGZ30,2030-12-01,Dec 2030,54,4.24
2026-05-12,NGF31,2031-01-01,Jan 2031,55,4.595
2026-05-12,NGG31,2031-02-01,Feb 2031,56,4.12
2026-05-12,NGH31,2031-03-01,Mar 2031,57,3.445
2026-05-12,NGJ31,2031-04-01,Apr 2031,58,2.991
2026-05-12,NGK31,2031-05-01,May 2031,59,2.963
2026-05-12,NGM31,2031-06-01,Jun 2031,60,3.108
2026-05-12,NGN31,2031-07-01,Jul 2031,61,3.276
2026-05-12,NGQ31,2031-08-01,Aug 2031,62,3.326
2026-05-12,NGU31,2031-09-01,Sep 2031,63,3.322
2026-05-12,NGV31,2031-10-01,Oct 2031,64,3.423
2026-05-12,NGX31,2031-11-01,Nov 2031,65,3.668
2026-05-12,NGZ31,2031-12-01,Dec 2031,66,4.242
2026-05-12,NGF32,2032-01-01,Jan 2032,67,4.576
2026-05-12,NGG32,2032-02-01,Feb 2032,68,4.109
2026-05-12,NGH32,2032-03-01,Mar 2032,69,3.404
2026-05-12,NGJ32,2032-04-01,Apr 2032,70,2.949
2026-05-12,NGK32,2032-05-01,May 2032,71,2.924
2026-05-12,NGM32,2032-06-01,Jun 2032,72,3.055
2026-05-12,NGN32,2032-07-01,Jul 2032,73,3.214
2026-05-12,NGQ32,2032-08-01,Aug 2032,74,3.268
2026-05-12,NGU32,2032-09-01,Sep 2032,75,3.246
2026-05-12,NGV32,2032-10-01,Oct 2032,76,3.309
2026-05-12,NGX32,2032-11-01,Nov 2032,77,3.527
2026-05-12,NGZ32,2032-12-01,Dec 2032,78,3.962
2026-05-12,NGF33,2033-01-01,Jan 2033,79,4.21
2026-05-12,NGG33,2033-02-01,Feb 2033,80,3.861
2026-05-12,NGH33,2033-03-01,Mar 2033,81,3.234
2026-05-12,NGJ33,2033-04-01,Apr 2033,82,2.809
2026-05-12,NGK33,2033-05-01,May 2033,83,2.809
2026-05-12,NGM33,2033-06-01,Jun 2033,84,2.957
2026-05-12,NGN33,2033-07-01,Jul 2033,85,3.137
2026-05-12,NGQ33,2033-08-01,Aug 2033,86,3.207
2026-05-12,NGU33,2033-09-01,Sep 2033,87,3.182
2026-05-12,NGV33,2033-10-01,Oct 2033,88,3.257
2026-05-12,NGX33,2033-11-01,Nov 2033,89,3.497
2026-05-12,NGZ33,2033-12-01,Dec 2033,90,3.927
2026-05-12,NGF34,2034-01-01,Jan 2034,91,4.207
2026-05-12,NGG34,2034-02-01,Feb 2034,92,3.902
2026-05-12,NGH34,2034-03-01,Mar 2034,93,3.292
2026-05-12,NGJ34,2034-04-01,Apr 2034,94,2.872
2026-05-12,NGK34,2034-05-01,May 2034,95,2.862
2026-05-12,NGM34,2034-06-01,Jun 2034,96,3.012
2026-05-12,NGN34,2034-07-01,Jul 2034,97,3.192
2026-05-12,NGQ34,2034-08-01,Aug 2034,98,3.252
2026-05-12,NGU34,2034-09-01,Sep 2034,99,3.267
2026-05-12,NGV34,2034-10-01,Oct 2034,100,3.313
2026-05-12,NGX34,2034-11-01,Nov 2034,101,3.553
2026-05-12,NGZ34,2034-12-01,Dec 2034,102,3.953
2026-05-12,NGF35,2035-01-01,Jan 2035,103,4.178
2026-05-12,NGG35,2035-02-01,Feb 2035,104,3.938
2026-05-12,NGH35,2035-03-01,Mar 2035,105,3.508
2026-05-12,NGJ35,2035-04-01,Apr 2035,106,3.118
2026-05-12,NGK35,2035-05-01,May 2035,107,3.096
2026-05-12,NGM35,2035-06-01,Jun 2035,108,3.131
2026-05-12,NGN35,2035-07-01,Jul 2035,109,3.171
2026-05-12,NGQ35,2035-08-01,Aug 2035,110,3.211
2026-05-12,NGU35,2035-09-01,Sep 2035,111,3.226
2026-05-12,NGV35,2035-10-01,Oct 2035,112,3.272
2026-05-12,NGX35,2035-11-01,Nov 2035,113,3.472
2026-05-12,NGZ35,2035-12-01,Dec 2035,114,3.782
2026-05-12,NGF36,2036-01-01,Jan 2036,115,4.052
2026-05-12,NGG36,2036-02-01,Feb 2036,116,3.882
2026-05-12,NGH36,2036-03-01,Mar 2036,117,3.612
2026-05-12,NGJ36,2036-04-01,Apr 2036,118,3.282
2026-05-12,NGK36,2036-05-01,May 2036,119,3.26
2026-05-12,NGM36,2036-06-01,Jun 2036,120,3.3
2026-05-12,NGN36,2036-07-01,Jul 2036,121,3.34
2026-05-12,NGQ36,2036-08-01,Aug 2036,122,3.38
2026-05-12,NGU36,2036-09-01,Sep 2036,123,3.395
2026-05-12,NGV36,2036-10-01,Oct 2036,124,3.441
2026-05-12,NGX36,2036-11-01,Nov 2036,125,3.591
2026-05-12,NGZ36,2036-12-01,Dec 2036,126,3.866
2026-05-12,NGF37,2037-01-01,Jan 2037,127,4.091
2026-05-12,NGG37,2037-02-01,Feb 2037,128,3.941
2026-05-12,NGH37,2037-03-01,Mar 2037,129,3.741
2026-05-12,NGJ37,2037-04-01,Apr 2037,130,3.411
2026-05-12,NGK37,2037-05-01,May 2037,131,3.389
2026-05-12,NGM37,2037-06-01,Jun 2037,132,3.424
2026-05-12,NGN37,2037-07-01,Jul 2037,133,3.464
2026-05-12,NGQ37,2037-08-01,Aug 2037,134,3.504
2026-05-12,NGU37,2037-09-01,Sep 2037,135,3.519
2026-05-12,NGV37,2037-10-01,Oct 2037,136,3.565
2026-05-12,NGX37,2037-11-01,Nov 2037,137,3.69
2026-05-12,NGZ37,2037-12-01,Dec 2037,138,3.915
2026-05-12,NGF38,2038-01-01,Jan 2038,139,4.18
2026-05-12,NGU38,2038-09-01,Sep 2038,140,3.713
2026-05-13,NGM26,2026-06-01,Jun 2026,0,2.857
2026-05-13,NGN26,2026-07-01,Jul 2026,1,3.054
2026-05-13,NGQ26,2026-08-01,Aug 2026,2,3.098
2026-05-13,NGU26,2026-09-01,Sep 2026,3,3.065
2026-05-13,NGV26,2026-10-01,Oct 2026,4,3.129
2026-05-13,NGX26,2026-11-01,Nov 2026,5,3.436
2026-05-13,NGZ26,2026-12-01,Dec 2026,6,4.146
2026-05-13,NGF27,2027-01-01,Jan 2027,7,4.586
2026-05-13,NGG27,2027-02-01,Feb 2027,8,4.113
2026-05-13,NGH27,2027-03-01,Mar 2027,9,3.175
2026-05-13,NGJ27,2027-04-01,Apr 2027,10,2.923
2026-05-13,NGK27,2027-05-01,May 2027,11,2.907
2026-05-13,NGM27,2027-06-01,Jun 2027,12,3.055
2026-05-13,NGN27,2027-07-01,Jul 2027,13,3.263
2026-05-13,NGQ27,2027-08-01,Aug 2027,14,3.317
2026-05-13,NGU27,2027-09-01,Sep 2027,15,3.294
2026-05-13,NGV27,2027-10-01,Oct 2027,16,3.371
2026-05-13,NGX27,2027-11-01,Nov 2027,17,3.641
2026-05-13,NGZ27,2027-12-01,Dec 2027,18,4.295
2026-05-13,NGF28,2028-01-01,Jan 2028,19,4.716
2026-05-13,NGG28,2028-02-01,Feb 2028,20,4.209
2026-05-13,NGH28,2028-03-01,Mar 2028,21,3.454
2026-05-13,NGJ28,2028-04-01,Apr 2028,22,3.154
2026-05-13,NGK28,2028-05-01,May 2028,23,3.105
2026-05-13,NGM28,2028-06-01,Jun 2028,24,3.296
2026-05-13,NGN28,2028-07-01,Jul 2028,25,3.495
2026-05-13,NGQ28,2028-08-01,Aug 2028,26,3.56
2026-05-13,NGU28,2028-09-01,Sep 2028,27,3.533
2026-05-13,NGV28,2028-10-01,Oct 2028,28,3.602
2026-05-13,NGX28,2028-11-01,Nov 2028,29,3.838
2026-05-13,NGZ28,2028-12-01,Dec 2028,30,4.418
2026-05-13,NGF29,2029-01-01,Jan 2029,31,4.82
2026-05-13,NGG29,2029-02-01,Feb 2029,32,4.29
2026-05-13,NGH29,2029-03-01,Mar 2029,33,3.429
2026-05-13,NGJ29,2029-04-01,Apr 2029,34,3.13
2026-05-13,NGK29,2029-05-01,May 2029,35,3.11
2026-05-13,NGM29,2029-06-01,Jun 2029,36,3.235
2026-05-13,NGN29,2029-07-01,Jul 2029,37,3.46
2026-05-13,NGQ29,2029-08-01,Aug 2029,38,3.532
2026-05-13,NGU29,2029-09-01,Sep 2029,39,3.517
2026-05-13,NGV29,2029-10-01,Oct 2029,40,3.588
2026-05-13,NGX29,2029-11-01,Nov 2029,41,3.792
2026-05-13,NGZ29,2029-12-01,Dec 2029,42,4.38
2026-05-13,NGF30,2030-01-01,Jan 2030,43,4.758
2026-05-13,NGG30,2030-02-01,Feb 2030,44,4.253
2026-05-13,NGH30,2030-03-01,Mar 2030,45,3.525
2026-05-13,NGJ30,2030-04-01,Apr 2030,46,3.107
2026-05-13,NGK30,2030-05-01,May 2030,47,3.075
2026-05-13,NGM30,2030-06-01,Jun 2030,48,3.215
2026-05-13,NGN30,2030-07-01,Jul 2030,49,3.421
2026-05-13,NGQ30,2030-08-01,Aug 2030,50,3.469
2026-05-13,NGU30,2030-09-01,Sep 2030,51,3.437
2026-05-13,NGV30,2030-10-01,Oct 2030,52,3.512
2026-05-13,NGX30,2030-11-01,Nov 2030,53,3.721
2026-05-13,NGZ30,2030-12-01,Dec 2030,54,4.254
2026-05-13,NGF31,2031-01-01,Jan 2031,55,4.609
2026-05-13,NGG31,2031-02-01,Feb 2031,56,4.134
2026-05-13,NGH31,2031-03-01,Mar 2031,57,3.451
2026-05-13,NGJ31,2031-04-01,Apr 2031,58,3.007
2026-05-13,NGK31,2031-05-01,May 2031,59,2.978
2026-05-13,NGM31,2031-06-01,Jun 2031,60,3.121
2026-05-13,NGN31,2031-07-01,Jul 2031,61,3.311
2026-05-13,NGQ31,2031-08-01,Aug 2031,62,3.371
2026-05-13,NGU31,2031-09-01,Sep 2031,63,3.354
2026-05-13,NGV31,2031-10-01,Oct 2031,64,3.439
2026-05-13,NGX31,2031-11-01,Nov 2031,65,3.684
2026-05-13,NGZ31,2031-12-01,Dec 2031,66,4.258
2026-05-13,NGF32,2032-01-01,Jan 2032,67,4.592
2026-05-13,NGG32,2032-02-01,Feb 2032,68,4.125
2026-05-13,NGH32,2032-03-01,Mar 2032,69,3.42
2026-05-13,NGJ32,2032-04-01,Apr 2032,70,2.965
2026-05-13,NGK32,2032-05-01,May 2032,71,2.94
2026-05-13,NGM32,2032-06-01,Jun 2032,72,3.071
2026-05-13,NGN32,2032-07-01,Jul 2032,73,3.23
2026-05-13,NGQ32,2032-08-01,Aug 2032,74,3.284
2026-05-13,NGU32,2032-09-01,Sep 2032,75,3.262
2026-05-13,NGV32,2032-10-01,Oct 2032,76,3.325
2026-05-13,NGX32,2032-11-01,Nov 2032,77,3.543
2026-05-13,NGZ32,2032-12-01,Dec 2032,78,3.978
2026-05-13,NGF33,2033-01-01,Jan 2033,79,4.226
2026-05-13,NGG33,2033-02-01,Feb 2033,80,3.877
2026-05-13,NGH33,2033-03-01,Mar 2033,81,3.25
2026-05-13,NGJ33,2033-04-01,Apr 2033,82,2.825
2026-05-13,NGK33,2033-05-01,May 2033,83,2.825
2026-05-13,NGM33,2033-06-01,Jun 2033,84,2.973
2026-05-13,NGN33,2033-07-01,Jul 2033,85,3.153
2026-05-13,NGQ33,2033-08-01,Aug 2033,86,3.223
2026-05-13,NGU33,2033-09-01,Sep 2033,87,3.198
2026-05-13,NGV33,2033-10-01,Oct 2033,88,3.273
2026-05-13,NGX33,2033-11-01,Nov 2033,89,3.513
2026-05-13,NGZ33,2033-12-01,Dec 2033,90,3.943
2026-05-13,NGF34,2034-01-01,Jan 2034,91,4.223
2026-05-13,NGG34,2034-02-01,Feb 2034,92,3.918
2026-05-13,NGH34,2034-03-01,Mar 2034,93,3.308
2026-05-13,NGJ34,2034-04-01,Apr 2034,94,2.888
2026-05-13,NGK34,2034-05-01,May 2034,95,2.878
2026-05-13,NGM34,2034-06-01,Jun 2034,96,3.028
2026-05-13,NGN34,2034-07-01,Jul 2034,97,3.208
2026-05-13,NGQ34,2034-08-01,Aug 2034,98,3.268
2026-05-13,NGU34,2034-09-01,Sep 2034,99,3.283
2026-05-13,NGV34,2034-10-01,Oct 2034,100,3.329
2026-05-13,NGX34,2034-11-01,Nov 2034,101,3.569
2026-05-13,NGZ34,2034-12-01,Dec 2034,102,3.969
2026-05-13,NGF35,2035-01-01,Jan 2035,103,4.194
2026-05-13,NGG35,2035-02-01,Feb 2035,104,3.954
2026-05-13,NGH35,2035-03-01,Mar 2035,105,3.524
2026-05-13,NGJ35,2035-04-01,Apr 2035,106,3.134
2026-05-13,NGK35,2035-05-01,May 2035,107,3.112
2026-05-13,NGM35,2035-06-01,Jun 2035,108,3.147
2026-05-13,NGN35,2035-07-01,Jul 2035,109,3.187
2026-05-13,NGQ35,2035-08-01,Aug 2035,110,3.227
2026-05-13,NGU35,2035-09-01,Sep 2035,111,3.242
2026-05-13,NGV35,2035-10-01,Oct 2035,112,3.288
2026-05-13,NGX35,2035-11-01,Nov 2035,113,3.488
2026-05-13,NGZ35,2035-12-01,Dec 2035,114,3.798
2026-05-13,NGF36,2036-01-01,Jan 2036,115,4.068
2026-05-13,NGG36,2036-02-01,Feb 2036,116,3.898
2026-05-13,NGH36,2036-03-01,Mar 2036,117,3.628
2026-05-13,NGJ36,2036-04-01,Apr 2036,118,3.298
2026-05-13,NGK36,2036-05-01,May 2036,119,3.276
2026-05-13,NGM36,2036-06-01,Jun 2036,120,3.316
2026-05-13,NGN36,2036-07-01,Jul 2036,121,3.356
2026-05-13,NGQ36,2036-08-01,Aug 2036,122,3.396
2026-05-13,NGU36,2036-09-01,Sep 2036,123,3.411
2026-05-13,NGV36,2036-10-01,Oct 2036,124,3.457
2026-05-13,NGX36,2036-11-01,Nov 2036,125,3.607
2026-05-13,NGZ36,2036-12-01,Dec 2036,126,3.882
2026-05-13,NGF37,2037-01-01,Jan 2037,127,4.107
2026-05-13,NGG37,2037-02-01,Feb 2037,128,3.957
2026-05-13,NGH37,2037-03-01,Mar 2037,129,3.757
2026-05-13,NGJ37,2037-04-01,Apr 2037,130,3.427
2026-05-13,NGK37,2037-05-01,May 2037,131,3.405
2026-05-13,NGM37,2037-06-01,Jun 2037,132,3.44
2026-05-13,NGN37,2037-07-01,Jul 2037,133,3.48
2026-05-13,NGQ37,2037-08-01,Aug 2037,134,3.52
2026-05-13,NGU37,2037-09-01,Sep 2037,135,3.535
2026-05-13,NGV37,2037-10-01,Oct 2037,136,3.581
2026-05-13,NGX37,2037-11-01,Nov 2037,137,3.706
2026-05-13,NGZ37,2037-12-01,Dec 2037,138,3.931
2026-05-13,NGF38,2038-01-01,Jan 2038,139,4.196
2026-05-13,NGU38,2038-09-01,Sep 2038,140,3.729
2026-05-14,NGM26,2026-06-01,Jun 2026,0,2.904
2026-05-14,NGN26,2026-07-01,Jul 2026,1,3.096
2026-05-14,NGQ26,2026-08-01,Aug 2026,2,3.139
2026-05-14,NGU26,2026-09-01,Sep 2026,3,3.105
2026-05-14,NGV26,2026-10-01,Oct 2026,4,3.161
2026-05-14,NGX26,2026-11-01,Nov 2026,5,3.443
2026-05-14,NGZ26,2026-12-01,Dec 2026,6,4.128
2026-05-14,NGF27,2027-01-01,Jan 2027,7,4.57
2026-05-14,NGG27,2027-02-01,Feb 2027,8,4.097
2026-05-14,NGH27,2027-03-01,Mar 2027,9,3.164
2026-05-14,NGJ27,2027-04-01,Apr 2027,10,2.911
2026-05-14,NGK27,2027-05-01,May 2027,11,2.891
2026-05-14,NGM27,2027-06-01,Jun 2027,12,3.039
2026-05-14,NGN27,2027-07-01,Jul 2027,13,3.256
2026-05-14,NGQ27,2027-08-01,Aug 2027,14,3.31
2026-05-14,NGU27,2027-09-01,Sep 2027,15,3.283
2026-05-14,NGV27,2027-10-01,Oct 2027,16,3.358
2026-05-14,NGX27,2027-11-01,Nov 2027,17,3.635
2026-05-14,NGZ27,2027-12-01,Dec 2027,18,4.287
2026-05-14,NGF28,2028-01-01,Jan 2028,19,4.709
2026-05-14,NGG28,2028-02-01,Feb 2028,20,4.19
2026-05-14,NGH28,2028-03-01,Mar 2028,21,3.446
2026-05-14,NGJ28,2028-04-01,Apr 2028,22,3.157
2026-05-14,NGK28,2028-05-01,May 2028,23,3.137
2026-05-14,NGM28,2028-06-01,Jun 2028,24,3.285
2026-05-14,NGN28,2028-07-01,Jul 2028,25,3.511
2026-05-14,NGQ28,2028-08-01,Aug 2028,26,3.553
2026-05-14,NGU28,2028-09-01,Sep 2028,27,3.531
2026-05-14,NGV28,2028-10-01,Oct 2028,28,3.602
2026-05-14,NGX28,2028-11-01,Nov 2028,29,3.829
2026-05-14,NGZ28,2028-12-01,Dec 2028,30,4.411
2026-05-14,NGF29,2029-01-01,Jan 2029,31,4.815
2026-05-14,NGG29,2029-02-01,Feb 2029,32,4.28
2026-05-14,NGH29,2029-03-01,Mar 2029,33,3.451
2026-05-14,NGJ29,2029-04-01,Apr 2029,34,3.135
2026-05-14,NGK29,2029-05-01,May 2029,35,3.114
2026-05-14,NGM29,2029-06-01,Jun 2029,36,3.239
2026-05-14,NGN29,2029-07-01,Jul 2029,37,3.466
2026-05-14,NGQ29,2029-08-01,Aug 2029,38,3.537
2026-05-14,NGU29,2029-09-01,Sep 2029,39,3.525
2026-05-14,NGV29,2029-10-01,Oct 2029,40,3.595
2026-05-14,NGX29,2029-11-01,Nov 2029,41,3.803
2026-05-14,NGZ29,2029-12-01,Dec 2029,42,4.395
2026-05-14,NGF30,2030-01-01,Jan 2030,43,4.778
2026-05-14,NGG30,2030-02-01,Feb 2030,44,4.271
2026-05-14,NGH30,2030-03-01,Mar 2030,45,3.536
2026-05-14,NGJ30,2030-04-01,Apr 2030,46,3.118
2026-05-14,NGK30,2030-05-01,May 2030,47,3.087
2026-05-14,NGM30,2030-06-01,Jun 2030,48,3.227
2026-05-14,NGN30,2030-07-01,Jul 2030,49,3.433
2026-05-14,NGQ30,2030-08-01,Aug 2030,50,3.481
2026-05-14,NGU30,2030-09-01,Sep 2030,51,3.449
2026-05-14,NGV30,2030-10-01,Oct 2030,52,3.525
2026-05-14,NGX30,2030-11-01,Nov 2030,53,3.728
2026-05-14,NGZ30,2030-12-01,Dec 2030,54,4.254
2026-05-14,NGF31,2031-01-01,Jan 2031,55,4.609
2026-05-14,NGG31,2031-02-01,Feb 2031,56,4.139
2026-05-14,NGH31,2031-03-01,Mar 2031,57,3.451
2026-05-14,NGJ31,2031-04-01,Apr 2031,58,3.007
2026-05-14,NGK31,2031-05-01,May 2031,59,2.976
2026-05-14,NGM31,2031-06-01,Jun 2031,60,3.116
2026-05-14,NGN31,2031-07-01,Jul 2031,61,3.311
2026-05-14,NGQ31,2031-08-01,Aug 2031,62,3.371
2026-05-14,NGU31,2031-09-01,Sep 2031,63,3.353
2026-05-14,NGV31,2031-10-01,Oct 2031,64,3.437
2026-05-14,NGX31,2031-11-01,Nov 2031,65,3.683
2026-05-14,NGZ31,2031-12-01,Dec 2031,66,4.258
2026-05-14,NGF32,2032-01-01,Jan 2032,67,4.592
2026-05-14,NGG32,2032-02-01,Feb 2032,68,4.126
2026-05-14,NGH32,2032-03-01,Mar 2032,69,3.42
2026-05-14,NGJ32,2032-04-01,Apr 2032,70,2.965
2026-05-14,NGK32,2032-05-01,May 2032,71,2.94
2026-05-14,NGM32,2032-06-01,Jun 2032,72,3.071
2026-05-14,NGN32,2032-07-01,Jul 2032,73,3.23
2026-05-14,NGQ32,2032-08-01,Aug 2032,74,3.283
2026-05-14,NGU32,2032-09-01,Sep 2032,75,3.261
2026-05-14,NGV32,2032-10-01,Oct 2032,76,3.324
2026-05-14,NGX32,2032-11-01,Nov 2032,77,3.542
2026-05-14,NGZ32,2032-12-01,Dec 2032,78,3.977
2026-05-14,NGF33,2033-01-01,Jan 2033,79,4.224
2026-05-14,NGG33,2033-02-01,Feb 2033,80,3.875
2026-05-14,NGH33,2033-03-01,Mar 2033,81,3.248
2026-05-14,NGJ33,2033-04-01,Apr 2033,82,2.823
2026-05-14,NGK33,2033-05-01,May 2033,83,2.823
2026-05-14,NGM33,2033-06-01,Jun 2033,84,2.971
2026-05-14,NGN33,2033-07-01,Jul 2033,85,3.151
2026-05-14,NGQ33,2033-08-01,Aug 2033,86,3.221
2026-05-14,NGU33,2033-09-01,Sep 2033,87,3.196
2026-05-14,NGV33,2033-10-01,Oct 2033,88,3.271
2026-05-14,NGX33,2033-11-01,Nov 2033,89,3.511
2026-05-14,NGZ33,2033-12-01,Dec 2033,90,3.941
2026-05-14,NGF34,2034-01-01,Jan 2034,91,4.221
2026-05-14,NGG34,2034-02-01,Feb 2034,92,3.916
2026-05-14,NGH34,2034-03-01,Mar 2034,93,3.306
2026-05-14,NGJ34,2034-04-01,Apr 2034,94,2.886
2026-05-14,NGK34,2034-05-01,May 2034,95,2.876
2026-05-14,NGM34,2034-06-01,Jun 2034,96,3.026
2026-05-14,NGN34,2034-07-01,Jul 2034,97,3.206
2026-05-14,NGQ34,2034-08-01,Aug 2034,98,3.266
2026-05-14,NGU34,2034-09-01,Sep 2034,99,3.281
2026-05-14,NGV34,2034-10-01,Oct 2034,100,3.327
2026-05-14,NGX34,2034-11-01,Nov 2034,101,3.567
2026-05-14,NGZ34,2034-12-01,Dec 2034,102,3.967
2026-05-14,NGF35,2035-01-01,Jan 2035,103,4.192
2026-05-14,NGG35,2035-02-01,Feb 2035,104,3.952
2026-05-14,NGH35,2035-03-01,Mar 2035,105,3.522
2026-05-14,NGJ35,2035-04-01,Apr 2035,106,3.132
2026-05-14,NGK35,2035-05-01,May 2035,107,3.11
2026-05-14,NGM35,2035-06-01,Jun 2035,108,3.145
2026-05-14,NGN35,2035-07-01,Jul 2035,109,3.185
2026-05-14,NGQ35,2035-08-01,Aug 2035,110,3.225
2026-05-14,NGU35,2035-09-01,Sep 2035,111,3.24
2026-05-14,NGV35,2035-10-01,Oct 2035,112,3.286
2026-05-14,NGX35,2035-11-01,Nov 2035,113,3.486
2026-05-14,NGZ35,2035-12-01,Dec 2035,114,3.796
2026-05-14,NGF36,2036-01-01,Jan 2036,115,4.066
2026-05-14,NGG36,2036-02-01,Feb 2036,116,3.896
2026-05-14,NGH36,2036-03-01,Mar 2036,117,3.626
2026-05-14,NGJ36,2036-04-01,Apr 2036,118,3.296
2026-05-14,NGK36,2036-05-01,May 2036,119,3.274
2026-05-14,NGM36,2036-06-01,Jun 2036,120,3.314
2026-05-14,NGN36,2036-07-01,Jul 2036,121,3.354
2026-05-14,NGQ36,2036-08-01,Aug 2036,122,3.394
2026-05-14,NGU36,2036-09-01,Sep 2036,123,3.409
2026-05-14,NGV36,2036-10-01,Oct 2036,124,3.455
2026-05-14,NGX36,2036-11-01,Nov 2036,125,3.605
2026-05-14,NGZ36,2036-12-01,Dec 2036,126,3.88
2026-05-14,NGF37,2037-01-01,Jan 2037,127,4.105
2026-05-14,NGG37,2037-02-01,Feb 2037,128,3.955
2026-05-14,NGH37,2037-03-01,Mar 2037,129,3.755
2026-05-14,NGJ37,2037-04-01,Apr 2037,130,3.425
2026-05-14,NGK37,2037-05-01,May 2037,131,3.403
2026-05-14,NGM37,2037-06-01,Jun 2037,132,3.438
2026-05-14,NGN37,2037-07-01,Jul 2037,133,3.478
2026-05-14,NGQ37,2037-08-01,Aug 2037,134,3.518
2026-05-14,NGU37,2037-09-01,Sep 2037,135,3.533
2026-05-14,NGV37,2037-10-01,Oct 2037,136,3.579
2026-05-14,NGX37,2037-11-01,Nov 2037,137,3.704
2026-05-14,NGZ37,2037-12-01,Dec 2037,138,3.929
2026-05-14,NGF38,2038-01-01,Jan 2038,139,4.194
2026-05-14,NGU38,2038-09-01,Sep 2038,140,3.727
2026-05-15,NGM26,2026-06-01,Jun 2026,0,2.968
2026-05-15,NGN26,2026-07-01,Jul 2026,1,3.129
2026-05-15,NGQ26,2026-08-01,Aug 2026,2,3.173
2026-05-15,NGU26,2026-09-01,Sep 2026,3,3.135
2026-05-15,NGV26,2026-10-01,Oct 2026,4,3.186
2026-05-15,NGX26,2026-11-01,Nov 2026,5,3.462
2026-05-15,NGZ26,2026-12-01,Dec 2026,6,4.13
2026-05-15,NGF27,2027-01-01,Jan 2027,7,4.556
2026-05-15,NGG27,2027-02-01,Feb 2027,8,4.097
2026-05-15,NGH27,2027-03-01,Mar 2027,9,3.157
2026-05-15,NGJ27,2027-04-01,Apr 2027,10,2.906
2026-05-15,NGK27,2027-05-01,May 2027,11,2.889
2026-05-15,NGM27,2027-06-01,Jun 2027,12,3.038
2026-05-15,NGN27,2027-07-01,Jul 2027,13,3.249
2026-05-15,NGQ27,2027-08-01,Aug 2027,14,3.303
2026-05-15,NGU27,2027-09-01,Sep 2027,15,3.277
2026-05-15,NGV27,2027-10-01,Oct 2027,16,3.353
2026-05-15,NGX27,2027-11-01,Nov 2027,17,3.627
2026-05-15,NGZ27,2027-12-01,Dec 2027,18,4.285
2026-05-15,NGF28,2028-01-01,Jan 2028,19,4.701
2026-05-15,NGG28,2028-02-01,Feb 2028,20,4.19
2026-05-15,NGH28,2028-03-01,Mar 2028,21,3.445
2026-05-15,NGJ28,2028-04-01,Apr 2028,22,3.156
2026-05-15,NGK28,2028-05-01,May 2028,23,3.128
2026-05-15,NGM28,2028-06-01,Jun 2028,24,3.283
2026-05-15,NGN28,2028-07-01,Jul 2028,25,3.498
2026-05-15,NGQ28,2028-08-01,Aug 2028,26,3.556
2026-05-15,NGU28,2028-09-01,Sep 2028,27,3.533
2026-05-15,NGV28,2028-10-01,Oct 2028,28,3.602
2026-05-15,NGX28,2028-11-01,Nov 2028,29,3.835
2026-05-15,NGZ28,2028-12-01,Dec 2028,30,4.405
2026-05-15,NGF29,2029-01-01,Jan 2029,31,4.815
2026-05-15,NGG29,2029-02-01,Feb 2029,32,4.293
2026-05-15,NGH29,2029-03-01,Mar 2029,33,3.436
2026-05-15,NGJ29,2029-04-01,Apr 2029,34,3.136
2026-05-15,NGK29,2029-05-01,May 2029,35,3.113
2026-05-15,NGM29,2029-06-01,Jun 2029,36,3.237
2026-05-15,NGN29,2029-07-01,Jul 2029,37,3.465
2026-05-15,NGQ29,2029-08-01,Aug 2029,38,3.53
2026-05-15,NGU29,2029-09-01,Sep 2029,39,3.522
2026-05-15,NGV29,2029-10-01,Oct 2029,40,3.605
2026-05-15,NGX29,2029-11-01,Nov 2029,41,3.8
2026-05-15,NGZ29,2029-12-01,Dec 2029,42,4.39
2026-05-15,NGF30,2030-01-01,Jan 2030,43,4.773
2026-05-15,NGG30,2030-02-01,Feb 2030,44,4.272
2026-05-15,NGH30,2030-03-01,Mar 2030,45,3.53
2026-05-15,NGJ30,2030-04-01,Apr 2030,46,3.11
2026-05-15,NGK30,2030-05-01,May 2030,47,3.078
2026-05-15,NGM30,2030-06-01,Jun 2030,48,3.227
2026-05-15,NGN30,2030-07-01,Jul 2030,49,3.431
2026-05-15,NGQ30,2030-08-01,Aug 2030,50,3.482
2026-05-15,NGU30,2030-09-01,Sep 2030,51,3.45
2026-05-15,NGV30,2030-10-01,Oct 2030,52,3.522
2026-05-15,NGX30,2030-11-01,Nov 2030,53,3.717
2026-05-15,NGZ30,2030-12-01,Dec 2030,54,4.247
2026-05-15,NGF31,2031-01-01,Jan 2031,55,4.61
2026-05-15,NGG31,2031-02-01,Feb 2031,56,4.135
2026-05-15,NGH31,2031-03-01,Mar 2031,57,3.439
2026-05-15,NGJ31,2031-04-01,Apr 2031,58,3.007
2026-05-15,NGK31,2031-05-01,May 2031,59,2.976
2026-05-15,NGM31,2031-06-01,Jun 2031,60,3.108
2026-05-15,NGN31,2031-07-01,Jul 2031,61,3.308
2026-05-15,NGQ31,2031-08-01,Aug 2031,62,3.366
2026-05-15,NGU31,2031-09-01,Sep 2031,63,3.346
2026-05-15,NGV31,2031-10-01,Oct 2031,64,3.429
2026-05-15,NGX31,2031-11-01,Nov 2031,65,3.674
2026-05-15,NGZ31,2031-12-01,Dec 2031,66,4.248
2026-05-15,NGF32,2032-01-01,Jan 2032,67,4.581
2026-05-15,NGG32,2032-02-01,Feb 2032,68,4.115
2026-05-15,NGH32,2032-03-01,Mar 2032,69,3.407
2026-05-15,NGJ32,2032-04-01,Apr 2032,70,2.951
2026-05-15,NGK32,2032-05-01,May 2032,71,2.925
2026-05-15,NGM32,2032-06-01,Jun 2032,72,3.054
2026-05-15,NGN32,2032-07-01,Jul 2032,73,3.212
2026-05-15,NGQ32,2032-08-01,Aug 2032,74,3.264
2026-05-15,NGU32,2032-09-01,Sep 2032,75,3.241
2026-05-15,NGV32,2032-10-01,Oct 2032,76,3.303
2026-05-15,NGX32,2032-11-01,Nov 2032,77,3.52
2026-05-15,NGZ32,2032-12-01,Dec 2032,78,3.954
2026-05-15,NGF33,2033-01-01,Jan 2033,79,4.234
2026-05-15,NGG33,2033-02-01,Feb 2033,80,3.866
2026-05-15,NGH33,2033-03-01,Mar 2033,81,3.218
2026-05-15,NGJ33,2033-04-01,Apr 2033,82,2.793
2026-05-15,NGK33,2033-05-01,May 2033,83,2.823
2026-05-15,NGM33,2033-06-01,Jun 2033,84,2.941
2026-05-15,NGN33,2033-07-01,Jul 2033,85,3.121
2026-05-15,NGQ33,2033-08-01,Aug 2033,86,3.191
2026-05-15,NGU33,2033-09-01,Sep 2033,87,3.166
2026-05-15,NGV33,2033-10-01,Oct 2033,88,3.241
2026-05-15,NGX33,2033-11-01,Nov 2033,89,3.481
2026-05-15,NGZ33,2033-12-01,Dec 2033,90,3.911
2026-05-15,NGF34,2034-01-01,Jan 2034,91,4.191
2026-05-15,NGG34,2034-02-01,Feb 2034,92,3.886
2026-05-15,NGH34,2034-03-01,Mar 2034,93,3.276
2026-05-15,NGJ34,2034-04-01,Apr 2034,94,2.856
2026-05-15,NGK34,2034-05-01,May 2034,95,2.846
2026-05-15,NGM34,2034-06-01,Jun 2034,96,2.996
2026-05-15,NGN34,2034-07-01,Jul 2034,97,3.176
2026-05-15,NGQ34,2034-08-01,Aug 2034,98,3.236
2026-05-15,NGU34,2034-09-01,Sep 2034,99,3.251
2026-05-15,NGV34,2034-10-01,Oct 2034,100,3.297
2026-05-15,NGX34,2034-11-01,Nov 2034,101,3.537
2026-05-15,NGZ34,2034-12-01,Dec 2034,102,3.937
2026-05-15,NGF35,2035-01-01,Jan 2035,103,4.162
2026-05-15,NGG35,2035-02-01,Feb 2035,104,3.922
2026-05-15,NGH35,2035-03-01,Mar 2035,105,3.492
2026-05-15,NGJ35,2035-04-01,Apr 2035,106,3.102
2026-05-15,NGK35,2035-05-01,May 2035,107,3.08
2026-05-15,NGM35,2035-06-01,Jun 2035,108,3.115
2026-05-15,NGN35,2035-07-01,Jul 2035,109,3.155
2026-05-15,NGQ35,2035-08-01,Aug 2035,110,3.195
2026-05-15,NGU35,2035-09-01,Sep 2035,111,3.21
2026-05-15,NGV35,2035-10-01,Oct 2035,112,3.256
2026-05-15,NGX35,2035-11-01,Nov 2035,113,3.456
2026-05-15,NGZ35,2035-12-01,Dec 2035,114,3.766
2026-05-15,NGF36,2036-01-01,Jan 2036,115,4.036
2026-05-15,NGG36,2036-02-01,Feb 2036,116,3.866
2026-05-15,NGH36,2036-03-01,Mar 2036,117,3.596
2026-05-15,NGJ36,2036-04-01,Apr 2036,118,3.266
2026-05-15,NGK36,2036-05-01,May 2036,119,3.244
2026-05-15,NGM36,2036-06-01,Jun 2036,120,3.284
2026-05-15,NGN36,2036-07-01,Jul 2036,121,3.324
2026-05-15,NGQ36,2036-08-01,Aug 2036,122,3.364
2026-05-15,NGU36,2036-09-01,Sep 2036,123,3.379
2026-05-15,NGV36,2036-10-01,Oct 2036,124,3.425
2026-05-15,NGX36,2036-11-01,Nov 2036,125,3.575
2026-05-15,NGZ36,2036-12-01,Dec 2036,126,3.85
2026-05-15,NGF37,2037-01-01,Jan 2037,127,4.075
2026-05-15,NGG37,2037-02-01,Feb 2037,128,3.925
2026-05-15,NGH37,2037-03-01,Mar 2037,129,3.725
2026-05-15,NGJ37,2037-04-01,Apr 2037,130,3.395
2026-05-15,NGK37,2037-05-01,May 2037,131,3.373
2026-05-15,NGM37,2037-06-01,Jun 2037,132,3.408
2026-05-15,NGN37,2037-07-01,Jul 2037,133,3.448
2026-05-15,NGQ37,2037-08-01,Aug 2037,134,3.488
2026-05-15,NGU37,2037-09-01,Sep 2037,135,3.503
2026-05-15,NGV37,2037-10-01,Oct 2037,136,3.549
2026-05-15,NGX37,2037-11-01,Nov 2037,137,3.674
2026-05-15,NGZ37,2037-12-01,Dec 2037,138,3.899
2026-05-15,NGF38,2038-01-01,Jan 2038,139,4.164
2026-05-15,NGU38,2038-09-01,Sep 2038,140,3.697
2026-05-16,NGM26,2026-06-01,Jun 2026,0,2.96
2026-05-16,NGN26,2026-07-01,Jul 2026,1,3.124
2026-05-16,NGQ26,2026-08-01,Aug 2026,2,3.166
2026-05-16,NGU26,2026-09-01,Sep 2026,3,3.129
2026-05-16,NGV26,2026-10-01,Oct 2026,4,3.181
2026-05-16,NGX26,2026-11-01,Nov 2026,5,3.46
2026-05-16,NGZ26,2026-12-01,Dec 2026,6,4.125
2026-05-16,NGF27,2027-01-01,Jan 2027,7,4.55
2026-05-16,NGG27,2027-02-01,Feb 2027,8,4.084
2026-05-16,NGH27,2027-03-01,Mar 2027,9,3.145
2026-05-16,NGJ27,2027-04-01,Apr 2027,10,2.898
2026-05-16,NGK27,2027-05-01,May 2027,11,2.883
2026-05-16,NGM27,2027-06-01,Jun 2027,12,3.033
2026-05-16,NGN27,2027-07-01,Jul 2027,13,3.245
2026-05-16,NGQ27,2027-08-01,Aug 2027,14,3.3
2026-05-16,NGU27,2027-09-01,Sep 2027,15,3.275
2026-05-16,NGV27,2027-10-01,Oct 2027,16,3.351
2026-05-16,NGX27,2027-11-01,Nov 2027,17,3.623
2026-05-16,NGZ27,2027-12-01,Dec 2027,18,4.276
2026-05-16,NGF28,2028-01-01,Jan 2028,19,4.7
2026-05-16,NGG28,2028-02-01,Feb 2028,20,4.189
2026-05-16,NGH28,2028-03-01,Mar 2028,21,3.441
2026-05-16,NGJ28,2028-04-01,Apr 2028,22,3.15
2026-05-16,NGK28,2028-05-01,May 2028,23,3.128
2026-05-16,NGM28,2028-06-01,Jun 2028,24,3.283
2026-05-16,NGN28,2028-07-01,Jul 2028,25,3.498
2026-05-16,NGQ28,2028-08-01,Aug 2028,26,3.556
2026-05-16,NGU28,2028-09-01,Sep 2028,27,3.533
2026-05-16,NGV28,2028-10-01,Oct 2028,28,3.602
2026-05-16,NGX28,2028-11-01,Nov 2028,29,3.834
2026-05-16,NGZ28,2028-12-01,Dec 2028,30,4.421
2026-05-16,NGF29,2029-01-01,Jan 2029,31,4.815
2026-05-16,NGG29,2029-02-01,Feb 2029,32,4.293
2026-05-16,NGH29,2029-03-01,Mar 2029,33,3.436
2026-05-16,NGJ29,2029-04-01,Apr 2029,34,3.136
2026-05-16,NGK29,2029-05-01,May 2029,35,3.113
2026-05-16,NGM29,2029-06-01,Jun 2029,36,3.237
2026-05-16,NGN29,2029-07-01,Jul 2029,37,3.465
2026-05-16,NGQ29,2029-08-01,Aug 2029,38,3.537
2026-05-16,NGU29,2029-09-01,Sep 2029,39,3.522
2026-05-16,NGV29,2029-10-01,Oct 2029,40,3.595
2026-05-16,NGX29,2029-11-01,Nov 2029,41,3.8
2026-05-16,NGZ29,2029-12-01,Dec 2029,42,4.39
2026-05-16,NGF30,2030-01-01,Jan 2030,43,4.773
2026-05-16,NGG30,2030-02-01,Feb 2030,44,4.272
2026-05-16,NGH30,2030-03-01,Mar 2030,45,3.53
2026-05-16,NGJ30,2030-04-01,Apr 2030,46,3.11
2026-05-16,NGK30,2030-05-01,May 2030,47,3.078
2026-05-16,NGM30,2030-06-01,Jun 2030,48,3.216
2026-05-16,NGN30,2030-07-01,Jul 2030,49,3.431
2026-05-16,NGQ30,2030-08-01,Aug 2030,50,3.482
2026-05-16,NGU30,2030-09-01,Sep 2030,51,3.45
2026-05-16,NGV30,2030-10-01,Oct 2030,52,3.522
2026-05-16,NGX30,2030-11-01,Nov 2030,53,3.717
2026-05-16,NGZ30,2030-12-01,Dec 2030,54,4.247
2026-05-16,NGF31,2031-01-01,Jan 2031,55,4.61
2026-05-16,NGG31,2031-02-01,Feb 2031,56,4.135
2026-05-16,NGH31,2031-03-01,Mar 2031,57,3.439
2026-05-16,NGJ31,2031-04-01,Apr 2031,58,2.996
2026-05-16,NGK31,2031-05-01,May 2031,59,2.967
2026-05-16,NGM31,2031-06-01,Jun 2031,60,3.108
2026-05-16,NGN31,2031-07-01,Jul 2031,61,3.308
2026-05-16,NGQ31,2031-08-01,Aug 2031,62,3.366
2026-05-16,NGU31,2031-09-01,Sep 2031,63,3.346
2026-05-16,NGV31,2031-10-01,Oct 2031,64,3.429
2026-05-16,NGX31,2031-11-01,Nov 2031,65,3.674
2026-05-16,NGZ31,2031-12-01,Dec 2031,66,4.248
2026-05-16,NGF32,2032-01-01,Jan 2032,67,4.581
2026-05-16,NGG32,2032-02-01,Feb 2032,68,4.115
2026-05-16,NGH32,2032-03-01,Mar 2032,69,3.407
2026-05-16,NGJ32,2032-04-01,Apr 2032,70,2.951
2026-05-16,NGK32,2032-05-01,May 2032,71,2.925
2026-05-16,NGM32,2032-06-01,Jun 2032,72,3.054
2026-05-16,NGN32,2032-07-01,Jul 2032,73,3.212
2026-05-16,NGQ32,2032-08-01,Aug 2032,74,3.264
2026-05-16,NGU32,2032-09-01,Sep 2032,75,3.241
2026-05-16,NGV32,2032-10-01,Oct 2032,76,3.303
2026-05-16,NGX32,2032-11-01,Nov 2032,77,3.52
2026-05-16,NGZ32,2032-12-01,Dec 2032,78,3.954
2026-05-16,NGF33,2033-01-01,Jan 2033,79,4.234
2026-05-16,NGG33,2033-02-01,Feb 2033,80,3.866
2026-05-16,NGH33,2033-03-01,Mar 2033,81,3.218
2026-05-16,NGJ33,2033-04-01,Apr 2033,82,2.793
2026-05-16,NGK33,2033-05-01,May 2033,83,2.793
2026-05-16,NGM33,2033-06-01,Jun 2033,84,2.941
2026-05-16,NGN33,2033-07-01,Jul 2033,85,3.121
2026-05-16,NGQ33,2033-08-01,Aug 2033,86,3.191
2026-05-16,NGU33,2033-09-01,Sep 2033,87,3.166
2026-05-16,NGV33,2033-10-01,Oct 2033,88,3.241
2026-05-16,NGX33,2033-11-01,Nov 2033,89,3.481
2026-05-16,NGZ33,2033-12-01,Dec 2033,90,3.911
2026-05-16,NGF34,2034-01-01,Jan 2034,91,4.191
2026-05-16,NGG34,2034-02-01,Feb 2034,92,3.886
2026-05-16,NGH34,2034-03-01,Mar 2034,93,3.276
2026-05-16,NGJ34,2034-04-01,Apr 2034,94,2.856
2026-05-16,NGK34,2034-05-01,May 2034,95,2.846
2026-05-16,NGM34,2034-06-01,Jun 2034,96,2.996
2026-05-16,NGN34,2034-07-01,Jul 2034,97,3.176
2026-05-16,NGQ34,2034-08-01,Aug 2034,98,3.236
2026-05-16,NGU34,2034-09-01,Sep 2034,99,3.251
2026-05-16,NGV34,2034-10-01,Oct 2034,100,3.297
2026-05-16,NGX34,2034-11-01,Nov 2034,101,3.537
2026-05-16,NGZ34,2034-12-01,Dec 2034,102,3.937
2026-05-16,NGF35,2035-01-01,Jan 2035,103,4.162
2026-05-16,NGG35,2035-02-01,Feb 2035,104,3.922
2026-05-16,NGH35,2035-03-01,Mar 2035,105,3.492
2026-05-16,NGJ35,2035-04-01,Apr 2035,106,3.102
2026-05-16,NGK35,2035-05-01,May 2035,107,3.08
2026-05-16,NGM35,2035-06-01,Jun 2035,108,3.115
2026-05-16,NGN35,2035-07-01,Jul 2035,109,3.155
2026-05-16,NGQ35,2035-08-01,Aug 2035,110,3.195
2026-05-16,NGU35,2035-09-01,Sep 2035,111,3.21
2026-05-16,NGV35,2035-10-01,Oct 2035,112,3.256
2026-05-16,NGX35,2035-11-01,Nov 2035,113,3.456
2026-05-16,NGZ35,2035-12-01,Dec 2035,114,3.766
2026-05-16,NGF36,2036-01-01,Jan 2036,115,4.036
2026-05-16,NGG36,2036-02-01,Feb 2036,116,3.866
2026-05-16,NGH36,2036-03-01,Mar 2036,117,3.596
2026-05-16,NGJ36,2036-04-01,Apr 2036,118,3.266
2026-05-16,NGK36,2036-05-01,May 2036,119,3.244
2026-05-16,NGM36,2036-06-01,Jun 2036,120,3.284
2026-05-16,NGN36,2036-07-01,Jul 2036,121,3.324
2026-05-16,NGQ36,2036-08-01,Aug 2036,122,3.364
2026-05-16,NGU36,2036-09-01,Sep 2036,123,3.379
2026-05-16,NGV36,2036-10-01,Oct 2036,124,3.425
2026-05-16,NGX36,2036-11-01,Nov 2036,125,3.575
2026-05-16,NGZ36,2036-12-01,Dec 2036,126,3.85
2026-05-16,NGF37,2037-01-01,Jan 2037,127,4.075
2026-05-16,NGG37,2037-02-01,Feb 2037,128,3.925
2026-05-16,NGH37,2037-03-01,Mar 2037,129,3.725
2026-05-16,NGJ37,2037-04-01,Apr 2037,130,3.395
2026-05-16,NGK37,2037-05-01,May 2037,131,3.373
2026-05-16,NGM37,2037-06-01,Jun 2037,132,3.408
2026-05-16,NGN37,2037-07-01,Jul 2037,133,3.448
2026-05-16,NGQ37,2037-08-01,Aug 2037,134,3.488
2026-05-16,NGU37,2037-09-01,Sep 2037,135,3.503
2026-05-16,NGV37,2037-10-01,Oct 2037,136,3.549
2026-05-16,NGX37,2037-11-01,Nov 2037,137,3.674
2026-05-16,NGZ37,2037-12-01,Dec 2037,138,3.899
2026-05-16,NGF38,2038-01-01,Jan 2038,139,4.164
2026-05-16,NGU38,2038-09-01,Sep 2038,140,3.697
2026-05-17,NGM26,2026-06-01,Jun 2026,0,2.96
2026-05-17,NGN26,2026-07-01,Jul 2026,1,3.124
2026-05-17,NGQ26,2026-08-01,Aug 2026,2,3.166
2026-05-17,NGU26,2026-09-01,Sep 2026,3,3.129
2026-05-17,NGV26,2026-10-01,Oct 2026,4,3.181
2026-05-17,NGX26,2026-11-01,Nov 2026,5,3.46
2026-05-17,NGZ26,2026-12-01,Dec 2026,6,4.125
2026-05-17,NGF27,2027-01-01,Jan 2027,7,4.55
2026-05-17,NGG27,2027-02-01,Feb 2027,8,4.084
2026-05-17,NGH27,2027-03-01,Mar 2027,9,3.145
2026-05-17,NGJ27,2027-04-01,Apr 2027,10,2.898
2026-05-17,NGK27,2027-05-01,May 2027,11,2.883
2026-05-17,NGM27,2027-06-01,Jun 2027,12,3.033
2026-05-17,NGN27,2027-07-01,Jul 2027,13,3.245
2026-05-17,NGQ27,2027-08-01,Aug 2027,14,3.3
2026-05-17,NGU27,2027-09-01,Sep 2027,15,3.275
2026-05-17,NGV27,2027-10-01,Oct 2027,16,3.351
2026-05-17,NGX27,2027-11-01,Nov 2027,17,3.623
2026-05-17,NGZ27,2027-12-01,Dec 2027,18,4.276
2026-05-17,NGF28,2028-01-01,Jan 2028,19,4.7
2026-05-17,NGG28,2028-02-01,Feb 2028,20,4.189
2026-05-17,NGH28,2028-03-01,Mar 2028,21,3.441
2026-05-17,NGJ28,2028-04-01,Apr 2028,22,3.15
2026-05-17,NGK28,2028-05-01,May 2028,23,3.128
2026-05-17,NGM28,2028-06-01,Jun 2028,24,3.283
2026-05-17,NGN28,2028-07-01,Jul 2028,25,3.498
2026-05-17,NGQ28,2028-08-01,Aug 2028,26,3.556
2026-05-17,NGU28,2028-09-01,Sep 2028,27,3.533
2026-05-17,NGV28,2028-10-01,Oct 2028,28,3.602
2026-05-17,NGX28,2028-11-01,Nov 2028,29,3.834
2026-05-17,NGZ28,2028-12-01,Dec 2028,30,4.421
2026-05-17,NGF29,2029-01-01,Jan 2029,31,4.815
2026-05-17,NGG29,2029-02-01,Feb 2029,32,4.293
2026-05-17,NGH29,2029-03-01,Mar 2029,33,3.436
2026-05-17,NGJ29,2029-04-01,Apr 2029,34,3.136
2026-05-17,NGK29,2029-05-01,May 2029,35,3.113
2026-05-17,NGM29,2029-06-01,Jun 2029,36,3.237
2026-05-17,NGN29,2029-07-01,Jul 2029,37,3.465
2026-05-17,NGQ29,2029-08-01,Aug 2029,38,3.537
2026-05-17,NGU29,2029-09-01,Sep 2029,39,3.522
2026-05-17,NGV29,2029-10-01,Oct 2029,40,3.595
2026-05-17,NGX29,2029-11-01,Nov 2029,41,3.8
2026-05-17,NGZ29,2029-12-01,Dec 2029,42,4.39
2026-05-17,NGF30,2030-01-01,Jan 2030,43,4.773
2026-05-17,NGG30,2030-02-01,Feb 2030,44,4.272
2026-05-17,NGH30,2030-03-01,Mar 2030,45,3.53
2026-05-17,NGJ30,2030-04-01,Apr 2030,46,3.11
2026-05-17,NGK30,2030-05-01,May 2030,47,3.078
2026-05-17,NGM30,2030-06-01,Jun 2030,48,3.216
2026-05-17,NGN30,2030-07-01,Jul 2030,49,3.431
2026-05-17,NGQ30,2030-08-01,Aug 2030,50,3.482
2026-05-17,NGU30,2030-09-01,Sep 2030,51,3.45
2026-05-17,NGV30,2030-10-01,Oct 2030,52,3.522
2026-05-17,NGX30,2030-11-01,Nov 2030,53,3.717
2026-05-17,NGZ30,2030-12-01,Dec 2030,54,4.247
2026-05-17,NGF31,2031-01-01,Jan 2031,55,4.61
2026-05-17,NGG31,2031-02-01,Feb 2031,56,4.135
2026-05-17,NGH31,2031-03-01,Mar 2031,57,3.439
2026-05-17,NGJ31,2031-04-01,Apr 2031,58,2.996
2026-05-17,NGK31,2031-05-01,May 2031,59,2.967
2026-05-17,NGM31,2031-06-01,Jun 2031,60,3.108
2026-05-17,NGN31,2031-07-01,Jul 2031,61,3.308
2026-05-17,NGQ31,2031-08-01,Aug 2031,62,3.366
2026-05-17,NGU31,2031-09-01,Sep 2031,63,3.346
2026-05-17,NGV31,2031-10-01,Oct 2031,64,3.429
2026-05-17,NGX31,2031-11-01,Nov 2031,65,3.674
2026-05-17,NGZ31,2031-12-01,Dec 2031,66,4.248
2026-05-17,NGF32,2032-01-01,Jan 2032,67,4.581
2026-05-17,NGG32,2032-02-01,Feb 2032,68,4.115
2026-05-17,NGH32,2032-03-01,Mar 2032,69,3.407
2026-05-17,NGJ32,2032-04-01,Apr 2032,70,2.951
2026-05-17,NGK32,2032-05-01,May 2032,71,2.925
2026-05-17,NGM32,2032-06-01,Jun 2032,72,3.054
2026-05-17,NGN32,2032-07-01,Jul 2032,73,3.212
2026-05-17,NGQ32,2032-08-01,Aug 2032,74,3.264
2026-05-17,NGU32,2032-09-01,Sep 2032,75,3.241
2026-05-17,NGV32,2032-10-01,Oct 2032,76,3.303
2026-05-17,NGX32,2032-11-01,Nov 2032,77,3.52
2026-05-17,NGZ32,2032-12-01,Dec 2032,78,3.954
2026-05-17,NGF33,2033-01-01,Jan 2033,79,4.234
2026-05-17,NGG33,2033-02-01,Feb 2033,80,3.866
2026-05-17,NGH33,2033-03-01,Mar 2033,81,3.218
2026-05-17,NGJ33,2033-04-01,Apr 2033,82,2.793
2026-05-17,NGK33,2033-05-01,May 2033,83,2.793
2026-05-17,NGM33,2033-06-01,Jun 2033,84,2.941
2026-05-17,NGN33,2033-07-01,Jul 2033,85,3.121
2026-05-17,NGQ33,2033-08-01,Aug 2033,86,3.191
2026-05-17,NGU33,2033-09-01,Sep 2033,87,3.166
2026-05-17,NGV33,2033-10-01,Oct 2033,88,3.241
2026-05-17,NGX33,2033-11-01,Nov 2033,89,3.481
2026-05-17,NGZ33,2033-12-01,Dec 2033,90,3.911
2026-05-17,NGF34,2034-01-01,Jan 2034,91,4.191
2026-05-17,NGG34,2034-02-01,Feb 2034,92,3.886
2026-05-17,NGH34,2034-03-01,Mar 2034,93,3.276
2026-05-17,NGJ34,2034-04-01,Apr 2034,94,2.856
2026-05-17,NGK34,2034-05-01,May 2034,95,2.846
2026-05-17,NGM34,2034-06-01,Jun 2034,96,2.996
2026-05-17,NGN34,2034-07-01,Jul 2034,97,3.176
2026-05-17,NGQ34,2034-08-01,Aug 2034,98,3.236
2026-05-17,NGU34,2034-09-01,Sep 2034,99,3.251
2026-05-17,NGV34,2034-10-01,Oct 2034,100,3.297
2026-05-17,NGX34,2034-11-01,Nov 2034,101,3.537
2026-05-17,NGZ34,2034-12-01,Dec 2034,102,3.937
2026-05-17,NGF35,2035-01-01,Jan 2035,103,4.162
2026-05-17,NGG35,2035-02-01,Feb 2035,104,3.922
2026-05-17,NGH35,2035-03-01,Mar 2035,105,3.492
2026-05-17,NGJ35,2035-04-01,Apr 2035,106,3.102
2026-05-17,NGK35,2035-05-01,May 2035,107,3.08
2026-05-17,NGM35,2035-06-01,Jun 2035,108,3.115
2026-05-17,NGN35,2035-07-01,Jul 2035,109,3.155
2026-05-17,NGQ35,2035-08-01,Aug 2035,110,3.195
2026-05-17,NGU35,2035-09-01,Sep 2035,111,3.21
2026-05-17,NGV35,2035-10-01,Oct 2035,112,3.256
2026-05-17,NGX35,2035-11-01,Nov 2035,113,3.456
2026-05-17,NGZ35,2035-12-01,Dec 2035,114,3.766
2026-05-17,NGF36,2036-01-01,Jan 2036,115,4.036
2026-05-17,NGG36,2036-02-01,Feb 2036,116,3.866
2026-05-17,NGH36,2036-03-01,Mar 2036,117,3.596
2026-05-17,NGJ36,2036-04-01,Apr 2036,118,3.266
2026-05-17,NGK36,2036-05-01,May 2036,119,3.244
2026-05-17,NGM36,2036-06-01,Jun 2036,120,3.284
2026-05-17,NGN36,2036-07-01,Jul 2036,121,3.324
2026-05-17,NGQ36,2036-08-01,Aug 2036,122,3.364
2026-05-17,NGU36,2036-09-01,Sep 2036,123,3.379
2026-05-17,NGV36,2036-10-01,Oct 2036,124,3.425
2026-05-17,NGX36,2036-11-01,Nov 2036,125,3.575
2026-05-17,NGZ36,2036-12-01,Dec 2036,126,3.85
2026-05-17,NGF37,2037-01-01,Jan 2037,127,4.075
2026-05-17,NGG37,2037-02-01,Feb 2037,128,3.925
2026-05-17,NGH37,2037-03-01,Mar 2037,129,3.725
2026-05-17,NGJ37,2037-04-01,Apr 2037,130,3.395
2026-05-17,NGK37,2037-05-01,May 2037,131,3.373
2026-05-17,NGM37,2037-06-01,Jun 2037,132,3.408
2026-05-17,NGN37,2037-07-01,Jul 2037,133,3.448
2026-05-17,NGQ37,2037-08-01,Aug 2037,134,3.488
2026-05-17,NGU37,2037-09-01,Sep 2037,135,3.503
2026-05-17,NGV37,2037-10-01,Oct 2037,136,3.549
2026-05-17,NGX37,2037-11-01,Nov 2037,137,3.674
2026-05-17,NGZ37,2037-12-01,Dec 2037,138,3.899
2026-05-17,NGF38,2038-01-01,Jan 2038,139,4.164
2026-05-17,NGG38,2038-02-01,Feb 2038,140,4.014
2026-05-17,NGH38,2038-03-01,Mar 2038,141,3.814
2026-05-17,NGJ38,2038-04-01,Apr 2038,142,3.484
2026-05-17,NGK38,2038-05-01,May 2038,143,3.462
2026-05-17,NGM38,2038-06-01,Jun 2038,144,3.542
2026-05-17,NGN38,2038-07-01,Jul 2038,145,3.642
2026-05-17,NGQ38,2038-08-01,Aug 2038,146,3.682
2026-05-17,NGU38,2038-09-01,Sep 2038,147,3.697
2026-05-17,NGV38,2038-10-01,Oct 2038,148,3.743
2026-05-17,NGX38,2038-11-01,Nov 2038,149,3.815
2026-05-17,NGZ38,2038-12-01,Dec 2038,150,3.97
2026-05-18,NGM26,2026-06-01,Jun 2026,0,3.025
2026-05-18,NGN26,2026-07-01,Jul 2026,1,3.186
2026-05-18,NGQ26,2026-08-01,Aug 2026,2,3.236
2026-05-18,NGU26,2026-09-01,Sep 2026,3,3.196
2026-05-18,NGV26,2026-10-01,Oct 2026,4,3.245
2026-05-18,NGX26,2026-11-01,Nov 2026,5,3.509
2026-05-18,NGZ26,2026-12-01,Dec 2026,6,4.151
2026-05-18,NGF27,2027-01-01,Jan 2027,7,4.573
2026-05-18,NGG27,2027-02-01,Feb 2027,8,4.111
2026-05-18,NGH27,2027-03-01,Mar 2027,9,3.192
2026-05-18,NGJ27,2027-04-01,Apr 2027,10,2.939
2026-05-18,NGK27,2027-05-01,May 2027,11,2.919
2026-05-18,NGM27,2027-06-01,Jun 2027,12,3.065
2026-05-18,NGN27,2027-07-01,Jul 2027,13,3.27
2026-05-18,NGQ27,2027-08-01,Aug 2027,14,3.323
2026-05-18,NGU27,2027-09-01,Sep 2027,15,3.298
2026-05-18,NGV27,2027-10-01,Oct 2027,16,3.372
2026-05-18,NGX27,2027-11-01,Nov 2027,17,3.635
2026-05-18,NGZ27,2027-12-01,Dec 2027,18,4.298
2026-05-18,NGF28,2028-01-01,Jan 2028,19,4.721
2026-05-18,NGG28,2028-02-01,Feb 2028,20,4.212
2026-05-18,NGH28,2028-03-01,Mar 2028,21,3.463
2026-05-18,NGJ28,2028-04-01,Apr 2028,22,3.159
2026-05-18,NGK28,2028-05-01,May 2028,23,3.134
2026-05-18,NGM28,2028-06-01,Jun 2028,24,3.303
2026-05-18,NGN28,2028-07-01,Jul 2028,25,3.513
2026-05-18,NGQ28,2028-08-01,Aug 2028,26,3.574
2026-05-18,NGU28,2028-09-01,Sep 2028,27,3.55
2026-05-18,NGV28,2028-10-01,Oct 2028,28,3.611
2026-05-18,NGX28,2028-11-01,Nov 2028,29,3.85
2026-05-18,NGZ28,2028-12-01,Dec 2028,30,4.43
2026-05-18,NGF29,2029-01-01,Jan 2029,31,4.82
2026-05-18,NGG29,2029-02-01,Feb 2029,32,4.295
2026-05-18,NGH29,2029-03-01,Mar 2029,33,3.438
2026-05-18,NGJ29,2029-04-01,Apr 2029,34,3.153
2026-05-18,NGK29,2029-05-01,May 2029,35,3.13
2026-05-18,NGM29,2029-06-01,Jun 2029,36,3.25
2026-05-18,NGN29,2029-07-01,Jul 2029,37,3.466
2026-05-18,NGQ29,2029-08-01,Aug 2029,38,3.548
2026-05-18,NGU29,2029-09-01,Sep 2029,39,3.533
2026-05-18,NGV29,2029-10-01,Oct 2029,40,3.605
2026-05-18,NGX29,2029-11-01,Nov 2029,41,3.81
2026-05-18,NGZ29,2029-12-01,Dec 2029,42,4.401
2026-05-18,NGF30,2030-01-01,Jan 2030,43,4.788
2026-05-18,NGG30,2030-02-01,Feb 2030,44,4.286
2026-05-18,NGH30,2030-03-01,Mar 2030,45,3.542
2026-05-18,NGJ30,2030-04-01,Apr 2030,46,3.121
2026-05-18,NGK30,2030-05-01,May 2030,47,3.082
2026-05-18,NGM30,2030-06-01,Jun 2030,48,3.215
2026-05-18,NGN30,2030-07-01,Jul 2030,49,3.426
2026-05-18,NGQ30,2030-08-01,Aug 2030,50,3.472
2026-05-18,NGU30,2030-09-01,Sep 2030,51,3.438
2026-05-18,NGV30,2030-10-01,Oct 2030,52,3.535
2026-05-18,NGX30,2030-11-01,Nov 2030,53,3.705
2026-05-18,NGZ30,2030-12-01,Dec 2030,54,4.235
2026-05-18,NGF31,2031-01-01,Jan 2031,55,4.599
2026-05-18,NGG31,2031-02-01,Feb 2031,56,4.124
2026-05-18,NGH31,2031-03-01,Mar 2031,57,3.428
2026-05-18,NGJ31,2031-04-01,Apr 2031,58,2.986
2026-05-18,NGK31,2031-05-01,May 2031,59,2.957
2026-05-18,NGM31,2031-06-01,Jun 2031,60,3.099
2026-05-18,NGN31,2031-07-01,Jul 2031,61,3.299
2026-05-18,NGQ31,2031-08-01,Aug 2031,62,3.358
2026-05-18,NGU31,2031-09-01,Sep 2031,63,3.336
2026-05-18,NGV31,2031-10-01,Oct 2031,64,3.418
2026-05-18,NGX31,2031-11-01,Nov 2031,65,3.658
2026-05-18,NGZ31,2031-12-01,Dec 2031,66,4.233
2026-05-18,NGF32,2032-01-01,Jan 2032,67,4.564
2026-05-18,NGG32,2032-02-01,Feb 2032,68,4.096
2026-05-18,NGH32,2032-03-01,Mar 2032,69,3.387
2026-05-18,NGJ32,2032-04-01,Apr 2032,70,2.929
2026-05-18,NGK32,2032-05-01,May 2032,71,2.901
2026-05-18,NGM32,2032-06-01,Jun 2032,72,3.038
2026-05-18,NGN32,2032-07-01,Jul 2032,73,3.194
2026-05-18,NGQ32,2032-08-01,Aug 2032,74,3.254
2026-05-18,NGU32,2032-09-01,Sep 2032,75,3.229
2026-05-18,NGV32,2032-10-01,Oct 2032,76,3.309
2026-05-18,NGX32,2032-11-01,Nov 2032,77,3.524
2026-05-18,NGZ32,2032-12-01,Dec 2032,78,3.956
2026-05-18,NGF33,2033-01-01,Jan 2033,79,4.211
2026-05-18,NGG33,2033-02-01,Feb 2033,80,3.843
2026-05-18,NGH33,2033-03-01,Mar 2033,81,3.195
2026-05-18,NGJ33,2033-04-01,Apr 2033,82,2.77
2026-05-18,NGK33,2033-05-01,May 2033,83,2.77
2026-05-18,NGM33,2033-06-01,Jun 2033,84,2.918
2026-05-18,NGN33,2033-07-01,Jul 2033,85,3.098
2026-05-18,NGQ33,2033-08-01,Aug 2033,86,3.168
2026-05-18,NGU33,2033-09-01,Sep 2033,87,3.143
2026-05-18,NGV33,2033-10-01,Oct 2033,88,3.218
2026-05-18,NGX33,2033-11-01,Nov 2033,89,3.458
2026-05-18,NGZ33,2033-12-01,Dec 2033,90,3.888
2026-05-18,NGF34,2034-01-01,Jan 2034,91,4.168
2026-05-18,NGG34,2034-02-01,Feb 2034,92,3.863
2026-05-18,NGH34,2034-03-01,Mar 2034,93,3.253
2026-05-18,NGJ34,2034-04-01,Apr 2034,94,2.833
2026-05-18,NGK34,2034-05-01,May 2034,95,2.823
2026-05-18,NGM34,2034-06-01,Jun 2034,96,2.973
2026-05-18,NGN34,2034-07-01,Jul 2034,97,3.153
2026-05-18,NGQ34,2034-08-01,Aug 2034,98,3.213
2026-05-18,NGU34,2034-09-01,Sep 2034,99,3.228
2026-05-18,NGV34,2034-10-01,Oct 2034,100,3.274
2026-05-18,NGX34,2034-11-01,Nov 2034,101,3.514
2026-05-18,NGZ34,2034-12-01,Dec 2034,102,3.914
2026-05-18,NGF35,2035-01-01,Jan 2035,103,4.139
2026-05-18,NGG35,2035-02-01,Feb 2035,104,3.899
2026-05-18,NGH35,2035-03-01,Mar 2035,105,3.469
2026-05-18,NGJ35,2035-04-01,Apr 2035,106,3.079
2026-05-18,NGK35,2035-05-01,May 2035,107,3.057
2026-05-18,NGM35,2035-06-01,Jun 2035,108,3.092
2026-05-18,NGN35,2035-07-01,Jul 2035,109,3.132
2026-05-18,NGQ35,2035-08-01,Aug 2035,110,3.172
2026-05-18,NGU35,2035-09-01,Sep 2035,111,3.187
2026-05-18,NGV35,2035-10-01,Oct 2035,112,3.233
2026-05-18,NGX35,2035-11-01,Nov 2035,113,3.433
2026-05-18,NGZ35,2035-12-01,Dec 2035,114,3.743
2026-05-18,NGF36,2036-01-01,Jan 2036,115,4.013
2026-05-18,NGG36,2036-02-01,Feb 2036,116,3.843
2026-05-18,NGH36,2036-03-01,Mar 2036,117,3.573
2026-05-18,NGJ36,2036-04-01,Apr 2036,118,3.243
2026-05-18,NGK36,2036-05-01,May 2036,119,3.221
2026-05-18,NGM36,2036-06-01,Jun 2036,120,3.261
2026-05-18,NGN36,2036-07-01,Jul 2036,121,3.301
2026-05-18,NGQ36,2036-08-01,Aug 2036,122,3.341
2026-05-18,NGU36,2036-09-01,Sep 2036,123,3.356
2026-05-18,NGV36,2036-10-01,Oct 2036,124,3.402
2026-05-18,NGX36,2036-11-01,Nov 2036,125,3.552
2026-05-18,NGZ36,2036-12-01,Dec 2036,126,3.827
2026-05-18,NGF37,2037-01-01,Jan 2037,127,4.052
2026-05-18,NGG37,2037-02-01,Feb 2037,128,3.902
2026-05-18,NGH37,2037-03-01,Mar 2037,129,3.702
2026-05-18,NGJ37,2037-04-01,Apr 2037,130,3.372
2026-05-18,NGK37,2037-05-01,May 2037,131,3.35
2026-05-18,NGM37,2037-06-01,Jun 2037,132,3.385
2026-05-18,NGN37,2037-07-01,Jul 2037,133,3.425
2026-05-18,NGQ37,2037-08-01,Aug 2037,134,3.465
2026-05-18,NGU37,2037-09-01,Sep 2037,135,3.48
2026-05-18,NGV37,2037-10-01,Oct 2037,136,3.526
2026-05-18,NGX37,2037-11-01,Nov 2037,137,3.651
2026-05-18,NGZ37,2037-12-01,Dec 2037,138,3.876
2026-05-18,NGF38,2038-01-01,Jan 2038,139,4.141
2026-05-18,NGG38,2038-02-01,Feb 2038,140,3.991
2026-05-18,NGH38,2038-03-01,Mar 2038,141,3.791
2026-05-18,NGJ38,2038-04-01,Apr 2038,142,3.461
2026-05-18,NGK38,2038-05-01,May 2038,143,3.439
2026-05-18,NGM38,2038-06-01,Jun 2038,144,3.519
2026-05-18,NGN38,2038-07-01,Jul 2038,145,3.619
2026-05-18,NGQ38,2038-08-01,Aug 2038,146,3.659
2026-05-18,NGU38,2038-09-01,Sep 2038,147,3.674
2026-05-18,NGV38,2038-10-01,Oct 2038,148,3.72
2026-05-18,NGX38,2038-11-01,Nov 2038,149,3.792
2026-05-18,NGZ38,2038-12-01,Dec 2038,150,3.947
2026-05-19,NGM26,2026-06-01,Jun 2026,0,3.124
2026-05-19,NGN26,2026-07-01,Jul 2026,1,3.29
2026-05-19,NGQ26,2026-08-01,Aug 2026,2,3.332
2026-05-19,NGU26,2026-09-01,Sep 2026,3,3.297
2026-05-19,NGV26,2026-10-01,Oct 2026,4,3.349
2026-05-19,NGX26,2026-11-01,Nov 2026,5,3.609
2026-05-19,NGZ26,2026-12-01,Dec 2026,6,4.23
2026-05-19,NGF27,2027-01-01,Jan 2027,7,4.649
2026-05-19,NGG27,2027-02-01,Feb 2027,8,4.189
2026-05-19,NGH27,2027-03-01,Mar 2027,9,3.261
2026-05-19,NGJ27,2027-04-01,Apr 2027,10,2.985
2026-05-19,NGK27,2027-05-01,May 2027,11,2.961
2026-05-19,NGM27,2027-06-01,Jun 2027,12,3.102
2026-05-19,NGN27,2027-07-01,Jul 2027,13,3.301
2026-05-19,NGQ27,2027-08-01,Aug 2027,14,3.352
2026-05-19,NGU27,2027-09-01,Sep 2027,15,3.329
2026-05-19,NGV27,2027-10-01,Oct 2027,16,3.407
2026-05-19,NGX27,2027-11-01,Nov 2027,17,3.665
2026-05-19,NGZ27,2027-12-01,Dec 2027,18,4.321
2026-05-19,NGF28,2028-01-01,Jan 2028,19,4.751
2026-05-19,NGG28,2028-02-01,Feb 2028,20,4.225
2026-05-19,NGH28,2028-03-01,Mar 2028,21,3.48
2026-05-19,NGJ28,2028-04-01,Apr 2028,22,3.172
2026-05-19,NGK28,2028-05-01,May 2028,23,3.162
2026-05-19,NGM28,2028-06-01,Jun 2028,24,3.309
2026-05-19,NGN28,2028-07-01,Jul 2028,25,3.516
2026-05-19,NGQ28,2028-08-01,Aug 2028,26,3.575
2026-05-19,NGU28,2028-09-01,Sep 2028,27,3.551
2026-05-19,NGV28,2028-10-01,Oct 2028,28,3.615
2026-05-19,NGX28,2028-11-01,Nov 2028,29,3.846
2026-05-19,NGZ28,2028-12-01,Dec 2028,30,4.431
2026-05-19,NGF29,2029-01-01,Jan 2029,31,4.835
2026-05-19,NGG29,2029-02-01,Feb 2029,32,4.313
2026-05-19,NGH29,2029-03-01,Mar 2029,33,3.453
2026-05-19,NGJ29,2029-04-01,Apr 2029,34,3.153
2026-05-19,NGK29,2029-05-01,May 2029,35,3.121
2026-05-19,NGM29,2029-06-01,Jun 2029,36,3.25
2026-05-19,NGN29,2029-07-01,Jul 2029,37,3.474
2026-05-19,NGQ29,2029-08-01,Aug 2029,38,3.548
2026-05-19,NGU29,2029-09-01,Sep 2029,39,3.53
2026-05-19,NGV29,2029-10-01,Oct 2029,40,3.605
2026-05-19,NGX29,2029-11-01,Nov 2029,41,3.81
2026-05-19,NGZ29,2029-12-01,Dec 2029,42,4.401
2026-05-19,NGF30,2030-01-01,Jan 2030,43,4.789
2026-05-19,NGG30,2030-02-01,Feb 2030,44,4.284
2026-05-19,NGH30,2030-03-01,Mar 2030,45,3.539
2026-05-19,NGJ30,2030-04-01,Apr 2030,46,3.121
2026-05-19,NGK30,2030-05-01,May 2030,47,3.085
2026-05-19,NGM30,2030-06-01,Jun 2030,48,3.218
2026-05-19,NGN30,2030-07-01,Jul 2030,49,3.436
2026-05-19,NGQ30,2030-08-01,Aug 2030,50,3.483
2026-05-19,NGU30,2030-09-01,Sep 2030,51,3.451
2026-05-19,NGV30,2030-10-01,Oct 2030,52,3.51
2026-05-19,NGX30,2030-11-01,Nov 2030,53,3.724
2026-05-19,NGZ30,2030-12-01,Dec 2030,54,4.25
2026-05-19,NGF31,2031-01-01,Jan 2031,55,4.613
2026-05-19,NGG31,2031-02-01,Feb 2031,56,4.143
2026-05-19,NGH31,2031-03-01,Mar 2031,57,3.445
2026-05-19,NGJ31,2031-04-01,Apr 2031,58,3.003
2026-05-19,NGK31,2031-05-01,May 2031,59,2.97
2026-05-19,NGM31,2031-06-01,Jun 2031,60,3.103
2026-05-19,NGN31,2031-07-01,Jul 2031,61,3.305
2026-05-19,NGQ31,2031-08-01,Aug 2031,62,3.365
2026-05-19,NGU31,2031-09-01,Sep 2031,63,3.341
2026-05-19,NGV31,2031-10-01,Oct 2031,64,3.421
2026-05-19,NGX31,2031-11-01,Nov 2031,65,3.66
2026-05-19,NGZ31,2031-12-01,Dec 2031,66,4.235
2026-05-19,NGF32,2032-01-01,Jan 2032,67,4.565
2026-05-19,NGG32,2032-02-01,Feb 2032,68,4.098
2026-05-19,NGH32,2032-03-01,Mar 2032,69,3.39
2026-05-19,NGJ32,2032-04-01,Apr 2032,70,2.93
2026-05-19,NGK32,2032-05-01,May 2032,71,2.9
2026-05-19,NGM32,2032-06-01,Jun 2032,72,3.036
2026-05-19,NGN32,2032-07-01,Jul 2032,73,3.19
2026-05-19,NGQ32,2032-08-01,Aug 2032,74,3.249
2026-05-19,NGU32,2032-09-01,Sep 2032,75,3.222
2026-05-19,NGV32,2032-10-01,Oct 2032,76,3.292
2026-05-19,NGX32,2032-11-01,Nov 2032,77,3.516
2026-05-19,NGZ32,2032-12-01,Dec 2032,78,3.947
2026-05-19,NGF33,2033-01-01,Jan 2033,79,4.193
2026-05-19,NGG33,2033-02-01,Feb 2033,80,3.818
2026-05-19,NGH33,2033-03-01,Mar 2033,81,3.17
2026-05-19,NGJ33,2033-04-01,Apr 2033,82,2.8
2026-05-19,NGK33,2033-05-01,May 2033,83,2.745
2026-05-19,NGM33,2033-06-01,Jun 2033,84,2.893
2026-05-19,NGN33,2033-07-01,Jul 2033,85,3.073
2026-05-19,NGQ33,2033-08-01,Aug 2033,86,3.143
2026-05-19,NGU33,2033-09-01,Sep 2033,87,3.118
2026-05-19,NGV33,2033-10-01,Oct 2033,88,3.193
2026-05-19,NGX33,2033-11-01,Nov 2033,89,3.433
2026-05-19,NGZ33,2033-12-01,Dec 2033,90,3.863
2026-05-19,NGF34,2034-01-01,Jan 2034,91,4.143
2026-05-19,NGG34,2034-02-01,Feb 2034,92,3.838
2026-05-19,NGH34,2034-03-01,Mar 2034,93,3.228
2026-05-19,NGJ34,2034-04-01,Apr 2034,94,2.808
2026-05-19,NGK34,2034-05-01,May 2034,95,2.798
2026-05-19,NGM34,2034-06-01,Jun 2034,96,2.948
2026-05-19,NGN34,2034-07-01,Jul 2034,97,3.128
2026-05-19,NGQ34,2034-08-01,Aug 2034,98,3.188
2026-05-19,NGU34,2034-09-01,Sep 2034,99,3.203
2026-05-19,NGV34,2034-10-01,Oct 2034,100,3.249
2026-05-19,NGX34,2034-11-01,Nov 2034,101,3.489
2026-05-19,NGZ34,2034-12-01,Dec 2034,102,3.889
2026-05-19,NGF35,2035-01-01,Jan 2035,103,4.114
2026-05-19,NGG35,2035-02-01,Feb 2035,104,3.874
2026-05-19,NGH35,2035-03-01,Mar 2035,105,3.444
2026-05-19,NGJ35,2035-04-01,Apr 2035,106,3.054
2026-05-19,NGK35,2035-05-01,May 2035,107,3.032
2026-05-19,NGM35,2035-06-01,Jun 2035,108,3.067
2026-05-19,NGN35,2035-07-01,Jul 2035,109,3.107
2026-05-19,NGQ35,2035-08-01,Aug 2035,110,3.147
2026-05-19,NGU35,2035-09-01,Sep 2035,111,3.162
2026-05-19,NGV35,2035-10-01,Oct 2035,112,3.208
2026-05-19,NGX35,2035-11-01,Nov 2035,113,3.408
2026-05-19,NGZ35,2035-12-01,Dec 2035,114,3.718
2026-05-19,NGF36,2036-01-01,Jan 2036,115,3.988
2026-05-19,NGG36,2036-02-01,Feb 2036,116,3.818
2026-05-19,NGH36,2036-03-01,Mar 2036,117,3.548
2026-05-19,NGJ36,2036-04-01,Apr 2036,118,3.218
2026-05-19,NGK36,2036-05-01,May 2036,119,3.196
2026-05-19,NGM36,2036-06-01,Jun 2036,120,3.236
2026-05-19,NGN36,2036-07-01,Jul 2036,121,3.276
2026-05-19,NGQ36,2036-08-01,Aug 2036,122,3.316
2026-05-19,NGU36,2036-09-01,Sep 2036,123,3.331
2026-05-19,NGV36,2036-10-01,Oct 2036,124,3.377
2026-05-19,NGX36,2036-11-01,Nov 2036,125,3.527
2026-05-19,NGZ36,2036-12-01,Dec 2036,126,3.802
2026-05-19,NGF37,2037-01-01,Jan 2037,127,4.027
2026-05-19,NGG37,2037-02-01,Feb 2037,128,3.877
2026-05-19,NGH37,2037-03-01,Mar 2037,129,3.677
2026-05-19,NGJ37,2037-04-01,Apr 2037,130,3.347
2026-05-19,NGK37,2037-05-01,May 2037,131,3.325
2026-05-19,NGM37,2037-06-01,Jun 2037,132,3.36
2026-05-19,NGN37,2037-07-01,Jul 2037,133,3.4
2026-05-19,NGQ37,2037-08-01,Aug 2037,134,3.44
2026-05-19,NGU37,2037-09-01,Sep 2037,135,3.455
2026-05-19,NGV37,2037-10-01,Oct 2037,136,3.501
2026-05-19,NGX37,2037-11-01,Nov 2037,137,3.626
2026-05-19,NGZ37,2037-12-01,Dec 2037,138,3.851
2026-05-19,NGF38,2038-01-01,Jan 2038,139,4.116
2026-05-19,NGU38,2038-09-01,Sep 2038,140,3.649
2026-05-20,NGM26,2026-06-01,Jun 2026,0,3.035
2026-05-20,NGN26,2026-07-01,Jul 2026,1,3.171
2026-05-20,NGQ26,2026-08-01,Aug 2026,2,3.206
2026-05-20,NGU26,2026-09-01,Sep 2026,3,3.168
2026-05-20,NGV26,2026-10-01,Oct 2026,4,3.218
2026-05-20,NGX26,2026-11-01,Nov 2026,5,3.483
2026-05-20,NGZ26,2026-12-01,Dec 2026,6,4.111
2026-05-20,NGF27,2027-01-01,Jan 2027,7,4.531
2026-05-20,NGG27,2027-02-01,Feb 2027,8,4.083
2026-05-20,NGH27,2027-03-01,Mar 2027,9,3.171
2026-05-20,NGJ27,2027-04-01,Apr 2027,10,2.924
2026-05-20,NGK27,2027-05-01,May 2027,11,2.906
2026-05-20,NGM27,2027-06-01,Jun 2027,12,3.052
2026-05-20,NGN27,2027-07-01,Jul 2027,13,3.257
2026-05-20,NGQ27,2027-08-01,Aug 2027,14,3.31
2026-05-20,NGU27,2027-09-01,Sep 2027,15,3.286
2026-05-20,NGV27,2027-10-01,Oct 2027,16,3.364
2026-05-20,NGX27,2027-11-01,Nov 2027,17,3.634
2026-05-20,NGZ27,2027-12-01,Dec 2027,18,4.292
2026-05-20,NGF28,2028-01-01,Jan 2028,19,4.72
2026-05-20,NGG28,2028-02-01,Feb 2028,20,4.21
2026-05-20,NGH28,2028-03-01,Mar 2028,21,3.46
2026-05-20,NGJ28,2028-04-01,Apr 2028,22,3.165
2026-05-20,NGK28,2028-05-01,May 2028,23,3.137
2026-05-20,NGM28,2028-06-01,Jun 2028,24,3.289
2026-05-20,NGN28,2028-07-01,Jul 2028,25,3.496
2026-05-20,NGQ28,2028-08-01,Aug 2028,26,3.558
2026-05-20,NGU28,2028-09-01,Sep 2028,27,3.536
2026-05-20,NGV28,2028-10-01,Oct 2028,28,3.599
2026-05-20,NGX28,2028-11-01,Nov 2028,29,3.834
2026-05-20,NGZ28,2028-12-01,Dec 2028,30,4.41
2026-05-20,NGF29,2029-01-01,Jan 2029,31,4.818
2026-05-20,NGG29,2029-02-01,Feb 2029,32,4.302
2026-05-20,NGH29,2029-03-01,Mar 2029,33,3.446
2026-05-20,NGJ29,2029-04-01,Apr 2029,34,3.14
2026-05-20,NGK29,2029-05-01,May 2029,35,3.118
2026-05-20,NGM29,2029-06-01,Jun 2029,36,3.242
2026-05-20,NGN29,2029-07-01,Jul 2029,37,3.466
2026-05-20,NGQ29,2029-08-01,Aug 2029,38,3.543
2026-05-20,NGU29,2029-09-01,Sep 2029,39,3.528
2026-05-20,NGV29,2029-10-01,Oct 2029,40,3.598
2026-05-20,NGX29,2029-11-01,Nov 2029,41,3.805
2026-05-20,NGZ29,2029-12-01,Dec 2029,42,4.397
2026-05-20,NGF30,2030-01-01,Jan 2030,43,4.79
2026-05-20,NGG30,2030-02-01,Feb 2030,44,4.287
2026-05-20,NGH30,2030-03-01,Mar 2030,45,3.539
2026-05-20,NGJ30,2030-04-01,Apr 2030,46,3.119
2026-05-20,NGK30,2030-05-01,May 2030,47,3.079
2026-05-20,NGM30,2030-06-01,Jun 2030,48,3.212
2026-05-20,NGN30,2030-07-01,Jul 2030,49,3.43
2026-05-20,NGQ30,2030-08-01,Aug 2030,50,3.478
2026-05-20,NGU30,2030-09-01,Sep 2030,51,3.446
2026-05-20,NGV30,2030-10-01,Oct 2030,52,3.514
2026-05-20,NGX30,2030-11-01,Nov 2030,53,3.714
2026-05-20,NGZ30,2030-12-01,Dec 2030,54,4.24
2026-05-20,NGF31,2031-01-01,Jan 2031,55,4.604
2026-05-20,NGG31,2031-02-01,Feb 2031,56,4.134
2026-05-20,NGH31,2031-03-01,Mar 2031,57,3.436
2026-05-20,NGJ31,2031-04-01,Apr 2031,58,2.996
2026-05-20,NGK31,2031-05-01,May 2031,59,2.961
2026-05-20,NGM31,2031-06-01,Jun 2031,60,3.095
2026-05-20,NGN31,2031-07-01,Jul 2031,61,3.298
2026-05-20,NGQ31,2031-08-01,Aug 2031,62,3.358
2026-05-20,NGU31,2031-09-01,Sep 2031,63,3.336
2026-05-20,NGV31,2031-10-01,Oct 2031,64,3.421
2026-05-20,NGX31,2031-11-01,Nov 2031,65,3.661
2026-05-20,NGZ31,2031-12-01,Dec 2031,66,4.241
2026-05-20,NGF32,2032-01-01,Jan 2032,67,4.571
2026-05-20,NGG32,2032-02-01,Feb 2032,68,4.104
2026-05-20,NGH32,2032-03-01,Mar 2032,69,3.394
2026-05-20,NGJ32,2032-04-01,Apr 2032,70,2.934
2026-05-20,NGK32,2032-05-01,May 2032,71,2.904
2026-05-20,NGM32,2032-06-01,Jun 2032,72,3.04
2026-05-20,NGN32,2032-07-01,Jul 2032,73,3.194
2026-05-20,NGQ32,2032-08-01,Aug 2032,74,3.253
2026-05-20,NGU32,2032-09-01,Sep 2032,75,3.226
2026-05-20,NGV32,2032-10-01,Oct 2032,76,3.296
2026-05-20,NGX32,2032-11-01,Nov 2032,77,3.52
2026-05-20,NGZ32,2032-12-01,Dec 2032,78,3.951
2026-05-20,NGF33,2033-01-01,Jan 2033,79,4.197
2026-05-20,NGG33,2033-02-01,Feb 2033,80,3.822
2026-05-20,NGH33,2033-03-01,Mar 2033,81,3.197
2026-05-20,NGJ33,2033-04-01,Apr 2033,82,2.772
2026-05-20,NGK33,2033-05-01,May 2033,83,2.772
2026-05-20,NGM33,2033-06-01,Jun 2033,84,2.92
2026-05-20,NGN33,2033-07-01,Jul 2033,85,3.1
2026-05-20,NGQ33,2033-08-01,Aug 2033,86,3.17
2026-05-20,NGU33,2033-09-01,Sep 2033,87,3.145
2026-05-20,NGV33,2033-10-01,Oct 2033,88,3.22
2026-05-20,NGX33,2033-11-01,Nov 2033,89,3.46
2026-05-20,NGZ33,2033-12-01,Dec 2033,90,3.89
2026-05-20,NGF34,2034-01-01,Jan 2034,91,4.17
2026-05-20,NGG34,2034-02-01,Feb 2034,92,3.865
2026-05-20,NGH34,2034-03-01,Mar 2034,93,3.255
2026-05-20,NGJ34,2034-04-01,Apr 2034,94,2.835
2026-05-20,NGK34,2034-05-01,May 2034,95,2.825
2026-05-20,NGM34,2034-06-01,Jun 2034,96,2.975
2026-05-20,NGN34,2034-07-01,Jul 2034,97,3.155
2026-05-20,NGQ34,2034-08-01,Aug 2034,98,3.215
2026-05-20,NGU34,2034-09-01,Sep 2034,99,3.23
2026-05-20,NGV34,2034-10-01,Oct 2034,100,3.276
2026-05-20,NGX34,2034-11-01,Nov 2034,101,3.516
2026-05-20,NGZ34,2034-12-01,Dec 2034,102,3.916
2026-05-20,NGF35,2035-01-01,Jan 2035,103,4.141
2026-05-20,NGG35,2035-02-01,Feb 2035,104,3.901
2026-05-20,NGH35,2035-03-01,Mar 2035,105,3.471
2026-05-20,NGJ35,2035-04-01,Apr 2035,106,3.081
2026-05-20,NGK35,2035-05-01,May 2035,107,3.059
2026-05-20,NGM35,2035-06-01,Jun 2035,108,3.094
2026-05-20,NGN35,2035-07-01,Jul 2035,109,3.134
2026-05-20,NGQ35,2035-08-01,Aug 2035,110,3.174
2026-05-20,NGU35,2035-09-01,Sep 2035,111,3.189
2026-05-20,NGV35,2035-10-01,Oct 2035,112,3.235
2026-05-20,NGX35,2035-11-01,Nov 2035,113,3.435
2026-05-20,NGZ35,2035-12-01,Dec 2035,114,3.745
2026-05-20,NGF36,2036-01-01,Jan 2036,115,4.015
2026-05-20,NGG36,2036-02-01,Feb 2036,116,3.845
2026-05-20,NGH36,2036-03-01,Mar 2036,117,3.575
2026-05-20,NGJ36,2036-04-01,Apr 2036,118,3.245
2026-05-20,NGK36,2036-05-01,May 2036,119,3.223
2026-05-20,NGM36,2036-06-01,Jun 2036,120,3.263
2026-05-20,NGN36,2036-07-01,Jul 2036,121,3.303
2026-05-20,NGQ36,2036-08-01,Aug 2036,122,3.343
2026-05-20,NGU36,2036-09-01,Sep 2036,123,3.358
2026-05-20,NGV36,2036-10-01,Oct 2036,124,3.404
2026-05-20,NGX36,2036-11-01,Nov 2036,125,3.554
2026-05-20,NGZ36,2036-12-01,Dec 2036,126,3.829
2026-05-20,NGF37,2037-01-01,Jan 2037,127,4.054
2026-05-20,NGG37,2037-02-01,Feb 2037,128,3.904
2026-05-20,NGH37,2037-03-01,Mar 2037,129,3.704
2026-05-20,NGJ37,2037-04-01,Apr 2037,130,3.374
2026-05-20,NGK37,2037-05-01,May 2037,131,3.352
2026-05-20,NGM37,2037-06-01,Jun 2037,132,3.387
2026-05-20,NGN37,2037-07-01,Jul 2037,133,3.427
2026-05-20,NGQ37,2037-08-01,Aug 2037,134,3.467
2026-05-20,NGU37,2037-09-01,Sep 2037,135,3.482
2026-05-20,NGV37,2037-10-01,Oct 2037,136,3.528
2026-05-20,NGX37,2037-11-01,Nov 2037,137,3.653
2026-05-20,NGZ37,2037-12-01,Dec 2037,138,3.878
2026-05-20,NGF38,2038-01-01,Jan 2038,139,4.143
2026-05-20,NGU38,2038-09-01,Sep 2038,140,3.676
2026-05-21,NGM26,2026-06-01,Jun 2026,0,2.992
2026-05-21,NGN26,2026-07-01,Jul 2026,1,3.131
2026-05-21,NGQ26,2026-08-01,Aug 2026,2,3.164
2026-05-21,NGU26,2026-09-01,Sep 2026,3,3.126
2026-05-21,NGV26,2026-10-01,Oct 2026,4,3.174
2026-05-21,NGX26,2026-11-01,Nov 2026,5,3.43
2026-05-21,NGZ26,2026-12-01,Dec 2026,6,4.06
2026-05-21,NGF27,2027-01-01,Jan 2027,7,4.487
2026-05-21,NGG27,2027-02-01,Feb 2027,8,4.032
2026-05-21,NGH27,2027-03-01,Mar 2027,9,3.147
2026-05-21,NGJ27,2027-04-01,Apr 2027,10,2.906
2026-05-21,NGK27,2027-05-01,May 2027,11,2.888
2026-05-21,NGM27,2027-06-01,Jun 2027,12,3.037
2026-05-21,NGN27,2027-07-01,Jul 2027,13,3.239
2026-05-21,NGQ27,2027-08-01,Aug 2027,14,3.298
2026-05-21,NGU27,2027-09-01,Sep 2027,15,3.273
2026-05-21,NGV27,2027-10-01,Oct 2027,16,3.351
2026-05-21,NGX27,2027-11-01,Nov 2027,17,3.618
2026-05-21,NGZ27,2027-12-01,Dec 2027,18,4.28
2026-05-21,NGF28,2028-01-01,Jan 2028,19,4.719
2026-05-21,NGG28,2028-02-01,Feb 2028,20,4.208
2026-05-21,NGH28,2028-03-01,Mar 2028,21,3.458
2026-05-21,NGJ28,2028-04-01,Apr 2028,22,3.161
2026-05-21,NGK28,2028-05-01,May 2028,23,3.137
2026-05-21,NGM28,2028-06-01,Jun 2028,24,3.289
2026-05-21,NGN28,2028-07-01,Jul 2028,25,3.496
2026-05-21,NGQ28,2028-08-01,Aug 2028,26,3.548
2026-05-21,NGU28,2028-09-01,Sep 2028,27,3.537
2026-05-21,NGV28,2028-10-01,Oct 2028,28,3.595
2026-05-21,NGX28,2028-11-01,Nov 2028,29,3.83
2026-05-21,NGZ28,2028-12-01,Dec 2028,30,4.42
2026-05-21,NGF29,2029-01-01,Jan 2029,31,4.819
2026-05-21,NGG29,2029-02-01,Feb 2029,32,4.304
2026-05-21,NGH29,2029-03-01,Mar 2029,33,3.445
2026-05-21,NGJ29,2029-04-01,Apr 2029,34,3.146
2026-05-21,NGK29,2029-05-01,May 2029,35,3.122
2026-05-21,NGM29,2029-06-01,Jun 2029,36,3.248
2026-05-21,NGN29,2029-07-01,Jul 2029,37,3.472
2026-05-21,NGQ29,2029-08-01,Aug 2029,38,3.542
2026-05-21,NGU29,2029-09-01,Sep 2029,39,3.527
2026-05-21,NGV29,2029-10-01,Oct 2029,40,3.61
2026-05-21,NGX29,2029-11-01,Nov 2029,41,3.799
2026-05-21,NGZ29,2029-12-01,Dec 2029,42,4.39
2026-05-21,NGF30,2030-01-01,Jan 2030,43,4.784
2026-05-21,NGG30,2030-02-01,Feb 2030,44,4.287
2026-05-21,NGH30,2030-03-01,Mar 2030,45,3.535
2026-05-21,NGJ30,2030-04-01,Apr 2030,46,3.116
2026-05-21,NGK30,2030-05-01,May 2030,47,3.078
2026-05-21,NGM30,2030-06-01,Jun 2030,48,3.21
2026-05-21,NGN30,2030-07-01,Jul 2030,49,3.432
2026-05-21,NGQ30,2030-08-01,Aug 2030,50,3.473
2026-05-21,NGU30,2030-09-01,Sep 2030,51,3.44
2026-05-21,NGV30,2030-10-01,Oct 2030,52,3.518
2026-05-21,NGX30,2030-11-01,Nov 2030,53,3.721
2026-05-21,NGZ30,2030-12-01,Dec 2030,54,4.249
2026-05-21,NGF31,2031-01-01,Jan 2031,55,4.612
2026-05-21,NGG31,2031-02-01,Feb 2031,56,4.144
2026-05-21,NGH31,2031-03-01,Mar 2031,57,3.442
2026-05-21,NGJ31,2031-04-01,Apr 2031,58,3.006
2026-05-21,NGK31,2031-05-01,May 2031,59,2.973
2026-05-21,NGM31,2031-06-01,Jun 2031,60,3.106
2026-05-21,NGN31,2031-07-01,Jul 2031,61,3.309
2026-05-21,NGQ31,2031-08-01,Aug 2031,62,3.367
2026-05-21,NGU31,2031-09-01,Sep 2031,63,3.346
2026-05-21,NGV31,2031-10-01,Oct 2031,64,3.426
2026-05-21,NGX31,2031-11-01,Nov 2031,65,3.666
2026-05-21,NGZ31,2031-12-01,Dec 2031,66,4.247
2026-05-21,NGF32,2032-01-01,Jan 2032,67,4.575
2026-05-21,NGG32,2032-02-01,Feb 2032,68,4.1
2026-05-21,NGH32,2032-03-01,Mar 2032,69,3.388
2026-05-21,NGJ32,2032-04-01,Apr 2032,70,2.931
2026-05-21,NGK32,2032-05-01,May 2032,71,2.904
2026-05-21,NGM32,2032-06-01,Jun 2032,72,3.042
2026-05-21,NGN32,2032-07-01,Jul 2032,73,3.212
2026-05-21,NGQ32,2032-08-01,Aug 2032,74,3.265
2026-05-21,NGU32,2032-09-01,Sep 2032,75,3.244
2026-05-21,NGV32,2032-10-01,Oct 2032,76,3.321
2026-05-21,NGX32,2032-11-01,Nov 2032,77,3.551
2026-05-21,NGZ32,2032-12-01,Dec 2032,78,3.989
2026-05-21,NGF33,2033-01-01,Jan 2033,79,4.261
2026-05-21,NGG33,2033-02-01,Feb 2033,80,3.831
2026-05-21,NGH33,2033-03-01,Mar 2033,81,3.176
2026-05-21,NGJ33,2033-04-01,Apr 2033,82,2.761
2026-05-21,NGK33,2033-05-01,May 2033,83,2.761
2026-05-21,NGM33,2033-06-01,Jun 2033,84,2.909
2026-05-21,NGN33,2033-07-01,Jul 2033,85,3.089
2026-05-21,NGQ33,2033-08-01,Aug 2033,86,3.159
2026-05-21,NGU33,2033-09-01,Sep 2033,87,3.134
2026-05-21,NGV33,2033-10-01,Oct 2033,88,3.209
2026-05-21,NGX33,2033-11-01,Nov 2033,89,3.449
2026-05-21,NGZ33,2033-12-01,Dec 2033,90,3.879
2026-05-21,NGF34,2034-01-01,Jan 2034,91,4.159
2026-05-21,NGG34,2034-02-01,Feb 2034,92,3.854
2026-05-21,NGH34,2034-03-01,Mar 2034,93,3.244
2026-05-21,NGJ34,2034-04-01,Apr 2034,94,2.824
2026-05-21,NGK34,2034-05-01,May 2034,95,2.814
2026-05-21,NGM34,2034-06-01,Jun 2034,96,2.964
2026-05-21,NGN34,2034-07-01,Jul 2034,97,3.144
2026-05-21,NGQ34,2034-08-01,Aug 2034,98,3.204
2026-05-21,NGU34,2034-09-01,Sep 2034,99,3.219
2026-05-21,NGV34,2034-10-01,Oct 2034,100,3.265
2026-05-21,NGX34,2034-11-01,Nov 2034,101,3.505
2026-05-21,NGZ34,2034-12-01,Dec 2034,102,3.905
2026-05-21,NGF35,2035-01-01,Jan 2035,103,4.13
2026-05-21,NGG35,2035-02-01,Feb 2035,104,3.89
2026-05-21,NGH35,2035-03-01,Mar 2035,105,3.46
2026-05-21,NGJ35,2035-04-01,Apr 2035,106,3.07
2026-05-21,NGK35,2035-05-01,May 2035,107,3.048
2026-05-21,NGM35,2035-06-01,Jun 2035,108,3.083
2026-05-21,NGN35,2035-07-01,Jul 2035,109,3.123
2026-05-21,NGQ35,2035-08-01,Aug 2035,110,3.163
2026-05-21,NGU35,2035-09-01,Sep 2035,111,3.178
2026-05-21,NGV35,2035-10-01,Oct 2035,112,3.224
2026-05-21,NGX35,2035-11-01,Nov 2035,113,3.424
2026-05-21,NGZ35,2035-12-01,Dec 2035,114,3.734
2026-05-21,NGF36,2036-01-01,Jan 2036,115,4.004
2026-05-21,NGG36,2036-02-01,Feb 2036,116,3.834
2026-05-21,NGH36,2036-03-01,Mar 2036,117,3.564
2026-05-21,NGJ36,2036-04-01,Apr 2036,118,3.234
2026-05-21,NGK36,2036-05-01,May 2036,119,3.212
2026-05-21,NGM36,2036-06-01,Jun 2036,120,3.252
2026-05-21,NGN36,2036-07-01,Jul 2036,121,3.292
2026-05-21,NGQ36,2036-08-01,Aug 2036,122,3.332
2026-05-21,NGU36,2036-09-01,Sep 2036,123,3.347
2026-05-21,NGV36,2036-10-01,Oct 2036,124,3.393
2026-05-21,NGX36,2036-11-01,Nov 2036,125,3.543
2026-05-21,NGZ36,2036-12-01,Dec 2036,126,3.818
2026-05-21,NGF37,2037-01-01,Jan 2037,127,4.043
2026-05-21,NGG37,2037-02-01,Feb 2037,128,3.893
2026-05-21,NGH37,2037-03-01,Mar 2037,129,3.693
2026-05-21,NGJ37,2037-04-01,Apr 2037,130,3.363
2026-05-21,NGK37,2037-05-01,May 2037,131,3.341
2026-05-21,NGM37,2037-06-01,Jun 2037,132,3.376
2026-05-21,NGN37,2037-07-01,Jul 2037,133,3.416
2026-05-21,NGQ37,2037-08-01,Aug 2037,134,3.456
2026-05-21,NGU37,2037-09-01,Sep 2037,135,3.471
2026-05-21,NGV37,2037-10-01,Oct 2037,136,3.517
2026-05-21,NGX37,2037-11-01,Nov 2037,137,3.642
2026-05-21,NGZ37,2037-12-01,Dec 2037,138,3.867
2026-05-21,NGF38,2038-01-01,Jan 2038,139,4.132
2026-05-21,NGU38,2038-09-01,Sep 2038,140,3.665
2026-05-22,NGM26,2026-06-01,Jun 2026,0,2.912
2026-05-22,NGN26,2026-07-01,Jul 2026,1,3.022
2026-05-22,NGQ26,2026-08-01,Aug 2026,2,3.052
2026-05-22,NGU26,2026-09-01,Sep 2026,3,3.02
2026-05-22,NGV26,2026-10-01,Oct 2026,4,3.073
2026-05-22,NGX26,2026-11-01,Nov 2026,5,3.324
2026-05-22,NGZ26,2026-12-01,Dec 2026,6,3.976
2026-05-22,NGF27,2027-01-01,Jan 2027,7,4.406
2026-05-22,NGG27,2027-02-01,Feb 2027,8,3.958
2026-05-22,NGH27,2027-03-01,Mar 2027,9,3.096
2026-05-22,NGJ27,2027-04-01,Apr 2027,10,2.889
2026-05-22,NGK27,2027-05-01,May 2027,11,2.872
2026-05-22,NGM27,2027-06-01,Jun 2027,12,3.02
2026-05-22,NGN27,2027-07-01,Jul 2027,13,3.224
2026-05-22,NGQ27,2027-08-01,Aug 2027,14,3.286
2026-05-22,NGU27,2027-09-01,Sep 2027,15,3.26
2026-05-22,NGV27,2027-10-01,Oct 2027,16,3.335
2026-05-22,NGX27,2027-11-01,Nov 2027,17,3.609
2026-05-22,NGZ27,2027-12-01,Dec 2027,18,4.282
2026-05-22,NGF28,2028-01-01,Jan 2028,19,4.701
2026-05-22,NGG28,2028-02-01,Feb 2028,20,4.192
2026-05-22,NGH28,2028-03-01,Mar 2028,21,3.44
2026-05-22,NGJ28,2028-04-01,Apr 2028,22,3.144
2026-05-22,NGK28,2028-05-01,May 2028,23,3.137
2026-05-22,NGM28,2028-06-01,Jun 2028,24,3.289
2026-05-22,NGN28,2028-07-01,Jul 2028,25,3.487
2026-05-22,NGQ28,2028-08-01,Aug 2028,26,3.555
2026-05-22,NGU28,2028-09-01,Sep 2028,27,3.532
2026-05-22,NGV28,2028-10-01,Oct 2028,28,3.605
2026-05-22,NGX28,2028-11-01,Nov 2028,29,3.825
2026-05-22,NGZ28,2028-12-01,Dec 2028,30,4.417
2026-05-22,NGF29,2029-01-01,Jan 2029,31,4.813
2026-05-22,NGG29,2029-02-01,Feb 2029,32,4.304
2026-05-22,NGH29,2029-03-01,Mar 2029,33,3.456
2026-05-22,NGJ29,2029-04-01,Apr 2029,34,3.149
2026-05-22,NGK29,2029-05-01,May 2029,35,3.125
2026-05-22,NGM29,2029-06-01,Jun 2029,36,3.25
2026-05-22,NGN29,2029-07-01,Jul 2029,37,3.475
2026-05-22,NGQ29,2029-08-01,Aug 2029,38,3.544
2026-05-22,NGU29,2029-09-01,Sep 2029,39,3.527
2026-05-22,NGV29,2029-10-01,Oct 2029,40,3.595
2026-05-22,NGX29,2029-11-01,Nov 2029,41,3.795
2026-05-22,NGZ29,2029-12-01,Dec 2029,42,4.386
2026-05-22,NGF30,2030-01-01,Jan 2030,43,4.78
2026-05-22,NGG30,2030-02-01,Feb 2030,44,4.285
2026-05-22,NGH30,2030-03-01,Mar 2030,45,3.532
2026-05-22,NGJ30,2030-04-01,Apr 2030,46,3.113
2026-05-22,NGK30,2030-05-01,May 2030,47,3.076
2026-05-22,NGM30,2030-06-01,Jun 2030,48,3.208
2026-05-22,NGN30,2030-07-01,Jul 2030,49,3.43
2026-05-22,NGQ30,2030-08-01,Aug 2030,50,3.474
2026-05-22,NGU30,2030-09-01,Sep 2030,51,3.44
2026-05-22,NGV30,2030-10-01,Oct 2030,52,3.513
2026-05-22,NGX30,2030-11-01,Nov 2030,53,3.715
2026-05-22,NGZ30,2030-12-01,Dec 2030,54,4.242
2026-05-22,NGF31,2031-01-01,Jan 2031,55,4.606
2026-05-22,NGG31,2031-02-01,Feb 2031,56,4.139
2026-05-22,NGH31,2031-03-01,Mar 2031,57,3.437
2026-05-22,NGJ31,2031-04-01,Apr 2031,58,3.001
2026-05-22,NGK31,2031-05-01,May 2031,59,2.971
2026-05-22,NGM31,2031-06-01,Jun 2031,60,3.107
2026-05-22,NGN31,2031-07-01,Jul 2031,61,3.309
2026-05-22,NGQ31,2031-08-01,Aug 2031,62,3.367
2026-05-22,NGU31,2031-09-01,Sep 2031,63,3.341
2026-05-22,NGV31,2031-10-01,Oct 2031,64,3.421
2026-05-22,NGX31,2031-11-01,Nov 2031,65,3.659
2026-05-22,NGZ31,2031-12-01,Dec 2031,66,4.239
2026-05-22,NGF32,2032-01-01,Jan 2032,67,4.564
2026-05-22,NGG32,2032-02-01,Feb 2032,68,4.098
2026-05-22,NGH32,2032-03-01,Mar 2032,69,3.386
2026-05-22,NGJ32,2032-04-01,Apr 2032,70,2.927
2026-05-22,NGK32,2032-05-01,May 2032,71,2.899
2026-05-22,NGM32,2032-06-01,Jun 2032,72,3.036
2026-05-22,NGN32,2032-07-01,Jul 2032,73,3.204
2026-05-22,NGQ32,2032-08-01,Aug 2032,74,3.256
2026-05-22,NGU32,2032-09-01,Sep 2032,75,3.234
2026-05-22,NGV32,2032-10-01,Oct 2032,76,3.302
2026-05-22,NGX32,2032-11-01,Nov 2032,77,3.524
2026-05-22,NGZ32,2032-12-01,Dec 2032,78,3.97
2026-05-22,NGF33,2033-01-01,Jan 2033,79,4.241
2026-05-22,NGG33,2033-02-01,Feb 2033,80,3.832
2026-05-22,NGH33,2033-03-01,Mar 2033,81,3.2
2026-05-22,NGJ33,2033-04-01,Apr 2033,82,2.785
2026-05-22,NGK33,2033-05-01,May 2033,83,2.785
2026-05-22,NGM33,2033-06-01,Jun 2033,84,2.933
2026-05-22,NGN33,2033-07-01,Jul 2033,85,3.113
2026-05-22,NGQ33,2033-08-01,Aug 2033,86,3.183
2026-05-22,NGU33,2033-09-01,Sep 2033,87,3.158
2026-05-22,NGV33,2033-10-01,Oct 2033,88,3.233
2026-05-22,NGX33,2033-11-01,Nov 2033,89,3.473
2026-05-22,NGZ33,2033-12-01,Dec 2033,90,3.903
2026-05-22,NGF34,2034-01-01,Jan 2034,91,4.183
2026-05-22,NGG34,2034-02-01,Feb 2034,92,3.878
2026-05-22,NGH34,2034-03-01,Mar 2034,93,3.268
2026-05-22,NGJ34,2034-04-01,Apr 2034,94,2.848
2026-05-22,NGK34,2034-05-01,May 2034,95,2.838
2026-05-22,NGM34,2034-06-01,Jun 2034,96,2.988
2026-05-22,NGN34,2034-07-01,Jul 2034,97,3.168
2026-05-22,NGQ34,2034-08-01,Aug 2034,98,3.228
2026-05-22,NGU34,2034-09-01,Sep 2034,99,3.243
2026-05-22,NGV34,2034-10-01,Oct 2034,100,3.289
2026-05-22,NGX34,2034-11-01,Nov 2034,101,3.529
2026-05-22,NGZ34,2034-12-01,Dec 2034,102,3.929
2026-05-22,NGF35,2035-01-01,Jan 2035,103,4.154
2026-05-22,NGG35,2035-02-01,Feb 2035,104,3.914
2026-05-22,NGH35,2035-03-01,Mar 2035,105,3.484
2026-05-22,NGJ35,2035-04-01,Apr 2035,106,3.094
2026-05-22,NGK35,2035-05-01,May 2035,107,3.072
2026-05-22,NGM35,2035-06-01,Jun 2035,108,3.107
2026-05-22,NGN35,2035-07-01,Jul 2035,109,3.147
2026-05-22,NGQ35,2035-08-01,Aug 2035,110,3.187
2026-05-22,NGU35,2035-09-01,Sep 2035,111,3.202
2026-05-22,NGV35,2035-10-01,Oct 2035,112,3.248
2026-05-22,NGX35,2035-11-01,Nov 2035,113,3.448
2026-05-22,NGZ35,2035-12-01,Dec 2035,114,3.758
2026-05-22,NGF36,2036-01-01,Jan 2036,115,4.028
2026-05-22,NGG36,2036-02-01,Feb 2036,116,3.858
2026-05-22,NGH36,2036-03-01,Mar 2036,117,3.588
2026-05-22,NGJ36,2036-04-01,Apr 2036,118,3.258
2026-05-22,NGK36,2036-05-01,May 2036,119,3.236
2026-05-22,NGM36,2036-06-01,Jun 2036,120,3.276
2026-05-22,NGN36,2036-07-01,Jul 2036,121,3.316
2026-05-22,NGQ36,2036-08-01,Aug 2036,122,3.356
2026-05-22,NGU36,2036-09-01,Sep 2036,123,3.371
2026-05-22,NGV36,2036-10-01,Oct 2036,124,3.417
2026-05-22,NGX36,2036-11-01,Nov 2036,125,3.567
2026-05-22,NGZ36,2036-12-01,Dec 2036,126,3.842
2026-05-22,NGF37,2037-01-01,Jan 2037,127,4.067
2026-05-22,NGG37,2037-02-01,Feb 2037,128,3.917
2026-05-22,NGH37,2037-03-01,Mar 2037,129,3.717
2026-05-22,NGJ37,2037-04-01,Apr 2037,130,3.387
2026-05-22,NGK37,2037-05-01,May 2037,131,3.365
2026-05-22,NGM37,2037-06-01,Jun 2037,132,3.4
2026-05-22,NGN37,2037-07-01,Jul 2037,133,3.44
2026-05-22,NGQ37,2037-08-01,Aug 2037,134,3.48
2026-05-22,NGU37,2037-09-01,Sep 2037,135,3.495
2026-05-22,NGV37,2037-10-01,Oct 2037,136,3.541
2026-05-22,NGX37,2037-11-01,Nov 2037,137,3.666
2026-05-22,NGZ37,2037-12-01,Dec 2037,138,3.891
2026-05-22,NGF38,2038-01-01,Jan 2038,139,4.156
2026-05-23,NGM26,2026-06-01,Jun 2026,0,2.907
2026-05-23,NGN26,2026-07-01,Jul 2026,1,3.021
2026-05-23,NGQ26,2026-08-01,Aug 2026,2,3.048
2026-05-23,NGU26,2026-09-01,Sep 2026,3,3.014
2026-05-23,NGV26,2026-10-01,Oct 2026,4,3.065
2026-05-23,NGX26,2026-11-01,Nov 2026,5,3.317
2026-05-23,NGZ26,2026-12-01,Dec 2026,6,3.97
2026-05-23,NGF27,2027-01-01,Jan 2027,7,4.398
2026-05-23,NGG27,2027-02-01,Feb 2027,8,3.95
2026-05-23,NGH27,2027-03-01,Mar 2027,9,3.086
2026-05-23,NGJ27,2027-04-01,Apr 2027,10,2.877
2026-05-23,NGK27,2027-05-01,May 2027,11,2.862
2026-05-23,NGM27,2027-06-01,Jun 2027,12,3.011
2026-05-23,NGN27,2027-07-01,Jul 2027,13,3.214
2026-05-23,NGQ27,2027-08-01,Aug 2027,14,3.276
2026-05-23,NGU27,2027-09-01,Sep 2027,15,3.249
2026-05-23,NGV27,2027-10-01,Oct 2027,16,3.325
2026-05-23,NGX27,2027-11-01,Nov 2027,17,3.596
2026-05-23,NGZ27,2027-12-01,Dec 2027,18,4.272
2026-05-23,NGF28,2028-01-01,Jan 2028,19,4.705
2026-05-23,NGG28,2028-02-01,Feb 2028,20,4.193
2026-05-23,NGH28,2028-03-01,Mar 2028,21,3.443
2026-05-23,NGJ28,2028-04-01,Apr 2028,22,3.145
2026-05-23,NGK28,2028-05-01,May 2028,23,3.128
2026-05-23,NGM28,2028-06-01,Jun 2028,24,3.285
2026-05-23,NGN28,2028-07-01,Jul 2028,25,3.493
2026-05-23,NGQ28,2028-08-01,Aug 2028,26,3.555
2026-05-23,NGU28,2028-09-01,Sep 2028,27,3.532
2026-05-23,NGV28,2028-10-01,Oct 2028,28,3.599
2026-05-23,NGX28,2028-11-01,Nov 2028,29,3.826
2026-05-23,NGZ28,2028-12-01,Dec 2028,30,4.417
2026-05-23,NGF29,2029-01-01,Jan 2029,31,4.813
2026-05-23,NGG29,2029-02-01,Feb 2029,32,4.305
2026-05-23,NGH29,2029-03-01,Mar 2029,33,3.456
2026-05-23,NGJ29,2029-04-01,Apr 2029,34,3.149
2026-05-23,NGK29,2029-05-01,May 2029,35,3.125
2026-05-23,NGM29,2029-06-01,Jun 2029,36,3.25
2026-05-23,NGN29,2029-07-01,Jul 2029,37,3.475
2026-05-23,NGQ29,2029-08-01,Aug 2029,38,3.544
2026-05-23,NGU29,2029-09-01,Sep 2029,39,3.529
2026-05-23,NGV29,2029-10-01,Oct 2029,40,3.595
2026-05-23,NGX29,2029-11-01,Nov 2029,41,3.795
2026-05-23,NGZ29,2029-12-01,Dec 2029,42,4.386
2026-05-23,NGF30,2030-01-01,Jan 2030,43,4.78
2026-05-23,NGG30,2030-02-01,Feb 2030,44,4.285
2026-05-23,NGH30,2030-03-01,Mar 2030,45,3.532
2026-05-23,NGJ30,2030-04-01,Apr 2030,46,3.113
2026-05-23,NGK30,2030-05-01,May 2030,47,3.076
2026-05-23,NGM30,2030-06-01,Jun 2030,48,3.208
2026-05-23,NGN30,2030-07-01,Jul 2030,49,3.43
2026-05-23,NGQ30,2030-08-01,Aug 2030,50,3.474
2026-05-23,NGU30,2030-09-01,Sep 2030,51,3.44
2026-05-23,NGV30,2030-10-01,Oct 2030,52,3.513
2026-05-23,NGX30,2030-11-01,Nov 2030,53,3.715
2026-05-23,NGZ30,2030-12-01,Dec 2030,54,4.242
2026-05-23,NGF31,2031-01-01,Jan 2031,55,4.606
2026-05-23,NGG31,2031-02-01,Feb 2031,56,4.139
2026-05-23,NGH31,2031-03-01,Mar 2031,57,3.437
2026-05-23,NGJ31,2031-04-01,Apr 2031,58,3.001
2026-05-23,NGK31,2031-05-01,May 2031,59,2.971
2026-05-23,NGM31,2031-06-01,Jun 2031,60,3.107
2026-05-23,NGN31,2031-07-01,Jul 2031,61,3.309
2026-05-23,NGQ31,2031-08-01,Aug 2031,62,3.367
2026-05-23,NGU31,2031-09-01,Sep 2031,63,3.341
2026-05-23,NGV31,2031-10-01,Oct 2031,64,3.421
2026-05-23,NGX31,2031-11-01,Nov 2031,65,3.659
2026-05-23,NGZ31,2031-12-01,Dec 2031,66,4.239
2026-05-23,NGF32,2032-01-01,Jan 2032,67,4.564
2026-05-23,NGG32,2032-02-01,Feb 2032,68,4.098
2026-05-23,NGH32,2032-03-01,Mar 2032,69,3.386
2026-05-23,NGJ32,2032-04-01,Apr 2032,70,2.927
2026-05-23,NGK32,2032-05-01,May 2032,71,2.899
2026-05-23,NGM32,2032-06-01,Jun 2032,72,3.036
2026-05-23,NGN32,2032-07-01,Jul 2032,73,3.204
2026-05-23,NGQ32,2032-08-01,Aug 2032,74,3.256
2026-05-23,NGU32,2032-09-01,Sep 2032,75,3.234
2026-05-23,NGV32,2032-10-01,Oct 2032,76,3.302
2026-05-23,NGX32,2032-11-01,Nov 2032,77,3.524
2026-05-23,NGZ32,2032-12-01,Dec 2032,78,3.97
2026-05-23,NGF33,2033-01-01,Jan 2033,79,4.241
2026-05-23,NGG33,2033-02-01,Feb 2033,80,3.832
2026-05-23,NGH33,2033-03-01,Mar 2033,81,3.2
2026-05-23,NGJ33,2033-04-01,Apr 2033,82,2.785
2026-05-23,NGK33,2033-05-01,May 2033,83,2.785
2026-05-23,NGM33,2033-06-01,Jun 2033,84,2.933
2026-05-23,NGN33,2033-07-01,Jul 2033,85,3.113
2026-05-23,NGQ33,2033-08-01,Aug 2033,86,3.183
2026-05-23,NGU33,2033-09-01,Sep 2033,87,3.158
2026-05-23,NGV33,2033-10-01,Oct 2033,88,3.233
2026-05-23,NGX33,2033-11-01,Nov 2033,89,3.473
2026-05-23,NGZ33,2033-12-01,Dec 2033,90,3.903
2026-05-23,NGF34,2034-01-01,Jan 2034,91,4.183
2026-05-23,NGG34,2034-02-01,Feb 2034,92,3.878
2026-05-23,NGH34,2034-03-01,Mar 2034,93,3.268
2026-05-23,NGJ34,2034-04-01,Apr 2034,94,2.848
2026-05-23,NGK34,2034-05-01,May 2034,95,2.838
2026-05-23,NGM34,2034-06-01,Jun 2034,96,2.988
2026-05-23,NGN34,2034-07-01,Jul 2034,97,3.168
2026-05-23,NGQ34,2034-08-01,Aug 2034,98,3.228
2026-05-23,NGU34,2034-09-01,Sep 2034,99,3.243
2026-05-23,NGV34,2034-10-01,Oct 2034,100,3.289
2026-05-23,NGX34,2034-11-01,Nov 2034,101,3.529
2026-05-23,NGZ34,2034-12-01,Dec 2034,102,3.929
2026-05-23,NGF35,2035-01-01,Jan 2035,103,4.154
2026-05-23,NGG35,2035-02-01,Feb 2035,104,3.914
2026-05-23,NGH35,2035-03-01,Mar 2035,105,3.484
2026-05-23,NGJ35,2035-04-01,Apr 2035,106,3.094
2026-05-23,NGK35,2035-05-01,May 2035,107,3.072
2026-05-23,NGM35,2035-06-01,Jun 2035,108,3.107
2026-05-23,NGN35,2035-07-01,Jul 2035,109,3.147
2026-05-23,NGQ35,2035-08-01,Aug 2035,110,3.187
2026-05-23,NGU35,2035-09-01,Sep 2035,111,3.202
2026-05-23,NGV35,2035-10-01,Oct 2035,112,3.248
2026-05-23,NGX35,2035-11-01,Nov 2035,113,3.448
2026-05-23,NGZ35,2035-12-01,Dec 2035,114,3.758
2026-05-23,NGF36,2036-01-01,Jan 2036,115,4.028
2026-05-23,NGG36,2036-02-01,Feb 2036,116,3.858
2026-05-23,NGH36,2036-03-01,Mar 2036,117,3.588
2026-05-23,NGJ36,2036-04-01,Apr 2036,118,3.258
2026-05-23,NGK36,2036-05-01,May 2036,119,3.236
2026-05-23,NGM36,2036-06-01,Jun 2036,120,3.276
2026-05-23,NGN36,2036-07-01,Jul 2036,121,3.316
2026-05-23,NGQ36,2036-08-01,Aug 2036,122,3.356
2026-05-23,NGU36,2036-09-01,Sep 2036,123,3.371
2026-05-23,NGV36,2036-10-01,Oct 2036,124,3.417
2026-05-23,NGX36,2036-11-01,Nov 2036,125,3.567
2026-05-23,NGZ36,2036-12-01,Dec 2036,126,3.842
2026-05-23,NGF37,2037-01-01,Jan 2037,127,4.067
2026-05-23,NGG37,2037-02-01,Feb 2037,128,3.917
2026-05-23,NGH37,2037-03-01,Mar 2037,129,3.717
2026-05-23,NGJ37,2037-04-01,Apr 2037,130,3.387
2026-05-23,NGK37,2037-05-01,May 2037,131,3.365
2026-05-23,NGM37,2037-06-01,Jun 2037,132,3.4
2026-05-23,NGN37,2037-07-01,Jul 2037,133,3.44
2026-05-23,NGQ37,2037-08-01,Aug 2037,134,3.48
2026-05-23,NGU37,2037-09-01,Sep 2037,135,3.495
2026-05-23,NGV37,2037-10-01,Oct 2037,136,3.541
2026-05-23,NGX37,2037-11-01,Nov 2037,137,3.666
2026-05-23,NGZ37,2037-12-01,Dec 2037,138,3.891
2026-05-23,NGF38,2038-01-01,Jan 2038,139,4.156
2026-05-24,NGM26,2026-06-01,Jun 2026,0,2.907
2026-05-24,NGN26,2026-07-01,Jul 2026,1,3.021
2026-05-24,NGQ26,2026-08-01,Aug 2026,2,3.048
2026-05-24,NGU26,2026-09-01,Sep 2026,3,3.014
2026-05-24,NGV26,2026-10-01,Oct 2026,4,3.065
2026-05-24,NGX26,2026-11-01,Nov 2026,5,3.317
2026-05-24,NGZ26,2026-12-01,Dec 2026,6,3.97
2026-05-24,NGF27,2027-01-01,Jan 2027,7,4.398
2026-05-24,NGG27,2027-02-01,Feb 2027,8,3.95
2026-05-24,NGH27,2027-03-01,Mar 2027,9,3.086
2026-05-24,NGJ27,2027-04-01,Apr 2027,10,2.877
2026-05-24,NGK27,2027-05-01,May 2027,11,2.862
2026-05-24,NGM27,2027-06-01,Jun 2027,12,3.011
2026-05-24,NGN27,2027-07-01,Jul 2027,13,3.214
2026-05-24,NGQ27,2027-08-01,Aug 2027,14,3.276
2026-05-24,NGU27,2027-09-01,Sep 2027,15,3.249
2026-05-24,NGV27,2027-10-01,Oct 2027,16,3.325
2026-05-24,NGX27,2027-11-01,Nov 2027,17,3.596
2026-05-24,NGZ27,2027-12-01,Dec 2027,18,4.272
2026-05-24,NGF28,2028-01-01,Jan 2028,19,4.705
2026-05-24,NGG28,2028-02-01,Feb 2028,20,4.193
2026-05-24,NGH28,2028-03-01,Mar 2028,21,3.443
2026-05-24,NGJ28,2028-04-01,Apr 2028,22,3.145
2026-05-24,NGK28,2028-05-01,May 2028,23,3.128
2026-05-24,NGM28,2028-06-01,Jun 2028,24,3.285
2026-05-24,NGN28,2028-07-01,Jul 2028,25,3.493
2026-05-24,NGQ28,2028-08-01,Aug 2028,26,3.555
2026-05-24,NGU28,2028-09-01,Sep 2028,27,3.532
2026-05-24,NGV28,2028-10-01,Oct 2028,28,3.599
2026-05-24,NGX28,2028-11-01,Nov 2028,29,3.826
2026-05-24,NGZ28,2028-12-01,Dec 2028,30,4.417
2026-05-24,NGF29,2029-01-01,Jan 2029,31,4.813
2026-05-24,NGG29,2029-02-01,Feb 2029,32,4.305
2026-05-24,NGH29,2029-03-01,Mar 2029,33,3.456
2026-05-24,NGJ29,2029-04-01,Apr 2029,34,3.149
2026-05-24,NGK29,2029-05-01,May 2029,35,3.125
2026-05-24,NGM29,2029-06-01,Jun 2029,36,3.25
2026-05-24,NGN29,2029-07-01,Jul 2029,37,3.475
2026-05-24,NGQ29,2029-08-01,Aug 2029,38,3.544
2026-05-24,NGU29,2029-09-01,Sep 2029,39,3.529
2026-05-24,NGV29,2029-10-01,Oct 2029,40,3.595
2026-05-24,NGX29,2029-11-01,Nov 2029,41,3.795
2026-05-24,NGZ29,2029-12-01,Dec 2029,42,4.386
2026-05-24,NGF30,2030-01-01,Jan 2030,43,4.78
2026-05-24,NGG30,2030-02-01,Feb 2030,44,4.285
2026-05-24,NGH30,2030-03-01,Mar 2030,45,3.532
2026-05-24,NGJ30,2030-04-01,Apr 2030,46,3.113
2026-05-24,NGK30,2030-05-01,May 2030,47,3.076
2026-05-24,NGM30,2030-06-01,Jun 2030,48,3.208
2026-05-24,NGN30,2030-07-01,Jul 2030,49,3.43
2026-05-24,NGQ30,2030-08-01,Aug 2030,50,3.474
2026-05-24,NGU30,2030-09-01,Sep 2030,51,3.44
2026-05-24,NGV30,2030-10-01,Oct 2030,52,3.513
2026-05-24,NGX30,2030-11-01,Nov 2030,53,3.715
2026-05-24,NGZ30,2030-12-01,Dec 2030,54,4.242
2026-05-24,NGF31,2031-01-01,Jan 2031,55,4.606
2026-05-24,NGG31,2031-02-01,Feb 2031,56,4.139
2026-05-24,NGH31,2031-03-01,Mar 2031,57,3.437
2026-05-24,NGJ31,2031-04-01,Apr 2031,58,3.001
2026-05-24,NGK31,2031-05-01,May 2031,59,2.971
2026-05-24,NGM31,2031-06-01,Jun 2031,60,3.107
2026-05-24,NGN31,2031-07-01,Jul 2031,61,3.309
2026-05-24,NGQ31,2031-08-01,Aug 2031,62,3.367
2026-05-24,NGU31,2031-09-01,Sep 2031,63,3.341
2026-05-24,NGV31,2031-10-01,Oct 2031,64,3.421
2026-05-24,NGX31,2031-11-01,Nov 2031,65,3.659
2026-05-24,NGZ31,2031-12-01,Dec 2031,66,4.239
2026-05-24,NGF32,2032-01-01,Jan 2032,67,4.564
2026-05-24,NGG32,2032-02-01,Feb 2032,68,4.098
2026-05-24,NGH32,2032-03-01,Mar 2032,69,3.386
2026-05-24,NGJ32,2032-04-01,Apr 2032,70,2.927
2026-05-24,NGK32,2032-05-01,May 2032,71,2.899
2026-05-24,NGM32,2032-06-01,Jun 2032,72,3.036
2026-05-24,NGN32,2032-07-01,Jul 2032,73,3.204
2026-05-24,NGQ32,2032-08-01,Aug 2032,74,3.256
2026-05-24,NGU32,2032-09-01,Sep 2032,75,3.234
2026-05-24,NGV32,2032-10-01,Oct 2032,76,3.302
2026-05-24,NGX32,2032-11-01,Nov 2032,77,3.524
2026-05-24,NGZ32,2032-12-01,Dec 2032,78,3.97
2026-05-24,NGF33,2033-01-01,Jan 2033,79,4.241
2026-05-24,NGG33,2033-02-01,Feb 2033,80,3.832
2026-05-24,NGH33,2033-03-01,Mar 2033,81,3.2
2026-05-24,NGJ33,2033-04-01,Apr 2033,82,2.785
2026-05-24,NGK33,2033-05-01,May 2033,83,2.785
2026-05-24,NGM33,2033-06-01,Jun 2033,84,2.933
2026-05-24,NGN33,2033-07-01,Jul 2033,85,3.113
2026-05-24,NGQ33,2033-08-01,Aug 2033,86,3.183
2026-05-24,NGU33,2033-09-01,Sep 2033,87,3.158
2026-05-24,NGV33,2033-10-01,Oct 2033,88,3.233
2026-05-24,NGX33,2033-11-01,Nov 2033,89,3.473
2026-05-24,NGZ33,2033-12-01,Dec 2033,90,3.903
2026-05-24,NGF34,2034-01-01,Jan 2034,91,4.183
2026-05-24,NGG34,2034-02-01,Feb 2034,92,3.878
2026-05-24,NGH34,2034-03-01,Mar 2034,93,3.268
2026-05-24,NGJ34,2034-04-01,Apr 2034,94,2.848
2026-05-24,NGK34,2034-05-01,May 2034,95,2.838
2026-05-24,NGM34,2034-06-01,Jun 2034,96,2.988
2026-05-24,NGN34,2034-07-01,Jul 2034,97,3.168
2026-05-24,NGQ34,2034-08-01,Aug 2034,98,3.228
2026-05-24,NGU34,2034-09-01,Sep 2034,99,3.243
2026-05-24,NGV34,2034-10-01,Oct 2034,100,3.289
2026-05-24,NGX34,2034-11-01,Nov 2034,101,3.529
2026-05-24,NGZ34,2034-12-01,Dec 2034,102,3.929
2026-05-24,NGF35,2035-01-01,Jan 2035,103,4.154
2026-05-24,NGG35,2035-02-01,Feb 2035,104,3.914
2026-05-24,NGH35,2035-03-01,Mar 2035,105,3.484
2026-05-24,NGJ35,2035-04-01,Apr 2035,106,3.094
2026-05-24,NGK35,2035-05-01,May 2035,107,3.072
2026-05-24,NGM35,2035-06-01,Jun 2035,108,3.107
2026-05-24,NGN35,2035-07-01,Jul 2035,109,3.147
2026-05-24,NGQ35,2035-08-01,Aug 2035,110,3.187
2026-05-24,NGU35,2035-09-01,Sep 2035,111,3.202
2026-05-24,NGV35,2035-10-01,Oct 2035,112,3.248
2026-05-24,NGX35,2035-11-01,Nov 2035,113,3.448
2026-05-24,NGZ35,2035-12-01,Dec 2035,114,3.758
2026-05-24,NGF36,2036-01-01,Jan 2036,115,4.028
2026-05-24,NGG36,2036-02-01,Feb 2036,116,3.858
2026-05-24,NGH36,2036-03-01,Mar 2036,117,3.588
2026-05-24,NGJ36,2036-04-01,Apr 2036,118,3.258
2026-05-24,NGK36,2036-05-01,May 2036,119,3.236
2026-05-24,NGM36,2036-06-01,Jun 2036,120,3.276
2026-05-24,NGN36,2036-07-01,Jul 2036,121,3.316
2026-05-24,NGQ36,2036-08-01,Aug 2036,122,3.356
2026-05-24,NGU36,2036-09-01,Sep 2036,123,3.371
2026-05-24,NGV36,2036-10-01,Oct 2036,124,3.417
2026-05-24,NGX36,2036-11-01,Nov 2036,125,3.567
2026-05-24,NGZ36,2036-12-01,Dec 2036,126,3.842
2026-05-24,NGF37,2037-01-01,Jan 2037,127,4.067
2026-05-24,NGG37,2037-02-01,Feb 2037,128,3.917
2026-05-24,NGH37,2037-03-01,Mar 2037,129,3.717
2026-05-24,NGJ37,2037-04-01,Apr 2037,130,3.387
2026-05-24,NGK37,2037-05-01,May 2037,131,3.365
2026-05-24,NGM37,2037-06-01,Jun 2037,132,3.4
2026-05-24,NGN37,2037-07-01,Jul 2037,133,3.44
2026-05-24,NGQ37,2037-08-01,Aug 2037,134,3.48
2026-05-24,NGU37,2037-09-01,Sep 2037,135,3.495
2026-05-24,NGV37,2037-10-01,Oct 2037,136,3.541
2026-05-24,NGX37,2037-11-01,Nov 2037,137,3.666
2026-05-24,NGZ37,2037-12-01,Dec 2037,138,3.891
2026-05-24,NGF38,2038-01-01,Jan 2038,139,4.156
2026-05-24,NGG38,2038-02-01,Feb 2038,140,4.006
2026-05-24,NGH38,2038-03-01,Mar 2038,141,3.806
2026-05-24,NGJ38,2038-04-01,Apr 2038,142,3.476
2026-05-24,NGK38,2038-05-01,May 2038,143,3.454
2026-05-24,NGM38,2038-06-01,Jun 2038,144,3.534
2026-05-24,NGN38,2038-07-01,Jul 2038,145,3.634
2026-05-24,NGQ38,2038-08-01,Aug 2038,146,3.674
2026-05-24,NGU38,2038-09-01,Sep 2038,147,3.689
2026-05-24,NGV38,2038-10-01,Oct 2038,148,3.735
2026-05-24,NGX38,2038-11-01,Nov 2038,149,3.807
2026-05-24,NGZ38,2038-12-01,Dec 2038,150,3.962
2026-05-25,NGM26,2026-06-01,Jun 2026,0,2.913
2026-05-25,NGN26,2026-07-01,Jul 2026,1,3.041
2026-05-25,NGQ26,2026-08-01,Aug 2026,2,3.068
2026-05-25,NGU26,2026-09-01,Sep 2026,3,3.035
2026-05-25,NGV26,2026-10-01,Oct 2026,4,3.09
2026-05-25,NGX26,2026-11-01,Nov 2026,5,3.339
2026-05-25,NGZ26,2026-12-01,Dec 2026,6,3.975
2026-05-25,NGF27,2027-01-01,Jan 2027,7,4.391
2026-05-25,NGG27,2027-02-01,Feb 2027,8,3.958
2026-05-25,NGH27,2027-03-01,Mar 2027,9,3.108
2026-05-25,NGJ27,2027-04-01,Apr 2027,10,2.904
2026-05-25,NGK27,2027-05-01,May 2027,11,2.882
2026-05-25,NGM27,2027-06-01,Jun 2027,12,3.021
2026-05-25,NGN27,2027-07-01,Jul 2027,13,3.228
2026-05-25,NGQ27,2027-08-01,Aug 2027,14,3.283
2026-05-25,NGU27,2027-09-01,Sep 2027,15,3.258
2026-05-25,NGV27,2027-10-01,Oct 2027,16,3.333
2026-05-25,NGX27,2027-11-01,Nov 2027,17,3.601
2026-05-25,NGZ27,2027-12-01,Dec 2027,18,4.281
2026-05-25,NGF28,2028-01-01,Jan 2028,19,4.705
2026-05-25,NGG28,2028-02-01,Feb 2028,20,4.193
2026-05-25,NGH28,2028-03-01,Mar 2028,21,3.447
2026-05-25,NGJ28,2028-04-01,Apr 2028,22,3.145
2026-05-25,NGK28,2028-05-01,May 2028,23,3.128
2026-05-25,NGM28,2028-06-01,Jun 2028,24,3.285
2026-05-25,NGN28,2028-07-01,Jul 2028,25,3.493
2026-05-25,NGQ28,2028-08-01,Aug 2028,26,3.555
2026-05-25,NGU28,2028-09-01,Sep 2028,27,3.532
2026-05-25,NGV28,2028-10-01,Oct 2028,28,3.599
2026-05-25,NGX28,2028-11-01,Nov 2028,29,3.826
2026-05-25,NGZ28,2028-12-01,Dec 2028,30,4.417
2026-05-25,NGF29,2029-01-01,Jan 2029,31,4.813
2026-05-25,NGG29,2029-02-01,Feb 2029,32,4.305
2026-05-25,NGH29,2029-03-01,Mar 2029,33,3.456
2026-05-25,NGJ29,2029-04-01,Apr 2029,34,3.149
2026-05-25,NGK29,2029-05-01,May 2029,35,3.125
2026-05-25,NGM29,2029-06-01,Jun 2029,36,3.25
2026-05-25,NGN29,2029-07-01,Jul 2029,37,3.475
2026-05-25,NGQ29,2029-08-01,Aug 2029,38,3.544
2026-05-25,NGU29,2029-09-01,Sep 2029,39,3.529
2026-05-25,NGV29,2029-10-01,Oct 2029,40,3.595
2026-05-25,NGX29,2029-11-01,Nov 2029,41,3.795
2026-05-25,NGZ29,2029-12-01,Dec 2029,42,4.386
2026-05-25,NGF30,2030-01-01,Jan 2030,43,4.78
2026-05-25,NGG30,2030-02-01,Feb 2030,44,4.285
2026-05-25,NGH30,2030-03-01,Mar 2030,45,3.532
2026-05-25,NGJ30,2030-04-01,Apr 2030,46,3.113
2026-05-25,NGK30,2030-05-01,May 2030,47,3.076
2026-05-25,NGM30,2030-06-01,Jun 2030,48,3.208
2026-05-25,NGN30,2030-07-01,Jul 2030,49,3.43
2026-05-25,NGQ30,2030-08-01,Aug 2030,50,3.474
2026-05-25,NGU30,2030-09-01,Sep 2030,51,3.44
2026-05-25,NGV30,2030-10-01,Oct 2030,52,3.513
2026-05-25,NGX30,2030-11-01,Nov 2030,53,3.715
2026-05-25,NGZ30,2030-12-01,Dec 2030,54,4.242
2026-05-25,NGF31,2031-01-01,Jan 2031,55,4.606
2026-05-25,NGG31,2031-02-01,Feb 2031,56,4.139
2026-05-25,NGH31,2031-03-01,Mar 2031,57,3.437
2026-05-25,NGJ31,2031-04-01,Apr 2031,58,3.001
2026-05-25,NGK31,2031-05-01,May 2031,59,2.971
2026-05-25,NGM31,2031-06-01,Jun 2031,60,3.107
2026-05-25,NGN31,2031-07-01,Jul 2031,61,3.309
2026-05-25,NGQ31,2031-08-01,Aug 2031,62,3.367
2026-05-25,NGU31,2031-09-01,Sep 2031,63,3.341
2026-05-25,NGV31,2031-10-01,Oct 2031,64,3.421
2026-05-25,NGX31,2031-11-01,Nov 2031,65,3.659
2026-05-25,NGZ31,2031-12-01,Dec 2031,66,4.239
2026-05-25,NGF32,2032-01-01,Jan 2032,67,4.564
2026-05-25,NGG32,2032-02-01,Feb 2032,68,4.098
2026-05-25,NGH32,2032-03-01,Mar 2032,69,3.386
2026-05-25,NGJ32,2032-04-01,Apr 2032,70,2.927
2026-05-25,NGK32,2032-05-01,May 2032,71,2.899
2026-05-25,NGM32,2032-06-01,Jun 2032,72,3.036
2026-05-25,NGN32,2032-07-01,Jul 2032,73,3.204
2026-05-25,NGQ32,2032-08-01,Aug 2032,74,3.256
2026-05-25,NGU32,2032-09-01,Sep 2032,75,3.234
2026-05-25,NGV32,2032-10-01,Oct 2032,76,3.302
2026-05-25,NGX32,2032-11-01,Nov 2032,77,3.524
2026-05-25,NGZ32,2032-12-01,Dec 2032,78,3.97
2026-05-25,NGF33,2033-01-01,Jan 2033,79,4.241
2026-05-25,NGG33,2033-02-01,Feb 2033,80,3.832
2026-05-25,NGH33,2033-03-01,Mar 2033,81,3.2
2026-05-25,NGJ33,2033-04-01,Apr 2033,82,2.785
2026-05-25,NGK33,2033-05-01,May 2033,83,2.785
2026-05-25,NGM33,2033-06-01,Jun 2033,84,2.933
2026-05-25,NGN33,2033-07-01,Jul 2033,85,3.113
2026-05-25,NGQ33,2033-08-01,Aug 2033,86,3.183
2026-05-25,NGU33,2033-09-01,Sep 2033,87,3.158
2026-05-25,NGV33,2033-10-01,Oct 2033,88,3.233
2026-05-25,NGX33,2033-11-01,Nov 2033,89,3.473
2026-05-25,NGZ33,2033-12-01,Dec 2033,90,3.903
2026-05-25,NGF34,2034-01-01,Jan 2034,91,4.183
2026-05-25,NGG34,2034-02-01,Feb 2034,92,3.878
2026-05-25,NGH34,2034-03-01,Mar 2034,93,3.268
2026-05-25,NGJ34,2034-04-01,Apr 2034,94,2.848
2026-05-25,NGK34,2034-05-01,May 2034,95,2.838
2026-05-25,NGM34,2034-06-01,Jun 2034,96,2.988
2026-05-25,NGN34,2034-07-01,Jul 2034,97,3.168
2026-05-25,NGQ34,2034-08-01,Aug 2034,98,3.228
2026-05-25,NGU34,2034-09-01,Sep 2034,99,3.243
2026-05-25,NGV34,2034-10-01,Oct 2034,100,3.289
2026-05-25,NGX34,2034-11-01,Nov 2034,101,3.529
2026-05-25,NGZ34,2034-12-01,Dec 2034,102,3.929
2026-05-25,NGF35,2035-01-01,Jan 2035,103,4.154
2026-05-25,NGG35,2035-02-01,Feb 2035,104,3.914
2026-05-25,NGH35,2035-03-01,Mar 2035,105,3.484
2026-05-25,NGJ35,2035-04-01,Apr 2035,106,3.094
2026-05-25,NGK35,2035-05-01,May 2035,107,3.072
2026-05-25,NGM35,2035-06-01,Jun 2035,108,3.107
2026-05-25,NGN35,2035-07-01,Jul 2035,109,3.147
2026-05-25,NGQ35,2035-08-01,Aug 2035,110,3.187
2026-05-25,NGU35,2035-09-01,Sep 2035,111,3.202
2026-05-25,NGV35,2035-10-01,Oct 2035,112,3.248
2026-05-25,NGX35,2035-11-01,Nov 2035,113,3.448
2026-05-25,NGZ35,2035-12-01,Dec 2035,114,3.758
2026-05-25,NGF36,2036-01-01,Jan 2036,115,4.028
2026-05-25,NGG36,2036-02-01,Feb 2036,116,3.858
2026-05-25,NGH36,2036-03-01,Mar 2036,117,3.588
2026-05-25,NGJ36,2036-04-01,Apr 2036,118,3.258
2026-05-25,NGK36,2036-05-01,May 2036,119,3.236
2026-05-25,NGM36,2036-06-01,Jun 2036,120,3.276
2026-05-25,NGN36,2036-07-01,Jul 2036,121,3.316
2026-05-25,NGQ36,2036-08-01,Aug 2036,122,3.356
2026-05-25,NGU36,2036-09-01,Sep 2036,123,3.371
2026-05-25,NGV36,2036-10-01,Oct 2036,124,3.417
2026-05-25,NGX36,2036-11-01,Nov 2036,125,3.567
2026-05-25,NGZ36,2036-12-01,Dec 2036,126,3.842
2026-05-25,NGF37,2037-01-01,Jan 2037,127,4.067
2026-05-25,NGG37,2037-02-01,Feb 2037,128,3.917
2026-05-25,NGH37,2037-03-01,Mar 2037,129,3.717
2026-05-25,NGJ37,2037-04-01,Apr 2037,130,3.387
2026-05-25,NGK37,2037-05-01,May 2037,131,3.365
2026-05-25,NGM37,2037-06-01,Jun 2037,132,3.4
2026-05-25,NGN37,2037-07-01,Jul 2037,133,3.44
2026-05-25,NGQ37,2037-08-01,Aug 2037,134,3.48
2026-05-25,NGU37,2037-09-01,Sep 2037,135,3.495
2026-05-25,NGV37,2037-10-01,Oct 2037,136,3.541
2026-05-25,NGX37,2037-11-01,Nov 2037,137,3.666
2026-05-25,NGZ37,2037-12-01,Dec 2037,138,3.891
2026-05-25,NGF38,2038-01-01,Jan 2038,139,4.156
2026-05-25,NGG38,2038-02-01,Feb 2038,140,4.006
2026-05-25,NGH38,2038-03-01,Mar 2038,141,3.806
2026-05-25,NGJ38,2038-04-01,Apr 2038,142,3.476
2026-05-25,NGK38,2038-05-01,May 2038,143,3.454
2026-05-25,NGM38,2038-06-01,Jun 2038,144,3.534
2026-05-25,NGN38,2038-07-01,Jul 2038,145,3.634
2026-05-25,NGQ38,2038-08-01,Aug 2038,146,3.674
2026-05-25,NGU38,2038-09-01,Sep 2038,147,3.689
2026-05-25,NGV38,2038-10-01,Oct 2038,148,3.735
2026-05-25,NGX38,2038-11-01,Nov 2038,149,3.807
2026-05-25,NGZ38,2038-12-01,Dec 2038,150,3.962
2026-05-26,NGM26,2026-06-01,Jun 2026,0,2.893
2026-05-26,NGN26,2026-07-01,Jul 2026,1,3.012
2026-05-26,NGQ26,2026-08-01,Aug 2026,2,3.035
2026-05-26,NGU26,2026-09-01,Sep 2026,3,3.003
2026-05-26,NGV26,2026-10-01,Oct 2026,4,3.053
2026-05-26,NGX26,2026-11-01,Nov 2026,5,3.289
2026-05-26,NGZ26,2026-12-01,Dec 2026,6,3.925
2026-05-26,NGF27,2027-01-01,Jan 2027,7,4.349
2026-05-26,NGG27,2027-02-01,Feb 2027,8,3.912
2026-05-26,NGH27,2027-03-01,Mar 2027,9,3.065
2026-05-26,NGJ27,2027-04-01,Apr 2027,10,2.848
2026-05-26,NGK27,2027-05-01,May 2027,11,2.832
2026-05-26,NGM27,2027-06-01,Jun 2027,12,2.978
2026-05-26,NGN27,2027-07-01,Jul 2027,13,3.185
2026-05-26,NGQ27,2027-08-01,Aug 2027,14,3.244
2026-05-26,NGU27,2027-09-01,Sep 2027,15,3.221
2026-05-26,NGV27,2027-10-01,Oct 2027,16,3.298
2026-05-26,NGX27,2027-11-01,Nov 2027,17,3.569
2026-05-26,NGZ27,2027-12-01,Dec 2027,18,4.248
2026-05-26,NGF28,2028-01-01,Jan 2028,19,4.68
2026-05-26,NGG28,2028-02-01,Feb 2028,20,4.177
2026-05-26,NGH28,2028-03-01,Mar 2028,21,3.422
2026-05-26,NGJ28,2028-04-01,Apr 2028,22,3.126
2026-05-26,NGK28,2028-05-01,May 2028,23,3.108
2026-05-26,NGM28,2028-06-01,Jun 2028,24,3.265
2026-05-26,NGN28,2028-07-01,Jul 2028,25,3.468
2026-05-26,NGQ28,2028-08-01,Aug 2028,26,3.541
2026-05-26,NGU28,2028-09-01,Sep 2028,27,3.518
2026-05-26,NGV28,2028-10-01,Oct 2028,28,3.58
2026-05-26,NGX28,2028-11-01,Nov 2028,29,3.8
2026-05-26,NGZ28,2028-12-01,Dec 2028,30,4.396
2026-05-26,NGF29,2029-01-01,Jan 2029,31,4.81
2026-05-26,NGG29,2029-02-01,Feb 2029,32,4.305
2026-05-26,NGH29,2029-03-01,Mar 2029,33,3.456
2026-05-26,NGJ29,2029-04-01,Apr 2029,34,3.139
2026-05-26,NGK29,2029-05-01,May 2029,35,3.125
2026-05-26,NGM29,2029-06-01,Jun 2029,36,3.244
2026-05-26,NGN29,2029-07-01,Jul 2029,37,3.475
2026-05-26,NGQ29,2029-08-01,Aug 2029,38,3.538
2026-05-26,NGU29,2029-09-01,Sep 2029,39,3.524
2026-05-26,NGV29,2029-10-01,Oct 2029,40,3.605
2026-05-26,NGX29,2029-11-01,Nov 2029,41,3.781
2026-05-26,NGZ29,2029-12-01,Dec 2029,42,4.368
2026-05-26,NGF30,2030-01-01,Jan 2030,43,4.77
2026-05-26,NGG30,2030-02-01,Feb 2030,44,4.272
2026-05-26,NGH30,2030-03-01,Mar 2030,45,3.519
2026-05-26,NGJ30,2030-04-01,Apr 2030,46,3.089
2026-05-26,NGK30,2030-05-01,May 2030,47,3.048
2026-05-26,NGM30,2030-06-01,Jun 2030,48,3.17
2026-05-26,NGN30,2030-07-01,Jul 2030,49,3.39
2026-05-26,NGQ30,2030-08-01,Aug 2030,50,3.434
2026-05-26,NGU30,2030-09-01,Sep 2030,51,3.401
2026-05-26,NGV30,2030-10-01,Oct 2030,52,3.51
2026-05-26,NGX30,2030-11-01,Nov 2030,53,3.682
2026-05-26,NGZ30,2030-12-01,Dec 2030,54,4.218
2026-05-26,NGF31,2031-01-01,Jan 2031,55,4.591
2026-05-26,NGG31,2031-02-01,Feb 2031,56,4.123
2026-05-26,NGH31,2031-03-01,Mar 2031,57,3.42
2026-05-26,NGJ31,2031-04-01,Apr 2031,58,2.984
2026-05-26,NGK31,2031-05-01,May 2031,59,2.953
2026-05-26,NGM31,2031-06-01,Jun 2031,60,3.087
2026-05-26,NGN31,2031-07-01,Jul 2031,61,3.291
2026-05-26,NGQ31,2031-08-01,Aug 2031,62,3.349
2026-05-26,NGU31,2031-09-01,Sep 2031,63,3.327
2026-05-26,NGV31,2031-10-01,Oct 2031,64,3.407
2026-05-26,NGX31,2031-11-01,Nov 2031,65,3.643
2026-05-26,NGZ31,2031-12-01,Dec 2031,66,4.224
2026-05-26,NGF32,2032-01-01,Jan 2032,67,4.551
2026-05-26,NGG32,2032-02-01,Feb 2032,68,4.076
2026-05-26,NGH32,2032-03-01,Mar 2032,69,3.363
2026-05-26,NGJ32,2032-04-01,Apr 2032,70,2.903
2026-05-26,NGK32,2032-05-01,May 2032,71,2.873
2026-05-26,NGM32,2032-06-01,Jun 2032,72,3.009
2026-05-26,NGN32,2032-07-01,Jul 2032,73,3.176
2026-05-26,NGQ32,2032-08-01,Aug 2032,74,3.226
2026-05-26,NGU32,2032-09-01,Sep 2032,75,3.203
2026-05-26,NGV32,2032-10-01,Oct 2032,76,3.278
2026-05-26,NGX32,2032-11-01,Nov 2032,77,3.499
2026-05-26,NGZ32,2032-12-01,Dec 2032,78,3.948
2026-05-26,NGF33,2033-01-01,Jan 2033,79,4.218
2026-05-26,NGG33,2033-02-01,Feb 2033,80,3.793
2026-05-26,NGH33,2033-03-01,Mar 2033,81,3.138
2026-05-26,NGJ33,2033-04-01,Apr 2033,82,2.738
2026-05-26,NGK33,2033-05-01,May 2033,83,2.738
2026-05-26,NGM33,2033-06-01,Jun 2033,84,2.886
2026-05-26,NGN33,2033-07-01,Jul 2033,85,3.086
2026-05-26,NGQ33,2033-08-01,Aug 2033,86,3.156
2026-05-26,NGU33,2033-09-01,Sep 2033,87,3.131
2026-05-26,NGV33,2033-10-01,Oct 2033,88,3.206
2026-05-26,NGX33,2033-11-01,Nov 2033,89,3.446
2026-05-26,NGZ33,2033-12-01,Dec 2033,90,3.876
2026-05-26,NGF34,2034-01-01,Jan 2034,91,4.156
2026-05-26,NGG34,2034-02-01,Feb 2034,92,3.851
2026-05-26,NGH34,2034-03-01,Mar 2034,93,3.241
2026-05-26,NGJ34,2034-04-01,Apr 2034,94,2.821
2026-05-26,NGK34,2034-05-01,May 2034,95,2.811
2026-05-26,NGM34,2034-06-01,Jun 2034,96,2.961
2026-05-26,NGN34,2034-07-01,Jul 2034,97,3.141
2026-05-26,NGQ34,2034-08-01,Aug 2034,98,3.201
2026-05-26,NGU34,2034-09-01,Sep 2034,99,3.216
2026-05-26,NGV34,2034-10-01,Oct 2034,100,3.262
2026-05-26,NGX34,2034-11-01,Nov 2034,101,3.502
2026-05-26,NGZ34,2034-12-01,Dec 2034,102,3.902
2026-05-26,NGF35,2035-01-01,Jan 2035,103,4.127
2026-05-26,NGG35,2035-02-01,Feb 2035,104,3.887
2026-05-26,NGH35,2035-03-01,Mar 2035,105,3.457
2026-05-26,NGJ35,2035-04-01,Apr 2035,106,3.067
2026-05-26,NGK35,2035-05-01,May 2035,107,3.045
2026-05-26,NGM35,2035-06-01,Jun 2035,108,3.08
2026-05-26,NGN35,2035-07-01,Jul 2035,109,3.12
2026-05-26,NGQ35,2035-08-01,Aug 2035,110,3.16
2026-05-26,NGU35,2035-09-01,Sep 2035,111,3.175
2026-05-26,NGV35,2035-10-01,Oct 2035,112,3.221
2026-05-26,NGX35,2035-11-01,Nov 2035,113,3.421
2026-05-26,NGZ35,2035-12-01,Dec 2035,114,3.731
2026-05-26,NGF36,2036-01-01,Jan 2036,115,4.001
2026-05-26,NGG36,2036-02-01,Feb 2036,116,3.831
2026-05-26,NGH36,2036-03-01,Mar 2036,117,3.561
2026-05-26,NGJ36,2036-04-01,Apr 2036,118,3.231
2026-05-26,NGK36,2036-05-01,May 2036,119,3.209
2026-05-26,NGM36,2036-06-01,Jun 2036,120,3.249
2026-05-26,NGN36,2036-07-01,Jul 2036,121,3.289
2026-05-26,NGQ36,2036-08-01,Aug 2036,122,3.329
2026-05-26,NGU36,2036-09-01,Sep 2036,123,3.344
2026-05-26,NGV36,2036-10-01,Oct 2036,124,3.39
2026-05-26,NGX36,2036-11-01,Nov 2036,125,3.54
2026-05-26,NGZ36,2036-12-01,Dec 2036,126,3.815
2026-05-26,NGF37,2037-01-01,Jan 2037,127,4.04
2026-05-26,NGG37,2037-02-01,Feb 2037,128,3.89
2026-05-26,NGH37,2037-03-01,Mar 2037,129,3.69
2026-05-26,NGJ37,2037-04-01,Apr 2037,130,3.36
2026-05-26,NGK37,2037-05-01,May 2037,131,3.338
2026-05-26,NGM37,2037-06-01,Jun 2037,132,3.373
2026-05-26,NGN37,2037-07-01,Jul 2037,133,3.413
2026-05-26,NGQ37,2037-08-01,Aug 2037,134,3.453
2026-05-26,NGU37,2037-09-01,Sep 2037,135,3.468
2026-05-26,NGV37,2037-10-01,Oct 2037,136,3.514
2026-05-26,NGX37,2037-11-01,Nov 2037,137,3.639
2026-05-26,NGZ37,2037-12-01,Dec 2037,138,3.864
2026-05-26,NGF38,2038-01-01,Jan 2038,139,4.129
2026-05-27,NGM26,2026-06-01,Jun 2026,0,3.036
2026-05-27,NGN26,2026-07-01,Jul 2026,1,3.089
2026-05-27,NGQ26,2026-08-01,Aug 2026,2,3.112
2026-05-27,NGU26,2026-09-01,Sep 2026,3,3.074
2026-05-27,NGV26,2026-10-01,Oct 2026,4,3.122
2026-05-27,NGX26,2026-11-01,Nov 2026,5,3.341
2026-05-27,NGZ26,2026-12-01,Dec 2026,6,3.943
2026-05-27,NGF27,2027-01-01,Jan 2027,7,4.344
2026-05-27,NGG27,2027-02-01,Feb 2027,8,3.917
2026-05-27,NGH27,2027-03-01,Mar 2027,9,3.09
2026-05-27,NGJ27,2027-04-01,Apr 2027,10,2.867
2026-05-27,NGK27,2027-05-01,May 2027,11,2.847
2026-05-27,NGM27,2027-06-01,Jun 2027,12,2.992
2026-05-27,NGN27,2027-07-01,Jul 2027,13,3.195
2026-05-27,NGQ27,2027-08-01,Aug 2027,14,3.252
2026-05-27,NGU27,2027-09-01,Sep 2027,15,3.227
2026-05-27,NGV27,2027-10-01,Oct 2027,16,3.309
2026-05-27,NGX27,2027-11-01,Nov 2027,17,3.583
2026-05-27,NGZ27,2027-12-01,Dec 2027,18,4.265
2026-05-27,NGF28,2028-01-01,Jan 2028,19,4.688
2026-05-27,NGG28,2028-02-01,Feb 2028,20,4.184
2026-05-27,NGH28,2028-03-01,Mar 2028,21,3.434
2026-05-27,NGJ28,2028-04-01,Apr 2028,22,3.137
2026-05-27,NGK28,2028-05-01,May 2028,23,3.121
2026-05-27,NGM28,2028-06-01,Jun 2028,24,3.272
2026-05-27,NGN28,2028-07-01,Jul 2028,25,3.478
2026-05-27,NGQ28,2028-08-01,Aug 2028,26,3.541
2026-05-27,NGU28,2028-09-01,Sep 2028,27,3.518
2026-05-27,NGV28,2028-10-01,Oct 2028,28,3.587
2026-05-27,NGX28,2028-11-01,Nov 2028,29,3.816
2026-05-27,NGZ28,2028-12-01,Dec 2028,30,4.415
2026-05-27,NGF29,2029-01-01,Jan 2029,31,4.802
2026-05-27,NGG29,2029-02-01,Feb 2029,32,4.302
2026-05-27,NGH29,2029-03-01,Mar 2029,33,3.456
2026-05-27,NGJ29,2029-04-01,Apr 2029,34,3.147
2026-05-27,NGK29,2029-05-01,May 2029,35,3.123
2026-05-27,NGM29,2029-06-01,Jun 2029,36,3.248
2026-05-27,NGN29,2029-07-01,Jul 2029,37,3.465
2026-05-27,NGQ29,2029-08-01,Aug 2029,38,3.537
2026-05-27,NGU29,2029-09-01,Sep 2029,39,3.523
2026-05-27,NGV29,2029-10-01,Oct 2029,40,3.595
2026-05-27,NGX29,2029-11-01,Nov 2029,41,3.784
2026-05-27,NGZ29,2029-12-01,Dec 2029,42,4.373
2026-05-27,NGF30,2030-01-01,Jan 2030,43,4.764
2026-05-27,NGG30,2030-02-01,Feb 2030,44,4.275
2026-05-27,NGH30,2030-03-01,Mar 2030,45,3.515
2026-05-27,NGJ30,2030-04-01,Apr 2030,46,3.087
2026-05-27,NGK30,2030-05-01,May 2030,47,3.08
2026-05-27,NGM30,2030-06-01,Jun 2030,48,3.167
2026-05-27,NGN30,2030-07-01,Jul 2030,49,3.385
2026-05-27,NGQ30,2030-08-01,Aug 2030,50,3.426
2026-05-27,NGU30,2030-09-01,Sep 2030,51,3.394
2026-05-27,NGV30,2030-10-01,Oct 2030,52,3.471
2026-05-27,NGX30,2030-11-01,Nov 2030,53,3.672
2026-05-27,NGZ30,2030-12-01,Dec 2030,54,4.208
2026-05-27,NGF31,2031-01-01,Jan 2031,55,4.573
2026-05-27,NGG31,2031-02-01,Feb 2031,56,4.106
2026-05-27,NGH31,2031-03-01,Mar 2031,57,3.403
2026-05-27,NGJ31,2031-04-01,Apr 2031,58,2.968
2026-05-27,NGK31,2031-05-01,May 2031,59,2.931
2026-05-27,NGM31,2031-06-01,Jun 2031,60,3.064
2026-05-27,NGN31,2031-07-01,Jul 2031,61,3.259
2026-05-27,NGQ31,2031-08-01,Aug 2031,62,3.315
2026-05-27,NGU31,2031-09-01,Sep 2031,63,3.289
2026-05-27,NGV31,2031-10-01,Oct 2031,64,3.368
2026-05-27,NGX31,2031-11-01,Nov 2031,65,3.607
2026-05-27,NGZ31,2031-12-01,Dec 2031,66,4.19
2026-05-27,NGF32,2032-01-01,Jan 2032,67,4.514
2026-05-27,NGG32,2032-02-01,Feb 2032,68,4.042
2026-05-27,NGH32,2032-03-01,Mar 2032,69,3.327
2026-05-27,NGJ32,2032-04-01,Apr 2032,70,2.866
2026-05-27,NGK32,2032-05-01,May 2032,71,2.834
2026-05-27,NGM32,2032-06-01,Jun 2032,72,2.969
2026-05-27,NGN32,2032-07-01,Jul 2032,73,3.135
2026-05-27,NGQ32,2032-08-01,Aug 2032,74,3.184
2026-05-27,NGU32,2032-09-01,Sep 2032,75,3.159
2026-05-27,NGV32,2032-10-01,Oct 2032,76,3.225
2026-05-27,NGX32,2032-11-01,Nov 2032,77,3.45
2026-05-27,NGZ32,2032-12-01,Dec 2032,78,3.995
2026-05-27,NGF33,2033-01-01,Jan 2033,79,4.308
2026-05-27,NGG33,2033-02-01,Feb 2033,80,3.868
2026-05-27,NGH33,2033-03-01,Mar 2033,81,3.198
2026-05-27,NGJ33,2033-04-01,Apr 2033,82,2.798
2026-05-27,NGK33,2033-05-01,May 2033,83,2.73
2026-05-27,NGM33,2033-06-01,Jun 2033,84,2.946
2026-05-27,NGN33,2033-07-01,Jul 2033,85,3.146
2026-05-27,NGQ33,2033-08-01,Aug 2033,86,3.216
2026-05-27,NGU33,2033-09-01,Sep 2033,87,3.191
2026-05-27,NGV33,2033-10-01,Oct 2033,88,3.266
2026-05-27,NGX33,2033-11-01,Nov 2033,89,3.506
2026-05-27,NGZ33,2033-12-01,Dec 2033,90,3.936
2026-05-27,NGF34,2034-01-01,Jan 2034,91,4.216
2026-05-27,NGG34,2034-02-01,Feb 2034,92,3.911
2026-05-27,NGH34,2034-03-01,Mar 2034,93,3.301
2026-05-27,NGJ34,2034-04-01,Apr 2034,94,2.881
2026-05-27,NGK34,2034-05-01,May 2034,95,2.871
2026-05-27,NGM34,2034-06-01,Jun 2034,96,3.021
2026-05-27,NGN34,2034-07-01,Jul 2034,97,3.201
2026-05-27,NGQ34,2034-08-01,Aug 2034,98,3.261
2026-05-27,NGU34,2034-09-01,Sep 2034,99,3.276
2026-05-27,NGV34,2034-10-01,Oct 2034,100,3.322
2026-05-27,NGX34,2034-11-01,Nov 2034,101,3.562
2026-05-27,NGZ34,2034-12-01,Dec 2034,102,3.962
2026-05-27,NGF35,2035-01-01,Jan 2035,103,4.187
2026-05-27,NGG35,2035-02-01,Feb 2035,104,3.947
2026-05-27,NGH35,2035-03-01,Mar 2035,105,3.517
2026-05-27,NGJ35,2035-04-01,Apr 2035,106,3.127
2026-05-27,NGK35,2035-05-01,May 2035,107,3.105
2026-05-27,NGM35,2035-06-01,Jun 2035,108,3.14
2026-05-27,NGN35,2035-07-01,Jul 2035,109,3.18
2026-05-27,NGQ35,2035-08-01,Aug 2035,110,3.22
2026-05-27,NGU35,2035-09-01,Sep 2035,111,3.235
2026-05-27,NGV35,2035-10-01,Oct 2035,112,3.281
2026-05-27,NGX35,2035-11-01,Nov 2035,113,3.481
2026-05-27,NGZ35,2035-12-01,Dec 2035,114,3.791
2026-05-27,NGF36,2036-01-01,Jan 2036,115,4.061
2026-05-27,NGG36,2036-02-01,Feb 2036,116,3.891
2026-05-27,NGH36,2036-03-01,Mar 2036,117,3.621
2026-05-27,NGJ36,2036-04-01,Apr 2036,118,3.291
2026-05-27,NGK36,2036-05-01,May 2036,119,3.269
2026-05-27,NGM36,2036-06-01,Jun 2036,120,3.309
2026-05-27,NGN36,2036-07-01,Jul 2036,121,3.349
2026-05-27,NGQ36,2036-08-01,Aug 2036,122,3.389
2026-05-27,NGU36,2036-09-01,Sep 2036,123,3.404
2026-05-27,NGV36,2036-10-01,Oct 2036,124,3.45
2026-05-27,NGX36,2036-11-01,Nov 2036,125,3.6
2026-05-27,NGZ36,2036-12-01,Dec 2036,126,3.875
2026-05-27,NGF37,2037-01-01,Jan 2037,127,4.1
2026-05-27,NGG37,2037-02-01,Feb 2037,128,3.95
2026-05-27,NGH37,2037-03-01,Mar 2037,129,3.75
2026-05-27,NGJ37,2037-04-01,Apr 2037,130,3.42
2026-05-27,NGK37,2037-05-01,May 2037,131,3.398
2026-05-27,NGM37,2037-06-01,Jun 2037,132,3.433
2026-05-27,NGN37,2037-07-01,Jul 2037,133,3.473
2026-05-27,NGQ37,2037-08-01,Aug 2037,134,3.513
2026-05-27,NGU37,2037-09-01,Sep 2037,135,3.528
2026-05-27,NGV37,2037-10-01,Oct 2037,136,3.574
2026-05-27,NGX37,2037-11-01,Nov 2037,137,3.699
2026-05-27,NGZ37,2037-12-01,Dec 2037,138,3.924
2026-05-27,NGF38,2038-01-01,Jan 2038,139,4.189
2026-05-28,NGN26,2026-07-01,Jul 2026,0,3.283
2026-05-28,NGQ26,2026-08-01,Aug 2026,1,3.312
2026-05-28,NGU26,2026-09-01,Sep 2026,2,3.269
2026-05-28,NGV26,2026-10-01,Oct 2026,3,3.307
2026-05-28,NGX26,2026-11-01,Nov 2026,4,3.494
2026-05-28,NGZ26,2026-12-01,Dec 2026,5,4.076
2026-05-28,NGF27,2027-01-01,Jan 2027,6,4.461
2026-05-28,NGG27,2027-02-01,Feb 2027,7,4.028
2026-05-28,NGH27,2027-03-01,Mar 2027,8,3.179
2026-05-28,NGJ27,2027-04-01,Apr 2027,9,2.941
2026-05-28,NGK27,2027-05-01,May 2027,10,2.916
2026-05-28,NGM27,2027-06-01,Jun 2027,11,3.054
2026-05-28,NGN27,2027-07-01,Jul 2027,12,3.259
2026-05-28,NGQ27,2027-08-01,Aug 2027,13,3.314
2026-05-28,NGU27,2027-09-01,Sep 2027,14,3.286
2026-05-28,NGV27,2027-10-01,Oct 2027,15,3.365
2026-05-28,NGX27,2027-11-01,Nov 2027,16,3.634
2026-05-28,NGZ27,2027-12-01,Dec 2027,17,4.308
2026-05-28,NGF28,2028-01-01,Jan 2028,18,4.726
2026-05-28,NGG28,2028-02-01,Feb 2028,19,4.225
2026-05-28,NGH28,2028-03-01,Mar 2028,20,3.466
2026-05-28,NGJ28,2028-04-01,Apr 2028,21,3.168
2026-05-28,NGK28,2028-05-01,May 2028,22,3.136
2026-05-28,NGM28,2028-06-01,Jun 2028,23,3.287
2026-05-28,NGN28,2028-07-01,Jul 2028,24,3.503
2026-05-28,NGQ28,2028-08-01,Aug 2028,25,3.556
2026-05-28,NGU28,2028-09-01,Sep 2028,26,3.542
2026-05-28,NGV28,2028-10-01,Oct 2028,27,3.6
2026-05-28,NGX28,2028-11-01,Nov 2028,28,3.834
2026-05-28,NGZ28,2028-12-01,Dec 2028,29,4.402
2026-05-28,NGF29,2029-01-01,Jan 2029,30,4.816
2026-05-28,NGG29,2029-02-01,Feb 2029,31,4.316
2026-05-28,NGH29,2029-03-01,Mar 2029,32,3.47
2026-05-28,NGJ29,2029-04-01,Apr 2029,33,3.158
2026-05-28,NGK29,2029-05-01,May 2029,34,3.135
2026-05-28,NGM29,2029-06-01,Jun 2029,35,3.255
2026-05-28,NGN29,2029-07-01,Jul 2029,36,3.472
2026-05-28,NGQ29,2029-08-01,Aug 2029,37,3.542
2026-05-28,NGU29,2029-09-01,Sep 2029,38,3.529
2026-05-28,NGV29,2029-10-01,Oct 2029,39,3.595
2026-05-28,NGX29,2029-11-01,Nov 2029,40,3.787
2026-05-28,NGZ29,2029-12-01,Dec 2029,41,4.377
2026-05-28,NGF30,2030-01-01,Jan 2030,42,4.77
2026-05-28,NGG30,2030-02-01,Feb 2030,43,4.285
2026-05-28,NGH30,2030-03-01,Mar 2030,44,3.51
2026-05-28,NGJ30,2030-04-01,Apr 2030,45,3.086
2026-05-28,NGK30,2030-05-01,May 2030,46,3.046
2026-05-28,NGM30,2030-06-01,Jun 2030,47,3.171
2026-05-28,NGN30,2030-07-01,Jul 2030,48,3.397
2026-05-28,NGQ30,2030-08-01,Aug 2030,49,3.435
2026-05-28,NGU30,2030-09-01,Sep 2030,50,3.401
2026-05-28,NGV30,2030-10-01,Oct 2030,51,3.482
2026-05-28,NGX30,2030-11-01,Nov 2030,52,3.684
2026-05-28,NGZ30,2030-12-01,Dec 2030,53,4.22
2026-05-28,NGF31,2031-01-01,Jan 2031,54,4.594
2026-05-28,NGG31,2031-02-01,Feb 2031,55,4.123
2026-05-28,NGH31,2031-03-01,Mar 2031,56,3.409
2026-05-28,NGJ31,2031-04-01,Apr 2031,57,2.977
2026-05-28,NGK31,2031-05-01,May 2031,58,2.942
2026-05-28,NGM31,2031-06-01,Jun 2031,59,3.077
2026-05-28,NGN31,2031-07-01,Jul 2031,60,3.281
2026-05-28,NGQ31,2031-08-01,Aug 2031,61,3.337
2026-05-28,NGU31,2031-09-01,Sep 2031,62,3.314
2026-05-28,NGV31,2031-10-01,Oct 2031,63,3.393
2026-05-28,NGX31,2031-11-01,Nov 2031,64,3.63
2026-05-28,NGZ31,2031-12-01,Dec 2031,65,4.214
2026-05-28,NGF32,2032-01-01,Jan 2032,66,4.541
2026-05-28,NGG32,2032-02-01,Feb 2032,67,4.068
2026-05-28,NGH32,2032-03-01,Mar 2032,68,3.351
2026-05-28,NGJ32,2032-04-01,Apr 2032,69,2.888
2026-05-28,NGK32,2032-05-01,May 2032,70,2.85
2026-05-28,NGM32,2032-06-01,Jun 2032,71,2.985
2026-05-28,NGN32,2032-07-01,Jul 2032,72,3.16
2026-05-28,NGQ32,2032-08-01,Aug 2032,73,3.203
2026-05-28,NGU32,2032-09-01,Sep 2032,74,3.172
2026-05-28,NGV32,2032-10-01,Oct 2032,75,3.247
2026-05-28,NGX32,2032-11-01,Nov 2032,76,3.466
2026-05-28,NGZ32,2032-12-01,Dec 2032,77,3.951
2026-05-28,NGF33,2033-01-01,Jan 2033,78,4.231
2026-05-28,NGG33,2033-02-01,Feb 2033,79,3.776
2026-05-28,NGH33,2033-03-01,Mar 2033,80,3.096
2026-05-28,NGJ33,2033-04-01,Apr 2033,81,2.716
2026-05-28,NGK33,2033-05-01,May 2033,82,2.716
2026-05-28,NGM33,2033-06-01,Jun 2033,83,2.864
2026-05-28,NGN33,2033-07-01,Jul 2033,84,3.064
2026-05-28,NGQ33,2033-08-01,Aug 2033,85,3.134
2026-05-28,NGU33,2033-09-01,Sep 2033,86,3.109
2026-05-28,NGV33,2033-10-01,Oct 2033,87,3.184
2026-05-28,NGX33,2033-11-01,Nov 2033,88,3.424
2026-05-28,NGZ33,2033-12-01,Dec 2033,89,3.854
2026-05-28,NGF34,2034-01-01,Jan 2034,90,4.134
2026-05-28,NGG34,2034-02-01,Feb 2034,91,3.829
2026-05-28,NGH34,2034-03-01,Mar 2034,92,3.219
2026-05-28,NGJ34,2034-04-01,Apr 2034,93,2.799
2026-05-28,NGK34,2034-05-01,May 2034,94,2.789
2026-05-28,NGM34,2034-06-01,Jun 2034,95,2.939
2026-05-28,NGN34,2034-07-01,Jul 2034,96,3.119
2026-05-28,NGQ34,2034-08-01,Aug 2034,97,3.179
2026-05-28,NGU34,2034-09-01,Sep 2034,98,3.194
2026-05-28,NGV34,2034-10-01,Oct 2034,99,3.24
2026-05-28,NGX34,2034-11-01,Nov 2034,100,3.48
2026-05-28,NGZ34,2034-12-01,Dec 2034,101,3.88
2026-05-28,NGF35,2035-01-01,Jan 2035,102,4.105
2026-05-28,NGG35,2035-02-01,Feb 2035,103,3.865
2026-05-28,NGH35,2035-03-01,Mar 2035,104,3.435
2026-05-28,NGJ35,2035-04-01,Apr 2035,105,3.045
2026-05-28,NGK35,2035-05-01,May 2035,106,3.023
2026-05-28,NGM35,2035-06-01,Jun 2035,107,3.058
2026-05-28,NGN35,2035-07-01,Jul 2035,108,3.098
2026-05-28,NGQ35,2035-08-01,Aug 2035,109,3.138
2026-05-28,NGU35,2035-09-01,Sep 2035,110,3.153
2026-05-28,NGV35,2035-10-01,Oct 2035,111,3.199
2026-05-28,NGX35,2035-11-01,Nov 2035,112,3.399
2026-05-28,NGZ35,2035-12-01,Dec 2035,113,3.709
2026-05-28,NGF36,2036-01-01,Jan 2036,114,3.979
2026-05-28,NGG36,2036-02-01,Feb 2036,115,3.809
2026-05-28,NGH36,2036-03-01,Mar 2036,116,3.539
2026-05-28,NGJ36,2036-04-01,Apr 2036,117,3.209
2026-05-28,NGK36,2036-05-01,May 2036,118,3.187
2026-05-28,NGM36,2036-06-01,Jun 2036,119,3.227
2026-05-28,NGN36,2036-07-01,Jul 2036,120,3.267
2026-05-28,NGQ36,2036-08-01,Aug 2036,121,3.307
2026-05-28,NGU36,2036-09-01,Sep 2036,122,3.322
2026-05-28,NGV36,2036-10-01,Oct 2036,123,3.368
2026-05-28,NGX36,2036-11-01,Nov 2036,124,3.518
2026-05-28,NGZ36,2036-12-01,Dec 2036,125,3.793
2026-05-28,NGF37,2037-01-01,Jan 2037,126,4.018
2026-05-28,NGG37,2037-02-01,Feb 2037,127,3.868
2026-05-28,NGH37,2037-03-01,Mar 2037,128,3.668
2026-05-28,NGJ37,2037-04-01,Apr 2037,129,3.338
2026-05-28,NGK37,2037-05-01,May 2037,130,3.316
2026-05-28,NGM37,2037-06-01,Jun 2037,131,3.351
2026-05-28,NGN37,2037-07-01,Jul 2037,132,3.391
2026-05-28,NGQ37,2037-08-01,Aug 2037,133,3.431
2026-05-28,NGU37,2037-09-01,Sep 2037,134,3.446
2026-05-28,NGV37,2037-10-01,Oct 2037,135,3.492
2026-05-28,NGX37,2037-11-01,Nov 2037,136,3.617
2026-05-28,NGZ37,2037-12-01,Dec 2037,137,3.842
2026-05-28,NGF38,2038-01-01,Jan 2038,138,4.107
2026-05-29,NGN26,2026-07-01,Jul 2026,0,3.287
2026-05-29,NGQ26,2026-08-01,Aug 2026,1,3.315
2026-05-29,NGU26,2026-09-01,Sep 2026,2,3.274
2026-05-29,NGV26,2026-10-01,Oct 2026,3,3.321
2026-05-29,NGX26,2026-11-01,Nov 2026,4,3.54
2026-05-29,NGZ26,2026-12-01,Dec 2026,5,4.126
2026-05-29,NGF27,2027-01-01,Jan 2027,6,4.518
2026-05-29,NGG27,2027-02-01,Feb 2027,7,4.076
2026-05-29,NGH27,2027-03-01,Mar 2027,8,3.206
2026-05-29,NGJ27,2027-04-01,Apr 2027,9,2.963
2026-05-29,NGK27,2027-05-01,May 2027,10,2.934
2026-05-29,NGM27,2027-06-01,Jun 2027,11,3.07
2026-05-29,NGN27,2027-07-01,Jul 2027,12,3.267
2026-05-29,NGQ27,2027-08-01,Aug 2027,13,3.323
2026-05-29,NGU27,2027-09-01,Sep 2027,14,3.299
2026-05-29,NGV27,2027-10-01,Oct 2027,15,3.377
2026-05-29,NGX27,2027-11-01,Nov 2027,16,3.634
2026-05-29,NGZ27,2027-12-01,Dec 2027,17,4.304
2026-05-29,NGF28,2028-01-01,Jan 2028,18,4.729
2026-05-29,NGG28,2028-02-01,Feb 2028,19,4.233
2026-05-29,NGH28,2028-03-01,Mar 2028,20,3.46
2026-05-29,NGJ28,2028-04-01,Apr 2028,21,3.159
2026-05-29,NGK28,2028-05-01,May 2028,22,3.133
2026-05-29,NGM28,2028-06-01,Jun 2028,23,3.285
2026-05-29,NGN28,2028-07-01,Jul 2028,24,3.488
2026-05-29,NGQ28,2028-08-01,Aug 2028,25,3.548
2026-05-29,NGU28,2028-09-01,Sep 2028,26,3.526
2026-05-29,NGV28,2028-10-01,Oct 2028,27,3.58
2026-05-29,NGX28,2028-11-01,Nov 2028,28,3.83
2026-05-29,NGZ28,2028-12-01,Dec 2028,29,4.397
2026-05-29,NGF29,2029-01-01,Jan 2029,30,4.792
2026-05-29,NGG29,2029-02-01,Feb 2029,31,4.308
2026-05-29,NGH29,2029-03-01,Mar 2029,32,3.465
2026-05-29,NGJ29,2029-04-01,Apr 2029,33,3.153
2026-05-29,NGK29,2029-05-01,May 2029,34,3.13
2026-05-29,NGM29,2029-06-01,Jun 2029,35,3.254
2026-05-29,NGN29,2029-07-01,Jul 2029,36,3.467
2026-05-29,NGQ29,2029-08-01,Aug 2029,37,3.548
2026-05-29,NGU29,2029-09-01,Sep 2029,38,3.524
2026-05-29,NGV29,2029-10-01,Oct 2029,39,3.601
2026-05-29,NGX29,2029-11-01,Nov 2029,40,3.783
2026-05-29,NGZ29,2029-12-01,Dec 2029,41,4.373
2026-05-29,NGF30,2030-01-01,Jan 2030,42,4.767
2026-05-29,NGG30,2030-02-01,Feb 2030,43,4.287
2026-05-29,NGH30,2030-03-01,Mar 2030,44,3.516
2026-05-29,NGJ30,2030-04-01,Apr 2030,45,3.092
2026-05-29,NGK30,2030-05-01,May 2030,46,3.051
2026-05-29,NGM30,2030-06-01,Jun 2030,47,3.176
2026-05-29,NGN30,2030-07-01,Jul 2030,48,3.402
2026-05-29,NGQ30,2030-08-01,Aug 2030,49,3.44
2026-05-29,NGU30,2030-09-01,Sep 2030,50,3.407
2026-05-29,NGV30,2030-10-01,Oct 2030,51,3.485
2026-05-29,NGX30,2030-11-01,Nov 2030,52,3.688
2026-05-29,NGZ30,2030-12-01,Dec 2030,53,4.224
2026-05-29,NGF31,2031-01-01,Jan 2031,54,4.594
2026-05-29,NGG31,2031-02-01,Feb 2031,55,4.124
2026-05-29,NGH31,2031-03-01,Mar 2031,56,3.412
2026-05-29,NGJ31,2031-04-01,Apr 2031,57,2.988
2026-05-29,NGK31,2031-05-01,May 2031,58,2.955
2026-05-29,NGM31,2031-06-01,Jun 2031,59,3.09
2026-05-29,NGN31,2031-07-01,Jul 2031,60,3.294
2026-05-29,NGQ31,2031-08-01,Aug 2031,61,3.351
2026-05-29,NGU31,2031-09-01,Sep 2031,62,3.328
2026-05-29,NGV31,2031-10-01,Oct 2031,63,3.407
2026-05-29,NGX31,2031-11-01,Nov 2031,64,3.644
2026-05-29,NGZ31,2031-12-01,Dec 2031,65,4.229
2026-05-29,NGF32,2032-01-01,Jan 2032,66,4.556
2026-05-29,NGG32,2032-02-01,Feb 2032,67,4.084
2026-05-29,NGH32,2032-03-01,Mar 2032,68,3.366
2026-05-29,NGJ32,2032-04-01,Apr 2032,69,2.903
2026-05-29,NGK32,2032-05-01,May 2032,70,2.865
2026-05-29,NGM32,2032-06-01,Jun 2032,71,3.001
2026-05-29,NGN32,2032-07-01,Jul 2032,72,3.176
2026-05-29,NGQ32,2032-08-01,Aug 2032,73,3.219
2026-05-29,NGU32,2032-09-01,Sep 2032,74,3.195
2026-05-29,NGV32,2032-10-01,Oct 2032,75,3.263
2026-05-29,NGX32,2032-11-01,Nov 2032,76,3.481
2026-05-29,NGZ32,2032-12-01,Dec 2032,77,3.966
2026-05-29,NGF33,2033-01-01,Jan 2033,78,4.265
2026-05-29,NGG33,2033-02-01,Feb 2033,79,3.815
2026-05-29,NGH33,2033-03-01,Mar 2033,80,3.14
2026-05-29,NGJ33,2033-04-01,Apr 2033,81,2.756
2026-05-29,NGK33,2033-05-01,May 2033,82,2.74
2026-05-29,NGM33,2033-06-01,Jun 2033,83,2.898
2026-05-29,NGN33,2033-07-01,Jul 2033,84,3.098
2026-05-29,NGQ33,2033-08-01,Aug 2033,85,3.168
2026-05-29,NGU33,2033-09-01,Sep 2033,86,3.143
2026-05-29,NGV33,2033-10-01,Oct 2033,87,3.218
2026-05-29,NGX33,2033-11-01,Nov 2033,88,3.458
2026-05-29,NGZ33,2033-12-01,Dec 2033,89,3.888
2026-05-29,NGF34,2034-01-01,Jan 2034,90,4.168
2026-05-29,NGG34,2034-02-01,Feb 2034,91,3.863
2026-05-29,NGH34,2034-03-01,Mar 2034,92,3.253
2026-05-29,NGJ34,2034-04-01,Apr 2034,93,2.833
2026-05-29,NGK34,2034-05-01,May 2034,94,2.823
2026-05-29,NGM34,2034-06-01,Jun 2034,95,2.973
2026-05-29,NGN34,2034-07-01,Jul 2034,96,3.153
2026-05-29,NGQ34,2034-08-01,Aug 2034,97,3.213
2026-05-29,NGU34,2034-09-01,Sep 2034,98,3.228
2026-05-29,NGV34,2034-10-01,Oct 2034,99,3.274
2026-05-29,NGX34,2034-11-01,Nov 2034,100,3.514
2026-05-29,NGZ34,2034-12-01,Dec 2034,101,3.914
2026-05-29,NGF35,2035-01-01,Jan 2035,102,4.139
2026-05-29,NGG35,2035-02-01,Feb 2035,103,3.899
2026-05-29,NGH35,2035-03-01,Mar 2035,104,3.469
2026-05-29,NGJ35,2035-04-01,Apr 2035,105,3.079
2026-05-29,NGK35,2035-05-01,May 2035,106,3.057
2026-05-29,NGM35,2035-06-01,Jun 2035,107,3.092
2026-05-29,NGN35,2035-07-01,Jul 2035,108,3.132
2026-05-29,NGQ35,2035-08-01,Aug 2035,109,3.172
2026-05-29,NGU35,2035-09-01,Sep 2035,110,3.187
2026-05-29,NGV35,2035-10-01,Oct 2035,111,3.233
2026-05-29,NGX35,2035-11-01,Nov 2035,112,3.433
2026-05-29,NGZ35,2035-12-01,Dec 2035,113,3.743
2026-05-29,NGF36,2036-01-01,Jan 2036,114,4.013
2026-05-29,NGG36,2036-02-01,Feb 2036,115,3.843
2026-05-29,NGH36,2036-03-01,Mar 2036,116,3.573
2026-05-29,NGJ36,2036-04-01,Apr 2036,117,3.243
2026-05-29,NGK36,2036-05-01,May 2036,118,3.221
2026-05-29,NGM36,2036-06-01,Jun 2036,119,3.261
2026-05-29,NGN36,2036-07-01,Jul 2036,120,3.301
2026-05-29,NGQ36,2036-08-01,Aug 2036,121,3.341
2026-05-29,NGU36,2036-09-01,Sep 2036,122,3.356
2026-05-29,NGV36,2036-10-01,Oct 2036,123,3.402
2026-05-29,NGX36,2036-11-01,Nov 2036,124,3.552
2026-05-29,NGZ36,2036-12-01,Dec 2036,125,3.827
2026-05-29,NGF37,2037-01-01,Jan 2037,126,4.052
2026-05-29,NGG37,2037-02-01,Feb 2037,127,3.902
2026-05-29,NGH37,2037-03-01,Mar 2037,128,3.702
2026-05-29,NGJ37,2037-04-01,Apr 2037,129,3.372
2026-05-29,NGK37,2037-05-01,May 2037,130,3.35
2026-05-29,NGM37,2037-06-01,Jun 2037,131,3.385
2026-05-29,NGN37,2037-07-01,Jul 2037,132,3.425
2026-05-29,NGQ37,2037-08-01,Aug 2037,133,3.465
2026-05-29,NGU37,2037-09-01,Sep 2037,134,3.48
2026-05-29,NGV37,2037-10-01,Oct 2037,135,3.526
2026-05-29,NGX37,2037-11-01,Nov 2037,136,3.651
2026-05-29,NGZ37,2037-12-01,Dec 2037,137,3.876
2026-05-29,NGF38,2038-01-01,Jan 2038,138,4.141
2026-05-30,NGN26,2026-07-01,Jul 2026,0,3.29
2026-05-30,NGQ26,2026-08-01,Aug 2026,1,3.318
2026-05-30,NGU26,2026-09-01,Sep 2026,2,3.28
2026-05-30,NGV26,2026-10-01,Oct 2026,3,3.327
2026-05-30,NGX26,2026-11-01,Nov 2026,4,3.542
2026-05-30,NGZ26,2026-12-01,Dec 2026,5,4.126
2026-05-30,NGF27,2027-01-01,Jan 2027,6,4.518
2026-05-30,NGG27,2027-02-01,Feb 2027,7,4.08
2026-05-30,NGH27,2027-03-01,Mar 2027,8,3.216
2026-05-30,NGJ27,2027-04-01,Apr 2027,9,2.971
2026-05-30,NGK27,2027-05-01,May 2027,10,2.941
2026-05-30,NGM27,2027-06-01,Jun 2027,11,3.075
2026-05-30,NGN27,2027-07-01,Jul 2027,12,3.272
2026-05-30,NGQ27,2027-08-01,Aug 2027,13,3.326
2026-05-30,NGU27,2027-09-01,Sep 2027,14,3.3
2026-05-30,NGV27,2027-10-01,Oct 2027,15,3.381
2026-05-30,NGX27,2027-11-01,Nov 2027,16,3.647
2026-05-30,NGZ27,2027-12-01,Dec 2027,17,4.314
2026-05-30,NGF28,2028-01-01,Jan 2028,18,4.739
2026-05-30,NGG28,2028-02-01,Feb 2028,19,4.248
2026-05-30,NGH28,2028-03-01,Mar 2028,20,3.467
2026-05-30,NGJ28,2028-04-01,Apr 2028,21,3.167
2026-05-30,NGK28,2028-05-01,May 2028,22,3.145
2026-05-30,NGM28,2028-06-01,Jun 2028,23,3.285
2026-05-30,NGN28,2028-07-01,Jul 2028,24,3.488
2026-05-30,NGQ28,2028-08-01,Aug 2028,25,3.548
2026-05-30,NGU28,2028-09-01,Sep 2028,26,3.526
2026-05-30,NGV28,2028-10-01,Oct 2028,27,3.593
2026-05-30,NGX28,2028-11-01,Nov 2028,28,3.819
2026-05-30,NGZ28,2028-12-01,Dec 2028,29,4.397
2026-05-30,NGF29,2029-01-01,Jan 2029,30,4.792
2026-05-30,NGG29,2029-02-01,Feb 2029,31,4.308
2026-05-30,NGH29,2029-03-01,Mar 2029,32,3.465
2026-05-30,NGJ29,2029-04-01,Apr 2029,33,3.153
2026-05-30,NGK29,2029-05-01,May 2029,34,3.13
2026-05-30,NGM29,2029-06-01,Jun 2029,35,3.254
2026-05-30,NGN29,2029-07-01,Jul 2029,36,3.467
2026-05-30,NGQ29,2029-08-01,Aug 2029,37,3.537
2026-05-30,NGU29,2029-09-01,Sep 2029,38,3.524
2026-05-30,NGV29,2029-10-01,Oct 2029,39,3.601
2026-05-30,NGX29,2029-11-01,Nov 2029,40,3.783
2026-05-30,NGZ29,2029-12-01,Dec 2029,41,4.373
2026-05-30,NGF30,2030-01-01,Jan 2030,42,4.767
2026-05-30,NGG30,2030-02-01,Feb 2030,43,4.287
2026-05-30,NGH30,2030-03-01,Mar 2030,44,3.516
2026-05-30,NGJ30,2030-04-01,Apr 2030,45,3.092
2026-05-30,NGK30,2030-05-01,May 2030,46,3.051
2026-05-30,NGM30,2030-06-01,Jun 2030,47,3.176
2026-05-30,NGN30,2030-07-01,Jul 2030,48,3.402
2026-05-30,NGQ30,2030-08-01,Aug 2030,49,3.44
2026-05-30,NGU30,2030-09-01,Sep 2030,50,3.407
2026-05-30,NGV30,2030-10-01,Oct 2030,51,3.488
2026-05-30,NGX30,2030-11-01,Nov 2030,52,3.688
2026-05-30,NGZ30,2030-12-01,Dec 2030,53,4.224
2026-05-30,NGF31,2031-01-01,Jan 2031,54,4.594
2026-05-30,NGG31,2031-02-01,Feb 2031,55,4.124
2026-05-30,NGH31,2031-03-01,Mar 2031,56,3.412
2026-05-30,NGJ31,2031-04-01,Apr 2031,57,2.988
2026-05-30,NGK31,2031-05-01,May 2031,58,2.955
2026-05-30,NGM31,2031-06-01,Jun 2031,59,3.09
2026-05-30,NGN31,2031-07-01,Jul 2031,60,3.294
2026-05-30,NGQ31,2031-08-01,Aug 2031,61,3.351
2026-05-30,NGU31,2031-09-01,Sep 2031,62,3.328
2026-05-30,NGV31,2031-10-01,Oct 2031,63,3.407
2026-05-30,NGX31,2031-11-01,Nov 2031,64,3.644
2026-05-30,NGZ31,2031-12-01,Dec 2031,65,4.229
2026-05-30,NGF32,2032-01-01,Jan 2032,66,4.556
2026-05-30,NGG32,2032-02-01,Feb 2032,67,4.084
2026-05-30,NGH32,2032-03-01,Mar 2032,68,3.366
2026-05-30,NGJ32,2032-04-01,Apr 2032,69,2.903
2026-05-30,NGK32,2032-05-01,May 2032,70,2.865
2026-05-30,NGM32,2032-06-01,Jun 2032,71,3.001
2026-05-30,NGN32,2032-07-01,Jul 2032,72,3.176
2026-05-30,NGQ32,2032-08-01,Aug 2032,73,3.219
2026-05-30,NGU32,2032-09-01,Sep 2032,74,3.195
2026-05-30,NGV32,2032-10-01,Oct 2032,75,3.263
2026-05-30,NGX32,2032-11-01,Nov 2032,76,3.481
2026-05-30,NGZ32,2032-12-01,Dec 2032,77,3.966
2026-05-30,NGF33,2033-01-01,Jan 2033,78,4.265
2026-05-30,NGG33,2033-02-01,Feb 2033,79,3.815
2026-05-30,NGH33,2033-03-01,Mar 2033,80,3.14
2026-05-30,NGJ33,2033-04-01,Apr 2033,81,2.756
2026-05-30,NGK33,2033-05-01,May 2033,82,2.748
2026-05-30,NGM33,2033-06-01,Jun 2033,83,2.898
2026-05-30,NGN33,2033-07-01,Jul 2033,84,3.098
2026-05-30,NGQ33,2033-08-01,Aug 2033,85,3.168
2026-05-30,NGU33,2033-09-01,Sep 2033,86,3.143
2026-05-30,NGV33,2033-10-01,Oct 2033,87,3.218
2026-05-30,NGX33,2033-11-01,Nov 2033,88,3.458
2026-05-30,NGZ33,2033-12-01,Dec 2033,89,3.888
2026-05-30,NGF34,2034-01-01,Jan 2034,90,4.168
2026-05-30,NGG34,2034-02-01,Feb 2034,91,3.863
2026-05-30,NGH34,2034-03-01,Mar 2034,92,3.253
2026-05-30,NGJ34,2034-04-01,Apr 2034,93,2.833
2026-05-30,NGK34,2034-05-01,May 2034,94,2.823
2026-05-30,NGM34,2034-06-01,Jun 2034,95,2.973
2026-05-30,NGN34,2034-07-01,Jul 2034,96,3.153
2026-05-30,NGQ34,2034-08-01,Aug 2034,97,3.213
2026-05-30,NGU34,2034-09-01,Sep 2034,98,3.228
2026-05-30,NGV34,2034-10-01,Oct 2034,99,3.274
2026-05-30,NGX34,2034-11-01,Nov 2034,100,3.514
2026-05-30,NGZ34,2034-12-01,Dec 2034,101,3.914
2026-05-30,NGF35,2035-01-01,Jan 2035,102,4.139
2026-05-30,NGG35,2035-02-01,Feb 2035,103,3.899
2026-05-30,NGH35,2035-03-01,Mar 2035,104,3.469
2026-05-30,NGJ35,2035-04-01,Apr 2035,105,3.079
2026-05-30,NGK35,2035-05-01,May 2035,106,3.057
2026-05-30,NGM35,2035-06-01,Jun 2035,107,3.092
2026-05-30,NGN35,2035-07-01,Jul 2035,108,3.132
2026-05-30,NGQ35,2035-08-01,Aug 2035,109,3.172
2026-05-30,NGU35,2035-09-01,Sep 2035,110,3.187
2026-05-30,NGV35,2035-10-01,Oct 2035,111,3.233
2026-05-30,NGX35,2035-11-01,Nov 2035,112,3.433
2026-05-30,NGZ35,2035-12-01,Dec 2035,113,3.743
2026-05-30,NGF36,2036-01-01,Jan 2036,114,4.013
2026-05-30,NGG36,2036-02-01,Feb 2036,115,3.843
2026-05-30,NGH36,2036-03-01,Mar 2036,116,3.573
2026-05-30,NGJ36,2036-04-01,Apr 2036,117,3.243
2026-05-30,NGK36,2036-05-01,May 2036,118,3.221
2026-05-30,NGM36,2036-06-01,Jun 2036,119,3.261
2026-05-30,NGN36,2036-07-01,Jul 2036,120,3.301
2026-05-30,NGQ36,2036-08-01,Aug 2036,121,3.341
2026-05-30,NGU36,2036-09-01,Sep 2036,122,3.356
2026-05-30,NGV36,2036-10-01,Oct 2036,123,3.402
2026-05-30,NGX36,2036-11-01,Nov 2036,124,3.552
2026-05-30,NGZ36,2036-12-01,Dec 2036,125,3.827
2026-05-30,NGF37,2037-01-01,Jan 2037,126,4.052
2026-05-30,NGG37,2037-02-01,Feb 2037,127,3.902
2026-05-30,NGH37,2037-03-01,Mar 2037,128,3.702
2026-05-30,NGJ37,2037-04-01,Apr 2037,129,3.372
2026-05-30,NGK37,2037-05-01,May 2037,130,3.35
2026-05-30,NGM37,2037-06-01,Jun 2037,131,3.385
2026-05-30,NGN37,2037-07-01,Jul 2037,132,3.425
2026-05-30,NGQ37,2037-08-01,Aug 2037,133,3.465
2026-05-30,NGU37,2037-09-01,Sep 2037,134,3.48
2026-05-30,NGV37,2037-10-01,Oct 2037,135,3.526
2026-05-30,NGX37,2037-11-01,Nov 2037,136,3.651
2026-05-30,NGZ37,2037-12-01,Dec 2037,137,3.876
2026-05-30,NGF38,2038-01-01,Jan 2038,138,4.141
2026-05-31,NGN26,2026-07-01,Jul 2026,0,3.29
2026-05-31,NGQ26,2026-08-01,Aug 2026,1,3.318
2026-05-31,NGU26,2026-09-01,Sep 2026,2,3.28
2026-05-31,NGV26,2026-10-01,Oct 2026,3,3.327
2026-05-31,NGX26,2026-11-01,Nov 2026,4,3.542
2026-05-31,NGZ26,2026-12-01,Dec 2026,5,4.126
2026-05-31,NGF27,2027-01-01,Jan 2027,6,4.518
2026-05-31,NGG27,2027-02-01,Feb 2027,7,4.08
2026-05-31,NGH27,2027-03-01,Mar 2027,8,3.216
2026-05-31,NGJ27,2027-04-01,Apr 2027,9,2.971
2026-05-31,NGK27,2027-05-01,May 2027,10,2.941
2026-05-31,NGM27,2027-06-01,Jun 2027,11,3.075
2026-05-31,NGN27,2027-07-01,Jul 2027,12,3.272
2026-05-31,NGQ27,2027-08-01,Aug 2027,13,3.326
2026-05-31,NGU27,2027-09-01,Sep 2027,14,3.3
2026-05-31,NGV27,2027-10-01,Oct 2027,15,3.381
2026-05-31,NGX27,2027-11-01,Nov 2027,16,3.647
2026-05-31,NGZ27,2027-12-01,Dec 2027,17,4.314
2026-05-31,NGF28,2028-01-01,Jan 2028,18,4.739
2026-05-31,NGG28,2028-02-01,Feb 2028,19,4.248
2026-05-31,NGH28,2028-03-01,Mar 2028,20,3.467
2026-05-31,NGJ28,2028-04-01,Apr 2028,21,3.167
2026-05-31,NGK28,2028-05-01,May 2028,22,3.145
2026-05-31,NGM28,2028-06-01,Jun 2028,23,3.285
2026-05-31,NGN28,2028-07-01,Jul 2028,24,3.488
2026-05-31,NGQ28,2028-08-01,Aug 2028,25,3.548
2026-05-31,NGU28,2028-09-01,Sep 2028,26,3.526
2026-05-31,NGV28,2028-10-01,Oct 2028,27,3.593
2026-05-31,NGX28,2028-11-01,Nov 2028,28,3.819
2026-05-31,NGZ28,2028-12-01,Dec 2028,29,4.397
2026-05-31,NGF29,2029-01-01,Jan 2029,30,4.792
2026-05-31,NGG29,2029-02-01,Feb 2029,31,4.308
2026-05-31,NGH29,2029-03-01,Mar 2029,32,3.465
2026-05-31,NGJ29,2029-04-01,Apr 2029,33,3.153
2026-05-31,NGK29,2029-05-01,May 2029,34,3.13
2026-05-31,NGM29,2029-06-01,Jun 2029,35,3.254
2026-05-31,NGN29,2029-07-01,Jul 2029,36,3.467
2026-05-31,NGQ29,2029-08-01,Aug 2029,37,3.537
2026-05-31,NGU29,2029-09-01,Sep 2029,38,3.524
2026-05-31,NGV29,2029-10-01,Oct 2029,39,3.601
2026-05-31,NGX29,2029-11-01,Nov 2029,40,3.783
2026-05-31,NGZ29,2029-12-01,Dec 2029,41,4.373
2026-05-31,NGF30,2030-01-01,Jan 2030,42,4.767
2026-05-31,NGG30,2030-02-01,Feb 2030,43,4.287
2026-05-31,NGH30,2030-03-01,Mar 2030,44,3.516
2026-05-31,NGJ30,2030-04-01,Apr 2030,45,3.092
2026-05-31,NGK30,2030-05-01,May 2030,46,3.051
2026-05-31,NGM30,2030-06-01,Jun 2030,47,3.176
2026-05-31,NGN30,2030-07-01,Jul 2030,48,3.402
2026-05-31,NGQ30,2030-08-01,Aug 2030,49,3.44
2026-05-31,NGU30,2030-09-01,Sep 2030,50,3.407
2026-05-31,NGV30,2030-10-01,Oct 2030,51,3.488
2026-05-31,NGX30,2030-11-01,Nov 2030,52,3.688
2026-05-31,NGZ30,2030-12-01,Dec 2030,53,4.224
2026-05-31,NGF31,2031-01-01,Jan 2031,54,4.594
2026-05-31,NGG31,2031-02-01,Feb 2031,55,4.124
2026-05-31,NGH31,2031-03-01,Mar 2031,56,3.412
2026-05-31,NGJ31,2031-04-01,Apr 2031,57,2.988
2026-05-31,NGK31,2031-05-01,May 2031,58,2.955
2026-05-31,NGM31,2031-06-01,Jun 2031,59,3.09
2026-05-31,NGN31,2031-07-01,Jul 2031,60,3.294
2026-05-31,NGQ31,2031-08-01,Aug 2031,61,3.351
2026-05-31,NGU31,2031-09-01,Sep 2031,62,3.328
2026-05-31,NGV31,2031-10-01,Oct 2031,63,3.407
2026-05-31,NGX31,2031-11-01,Nov 2031,64,3.644
2026-05-31,NGZ31,2031-12-01,Dec 2031,65,4.229
2026-05-31,NGF32,2032-01-01,Jan 2032,66,4.556
2026-05-31,NGG32,2032-02-01,Feb 2032,67,4.084
2026-05-31,NGH32,2032-03-01,Mar 2032,68,3.366
2026-05-31,NGJ32,2032-04-01,Apr 2032,69,2.903
2026-05-31,NGK32,2032-05-01,May 2032,70,2.865
2026-05-31,NGM32,2032-06-01,Jun 2032,71,3.001
2026-05-31,NGN32,2032-07-01,Jul 2032,72,3.176
2026-05-31,NGQ32,2032-08-01,Aug 2032,73,3.219
2026-05-31,NGU32,2032-09-01,Sep 2032,74,3.195
2026-05-31,NGV32,2032-10-01,Oct 2032,75,3.263
2026-05-31,NGX32,2032-11-01,Nov 2032,76,3.481
2026-05-31,NGZ32,2032-12-01,Dec 2032,77,3.966
2026-05-31,NGF33,2033-01-01,Jan 2033,78,4.265
2026-05-31,NGG33,2033-02-01,Feb 2033,79,3.815
2026-05-31,NGH33,2033-03-01,Mar 2033,80,3.14
2026-05-31,NGJ33,2033-04-01,Apr 2033,81,2.756
2026-05-31,NGK33,2033-05-01,May 2033,82,2.748
2026-05-31,NGM33,2033-06-01,Jun 2033,83,2.898
2026-05-31,NGN33,2033-07-01,Jul 2033,84,3.098
2026-05-31,NGQ33,2033-08-01,Aug 2033,85,3.168
2026-05-31,NGU33,2033-09-01,Sep 2033,86,3.143
2026-05-31,NGV33,2033-10-01,Oct 2033,87,3.218
2026-05-31,NGX33,2033-11-01,Nov 2033,88,3.458
2026-05-31,NGZ33,2033-12-01,Dec 2033,89,3.888
2026-05-31,NGF34,2034-01-01,Jan 2034,90,4.168
2026-05-31,NGG34,2034-02-01,Feb 2034,91,3.863
2026-05-31,NGH34,2034-03-01,Mar 2034,92,3.253
2026-05-31,NGJ34,2034-04-01,Apr 2034,93,2.833
2026-05-31,NGK34,2034-05-01,May 2034,94,2.823
2026-05-31,NGM34,2034-06-01,Jun 2034,95,2.973
2026-05-31,NGN34,2034-07-01,Jul 2034,96,3.153
2026-05-31,NGQ34,2034-08-01,Aug 2034,97,3.213
2026-05-31,NGU34,2034-09-01,Sep 2034,98,3.228
2026-05-31,NGV34,2034-10-01,Oct 2034,99,3.274
2026-05-31,NGX34,2034-11-01,Nov 2034,100,3.514
2026-05-31,NGZ34,2034-12-01,Dec 2034,101,3.914
2026-05-31,NGF35,2035-01-01,Jan 2035,102,4.139
2026-05-31,NGG35,2035-02-01,Feb 2035,103,3.899
2026-05-31,NGH35,2035-03-01,Mar 2035,104,3.469
2026-05-31,NGJ35,2035-04-01,Apr 2035,105,3.079
2026-05-31,NGK35,2035-05-01,May 2035,106,3.057
2026-05-31,NGM35,2035-06-01,Jun 2035,107,3.092
2026-05-31,NGN35,2035-07-01,Jul 2035,108,3.132
2026-05-31,NGQ35,2035-08-01,Aug 2035,109,3.172
2026-05-31,NGU35,2035-09-01,Sep 2035,110,3.187
2026-05-31,NGV35,2035-10-01,Oct 2035,111,3.233
2026-05-31,NGX35,2035-11-01,Nov 2035,112,3.433
2026-05-31,NGZ35,2035-12-01,Dec 2035,113,3.743
2026-05-31,NGF36,2036-01-01,Jan 2036,114,4.013
2026-05-31,NGG36,2036-02-01,Feb 2036,115,3.843
2026-05-31,NGH36,2036-03-01,Mar 2036,116,3.573
2026-05-31,NGJ36,2036-04-01,Apr 2036,117,3.243
2026-05-31,NGK36,2036-05-01,May 2036,118,3.221
2026-05-31,NGM36,2036-06-01,Jun 2036,119,3.261
2026-05-31,NGN36,2036-07-01,Jul 2036,120,3.301
2026-05-31,NGQ36,2036-08-01,Aug 2036,121,3.341
2026-05-31,NGU36,2036-09-01,Sep 2036,122,3.356
2026-05-31,NGV36,2036-10-01,Oct 2036,123,3.402
2026-05-31,NGX36,2036-11-01,Nov 2036,124,3.552
2026-05-31,NGZ36,2036-12-01,Dec 2036,125,3.827
2026-05-31,NGF37,2037-01-01,Jan 2037,126,4.052
2026-05-31,NGG37,2037-02-01,Feb 2037,127,3.902
2026-05-31,NGH37,2037-03-01,Mar 2037,128,3.702
2026-05-31,NGJ37,2037-04-01,Apr 2037,129,3.372
2026-05-31,NGK37,2037-05-01,May 2037,130,3.35
2026-05-31,NGM37,2037-06-01,Jun 2037,131,3.385
2026-05-31,NGN37,2037-07-01,Jul 2037,132,3.425
2026-05-31,NGQ37,2037-08-01,Aug 2037,133,3.465
2026-05-31,NGU37,2037-09-01,Sep 2037,134,3.48
2026-05-31,NGV37,2037-10-01,Oct 2037,135,3.526
2026-05-31,NGX37,2037-11-01,Nov 2037,136,3.651
2026-05-31,NGZ37,2037-12-01,Dec 2037,137,3.876
2026-05-31,NGF38,2038-01-01,Jan 2038,138,4.141
2026-06-01,NGN26,2026-07-01,Jul 2026,0,3.184
2026-06-01,NGQ26,2026-08-01,Aug 2026,1,3.216
2026-06-01,NGU26,2026-09-01,Sep 2026,2,3.182
2026-06-01,NGV26,2026-10-01,Oct 2026,3,3.235
2026-06-01,NGX26,2026-11-01,Nov 2026,4,3.493
2026-06-01,NGZ26,2026-12-01,Dec 2026,5,4.11
2026-06-01,NGF27,2027-01-01,Jan 2027,6,4.521
2026-06-01,NGG27,2027-02-01,Feb 2027,7,4.082
2026-06-01,NGH27,2027-03-01,Mar 2027,8,3.224
2026-06-01,NGJ27,2027-04-01,Apr 2027,9,2.97
2026-06-01,NGK27,2027-05-01,May 2027,10,2.938
2026-06-01,NGM27,2027-06-01,Jun 2027,11,3.074
2026-06-01,NGN27,2027-07-01,Jul 2027,12,3.274
2026-06-01,NGQ27,2027-08-01,Aug 2027,13,3.328
2026-06-01,NGU27,2027-09-01,Sep 2027,14,3.305
2026-06-01,NGV27,2027-10-01,Oct 2027,15,3.392
2026-06-01,NGX27,2027-11-01,Nov 2027,16,3.662
2026-06-01,NGZ27,2027-12-01,Dec 2027,17,4.321
2026-06-01,NGF28,2028-01-01,Jan 2028,18,4.744
2026-06-01,NGG28,2028-02-01,Feb 2028,19,4.254
2026-06-01,NGH28,2028-03-01,Mar 2028,20,3.468
2026-06-01,NGJ28,2028-04-01,Apr 2028,21,3.176
2026-06-01,NGK28,2028-05-01,May 2028,22,3.143
2026-06-01,NGM28,2028-06-01,Jun 2028,23,3.304
2026-06-01,NGN28,2028-07-01,Jul 2028,24,3.503
2026-06-01,NGQ28,2028-08-01,Aug 2028,25,3.56
2026-06-01,NGU28,2028-09-01,Sep 2028,26,3.549
2026-06-01,NGV28,2028-10-01,Oct 2028,27,3.614
2026-06-01,NGX28,2028-11-01,Nov 2028,28,3.842
2026-06-01,NGZ28,2028-12-01,Dec 2028,29,4.405
2026-06-01,NGF29,2029-01-01,Jan 2029,30,4.82
2026-06-01,NGG29,2029-02-01,Feb 2029,31,4.331
2026-06-01,NGH29,2029-03-01,Mar 2029,32,3.487
2026-06-01,NGJ29,2029-04-01,Apr 2029,33,3.17
2026-06-01,NGK29,2029-05-01,May 2029,34,3.147
2026-06-01,NGM29,2029-06-01,Jun 2029,35,3.27
2026-06-01,NGN29,2029-07-01,Jul 2029,36,3.477
2026-06-01,NGQ29,2029-08-01,Aug 2029,37,3.544
2026-06-01,NGU29,2029-09-01,Sep 2029,38,3.529
2026-06-01,NGV29,2029-10-01,Oct 2029,39,3.605
2026-06-01,NGX29,2029-11-01,Nov 2029,40,3.787
2026-06-01,NGZ29,2029-12-01,Dec 2029,41,4.376
2026-06-01,NGF30,2030-01-01,Jan 2030,42,4.771
2026-06-01,NGG30,2030-02-01,Feb 2030,43,4.291
2026-06-01,NGH30,2030-03-01,Mar 2030,44,3.515
2026-06-01,NGJ30,2030-04-01,Apr 2030,45,3.087
2026-06-01,NGK30,2030-05-01,May 2030,46,3.045
2026-06-01,NGM30,2030-06-01,Jun 2030,47,3.168
2026-06-01,NGN30,2030-07-01,Jul 2030,48,3.394
2026-06-01,NGQ30,2030-08-01,Aug 2030,49,3.43
2026-06-01,NGU30,2030-09-01,Sep 2030,50,3.395
2026-06-01,NGV30,2030-10-01,Oct 2030,51,3.49
2026-06-01,NGX30,2030-11-01,Nov 2030,52,3.678
2026-06-01,NGZ30,2030-12-01,Dec 2030,53,4.214
2026-06-01,NGF31,2031-01-01,Jan 2031,54,4.586
2026-06-01,NGG31,2031-02-01,Feb 2031,55,4.114
2026-06-01,NGH31,2031-03-01,Mar 2031,56,3.403
2026-06-01,NGJ31,2031-04-01,Apr 2031,57,2.98
2026-06-01,NGK31,2031-05-01,May 2031,58,2.946
2026-06-01,NGM31,2031-06-01,Jun 2031,59,3.081
2026-06-01,NGN31,2031-07-01,Jul 2031,60,3.286
2026-06-01,NGQ31,2031-08-01,Aug 2031,61,3.341
2026-06-01,NGU31,2031-09-01,Sep 2031,62,3.328
2026-06-01,NGV31,2031-10-01,Oct 2031,63,3.396
2026-06-01,NGX31,2031-11-01,Nov 2031,64,3.632
2026-06-01,NGZ31,2031-12-01,Dec 2031,65,4.216
2026-06-01,NGF32,2032-01-01,Jan 2032,66,4.543
2026-06-01,NGG32,2032-02-01,Feb 2032,67,4.07
2026-06-01,NGH32,2032-03-01,Mar 2032,68,3.353
2026-06-01,NGJ32,2032-04-01,Apr 2032,69,2.888
2026-06-01,NGK32,2032-05-01,May 2032,70,2.85
2026-06-01,NGM32,2032-06-01,Jun 2032,71,2.985
2026-06-01,NGN32,2032-07-01,Jul 2032,72,3.159
2026-06-01,NGQ32,2032-08-01,Aug 2032,73,3.201
2026-06-01,NGU32,2032-09-01,Sep 2032,74,3.177
2026-06-01,NGV32,2032-10-01,Oct 2032,75,3.244
2026-06-01,NGX32,2032-11-01,Nov 2032,76,3.461
2026-06-01,NGZ32,2032-12-01,Dec 2032,77,3.946
2026-06-01,NGF33,2033-01-01,Jan 2033,78,4.234
2026-06-01,NGG33,2033-02-01,Feb 2033,79,3.781
2026-06-01,NGH33,2033-03-01,Mar 2033,80,3.103
2026-06-01,NGJ33,2033-04-01,Apr 2033,81,2.728
2026-06-01,NGK33,2033-05-01,May 2033,82,2.719
2026-06-01,NGM33,2033-06-01,Jun 2033,83,2.869
2026-06-01,NGN33,2033-07-01,Jul 2033,84,3.069
2026-06-01,NGQ33,2033-08-01,Aug 2033,85,3.139
2026-06-01,NGU33,2033-09-01,Sep 2033,86,3.114
2026-06-01,NGV33,2033-10-01,Oct 2033,87,3.189
2026-06-01,NGX33,2033-11-01,Nov 2033,88,3.429
2026-06-01,NGZ33,2033-12-01,Dec 2033,89,3.859
2026-06-01,NGF34,2034-01-01,Jan 2034,90,4.139
2026-06-01,NGG34,2034-02-01,Feb 2034,91,3.834
2026-06-01,NGH34,2034-03-01,Mar 2034,92,3.224
2026-06-01,NGJ34,2034-04-01,Apr 2034,93,2.804
2026-06-01,NGK34,2034-05-01,May 2034,94,2.794
2026-06-01,NGM34,2034-06-01,Jun 2034,95,2.944
2026-06-01,NGN34,2034-07-01,Jul 2034,96,3.124
2026-06-01,NGQ34,2034-08-01,Aug 2034,97,3.184
2026-06-01,NGU34,2034-09-01,Sep 2034,98,3.199
2026-06-01,NGV34,2034-10-01,Oct 2034,99,3.245
2026-06-01,NGX34,2034-11-01,Nov 2034,100,3.485
2026-06-01,NGZ34,2034-12-01,Dec 2034,101,3.885
2026-06-01,NGF35,2035-01-01,Jan 2035,102,4.11
2026-06-01,NGG35,2035-02-01,Feb 2035,103,3.87
2026-06-01,NGH35,2035-03-01,Mar 2035,104,3.44
2026-06-01,NGJ35,2035-04-01,Apr 2035,105,3.05
2026-06-01,NGK35,2035-05-01,May 2035,106,3.028
2026-06-01,NGM35,2035-06-01,Jun 2035,107,3.063
2026-06-01,NGN35,2035-07-01,Jul 2035,108,3.103
2026-06-01,NGQ35,2035-08-01,Aug 2035,109,3.143
2026-06-01,NGU35,2035-09-01,Sep 2035,110,3.158
2026-06-01,NGV35,2035-10-01,Oct 2035,111,3.204
2026-06-01,NGX35,2035-11-01,Nov 2035,112,3.404
2026-06-01,NGZ35,2035-12-01,Dec 2035,113,3.714
2026-06-01,NGF36,2036-01-01,Jan 2036,114,3.984
2026-06-01,NGG36,2036-02-01,Feb 2036,115,3.814
2026-06-01,NGH36,2036-03-01,Mar 2036,116,3.544
2026-06-01,NGJ36,2036-04-01,Apr 2036,117,3.214
2026-06-01,NGK36,2036-05-01,May 2036,118,3.192
2026-06-01,NGM36,2036-06-01,Jun 2036,119,3.232
2026-06-01,NGN36,2036-07-01,Jul 2036,120,3.272
2026-06-01,NGQ36,2036-08-01,Aug 2036,121,3.312
2026-06-01,NGU36,2036-09-01,Sep 2036,122,3.327
2026-06-01,NGV36,2036-10-01,Oct 2036,123,3.373
2026-06-01,NGX36,2036-11-01,Nov 2036,124,3.523
2026-06-01,NGZ36,2036-12-01,Dec 2036,125,3.798
2026-06-01,NGF37,2037-01-01,Jan 2037,126,4.023
2026-06-01,NGG37,2037-02-01,Feb 2037,127,3.873
2026-06-01,NGH37,2037-03-01,Mar 2037,128,3.673
2026-06-01,NGJ37,2037-04-01,Apr 2037,129,3.343
2026-06-01,NGK37,2037-05-01,May 2037,130,3.321
2026-06-01,NGM37,2037-06-01,Jun 2037,131,3.356
2026-06-01,NGN37,2037-07-01,Jul 2037,132,3.396
2026-06-01,NGQ37,2037-08-01,Aug 2037,133,3.436
2026-06-01,NGU37,2037-09-01,Sep 2037,134,3.451
2026-06-01,NGV37,2037-10-01,Oct 2037,135,3.497
2026-06-01,NGX37,2037-11-01,Nov 2037,136,3.622
2026-06-01,NGZ37,2037-12-01,Dec 2037,137,3.847
2026-06-01,NGF38,2038-01-01,Jan 2038,138,4.112
2026-06-01,NGG38,2038-02-01,Feb 2038,139,3.962
2026-06-01,NGH38,2038-03-01,Mar 2038,140,3.762
2026-06-01,NGJ38,2038-04-01,Apr 2038,141,3.432
2026-06-01,NGK38,2038-05-01,May 2038,142,3.41
2026-06-01,NGM38,2038-06-01,Jun 2038,143,3.49
2026-06-01,NGN38,2038-07-01,Jul 2038,144,3.59
2026-06-01,NGQ38,2038-08-01,Aug 2038,145,3.63
2026-06-01,NGU38,2038-09-01,Sep 2038,146,3.645
2026-06-01,NGV38,2038-10-01,Oct 2038,147,3.691
2026-06-01,NGX38,2038-11-01,Nov 2038,148,3.763
2026-06-01,NGZ38,2038-12-01,Dec 2038,149,3.918
2026-06-02,NGN26,2026-07-01,Jul 2026,0,3.166
2026-06-02,NGQ26,2026-08-01,Aug 2026,1,3.191
2026-06-02,NGU26,2026-09-01,Sep 2026,2,3.154
2026-06-02,NGV26,2026-10-01,Oct 2026,3,3.208
2026-06-02,NGX26,2026-11-01,Nov 2026,4,3.464
2026-06-02,NGZ26,2026-12-01,Dec 2026,5,4.085
2026-06-02,NGF27,2027-01-01,Jan 2027,6,4.493
2026-06-02,NGG27,2027-02-01,Feb 2027,7,4.059
2026-06-02,NGH27,2027-03-01,Mar 2027,8,3.225
2026-06-02,NGJ27,2027-04-01,Apr 2027,9,2.975
2026-06-02,NGK27,2027-05-01,May 2027,10,2.942
2026-06-02,NGM27,2027-06-01,Jun 2027,11,3.074
2026-06-02,NGN27,2027-07-01,Jul 2027,12,3.277
2026-06-02,NGQ27,2027-08-01,Aug 2027,13,3.333
2026-06-02,NGU27,2027-09-01,Sep 2027,14,3.31
2026-06-02,NGV27,2027-10-01,Oct 2027,15,3.391
2026-06-02,NGX27,2027-11-01,Nov 2027,16,3.656
2026-06-02,NGZ27,2027-12-01,Dec 2027,17,4.313
2026-06-02,NGF28,2028-01-01,Jan 2028,18,4.746
2026-06-02,NGG28,2028-02-01,Feb 2028,19,4.259
2026-06-02,NGH28,2028-03-01,Mar 2028,20,3.475
2026-06-02,NGJ28,2028-04-01,Apr 2028,21,3.17
2026-06-02,NGK28,2028-05-01,May 2028,22,3.146
2026-06-02,NGM28,2028-06-01,Jun 2028,23,3.304
2026-06-02,NGN28,2028-07-01,Jul 2028,24,3.497
2026-06-02,NGQ28,2028-08-01,Aug 2028,25,3.557
2026-06-02,NGU28,2028-09-01,Sep 2028,26,3.538
2026-06-02,NGV28,2028-10-01,Oct 2028,27,3.605
2026-06-02,NGX28,2028-11-01,Nov 2028,28,3.831
2026-06-02,NGZ28,2028-12-01,Dec 2028,29,4.421
2026-06-02,NGF29,2029-01-01,Jan 2029,30,4.82
2026-06-02,NGG29,2029-02-01,Feb 2029,31,4.331
2026-06-02,NGH29,2029-03-01,Mar 2029,32,3.474
2026-06-02,NGJ29,2029-04-01,Apr 2029,33,3.17
2026-06-02,NGK29,2029-05-01,May 2029,34,3.123
2026-06-02,NGM29,2029-06-01,Jun 2029,35,3.243
2026-06-02,NGN29,2029-07-01,Jul 2029,36,3.453
2026-06-02,NGQ29,2029-08-01,Aug 2029,37,3.544
2026-06-02,NGU29,2029-09-01,Sep 2029,38,3.508
2026-06-02,NGV29,2029-10-01,Oct 2029,39,3.605
2026-06-02,NGX29,2029-11-01,Nov 2029,40,3.787
2026-06-02,NGZ29,2029-12-01,Dec 2029,41,4.376
2026-06-02,NGF30,2030-01-01,Jan 2030,42,4.757
2026-06-02,NGG30,2030-02-01,Feb 2030,43,4.277
2026-06-02,NGH30,2030-03-01,Mar 2030,44,3.498
2026-06-02,NGJ30,2030-04-01,Apr 2030,45,3.07
2026-06-02,NGK30,2030-05-01,May 2030,46,3.028
2026-06-02,NGM30,2030-06-01,Jun 2030,47,3.151
2026-06-02,NGN30,2030-07-01,Jul 2030,48,3.377
2026-06-02,NGQ30,2030-08-01,Aug 2030,49,3.415
2026-06-02,NGU30,2030-09-01,Sep 2030,50,3.38
2026-06-02,NGV30,2030-10-01,Oct 2030,51,3.48
2026-06-02,NGX30,2030-11-01,Nov 2030,52,3.663
2026-06-02,NGZ30,2030-12-01,Dec 2030,53,4.199
2026-06-02,NGF31,2031-01-01,Jan 2031,54,4.586
2026-06-02,NGG31,2031-02-01,Feb 2031,55,4.101
2026-06-02,NGH31,2031-03-01,Mar 2031,56,3.39
2026-06-02,NGJ31,2031-04-01,Apr 2031,57,2.967
2026-06-02,NGK31,2031-05-01,May 2031,58,2.934
2026-06-02,NGM31,2031-06-01,Jun 2031,59,3.07
2026-06-02,NGN31,2031-07-01,Jul 2031,60,3.274
2026-06-02,NGQ31,2031-08-01,Aug 2031,61,3.33
2026-06-02,NGU31,2031-09-01,Sep 2031,62,3.307
2026-06-02,NGV31,2031-10-01,Oct 2031,63,3.385
2026-06-02,NGX31,2031-11-01,Nov 2031,64,3.622
2026-06-02,NGZ31,2031-12-01,Dec 2031,65,4.206
2026-06-02,NGF32,2032-01-01,Jan 2032,66,4.534
2026-06-02,NGG32,2032-02-01,Feb 2032,67,4.061
2026-06-02,NGH32,2032-03-01,Mar 2032,68,3.345
2026-06-02,NGJ32,2032-04-01,Apr 2032,69,2.88
2026-06-02,NGK32,2032-05-01,May 2032,70,2.842
2026-06-02,NGM32,2032-06-01,Jun 2032,71,2.977
2026-06-02,NGN32,2032-07-01,Jul 2032,72,3.151
2026-06-02,NGQ32,2032-08-01,Aug 2032,73,3.193
2026-06-02,NGU32,2032-09-01,Sep 2032,74,3.168
2026-06-02,NGV32,2032-10-01,Oct 2032,75,3.235
2026-06-02,NGX32,2032-11-01,Nov 2032,76,3.465
2026-06-02,NGZ32,2032-12-01,Dec 2032,77,3.951
2026-06-02,NGF33,2033-01-01,Jan 2033,78,4.239
2026-06-02,NGG33,2033-02-01,Feb 2033,79,3.785
2026-06-02,NGH33,2033-03-01,Mar 2033,80,3.106
2026-06-02,NGJ33,2033-04-01,Apr 2033,81,2.731
2026-06-02,NGK33,2033-05-01,May 2033,82,2.74
2026-06-02,NGM33,2033-06-01,Jun 2033,83,2.872
2026-06-02,NGN33,2033-07-01,Jul 2033,84,3.072
2026-06-02,NGQ33,2033-08-01,Aug 2033,85,3.142
2026-06-02,NGU33,2033-09-01,Sep 2033,86,3.117
2026-06-02,NGV33,2033-10-01,Oct 2033,87,3.192
2026-06-02,NGX33,2033-11-01,Nov 2033,88,3.432
2026-06-02,NGZ33,2033-12-01,Dec 2033,89,3.862
2026-06-02,NGF34,2034-01-01,Jan 2034,90,4.142
2026-06-02,NGG34,2034-02-01,Feb 2034,91,3.837
2026-06-02,NGH34,2034-03-01,Mar 2034,92,3.227
2026-06-02,NGJ34,2034-04-01,Apr 2034,93,2.807
2026-06-02,NGK34,2034-05-01,May 2034,94,2.797
2026-06-02,NGM34,2034-06-01,Jun 2034,95,2.947
2026-06-02,NGN34,2034-07-01,Jul 2034,96,3.127
2026-06-02,NGQ34,2034-08-01,Aug 2034,97,3.187
2026-06-02,NGU34,2034-09-01,Sep 2034,98,3.202
2026-06-02,NGV34,2034-10-01,Oct 2034,99,3.248
2026-06-02,NGX34,2034-11-01,Nov 2034,100,3.488
2026-06-02,NGZ34,2034-12-01,Dec 2034,101,3.888
2026-06-02,NGF35,2035-01-01,Jan 2035,102,4.113
2026-06-02,NGG35,2035-02-01,Feb 2035,103,3.873
2026-06-02,NGH35,2035-03-01,Mar 2035,104,3.443
2026-06-02,NGJ35,2035-04-01,Apr 2035,105,3.053
2026-06-02,NGK35,2035-05-01,May 2035,106,3.031
2026-06-02,NGM35,2035-06-01,Jun 2035,107,3.066
2026-06-02,NGN35,2035-07-01,Jul 2035,108,3.106
2026-06-02,NGQ35,2035-08-01,Aug 2035,109,3.146
2026-06-02,NGU35,2035-09-01,Sep 2035,110,3.161
2026-06-02,NGV35,2035-10-01,Oct 2035,111,3.207
2026-06-02,NGX35,2035-11-01,Nov 2035,112,3.407
2026-06-02,NGZ35,2035-12-01,Dec 2035,113,3.717
2026-06-02,NGF36,2036-01-01,Jan 2036,114,3.987
2026-06-02,NGG36,2036-02-01,Feb 2036,115,3.817
2026-06-02,NGH36,2036-03-01,Mar 2036,116,3.547
2026-06-02,NGJ36,2036-04-01,Apr 2036,117,3.217
2026-06-02,NGK36,2036-05-01,May 2036,118,3.195
2026-06-02,NGM36,2036-06-01,Jun 2036,119,3.235
2026-06-02,NGN36,2036-07-01,Jul 2036,120,3.275
2026-06-02,NGQ36,2036-08-01,Aug 2036,121,3.315
2026-06-02,NGU36,2036-09-01,Sep 2036,122,3.33
2026-06-02,NGV36,2036-10-01,Oct 2036,123,3.376
2026-06-02,NGX36,2036-11-01,Nov 2036,124,3.526
2026-06-02,NGZ36,2036-12-01,Dec 2036,125,3.801
2026-06-02,NGF37,2037-01-01,Jan 2037,126,4.026
2026-06-02,NGG37,2037-02-01,Feb 2037,127,3.876
2026-06-02,NGH37,2037-03-01,Mar 2037,128,3.676
2026-06-02,NGJ37,2037-04-01,Apr 2037,129,3.346
2026-06-02,NGK37,2037-05-01,May 2037,130,3.324
2026-06-02,NGM37,2037-06-01,Jun 2037,131,3.359
2026-06-02,NGN37,2037-07-01,Jul 2037,132,3.399
2026-06-02,NGQ37,2037-08-01,Aug 2037,133,3.439
2026-06-02,NGU37,2037-09-01,Sep 2037,134,3.454
2026-06-02,NGV37,2037-10-01,Oct 2037,135,3.5
2026-06-02,NGX37,2037-11-01,Nov 2037,136,3.625
2026-06-02,NGZ37,2037-12-01,Dec 2037,137,3.85
2026-06-02,NGF38,2038-01-01,Jan 2038,138,4.115
2026-06-03,NGN26,2026-07-01,Jul 2026,0,3.229
2026-06-03,NGQ26,2026-08-01,Aug 2026,1,3.261
2026-06-03,NGU26,2026-09-01,Sep 2026,2,3.227
2026-06-03,NGV26,2026-10-01,Oct 2026,3,3.278
2026-06-03,NGX26,2026-11-01,Nov 2026,4,3.514
2026-06-03,NGZ26,2026-12-01,Dec 2026,5,4.116
2026-06-03,NGF27,2027-01-01,Jan 2027,6,4.513
2026-06-03,NGG27,2027-02-01,Feb 2027,7,4.079
2026-06-03,NGH27,2027-03-01,Mar 2027,8,3.246
2026-06-03,NGJ27,2027-04-01,Apr 2027,9,2.998
2026-06-03,NGK27,2027-05-01,May 2027,10,2.959
2026-06-03,NGM27,2027-06-01,Jun 2027,11,3.088
2026-06-03,NGN27,2027-07-01,Jul 2027,12,3.293
2026-06-03,NGQ27,2027-08-01,Aug 2027,13,3.348
2026-06-03,NGU27,2027-09-01,Sep 2027,14,3.327
2026-06-03,NGV27,2027-10-01,Oct 2027,15,3.412
2026-06-03,NGX27,2027-11-01,Nov 2027,16,3.674
2026-06-03,NGZ27,2027-12-01,Dec 2027,17,4.331
2026-06-03,NGF28,2028-01-01,Jan 2028,18,4.757
2026-06-03,NGG28,2028-02-01,Feb 2028,19,4.274
2026-06-03,NGH28,2028-03-01,Mar 2028,20,3.492
2026-06-03,NGJ28,2028-04-01,Apr 2028,21,3.19
2026-06-03,NGK28,2028-05-01,May 2028,22,3.161
2026-06-03,NGM28,2028-06-01,Jun 2028,23,3.301
2026-06-03,NGN28,2028-07-01,Jul 2028,24,3.506
2026-06-03,NGQ28,2028-08-01,Aug 2028,25,3.565
2026-06-03,NGU28,2028-09-01,Sep 2028,26,3.545
2026-06-03,NGV28,2028-10-01,Oct 2028,27,3.606
2026-06-03,NGX28,2028-11-01,Nov 2028,28,3.837
2026-06-03,NGZ28,2028-12-01,Dec 2028,29,4.418
2026-06-03,NGF29,2029-01-01,Jan 2029,30,4.8
2026-06-03,NGG29,2029-02-01,Feb 2029,31,4.326
2026-06-03,NGH29,2029-03-01,Mar 2029,32,3.48
2026-06-03,NGJ29,2029-04-01,Apr 2029,33,3.155
2026-06-03,NGK29,2029-05-01,May 2029,34,3.13
2026-06-03,NGM29,2029-06-01,Jun 2029,35,3.248
2026-06-03,NGN29,2029-07-01,Jul 2029,36,3.458
2026-06-03,NGQ29,2029-08-01,Aug 2029,37,3.528
2026-06-03,NGU29,2029-09-01,Sep 2029,38,3.513
2026-06-03,NGV29,2029-10-01,Oct 2029,39,3.589
2026-06-03,NGX29,2029-11-01,Nov 2029,40,3.773
2026-06-03,NGZ29,2029-12-01,Dec 2029,41,4.36
2026-06-03,NGF30,2030-01-01,Jan 2030,42,4.76
2026-06-03,NGG30,2030-02-01,Feb 2030,43,4.283
2026-06-03,NGH30,2030-03-01,Mar 2030,44,3.504
2026-06-03,NGJ30,2030-04-01,Apr 2030,45,3.074
2026-06-03,NGK30,2030-05-01,May 2030,46,3.032
2026-06-03,NGM30,2030-06-01,Jun 2030,47,3.156
2026-06-03,NGN30,2030-07-01,Jul 2030,48,3.384
2026-06-03,NGQ30,2030-08-01,Aug 2030,49,3.42
2026-06-03,NGU30,2030-09-01,Sep 2030,50,3.386
2026-06-03,NGV30,2030-10-01,Oct 2030,51,3.466
2026-06-03,NGX30,2030-11-01,Nov 2030,52,3.661
2026-06-03,NGZ30,2030-12-01,Dec 2030,53,4.189
2026-06-03,NGF31,2031-01-01,Jan 2031,54,4.562
2026-06-03,NGG31,2031-02-01,Feb 2031,55,4.09
2026-06-03,NGH31,2031-03-01,Mar 2031,56,3.375
2026-06-03,NGJ31,2031-04-01,Apr 2031,57,2.952
2026-06-03,NGK31,2031-05-01,May 2031,58,2.916
2026-06-03,NGM31,2031-06-01,Jun 2031,59,3.049
2026-06-03,NGN31,2031-07-01,Jul 2031,60,3.256
2026-06-03,NGQ31,2031-08-01,Aug 2031,61,3.31
2026-06-03,NGU31,2031-09-01,Sep 2031,62,3.253
2026-06-03,NGV31,2031-10-01,Oct 2031,63,3.366
2026-06-03,NGX31,2031-11-01,Nov 2031,64,3.603
2026-06-03,NGZ31,2031-12-01,Dec 2031,65,4.187
2026-06-03,NGF32,2032-01-01,Jan 2032,66,4.515
2026-06-03,NGG32,2032-02-01,Feb 2032,67,4.042
2026-06-03,NGH32,2032-03-01,Mar 2032,68,3.325
2026-06-03,NGJ32,2032-04-01,Apr 2032,69,2.86
2026-06-03,NGK32,2032-05-01,May 2032,70,2.822
2026-06-03,NGM32,2032-06-01,Jun 2032,71,2.957
2026-06-03,NGN32,2032-07-01,Jul 2032,72,3.152
2026-06-03,NGQ32,2032-08-01,Aug 2032,73,3.193
2026-06-03,NGU32,2032-09-01,Sep 2032,74,3.168
2026-06-03,NGV32,2032-10-01,Oct 2032,75,3.233
2026-06-03,NGX32,2032-11-01,Nov 2032,76,3.452
2026-06-03,NGZ32,2032-12-01,Dec 2032,77,3.947
2026-06-03,NGF33,2033-01-01,Jan 2033,78,4.235
2026-06-03,NGG33,2033-02-01,Feb 2033,79,3.781
2026-06-03,NGH33,2033-03-01,Mar 2033,80,3.102
2026-06-03,NGJ33,2033-04-01,Apr 2033,81,2.727
2026-06-03,NGK33,2033-05-01,May 2033,82,2.718
2026-06-03,NGM33,2033-06-01,Jun 2033,83,2.868
2026-06-03,NGN33,2033-07-01,Jul 2033,84,3.068
2026-06-03,NGQ33,2033-08-01,Aug 2033,85,3.138
2026-06-03,NGU33,2033-09-01,Sep 2033,86,3.113
2026-06-03,NGV33,2033-10-01,Oct 2033,87,3.188
2026-06-03,NGX33,2033-11-01,Nov 2033,88,3.428
2026-06-03,NGZ33,2033-12-01,Dec 2033,89,3.858
2026-06-03,NGF34,2034-01-01,Jan 2034,90,4.138
2026-06-03,NGG34,2034-02-01,Feb 2034,91,3.833
2026-06-03,NGH34,2034-03-01,Mar 2034,92,3.223
2026-06-03,NGJ34,2034-04-01,Apr 2034,93,2.803
2026-06-03,NGK34,2034-05-01,May 2034,94,2.793
2026-06-03,NGM34,2034-06-01,Jun 2034,95,2.943
2026-06-03,NGN34,2034-07-01,Jul 2034,96,3.123
2026-06-03,NGQ34,2034-08-01,Aug 2034,97,3.183
2026-06-03,NGU34,2034-09-01,Sep 2034,98,3.198
2026-06-03,NGV34,2034-10-01,Oct 2034,99,3.244
2026-06-03,NGX34,2034-11-01,Nov 2034,100,3.484
2026-06-03,NGZ34,2034-12-01,Dec 2034,101,3.884
2026-06-03,NGF35,2035-01-01,Jan 2035,102,4.109
2026-06-03,NGG35,2035-02-01,Feb 2035,103,3.869
2026-06-03,NGH35,2035-03-01,Mar 2035,104,3.439
2026-06-03,NGJ35,2035-04-01,Apr 2035,105,3.049
2026-06-03,NGK35,2035-05-01,May 2035,106,3.027
2026-06-03,NGM35,2035-06-01,Jun 2035,107,3.062
2026-06-03,NGN35,2035-07-01,Jul 2035,108,3.102
2026-06-03,NGQ35,2035-08-01,Aug 2035,109,3.142
2026-06-03,NGU35,2035-09-01,Sep 2035,110,3.157
2026-06-03,NGV35,2035-10-01,Oct 2035,111,3.203
2026-06-03,NGX35,2035-11-01,Nov 2035,112,3.403
2026-06-03,NGZ35,2035-12-01,Dec 2035,113,3.713
2026-06-03,NGF36,2036-01-01,Jan 2036,114,3.983
2026-06-03,NGG36,2036-02-01,Feb 2036,115,3.813
2026-06-03,NGH36,2036-03-01,Mar 2036,116,3.543
2026-06-03,NGJ36,2036-04-01,Apr 2036,117,3.213
2026-06-03,NGK36,2036-05-01,May 2036,118,3.191
2026-06-03,NGM36,2036-06-01,Jun 2036,119,3.231
2026-06-03,NGN36,2036-07-01,Jul 2036,120,3.271
2026-06-03,NGQ36,2036-08-01,Aug 2036,121,3.311
2026-06-03,NGU36,2036-09-01,Sep 2036,122,3.326
2026-06-03,NGV36,2036-10-01,Oct 2036,123,3.372
2026-06-03,NGX36,2036-11-01,Nov 2036,124,3.522
2026-06-03,NGZ36,2036-12-01,Dec 2036,125,3.797
2026-06-03,NGF37,2037-01-01,Jan 2037,126,4.022
2026-06-03,NGG37,2037-02-01,Feb 2037,127,3.872
2026-06-03,NGH37,2037-03-01,Mar 2037,128,3.672
2026-06-03,NGJ37,2037-04-01,Apr 2037,129,3.342
2026-06-03,NGK37,2037-05-01,May 2037,130,3.32
2026-06-03,NGM37,2037-06-01,Jun 2037,131,3.355
2026-06-03,NGN37,2037-07-01,Jul 2037,132,3.395
2026-06-03,NGQ37,2037-08-01,Aug 2037,133,3.435
2026-06-03,NGU37,2037-09-01,Sep 2037,134,3.45
2026-06-03,NGV37,2037-10-01,Oct 2037,135,3.496
2026-06-03,NGX37,2037-11-01,Nov 2037,136,3.621
2026-06-03,NGZ37,2037-12-01,Dec 2037,137,3.846
2026-06-03,NGF38,2038-01-01,Jan 2038,138,4.111
2026-06-04,NGN26,2026-07-01,Jul 2026,0,3.351
2026-06-04,NGQ26,2026-08-01,Aug 2026,1,3.385
2026-06-04,NGU26,2026-09-01,Sep 2026,2,3.344
2026-06-04,NGV26,2026-10-01,Oct 2026,3,3.387
2026-06-04,NGX26,2026-11-01,Nov 2026,4,3.596
2026-06-04,NGZ26,2026-12-01,Dec 2026,5,4.178
2026-06-04,NGF27,2027-01-01,Jan 2027,6,4.574
2026-06-04,NGG27,2027-02-01,Feb 2027,7,4.135
2026-06-04,NGH27,2027-03-01,Mar 2027,8,3.301
2026-06-04,NGJ27,2027-04-01,Apr 2027,9,3.041
2026-06-04,NGK27,2027-05-01,May 2027,10,2.995
2026-06-04,NGM27,2027-06-01,Jun 2027,11,3.122
2026-06-04,NGN27,2027-07-01,Jul 2027,12,3.327
2026-06-04,NGQ27,2027-08-01,Aug 2027,13,3.381
2026-06-04,NGU27,2027-09-01,Sep 2027,14,3.359
2026-06-04,NGV27,2027-10-01,Oct 2027,15,3.438
2026-06-04,NGX27,2027-11-01,Nov 2027,16,3.69
2026-06-04,NGZ27,2027-12-01,Dec 2027,17,4.339
2026-06-04,NGF28,2028-01-01,Jan 2028,18,4.77
2026-06-04,NGG28,2028-02-01,Feb 2028,19,4.278
2026-06-04,NGH28,2028-03-01,Mar 2028,20,3.499
2026-06-04,NGJ28,2028-04-01,Apr 2028,21,3.201
2026-06-04,NGK28,2028-05-01,May 2028,22,3.171
2026-06-04,NGM28,2028-06-01,Jun 2028,23,3.314
2026-06-04,NGN28,2028-07-01,Jul 2028,24,3.518
2026-06-04,NGQ28,2028-08-01,Aug 2028,25,3.577
2026-06-04,NGU28,2028-09-01,Sep 2028,26,3.556
2026-06-04,NGV28,2028-10-01,Oct 2028,27,3.623
2026-06-04,NGX28,2028-11-01,Nov 2028,28,3.829
2026-06-04,NGZ28,2028-12-01,Dec 2028,29,4.405
2026-06-04,NGF29,2029-01-01,Jan 2029,30,4.817
2026-06-04,NGG29,2029-02-01,Feb 2029,31,4.329
2026-06-04,NGH29,2029-03-01,Mar 2029,32,3.482
2026-06-04,NGJ29,2029-04-01,Apr 2029,33,3.157
2026-06-04,NGK29,2029-05-01,May 2029,34,3.132
2026-06-04,NGM29,2029-06-01,Jun 2029,35,3.248
2026-06-04,NGN29,2029-07-01,Jul 2029,36,3.464
2026-06-04,NGQ29,2029-08-01,Aug 2029,37,3.534
2026-06-04,NGU29,2029-09-01,Sep 2029,38,3.518
2026-06-04,NGV29,2029-10-01,Oct 2029,39,3.589
2026-06-04,NGX29,2029-11-01,Nov 2029,40,3.768
2026-06-04,NGZ29,2029-12-01,Dec 2029,41,4.352
2026-06-04,NGF30,2030-01-01,Jan 2030,42,4.759
2026-06-04,NGG30,2030-02-01,Feb 2030,43,4.284
2026-06-04,NGH30,2030-03-01,Mar 2030,44,3.506
2026-06-04,NGJ30,2030-04-01,Apr 2030,45,3.072
2026-06-04,NGK30,2030-05-01,May 2030,46,3.031
2026-06-04,NGM30,2030-06-01,Jun 2030,47,3.155
2026-06-04,NGN30,2030-07-01,Jul 2030,48,3.383
2026-06-04,NGQ30,2030-08-01,Aug 2030,49,3.419
2026-06-04,NGU30,2030-09-01,Sep 2030,50,3.386
2026-06-04,NGV30,2030-10-01,Oct 2030,51,3.468
2026-06-04,NGX30,2030-11-01,Nov 2030,52,3.664
2026-06-04,NGZ30,2030-12-01,Dec 2030,53,4.193
2026-06-04,NGF31,2031-01-01,Jan 2031,54,4.566
2026-06-04,NGG31,2031-02-01,Feb 2031,55,4.092
2026-06-04,NGH31,2031-03-01,Mar 2031,56,3.379
2026-06-04,NGJ31,2031-04-01,Apr 2031,57,2.956
2026-06-04,NGK31,2031-05-01,May 2031,58,2.92
2026-06-04,NGM31,2031-06-01,Jun 2031,59,3.053
2026-06-04,NGN31,2031-07-01,Jul 2031,60,3.26
2026-06-04,NGQ31,2031-08-01,Aug 2031,61,3.314
2026-06-04,NGU31,2031-09-01,Sep 2031,62,3.293
2026-06-04,NGV31,2031-10-01,Oct 2031,63,3.371
2026-06-04,NGX31,2031-11-01,Nov 2031,64,3.607
2026-06-04,NGZ31,2031-12-01,Dec 2031,65,4.189
2026-06-04,NGF32,2032-01-01,Jan 2032,66,4.516
2026-06-04,NGG32,2032-02-01,Feb 2032,67,4.051
2026-06-04,NGH32,2032-03-01,Mar 2032,68,3.337
2026-06-04,NGJ32,2032-04-01,Apr 2032,69,2.872
2026-06-04,NGK32,2032-05-01,May 2032,70,2.834
2026-06-04,NGM32,2032-06-01,Jun 2032,71,2.964
2026-06-04,NGN32,2032-07-01,Jul 2032,72,3.147
2026-06-04,NGQ32,2032-08-01,Aug 2032,73,3.198
2026-06-04,NGU32,2032-09-01,Sep 2032,74,3.173
2026-06-04,NGV32,2032-10-01,Oct 2032,75,3.237
2026-06-04,NGX32,2032-11-01,Nov 2032,76,3.453
2026-06-04,NGZ32,2032-12-01,Dec 2032,77,3.949
2026-06-04,NGF33,2033-01-01,Jan 2033,78,4.235
2026-06-04,NGG33,2033-02-01,Feb 2033,79,3.781
2026-06-04,NGH33,2033-03-01,Mar 2033,80,3.102
2026-06-04,NGJ33,2033-04-01,Apr 2033,81,2.727
2026-06-04,NGK33,2033-05-01,May 2033,82,2.718
2026-06-04,NGM33,2033-06-01,Jun 2033,83,2.868
2026-06-04,NGN33,2033-07-01,Jul 2033,84,3.068
2026-06-04,NGQ33,2033-08-01,Aug 2033,85,3.138
2026-06-04,NGU33,2033-09-01,Sep 2033,86,3.113
2026-06-04,NGV33,2033-10-01,Oct 2033,87,3.188
2026-06-04,NGX33,2033-11-01,Nov 2033,88,3.428
2026-06-04,NGZ33,2033-12-01,Dec 2033,89,3.858
2026-06-04,NGF34,2034-01-01,Jan 2034,90,4.138
2026-06-04,NGG34,2034-02-01,Feb 2034,91,3.833
2026-06-04,NGH34,2034-03-01,Mar 2034,92,3.223
2026-06-04,NGJ34,2034-04-01,Apr 2034,93,2.803
2026-06-04,NGK34,2034-05-01,May 2034,94,2.793
2026-06-04,NGM34,2034-06-01,Jun 2034,95,2.943
2026-06-04,NGN34,2034-07-01,Jul 2034,96,3.123
2026-06-04,NGQ34,2034-08-01,Aug 2034,97,3.183
2026-06-04,NGU34,2034-09-01,Sep 2034,98,3.198
2026-06-04,NGV34,2034-10-01,Oct 2034,99,3.244
2026-06-04,NGX34,2034-11-01,Nov 2034,100,3.484
2026-06-04,NGZ34,2034-12-01,Dec 2034,101,3.884
2026-06-04,NGF35,2035-01-01,Jan 2035,102,4.109
2026-06-04,NGG35,2035-02-01,Feb 2035,103,3.869
2026-06-04,NGH35,2035-03-01,Mar 2035,104,3.439
2026-06-04,NGJ35,2035-04-01,Apr 2035,105,3.049
2026-06-04,NGK35,2035-05-01,May 2035,106,3.027
2026-06-04,NGM35,2035-06-01,Jun 2035,107,3.062
2026-06-04,NGN35,2035-07-01,Jul 2035,108,3.102
2026-06-04,NGQ35,2035-08-01,Aug 2035,109,3.142
2026-06-04,NGU35,2035-09-01,Sep 2035,110,3.157
2026-06-04,NGV35,2035-10-01,Oct 2035,111,3.203
2026-06-04,NGX35,2035-11-01,Nov 2035,112,3.403
2026-06-04,NGZ35,2035-12-01,Dec 2035,113,3.713
2026-06-04,NGF36,2036-01-01,Jan 2036,114,3.983
2026-06-04,NGG36,2036-02-01,Feb 2036,115,3.813
2026-06-04,NGH36,2036-03-01,Mar 2036,116,3.543
2026-06-04,NGJ36,2036-04-01,Apr 2036,117,3.213
2026-06-04,NGK36,2036-05-01,May 2036,118,3.191
2026-06-04,NGM36,2036-06-01,Jun 2036,119,3.231
2026-06-04,NGN36,2036-07-01,Jul 2036,120,3.271
2026-06-04,NGQ36,2036-08-01,Aug 2036,121,3.311
2026-06-04,NGU36,2036-09-01,Sep 2036,122,3.326
2026-06-04,NGV36,2036-10-01,Oct 2036,123,3.372
2026-06-04,NGX36,2036-11-01,Nov 2036,124,3.522
2026-06-04,NGZ36,2036-12-01,Dec 2036,125,3.797
2026-06-04,NGF37,2037-01-01,Jan 2037,126,4.022
2026-06-04,NGG37,2037-02-01,Feb 2037,127,3.872
2026-06-04,NGH37,2037-03-01,Mar 2037,128,3.672
2026-06-04,NGJ37,2037-04-01,Apr 2037,129,3.342
2026-06-04,NGK37,2037-05-01,May 2037,130,3.32
2026-06-04,NGM37,2037-06-01,Jun 2037,131,3.355
2026-06-04,NGN37,2037-07-01,Jul 2037,132,3.395
2026-06-04,NGQ37,2037-08-01,Aug 2037,133,3.435
2026-06-04,NGU37,2037-09-01,Sep 2037,134,3.45
2026-06-04,NGV37,2037-10-01,Oct 2037,135,3.496
2026-06-04,NGX37,2037-11-01,Nov 2037,136,3.621
2026-06-04,NGZ37,2037-12-01,Dec 2037,137,3.846
2026-06-04,NGF38,2038-01-01,Jan 2038,138,4.111
2026-06-05,NGN26,2026-07-01,Jul 2026,0,3.221
2026-06-05,NGQ26,2026-08-01,Aug 2026,1,3.261
2026-06-05,NGU26,2026-09-01,Sep 2026,2,3.232
2026-06-05,NGV26,2026-10-01,Oct 2026,3,3.275
2026-06-05,NGX26,2026-11-01,Nov 2026,4,3.49
2026-06-05,NGZ26,2026-12-01,Dec 2026,5,4.085
2026-06-05,NGF27,2027-01-01,Jan 2027,6,4.489
2026-06-05,NGG27,2027-02-01,Feb 2027,7,4.063
2026-06-05,NGH27,2027-03-01,Mar 2027,8,3.248
2026-06-05,NGJ27,2027-04-01,Apr 2027,9,3.001
2026-06-05,NGK27,2027-05-01,May 2027,10,2.966
2026-06-05,NGM27,2027-06-01,Jun 2027,11,3.09
2026-06-05,NGN27,2027-07-01,Jul 2027,12,3.293
2026-06-05,NGQ27,2027-08-01,Aug 2027,13,3.35
2026-06-05,NGU27,2027-09-01,Sep 2027,14,3.329
2026-06-05,NGV27,2027-10-01,Oct 2027,15,3.41
2026-06-05,NGX27,2027-11-01,Nov 2027,16,3.663
2026-06-05,NGZ27,2027-12-01,Dec 2027,17,4.321
2026-06-05,NGF28,2028-01-01,Jan 2028,18,4.753
2026-06-05,NGG28,2028-02-01,Feb 2028,19,4.265
2026-06-05,NGH28,2028-03-01,Mar 2028,20,3.489
2026-06-05,NGJ28,2028-04-01,Apr 2028,21,3.201
2026-06-05,NGK28,2028-05-01,May 2028,22,3.178
2026-06-05,NGM28,2028-06-01,Jun 2028,23,3.31
2026-06-05,NGN28,2028-07-01,Jul 2028,24,3.519
2026-06-05,NGQ28,2028-08-01,Aug 2028,25,3.575
2026-06-05,NGU28,2028-09-01,Sep 2028,26,3.554
2026-06-05,NGV28,2028-10-01,Oct 2028,27,3.62
2026-06-05,NGX28,2028-11-01,Nov 2028,28,3.834
2026-06-05,NGZ28,2028-12-01,Dec 2028,29,4.406
2026-06-05,NGF29,2029-01-01,Jan 2029,30,4.814
2026-06-05,NGG29,2029-02-01,Feb 2029,31,4.321
2026-06-05,NGH29,2029-03-01,Mar 2029,32,3.474
2026-06-05,NGJ29,2029-04-01,Apr 2029,33,3.157
2026-06-05,NGK29,2029-05-01,May 2029,34,3.132
2026-06-05,NGM29,2029-06-01,Jun 2029,35,3.248
2026-06-05,NGN29,2029-07-01,Jul 2029,36,3.464
2026-06-05,NGQ29,2029-08-01,Aug 2029,37,3.534
2026-06-05,NGU29,2029-09-01,Sep 2029,38,3.518
2026-06-05,NGV29,2029-10-01,Oct 2029,39,3.585
2026-06-05,NGX29,2029-11-01,Nov 2029,40,3.765
2026-06-05,NGZ29,2029-12-01,Dec 2029,41,4.35
2026-06-05,NGF30,2030-01-01,Jan 2030,42,4.752
2026-06-05,NGG30,2030-02-01,Feb 2030,43,4.279
2026-06-05,NGH30,2030-03-01,Mar 2030,44,3.498
2026-06-05,NGJ30,2030-04-01,Apr 2030,45,3.066
2026-06-05,NGK30,2030-05-01,May 2030,46,3.028
2026-06-05,NGM30,2030-06-01,Jun 2030,47,3.156
2026-06-05,NGN30,2030-07-01,Jul 2030,48,3.388
2026-06-05,NGQ30,2030-08-01,Aug 2030,49,3.424
2026-06-05,NGU30,2030-09-01,Sep 2030,50,3.39
2026-06-05,NGV30,2030-10-01,Oct 2030,51,3.465
2026-06-05,NGX30,2030-11-01,Nov 2030,52,3.668
2026-06-05,NGZ30,2030-12-01,Dec 2030,53,4.199
2026-06-05,NGF31,2031-01-01,Jan 2031,54,4.572
2026-06-05,NGG31,2031-02-01,Feb 2031,55,4.099
2026-06-05,NGH31,2031-03-01,Mar 2031,56,3.387
2026-06-05,NGJ31,2031-04-01,Apr 2031,57,2.964
2026-06-05,NGK31,2031-05-01,May 2031,58,2.927
2026-06-05,NGM31,2031-06-01,Jun 2031,59,3.058
2026-06-05,NGN31,2031-07-01,Jul 2031,60,3.265
2026-06-05,NGQ31,2031-08-01,Aug 2031,61,3.32
2026-06-05,NGU31,2031-09-01,Sep 2031,62,3.299
2026-06-05,NGV31,2031-10-01,Oct 2031,63,3.377
2026-06-05,NGX31,2031-11-01,Nov 2031,64,3.614
2026-06-05,NGZ31,2031-12-01,Dec 2031,65,4.197
2026-06-05,NGF32,2032-01-01,Jan 2032,66,4.525
2026-06-05,NGG32,2032-02-01,Feb 2032,67,4.05
2026-06-05,NGH32,2032-03-01,Mar 2032,68,3.33
2026-06-05,NGJ32,2032-04-01,Apr 2032,69,2.87
2026-06-05,NGK32,2032-05-01,May 2032,70,2.832
2026-06-05,NGM32,2032-06-01,Jun 2032,71,2.961
2026-06-05,NGN32,2032-07-01,Jul 2032,72,3.143
2026-06-05,NGQ32,2032-08-01,Aug 2032,73,3.193
2026-06-05,NGU32,2032-09-01,Sep 2032,74,3.167
2026-06-05,NGV32,2032-10-01,Oct 2032,75,3.23
2026-06-05,NGX32,2032-11-01,Nov 2032,76,3.446
2026-06-05,NGZ32,2032-12-01,Dec 2032,77,3.952
2026-06-05,NGF33,2033-01-01,Jan 2033,78,4.237
2026-06-05,NGG33,2033-02-01,Feb 2033,79,3.782
2026-06-05,NGH33,2033-03-01,Mar 2033,80,3.103
2026-06-05,NGJ33,2033-04-01,Apr 2033,81,2.733
2026-06-05,NGK33,2033-05-01,May 2033,82,2.713
2026-06-05,NGM33,2033-06-01,Jun 2033,83,2.856
2026-06-05,NGN33,2033-07-01,Jul 2033,84,3.048
2026-06-05,NGQ33,2033-08-01,Aug 2033,85,3.118
2026-06-05,NGU33,2033-09-01,Sep 2033,86,3.093
2026-06-05,NGV33,2033-10-01,Oct 2033,87,3.168
2026-06-05,NGX33,2033-11-01,Nov 2033,88,3.408
2026-06-05,NGZ33,2033-12-01,Dec 2033,89,3.838
2026-06-05,NGF34,2034-01-01,Jan 2034,90,4.118
2026-06-05,NGG34,2034-02-01,Feb 2034,91,3.813
2026-06-05,NGH34,2034-03-01,Mar 2034,92,3.203
2026-06-05,NGJ34,2034-04-01,Apr 2034,93,2.783
2026-06-05,NGK34,2034-05-01,May 2034,94,2.773
2026-06-05,NGM34,2034-06-01,Jun 2034,95,2.923
2026-06-05,NGN34,2034-07-01,Jul 2034,96,3.103
2026-06-05,NGQ34,2034-08-01,Aug 2034,97,3.163
2026-06-05,NGU34,2034-09-01,Sep 2034,98,3.178
2026-06-05,NGV34,2034-10-01,Oct 2034,99,3.224
2026-06-05,NGX34,2034-11-01,Nov 2034,100,3.464
2026-06-05,NGZ34,2034-12-01,Dec 2034,101,3.864
2026-06-05,NGF35,2035-01-01,Jan 2035,102,4.089
2026-06-05,NGG35,2035-02-01,Feb 2035,103,3.849
2026-06-05,NGH35,2035-03-01,Mar 2035,104,3.419
2026-06-05,NGJ35,2035-04-01,Apr 2035,105,3.029
2026-06-05,NGK35,2035-05-01,May 2035,106,3.007
2026-06-05,NGM35,2035-06-01,Jun 2035,107,3.042
2026-06-05,NGN35,2035-07-01,Jul 2035,108,3.082
2026-06-05,NGQ35,2035-08-01,Aug 2035,109,3.122
2026-06-05,NGU35,2035-09-01,Sep 2035,110,3.137
2026-06-05,NGV35,2035-10-01,Oct 2035,111,3.183
2026-06-05,NGX35,2035-11-01,Nov 2035,112,3.383
2026-06-05,NGZ35,2035-12-01,Dec 2035,113,3.693
2026-06-05,NGF36,2036-01-01,Jan 2036,114,3.963
2026-06-05,NGG36,2036-02-01,Feb 2036,115,3.793
2026-06-05,NGH36,2036-03-01,Mar 2036,116,3.523
2026-06-05,NGJ36,2036-04-01,Apr 2036,117,3.193
2026-06-05,NGK36,2036-05-01,May 2036,118,3.171
2026-06-05,NGM36,2036-06-01,Jun 2036,119,3.211
2026-06-05,NGN36,2036-07-01,Jul 2036,120,3.251
2026-06-05,NGQ36,2036-08-01,Aug 2036,121,3.291
2026-06-05,NGU36,2036-09-01,Sep 2036,122,3.306
2026-06-05,NGV36,2036-10-01,Oct 2036,123,3.352
2026-06-05,NGX36,2036-11-01,Nov 2036,124,3.502
2026-06-05,NGZ36,2036-12-01,Dec 2036,125,3.777
2026-06-05,NGF37,2037-01-01,Jan 2037,126,4.002
2026-06-05,NGG37,2037-02-01,Feb 2037,127,3.852
2026-06-05,NGH37,2037-03-01,Mar 2037,128,3.652
2026-06-05,NGJ37,2037-04-01,Apr 2037,129,3.322
2026-06-05,NGK37,2037-05-01,May 2037,130,3.3
2026-06-05,NGM37,2037-06-01,Jun 2037,131,3.335
2026-06-05,NGN37,2037-07-01,Jul 2037,132,3.375
2026-06-05,NGQ37,2037-08-01,Aug 2037,133,3.415
2026-06-05,NGU37,2037-09-01,Sep 2037,134,3.43
2026-06-05,NGV37,2037-10-01,Oct 2037,135,3.476
2026-06-05,NGX37,2037-11-01,Nov 2037,136,3.601
2026-06-05,NGZ37,2037-12-01,Dec 2037,137,3.826
2026-06-05,NGF38,2038-01-01,Jan 2038,138,4.091
2026-06-06,NGN26,2026-07-01,Jul 2026,0,3.229
2026-06-06,NGQ26,2026-08-01,Aug 2026,1,3.27
2026-06-06,NGU26,2026-09-01,Sep 2026,2,3.244
2026-06-06,NGV26,2026-10-01,Oct 2026,3,3.285
2026-06-06,NGX26,2026-11-01,Nov 2026,4,3.499
2026-06-06,NGZ26,2026-12-01,Dec 2026,5,4.097
2026-06-06,NGF27,2027-01-01,Jan 2027,6,4.497
2026-06-06,NGG27,2027-02-01,Feb 2027,7,4.07
2026-06-06,NGH27,2027-03-01,Mar 2027,8,3.257
2026-06-06,NGJ27,2027-04-01,Apr 2027,9,3.009
2026-06-06,NGK27,2027-05-01,May 2027,10,2.971
2026-06-06,NGM27,2027-06-01,Jun 2027,11,3.095
2026-06-06,NGN27,2027-07-01,Jul 2027,12,3.3
2026-06-06,NGQ27,2027-08-01,Aug 2027,13,3.359
2026-06-06,NGU27,2027-09-01,Sep 2027,14,3.339
2026-06-06,NGV27,2027-10-01,Oct 2027,15,3.416
2026-06-06,NGX27,2027-11-01,Nov 2027,16,3.669
2026-06-06,NGZ27,2027-12-01,Dec 2027,17,4.326
2026-06-06,NGF28,2028-01-01,Jan 2028,18,4.758
2026-06-06,NGG28,2028-02-01,Feb 2028,19,4.271
2026-06-06,NGH28,2028-03-01,Mar 2028,20,3.493
2026-06-06,NGJ28,2028-04-01,Apr 2028,21,3.197
2026-06-06,NGK28,2028-05-01,May 2028,22,3.174
2026-06-06,NGM28,2028-06-01,Jun 2028,23,3.312
2026-06-06,NGN28,2028-07-01,Jul 2028,24,3.517
2026-06-06,NGQ28,2028-08-01,Aug 2028,25,3.576
2026-06-06,NGU28,2028-09-01,Sep 2028,26,3.554
2026-06-06,NGV28,2028-10-01,Oct 2028,27,3.62
2026-06-06,NGX28,2028-11-01,Nov 2028,28,3.829
2026-06-06,NGZ28,2028-12-01,Dec 2028,29,4.41
2026-06-06,NGF29,2029-01-01,Jan 2029,30,4.814
2026-06-06,NGG29,2029-02-01,Feb 2029,31,4.321
2026-06-06,NGH29,2029-03-01,Mar 2029,32,3.474
2026-06-06,NGJ29,2029-04-01,Apr 2029,33,3.145
2026-06-06,NGK29,2029-05-01,May 2029,34,3.121
2026-06-06,NGM29,2029-06-01,Jun 2029,35,3.237
2026-06-06,NGN29,2029-07-01,Jul 2029,36,3.453
2026-06-06,NGQ29,2029-08-01,Aug 2029,37,3.523
2026-06-06,NGU29,2029-09-01,Sep 2029,38,3.508
2026-06-06,NGV29,2029-10-01,Oct 2029,39,3.579
2026-06-06,NGX29,2029-11-01,Nov 2029,40,3.759
2026-06-06,NGZ29,2029-12-01,Dec 2029,41,4.343
2026-06-06,NGF30,2030-01-01,Jan 2030,42,4.752
2026-06-06,NGG30,2030-02-01,Feb 2030,43,4.279
2026-06-06,NGH30,2030-03-01,Mar 2030,44,3.498
2026-06-06,NGJ30,2030-04-01,Apr 2030,45,3.066
2026-06-06,NGK30,2030-05-01,May 2030,46,3.028
2026-06-06,NGM30,2030-06-01,Jun 2030,47,3.156
2026-06-06,NGN30,2030-07-01,Jul 2030,48,3.388
2026-06-06,NGQ30,2030-08-01,Aug 2030,49,3.424
2026-06-06,NGU30,2030-09-01,Sep 2030,50,3.39
2026-06-06,NGV30,2030-10-01,Oct 2030,51,3.471
2026-06-06,NGX30,2030-11-01,Nov 2030,52,3.668
2026-06-06,NGZ30,2030-12-01,Dec 2030,53,4.199
2026-06-06,NGF31,2031-01-01,Jan 2031,54,4.572
2026-06-06,NGG31,2031-02-01,Feb 2031,55,4.099
2026-06-06,NGH31,2031-03-01,Mar 2031,56,3.387
2026-06-06,NGJ31,2031-04-01,Apr 2031,57,2.964
2026-06-06,NGK31,2031-05-01,May 2031,58,2.927
2026-06-06,NGM31,2031-06-01,Jun 2031,59,3.058
2026-06-06,NGN31,2031-07-01,Jul 2031,60,3.265
2026-06-06,NGQ31,2031-08-01,Aug 2031,61,3.32
2026-06-06,NGU31,2031-09-01,Sep 2031,62,3.299
2026-06-06,NGV31,2031-10-01,Oct 2031,63,3.377
2026-06-06,NGX31,2031-11-01,Nov 2031,64,3.614
2026-06-06,NGZ31,2031-12-01,Dec 2031,65,4.197
2026-06-06,NGF32,2032-01-01,Jan 2032,66,4.525
2026-06-06,NGG32,2032-02-01,Feb 2032,67,4.054
2026-06-06,NGH32,2032-03-01,Mar 2032,68,3.33
2026-06-06,NGJ32,2032-04-01,Apr 2032,69,2.87
2026-06-06,NGK32,2032-05-01,May 2032,70,2.832
2026-06-06,NGM32,2032-06-01,Jun 2032,71,2.961
2026-06-06,NGN32,2032-07-01,Jul 2032,72,3.143
2026-06-06,NGQ32,2032-08-01,Aug 2032,73,3.193
2026-06-06,NGU32,2032-09-01,Sep 2032,74,3.167
2026-06-06,NGV32,2032-10-01,Oct 2032,75,3.23
2026-06-06,NGX32,2032-11-01,Nov 2032,76,3.446
2026-06-06,NGZ32,2032-12-01,Dec 2032,77,3.952
2026-06-06,NGF33,2033-01-01,Jan 2033,78,4.237
2026-06-06,NGG33,2033-02-01,Feb 2033,79,3.782
2026-06-06,NGH33,2033-03-01,Mar 2033,80,3.103
2026-06-06,NGJ33,2033-04-01,Apr 2033,81,2.733
2026-06-06,NGK33,2033-05-01,May 2033,82,2.713
2026-06-06,NGM33,2033-06-01,Jun 2033,83,2.856
2026-06-06,NGN33,2033-07-01,Jul 2033,84,3.048
2026-06-06,NGQ33,2033-08-01,Aug 2033,85,3.118
2026-06-06,NGU33,2033-09-01,Sep 2033,86,3.093
2026-06-06,NGV33,2033-10-01,Oct 2033,87,3.168
2026-06-06,NGX33,2033-11-01,Nov 2033,88,3.408
2026-06-06,NGZ33,2033-12-01,Dec 2033,89,3.838
2026-06-06,NGF34,2034-01-01,Jan 2034,90,4.118
2026-06-06,NGG34,2034-02-01,Feb 2034,91,3.813
2026-06-06,NGH34,2034-03-01,Mar 2034,92,3.203
2026-06-06,NGJ34,2034-04-01,Apr 2034,93,2.783
2026-06-06,NGK34,2034-05-01,May 2034,94,2.773
2026-06-06,NGM34,2034-06-01,Jun 2034,95,2.923
2026-06-06,NGN34,2034-07-01,Jul 2034,96,3.103
2026-06-06,NGQ34,2034-08-01,Aug 2034,97,3.163
2026-06-06,NGU34,2034-09-01,Sep 2034,98,3.178
2026-06-06,NGV34,2034-10-01,Oct 2034,99,3.224
2026-06-06,NGX34,2034-11-01,Nov 2034,100,3.464
2026-06-06,NGZ34,2034-12-01,Dec 2034,101,3.864
2026-06-06,NGF35,2035-01-01,Jan 2035,102,4.089
2026-06-06,NGG35,2035-02-01,Feb 2035,103,3.849
2026-06-06,NGH35,2035-03-01,Mar 2035,104,3.419
2026-06-06,NGJ35,2035-04-01,Apr 2035,105,3.029
2026-06-06,NGK35,2035-05-01,May 2035,106,3.007
2026-06-06,NGM35,2035-06-01,Jun 2035,107,3.042
2026-06-06,NGN35,2035-07-01,Jul 2035,108,3.082
2026-06-06,NGQ35,2035-08-01,Aug 2035,109,3.122
2026-06-06,NGU35,2035-09-01,Sep 2035,110,3.137
2026-06-06,NGV35,2035-10-01,Oct 2035,111,3.183
2026-06-06,NGX35,2035-11-01,Nov 2035,112,3.383
2026-06-06,NGZ35,2035-12-01,Dec 2035,113,3.693
2026-06-06,NGF36,2036-01-01,Jan 2036,114,3.963
2026-06-06,NGG36,2036-02-01,Feb 2036,115,3.793
2026-06-06,NGH36,2036-03-01,Mar 2036,116,3.523
2026-06-06,NGJ36,2036-04-01,Apr 2036,117,3.193
2026-06-06,NGK36,2036-05-01,May 2036,118,3.171
2026-06-06,NGM36,2036-06-01,Jun 2036,119,3.211
2026-06-06,NGN36,2036-07-01,Jul 2036,120,3.251
2026-06-06,NGQ36,2036-08-01,Aug 2036,121,3.291
2026-06-06,NGU36,2036-09-01,Sep 2036,122,3.306
2026-06-06,NGV36,2036-10-01,Oct 2036,123,3.352
2026-06-06,NGX36,2036-11-01,Nov 2036,124,3.502
2026-06-06,NGZ36,2036-12-01,Dec 2036,125,3.777
2026-06-06,NGF37,2037-01-01,Jan 2037,126,4.002
2026-06-06,NGG37,2037-02-01,Feb 2037,127,3.852
2026-06-06,NGH37,2037-03-01,Mar 2037,128,3.652
2026-06-06,NGJ37,2037-04-01,Apr 2037,129,3.322
2026-06-06,NGK37,2037-05-01,May 2037,130,3.3
2026-06-06,NGM37,2037-06-01,Jun 2037,131,3.335
2026-06-06,NGN37,2037-07-01,Jul 2037,132,3.375
2026-06-06,NGQ37,2037-08-01,Aug 2037,133,3.415
2026-06-06,NGU37,2037-09-01,Sep 2037,134,3.43
2026-06-06,NGV37,2037-10-01,Oct 2037,135,3.476
2026-06-06,NGX37,2037-11-01,Nov 2037,136,3.601
2026-06-06,NGZ37,2037-12-01,Dec 2037,137,3.826
2026-06-06,NGF38,2038-01-01,Jan 2038,138,4.091
2026-06-07,NGN26,2026-07-01,Jul 2026,0,3.229
2026-06-07,NGQ26,2026-08-01,Aug 2026,1,3.27
2026-06-07,NGU26,2026-09-01,Sep 2026,2,3.244
2026-06-07,NGV26,2026-10-01,Oct 2026,3,3.285
2026-06-07,NGX26,2026-11-01,Nov 2026,4,3.499
2026-06-07,NGZ26,2026-12-01,Dec 2026,5,4.097
2026-06-07,NGF27,2027-01-01,Jan 2027,6,4.497
2026-06-07,NGG27,2027-02-01,Feb 2027,7,4.07
2026-06-07,NGH27,2027-03-01,Mar 2027,8,3.257
2026-06-07,NGJ27,2027-04-01,Apr 2027,9,3.009
2026-06-07,NGK27,2027-05-01,May 2027,10,2.971
2026-06-07,NGM27,2027-06-01,Jun 2027,11,3.095
2026-06-07,NGN27,2027-07-01,Jul 2027,12,3.3
2026-06-07,NGQ27,2027-08-01,Aug 2027,13,3.359
2026-06-07,NGU27,2027-09-01,Sep 2027,14,3.339
2026-06-07,NGV27,2027-10-01,Oct 2027,15,3.416
2026-06-07,NGX27,2027-11-01,Nov 2027,16,3.669
2026-06-07,NGZ27,2027-12-01,Dec 2027,17,4.326
2026-06-07,NGF28,2028-01-01,Jan 2028,18,4.758
2026-06-07,NGG28,2028-02-01,Feb 2028,19,4.271
2026-06-07,NGH28,2028-03-01,Mar 2028,20,3.493
2026-06-07,NGJ28,2028-04-01,Apr 2028,21,3.197
2026-06-07,NGK28,2028-05-01,May 2028,22,3.174
2026-06-07,NGM28,2028-06-01,Jun 2028,23,3.312
2026-06-07,NGN28,2028-07-01,Jul 2028,24,3.517
2026-06-07,NGQ28,2028-08-01,Aug 2028,25,3.576
2026-06-07,NGU28,2028-09-01,Sep 2028,26,3.554
2026-06-07,NGV28,2028-10-01,Oct 2028,27,3.62
2026-06-07,NGX28,2028-11-01,Nov 2028,28,3.829
2026-06-07,NGZ28,2028-12-01,Dec 2028,29,4.41
2026-06-07,NGF29,2029-01-01,Jan 2029,30,4.814
2026-06-07,NGG29,2029-02-01,Feb 2029,31,4.321
2026-06-07,NGH29,2029-03-01,Mar 2029,32,3.474
2026-06-07,NGJ29,2029-04-01,Apr 2029,33,3.145
2026-06-07,NGK29,2029-05-01,May 2029,34,3.121
2026-06-07,NGM29,2029-06-01,Jun 2029,35,3.237
2026-06-07,NGN29,2029-07-01,Jul 2029,36,3.453
2026-06-07,NGQ29,2029-08-01,Aug 2029,37,3.523
2026-06-07,NGU29,2029-09-01,Sep 2029,38,3.508
2026-06-07,NGV29,2029-10-01,Oct 2029,39,3.579
2026-06-07,NGX29,2029-11-01,Nov 2029,40,3.759
2026-06-07,NGZ29,2029-12-01,Dec 2029,41,4.343
2026-06-07,NGF30,2030-01-01,Jan 2030,42,4.752
2026-06-07,NGG30,2030-02-01,Feb 2030,43,4.279
2026-06-07,NGH30,2030-03-01,Mar 2030,44,3.498
2026-06-07,NGJ30,2030-04-01,Apr 2030,45,3.066
2026-06-07,NGK30,2030-05-01,May 2030,46,3.028
2026-06-07,NGM30,2030-06-01,Jun 2030,47,3.156
2026-06-07,NGN30,2030-07-01,Jul 2030,48,3.388
2026-06-07,NGQ30,2030-08-01,Aug 2030,49,3.424
2026-06-07,NGU30,2030-09-01,Sep 2030,50,3.39
2026-06-07,NGV30,2030-10-01,Oct 2030,51,3.471
2026-06-07,NGX30,2030-11-01,Nov 2030,52,3.668
2026-06-07,NGZ30,2030-12-01,Dec 2030,53,4.199
2026-06-07,NGF31,2031-01-01,Jan 2031,54,4.572
2026-06-07,NGG31,2031-02-01,Feb 2031,55,4.099
2026-06-07,NGH31,2031-03-01,Mar 2031,56,3.387
2026-06-07,NGJ31,2031-04-01,Apr 2031,57,2.964
2026-06-07,NGK31,2031-05-01,May 2031,58,2.927
2026-06-07,NGM31,2031-06-01,Jun 2031,59,3.058
2026-06-07,NGN31,2031-07-01,Jul 2031,60,3.265
2026-06-07,NGQ31,2031-08-01,Aug 2031,61,3.32
2026-06-07,NGU31,2031-09-01,Sep 2031,62,3.299
2026-06-07,NGV31,2031-10-01,Oct 2031,63,3.377
2026-06-07,NGX31,2031-11-01,Nov 2031,64,3.614
2026-06-07,NGZ31,2031-12-01,Dec 2031,65,4.197
2026-06-07,NGF32,2032-01-01,Jan 2032,66,4.525
2026-06-07,NGG32,2032-02-01,Feb 2032,67,4.054
2026-06-07,NGH32,2032-03-01,Mar 2032,68,3.33
2026-06-07,NGJ32,2032-04-01,Apr 2032,69,2.87
2026-06-07,NGK32,2032-05-01,May 2032,70,2.832
2026-06-07,NGM32,2032-06-01,Jun 2032,71,2.961
2026-06-07,NGN32,2032-07-01,Jul 2032,72,3.143
2026-06-07,NGQ32,2032-08-01,Aug 2032,73,3.193
2026-06-07,NGU32,2032-09-01,Sep 2032,74,3.167
2026-06-07,NGV32,2032-10-01,Oct 2032,75,3.23
2026-06-07,NGX32,2032-11-01,Nov 2032,76,3.446
2026-06-07,NGZ32,2032-12-01,Dec 2032,77,3.952
2026-06-07,NGF33,2033-01-01,Jan 2033,78,4.237
2026-06-07,NGG33,2033-02-01,Feb 2033,79,3.782
2026-06-07,NGH33,2033-03-01,Mar 2033,80,3.103
2026-06-07,NGJ33,2033-04-01,Apr 2033,81,2.733
2026-06-07,NGK33,2033-05-01,May 2033,82,2.713
2026-06-07,NGM33,2033-06-01,Jun 2033,83,2.856
2026-06-07,NGN33,2033-07-01,Jul 2033,84,3.048
2026-06-07,NGQ33,2033-08-01,Aug 2033,85,3.118
2026-06-07,NGU33,2033-09-01,Sep 2033,86,3.093
2026-06-07,NGV33,2033-10-01,Oct 2033,87,3.168
2026-06-07,NGX33,2033-11-01,Nov 2033,88,3.408
2026-06-07,NGZ33,2033-12-01,Dec 2033,89,3.838
2026-06-07,NGF34,2034-01-01,Jan 2034,90,4.118
2026-06-07,NGG34,2034-02-01,Feb 2034,91,3.813
2026-06-07,NGH34,2034-03-01,Mar 2034,92,3.203
2026-06-07,NGJ34,2034-04-01,Apr 2034,93,2.783
2026-06-07,NGK34,2034-05-01,May 2034,94,2.773
2026-06-07,NGM34,2034-06-01,Jun 2034,95,2.923
2026-06-07,NGN34,2034-07-01,Jul 2034,96,3.103
2026-06-07,NGQ34,2034-08-01,Aug 2034,97,3.163
2026-06-07,NGU34,2034-09-01,Sep 2034,98,3.178
2026-06-07,NGV34,2034-10-01,Oct 2034,99,3.224
2026-06-07,NGX34,2034-11-01,Nov 2034,100,3.464
2026-06-07,NGZ34,2034-12-01,Dec 2034,101,3.864
2026-06-07,NGF35,2035-01-01,Jan 2035,102,4.089
2026-06-07,NGG35,2035-02-01,Feb 2035,103,3.849
2026-06-07,NGH35,2035-03-01,Mar 2035,104,3.419
2026-06-07,NGJ35,2035-04-01,Apr 2035,105,3.029
2026-06-07,NGK35,2035-05-01,May 2035,106,3.007
2026-06-07,NGM35,2035-06-01,Jun 2035,107,3.042
2026-06-07,NGN35,2035-07-01,Jul 2035,108,3.082
2026-06-07,NGQ35,2035-08-01,Aug 2035,109,3.122
2026-06-07,NGU35,2035-09-01,Sep 2035,110,3.137
2026-06-07,NGV35,2035-10-01,Oct 2035,111,3.183
2026-06-07,NGX35,2035-11-01,Nov 2035,112,3.383
2026-06-07,NGZ35,2035-12-01,Dec 2035,113,3.693
2026-06-07,NGF36,2036-01-01,Jan 2036,114,3.963
2026-06-07,NGG36,2036-02-01,Feb 2036,115,3.793
2026-06-07,NGH36,2036-03-01,Mar 2036,116,3.523
2026-06-07,NGJ36,2036-04-01,Apr 2036,117,3.193
2026-06-07,NGK36,2036-05-01,May 2036,118,3.171
2026-06-07,NGM36,2036-06-01,Jun 2036,119,3.211
2026-06-07,NGN36,2036-07-01,Jul 2036,120,3.251
2026-06-07,NGQ36,2036-08-01,Aug 2036,121,3.291
2026-06-07,NGU36,2036-09-01,Sep 2036,122,3.306
2026-06-07,NGV36,2036-10-01,Oct 2036,123,3.352
2026-06-07,NGX36,2036-11-01,Nov 2036,124,3.502
2026-06-07,NGZ36,2036-12-01,Dec 2036,125,3.777
2026-06-07,NGF37,2037-01-01,Jan 2037,126,4.002
2026-06-07,NGG37,2037-02-01,Feb 2037,127,3.852
2026-06-07,NGH37,2037-03-01,Mar 2037,128,3.652
2026-06-07,NGJ37,2037-04-01,Apr 2037,129,3.322
2026-06-07,NGK37,2037-05-01,May 2037,130,3.3
2026-06-07,NGM37,2037-06-01,Jun 2037,131,3.335
2026-06-07,NGN37,2037-07-01,Jul 2037,132,3.375
2026-06-07,NGQ37,2037-08-01,Aug 2037,133,3.415
2026-06-07,NGU37,2037-09-01,Sep 2037,134,3.43
2026-06-07,NGV37,2037-10-01,Oct 2037,135,3.476
2026-06-07,NGX37,2037-11-01,Nov 2037,136,3.601
2026-06-07,NGZ37,2037-12-01,Dec 2037,137,3.826
2026-06-07,NGF38,2038-01-01,Jan 2038,138,4.091
2026-06-07,NGG38,2038-02-01,Feb 2038,139,3.941
2026-06-07,NGH38,2038-03-01,Mar 2038,140,3.741
2026-06-07,NGJ38,2038-04-01,Apr 2038,141,3.411
2026-06-07,NGK38,2038-05-01,May 2038,142,3.389
2026-06-07,NGM38,2038-06-01,Jun 2038,143,3.469
2026-06-07,NGN38,2038-07-01,Jul 2038,144,3.569
2026-06-07,NGQ38,2038-08-01,Aug 2038,145,3.609
2026-06-07,NGU38,2038-09-01,Sep 2038,146,3.624
2026-06-07,NGV38,2038-10-01,Oct 2038,147,3.67
2026-06-07,NGX38,2038-11-01,Nov 2038,148,3.742
2026-06-07,NGZ38,2038-12-01,Dec 2038,149,3.897
2026-06-08,NGN26,2026-07-01,Jul 2026,0,3.137
2026-06-08,NGQ26,2026-08-01,Aug 2026,1,3.185
2026-06-08,NGU26,2026-09-01,Sep 2026,2,3.164
2026-06-08,NGV26,2026-10-01,Oct 2026,3,3.208
2026-06-08,NGX26,2026-11-01,Nov 2026,4,3.427
2026-06-08,NGZ26,2026-12-01,Dec 2026,5,4.04
2026-06-08,NGF27,2027-01-01,Jan 2027,6,4.45
2026-06-08,NGG27,2027-02-01,Feb 2027,7,4.021
2026-06-08,NGH27,2027-03-01,Mar 2027,8,3.196
2026-06-08,NGJ27,2027-04-01,Apr 2027,9,2.981
2026-06-08,NGK27,2027-05-01,May 2027,10,2.953
2026-06-08,NGM27,2027-06-01,Jun 2027,11,3.088
2026-06-08,NGN27,2027-07-01,Jul 2027,12,3.303
2026-06-08,NGQ27,2027-08-01,Aug 2027,13,3.362
2026-06-08,NGU27,2027-09-01,Sep 2027,14,3.339
2026-06-08,NGV27,2027-10-01,Oct 2027,15,3.421
2026-06-08,NGX27,2027-11-01,Nov 2027,16,3.664
2026-06-08,NGZ27,2027-12-01,Dec 2027,17,4.327
2026-06-08,NGF28,2028-01-01,Jan 2028,18,4.76
2026-06-08,NGG28,2028-02-01,Feb 2028,19,4.26
2026-06-08,NGH28,2028-03-01,Mar 2028,20,3.489
2026-06-08,NGJ28,2028-04-01,Apr 2028,21,3.203
2026-06-08,NGK28,2028-05-01,May 2028,22,3.172
2026-06-08,NGM28,2028-06-01,Jun 2028,23,3.317
2026-06-08,NGN28,2028-07-01,Jul 2028,24,3.514
2026-06-08,NGQ28,2028-08-01,Aug 2028,25,3.587
2026-06-08,NGU28,2028-09-01,Sep 2028,26,3.567
2026-06-08,NGV28,2028-10-01,Oct 2028,27,3.624
2026-06-08,NGX28,2028-11-01,Nov 2028,28,3.846
2026-06-08,NGZ28,2028-12-01,Dec 2028,29,4.438
2026-06-08,NGF29,2029-01-01,Jan 2029,30,4.836
2026-06-08,NGG29,2029-02-01,Feb 2029,31,4.345
2026-06-08,NGH29,2029-03-01,Mar 2029,32,3.485
2026-06-08,NGJ29,2029-04-01,Apr 2029,33,3.163
2026-06-08,NGK29,2029-05-01,May 2029,34,3.137
2026-06-08,NGM29,2029-06-01,Jun 2029,35,3.251
2026-06-08,NGN29,2029-07-01,Jul 2029,36,3.462
2026-06-08,NGQ29,2029-08-01,Aug 2029,37,3.529
2026-06-08,NGU29,2029-09-01,Sep 2029,38,3.515
2026-06-08,NGV29,2029-10-01,Oct 2029,39,3.588
2026-06-08,NGX29,2029-11-01,Nov 2029,40,3.769
2026-06-08,NGZ29,2029-12-01,Dec 2029,41,4.344
2026-06-08,NGF30,2030-01-01,Jan 2030,42,4.757
2026-06-08,NGG30,2030-02-01,Feb 2030,43,4.287
2026-06-08,NGH30,2030-03-01,Mar 2030,44,3.498
2026-06-08,NGJ30,2030-04-01,Apr 2030,45,3.066
2026-06-08,NGK30,2030-05-01,May 2030,46,3.026
2026-06-08,NGM30,2030-06-01,Jun 2030,47,3.154
2026-06-08,NGN30,2030-07-01,Jul 2030,48,3.386
2026-06-08,NGQ30,2030-08-01,Aug 2030,49,3.422
2026-06-08,NGU30,2030-09-01,Sep 2030,50,3.388
2026-06-08,NGV30,2030-10-01,Oct 2030,51,3.468
2026-06-08,NGX30,2030-11-01,Nov 2030,52,3.666
2026-06-08,NGZ30,2030-12-01,Dec 2030,53,4.197
2026-06-08,NGF31,2031-01-01,Jan 2031,54,4.569
2026-06-08,NGG31,2031-02-01,Feb 2031,55,4.095
2026-06-08,NGH31,2031-03-01,Mar 2031,56,3.38
2026-06-08,NGJ31,2031-04-01,Apr 2031,57,2.957
2026-06-08,NGK31,2031-05-01,May 2031,58,2.92
2026-06-08,NGM31,2031-06-01,Jun 2031,59,3.051
2026-06-08,NGN31,2031-07-01,Jul 2031,60,3.258
2026-06-08,NGQ31,2031-08-01,Aug 2031,61,3.314
2026-06-08,NGU31,2031-09-01,Sep 2031,62,3.293
2026-06-08,NGV31,2031-10-01,Oct 2031,63,3.371
2026-06-08,NGX31,2031-11-01,Nov 2031,64,3.608
2026-06-08,NGZ31,2031-12-01,Dec 2031,65,4.191
2026-06-08,NGF32,2032-01-01,Jan 2032,66,4.518
2026-06-08,NGG32,2032-02-01,Feb 2032,67,4.047
2026-06-08,NGH32,2032-03-01,Mar 2032,68,3.321
2026-06-08,NGJ32,2032-04-01,Apr 2032,69,2.861
2026-06-08,NGK32,2032-05-01,May 2032,70,2.823
2026-06-08,NGM32,2032-06-01,Jun 2032,71,2.952
2026-06-08,NGN32,2032-07-01,Jul 2032,72,3.134
2026-06-08,NGQ32,2032-08-01,Aug 2032,73,3.184
2026-06-08,NGU32,2032-09-01,Sep 2032,74,3.157
2026-06-08,NGV32,2032-10-01,Oct 2032,75,3.22
2026-06-08,NGX32,2032-11-01,Nov 2032,76,3.436
2026-06-08,NGZ32,2032-12-01,Dec 2032,77,3.942
2026-06-08,NGF33,2033-01-01,Jan 2033,78,4.226
2026-06-08,NGG33,2033-02-01,Feb 2033,79,3.771
2026-06-08,NGH33,2033-03-01,Mar 2033,80,3.092
2026-06-08,NGJ33,2033-04-01,Apr 2033,81,2.722
2026-06-08,NGK33,2033-05-01,May 2033,82,2.702
2026-06-08,NGM33,2033-06-01,Jun 2033,83,2.845
2026-06-08,NGN33,2033-07-01,Jul 2033,84,3.037
2026-06-08,NGQ33,2033-08-01,Aug 2033,85,3.107
2026-06-08,NGU33,2033-09-01,Sep 2033,86,3.082
2026-06-08,NGV33,2033-10-01,Oct 2033,87,3.157
2026-06-08,NGX33,2033-11-01,Nov 2033,88,3.397
2026-06-08,NGZ33,2033-12-01,Dec 2033,89,3.827
2026-06-08,NGF34,2034-01-01,Jan 2034,90,4.107
2026-06-08,NGG34,2034-02-01,Feb 2034,91,3.802
2026-06-08,NGH34,2034-03-01,Mar 2034,92,3.192
2026-06-08,NGJ34,2034-04-01,Apr 2034,93,2.772
2026-06-08,NGK34,2034-05-01,May 2034,94,2.762
2026-06-08,NGM34,2034-06-01,Jun 2034,95,2.912
2026-06-08,NGN34,2034-07-01,Jul 2034,96,3.092
2026-06-08,NGQ34,2034-08-01,Aug 2034,97,3.152
2026-06-08,NGU34,2034-09-01,Sep 2034,98,3.167
2026-06-08,NGV34,2034-10-01,Oct 2034,99,3.213
2026-06-08,NGX34,2034-11-01,Nov 2034,100,3.453
2026-06-08,NGZ34,2034-12-01,Dec 2034,101,3.853
2026-06-08,NGF35,2035-01-01,Jan 2035,102,4.078
2026-06-08,NGG35,2035-02-01,Feb 2035,103,3.838
2026-06-08,NGH35,2035-03-01,Mar 2035,104,3.408
2026-06-08,NGJ35,2035-04-01,Apr 2035,105,3.018
2026-06-08,NGK35,2035-05-01,May 2035,106,2.996
2026-06-08,NGM35,2035-06-01,Jun 2035,107,3.031
2026-06-08,NGN35,2035-07-01,Jul 2035,108,3.071
2026-06-08,NGQ35,2035-08-01,Aug 2035,109,3.111
2026-06-08,NGU35,2035-09-01,Sep 2035,110,3.126
2026-06-08,NGV35,2035-10-01,Oct 2035,111,3.172
2026-06-08,NGX35,2035-11-01,Nov 2035,112,3.372
2026-06-08,NGZ35,2035-12-01,Dec 2035,113,3.682
2026-06-08,NGF36,2036-01-01,Jan 2036,114,3.952
2026-06-08,NGG36,2036-02-01,Feb 2036,115,3.782
2026-06-08,NGH36,2036-03-01,Mar 2036,116,3.512
2026-06-08,NGJ36,2036-04-01,Apr 2036,117,3.182
2026-06-08,NGK36,2036-05-01,May 2036,118,3.16
2026-06-08,NGM36,2036-06-01,Jun 2036,119,3.2
2026-06-08,NGN36,2036-07-01,Jul 2036,120,3.24
2026-06-08,NGQ36,2036-08-01,Aug 2036,121,3.28
2026-06-08,NGU36,2036-09-01,Sep 2036,122,3.295
2026-06-08,NGV36,2036-10-01,Oct 2036,123,3.341
2026-06-08,NGX36,2036-11-01,Nov 2036,124,3.491
2026-06-08,NGZ36,2036-12-01,Dec 2036,125,3.766
2026-06-08,NGF37,2037-01-01,Jan 2037,126,3.991
2026-06-08,NGG37,2037-02-01,Feb 2037,127,3.841
2026-06-08,NGH37,2037-03-01,Mar 2037,128,3.641
2026-06-08,NGJ37,2037-04-01,Apr 2037,129,3.311
2026-06-08,NGK37,2037-05-01,May 2037,130,3.289
2026-06-08,NGM37,2037-06-01,Jun 2037,131,3.324
2026-06-08,NGN37,2037-07-01,Jul 2037,132,3.364
2026-06-08,NGQ37,2037-08-01,Aug 2037,133,3.404
2026-06-08,NGU37,2037-09-01,Sep 2037,134,3.419
2026-06-08,NGV37,2037-10-01,Oct 2037,135,3.465
2026-06-08,NGX37,2037-11-01,Nov 2037,136,3.59
2026-06-08,NGZ37,2037-12-01,Dec 2037,137,3.815
2026-06-08,NGF38,2038-01-01,Jan 2038,138,4.08
2026-06-08,NGG38,2038-02-01,Feb 2038,139,3.93
2026-06-08,NGH38,2038-03-01,Mar 2038,140,3.73
2026-06-08,NGJ38,2038-04-01,Apr 2038,141,3.4
2026-06-08,NGK38,2038-05-01,May 2038,142,3.378
2026-06-08,NGM38,2038-06-01,Jun 2038,143,3.458
2026-06-08,NGN38,2038-07-01,Jul 2038,144,3.558
2026-06-08,NGQ38,2038-08-01,Aug 2038,145,3.598
2026-06-08,NGU38,2038-09-01,Sep 2038,146,3.613
2026-06-08,NGV38,2038-10-01,Oct 2038,147,3.659
2026-06-08,NGX38,2038-11-01,Nov 2038,148,3.731
2026-06-08,NGZ38,2038-12-01,Dec 2038,149,3.886
2026-06-09,NGN26,2026-07-01,Jul 2026,0,3.137
2026-06-09,NGQ26,2026-08-01,Aug 2026,1,3.18
2026-06-09,NGU26,2026-09-01,Sep 2026,2,3.162
2026-06-09,NGV26,2026-10-01,Oct 2026,3,3.202
2026-06-09,NGX26,2026-11-01,Nov 2026,4,3.408
2026-06-09,NGZ26,2026-12-01,Dec 2026,5,4.018
2026-06-09,NGF27,2027-01-01,Jan 2027,6,4.426
2026-06-09,NGG27,2027-02-01,Feb 2027,7,4.005
2026-06-09,NGH27,2027-03-01,Mar 2027,8,3.2
2026-06-09,NGJ27,2027-04-01,Apr 2027,9,2.981
2026-06-09,NGK27,2027-05-01,May 2027,10,2.951
2026-06-09,NGM27,2027-06-01,Jun 2027,11,3.088
2026-06-09,NGN27,2027-07-01,Jul 2027,12,3.3
2026-06-09,NGQ27,2027-08-01,Aug 2027,13,3.355
2026-06-09,NGU27,2027-09-01,Sep 2027,14,3.333
2026-06-09,NGV27,2027-10-01,Oct 2027,15,3.407
2026-06-09,NGX27,2027-11-01,Nov 2027,16,3.66
2026-06-09,NGZ27,2027-12-01,Dec 2027,17,4.321
2026-06-09,NGF28,2028-01-01,Jan 2028,18,4.74
2026-06-09,NGG28,2028-02-01,Feb 2028,19,4.251
2026-06-09,NGH28,2028-03-01,Mar 2028,20,3.479
2026-06-09,NGJ28,2028-04-01,Apr 2028,21,3.184
2026-06-09,NGK28,2028-05-01,May 2028,22,3.173
2026-06-09,NGM28,2028-06-01,Jun 2028,23,3.321
2026-06-09,NGN28,2028-07-01,Jul 2028,24,3.521
2026-06-09,NGQ28,2028-08-01,Aug 2028,25,3.578
2026-06-09,NGU28,2028-09-01,Sep 2028,26,3.559
2026-06-09,NGV28,2028-10-01,Oct 2028,27,3.62
2026-06-09,NGX28,2028-11-01,Nov 2028,28,3.842
2026-06-09,NGZ28,2028-12-01,Dec 2028,29,4.426
2026-06-09,NGF29,2029-01-01,Jan 2029,30,4.826
2026-06-09,NGG29,2029-02-01,Feb 2029,31,4.336
2026-06-09,NGH29,2029-03-01,Mar 2029,32,3.482
2026-06-09,NGJ29,2029-04-01,Apr 2029,33,3.154
2026-06-09,NGK29,2029-05-01,May 2029,34,3.13
2026-06-09,NGM29,2029-06-01,Jun 2029,35,3.245
2026-06-09,NGN29,2029-07-01,Jul 2029,36,3.462
2026-06-09,NGQ29,2029-08-01,Aug 2029,37,3.523
2026-06-09,NGU29,2029-09-01,Sep 2029,38,3.508
2026-06-09,NGV29,2029-10-01,Oct 2029,39,3.58
2026-06-09,NGX29,2029-11-01,Nov 2029,40,3.763
2026-06-09,NGZ29,2029-12-01,Dec 2029,41,4.339
2026-06-09,NGF30,2030-01-01,Jan 2030,42,4.754
2026-06-09,NGG30,2030-02-01,Feb 2030,43,4.289
2026-06-09,NGH30,2030-03-01,Mar 2030,44,3.494
2026-06-09,NGJ30,2030-04-01,Apr 2030,45,3.062
2026-06-09,NGK30,2030-05-01,May 2030,46,3.019
2026-06-09,NGM30,2030-06-01,Jun 2030,47,3.146
2026-06-09,NGN30,2030-07-01,Jul 2030,48,3.378
2026-06-09,NGQ30,2030-08-01,Aug 2030,49,3.415
2026-06-09,NGU30,2030-09-01,Sep 2030,50,3.381
2026-06-09,NGV30,2030-10-01,Oct 2030,51,3.461
2026-06-09,NGX30,2030-11-01,Nov 2030,52,3.657
2026-06-09,NGZ30,2030-12-01,Dec 2030,53,4.188
2026-06-09,NGF31,2031-01-01,Jan 2031,54,4.563
2026-06-09,NGG31,2031-02-01,Feb 2031,55,4.09
2026-06-09,NGH31,2031-03-01,Mar 2031,56,3.378
2026-06-09,NGJ31,2031-04-01,Apr 2031,57,2.957
2026-06-09,NGK31,2031-05-01,May 2031,58,2.921
2026-06-09,NGM31,2031-06-01,Jun 2031,59,3.052
2026-06-09,NGN31,2031-07-01,Jul 2031,60,3.259
2026-06-09,NGQ31,2031-08-01,Aug 2031,61,3.315
2026-06-09,NGU31,2031-09-01,Sep 2031,62,3.294
2026-06-09,NGV31,2031-10-01,Oct 2031,63,3.372
2026-06-09,NGX31,2031-11-01,Nov 2031,64,3.609
2026-06-09,NGZ31,2031-12-01,Dec 2031,65,4.195
2026-06-09,NGF32,2032-01-01,Jan 2032,66,4.522
2026-06-09,NGG32,2032-02-01,Feb 2032,67,4.05
2026-06-09,NGH32,2032-03-01,Mar 2032,68,3.324
2026-06-09,NGJ32,2032-04-01,Apr 2032,69,2.864
2026-06-09,NGK32,2032-05-01,May 2032,70,2.831
2026-06-09,NGM32,2032-06-01,Jun 2032,71,2.96
2026-06-09,NGN32,2032-07-01,Jul 2032,72,3.155
2026-06-09,NGQ32,2032-08-01,Aug 2032,73,3.205
2026-06-09,NGU32,2032-09-01,Sep 2032,74,3.178
2026-06-09,NGV32,2032-10-01,Oct 2032,75,3.241
2026-06-09,NGX32,2032-11-01,Nov 2032,76,3.457
2026-06-09,NGZ32,2032-12-01,Dec 2032,77,3.963
2026-06-09,NGF33,2033-01-01,Jan 2033,78,4.247
2026-06-09,NGG33,2033-02-01,Feb 2033,79,3.792
2026-06-09,NGH33,2033-03-01,Mar 2033,80,3.113
2026-06-09,NGJ33,2033-04-01,Apr 2033,81,2.743
2026-06-09,NGK33,2033-05-01,May 2033,82,2.723
2026-06-09,NGM33,2033-06-01,Jun 2033,83,2.866
2026-06-09,NGN33,2033-07-01,Jul 2033,84,3.058
2026-06-09,NGQ33,2033-08-01,Aug 2033,85,3.128
2026-06-09,NGU33,2033-09-01,Sep 2033,86,3.103
2026-06-09,NGV33,2033-10-01,Oct 2033,87,3.178
2026-06-09,NGX33,2033-11-01,Nov 2033,88,3.418
2026-06-09,NGZ33,2033-12-01,Dec 2033,89,3.848
2026-06-09,NGF34,2034-01-01,Jan 2034,90,4.128
2026-06-09,NGG34,2034-02-01,Feb 2034,91,3.823
2026-06-09,NGH34,2034-03-01,Mar 2034,92,3.213
2026-06-09,NGJ34,2034-04-01,Apr 2034,93,2.793
2026-06-09,NGK34,2034-05-01,May 2034,94,2.783
2026-06-09,NGM34,2034-06-01,Jun 2034,95,2.933
2026-06-09,NGN34,2034-07-01,Jul 2034,96,3.113
2026-06-09,NGQ34,2034-08-01,Aug 2034,97,3.173
2026-06-09,NGU34,2034-09-01,Sep 2034,98,3.188
2026-06-09,NGV34,2034-10-01,Oct 2034,99,3.234
2026-06-09,NGX34,2034-11-01,Nov 2034,100,3.474
2026-06-09,NGZ34,2034-12-01,Dec 2034,101,3.874
2026-06-09,NGF35,2035-01-01,Jan 2035,102,4.099
2026-06-09,NGG35,2035-02-01,Feb 2035,103,3.859
2026-06-09,NGH35,2035-03-01,Mar 2035,104,3.429
2026-06-09,NGJ35,2035-04-01,Apr 2035,105,3.039
2026-06-09,NGK35,2035-05-01,May 2035,106,3.017
2026-06-09,NGM35,2035-06-01,Jun 2035,107,3.052
2026-06-09,NGN35,2035-07-01,Jul 2035,108,3.092
2026-06-09,NGQ35,2035-08-01,Aug 2035,109,3.132
2026-06-09,NGU35,2035-09-01,Sep 2035,110,3.147
2026-06-09,NGV35,2035-10-01,Oct 2035,111,3.193
2026-06-09,NGX35,2035-11-01,Nov 2035,112,3.393
2026-06-09,NGZ35,2035-12-01,Dec 2035,113,3.703
2026-06-09,NGF36,2036-01-01,Jan 2036,114,3.973
2026-06-09,NGG36,2036-02-01,Feb 2036,115,3.803
2026-06-09,NGH36,2036-03-01,Mar 2036,116,3.533
2026-06-09,NGJ36,2036-04-01,Apr 2036,117,3.203
2026-06-09,NGK36,2036-05-01,May 2036,118,3.181
2026-06-09,NGM36,2036-06-01,Jun 2036,119,3.221
2026-06-09,NGN36,2036-07-01,Jul 2036,120,3.261
2026-06-09,NGQ36,2036-08-01,Aug 2036,121,3.301
2026-06-09,NGU36,2036-09-01,Sep 2036,122,3.316
2026-06-09,NGV36,2036-10-01,Oct 2036,123,3.362
2026-06-09,NGX36,2036-11-01,Nov 2036,124,3.512
2026-06-09,NGZ36,2036-12-01,Dec 2036,125,3.787
2026-06-09,NGF37,2037-01-01,Jan 2037,126,4.012
2026-06-09,NGG37,2037-02-01,Feb 2037,127,3.862
2026-06-09,NGH37,2037-03-01,Mar 2037,128,3.662
2026-06-09,NGJ37,2037-04-01,Apr 2037,129,3.332
2026-06-09,NGK37,2037-05-01,May 2037,130,3.31
2026-06-09,NGM37,2037-06-01,Jun 2037,131,3.345
2026-06-09,NGN37,2037-07-01,Jul 2037,132,3.385
2026-06-09,NGQ37,2037-08-01,Aug 2037,133,3.425
2026-06-09,NGU37,2037-09-01,Sep 2037,134,3.44
2026-06-09,NGV37,2037-10-01,Oct 2037,135,3.486
2026-06-09,NGX37,2037-11-01,Nov 2037,136,3.611
2026-06-09,NGZ37,2037-12-01,Dec 2037,137,3.836
2026-06-09,NGF38,2038-01-01,Jan 2038,138,4.101
2026-06-10,NGN26,2026-07-01,Jul 2026,0,3.181
2026-06-10,NGQ26,2026-08-01,Aug 2026,1,3.224
2026-06-10,NGU26,2026-09-01,Sep 2026,2,3.2
2026-06-10,NGV26,2026-10-01,Oct 2026,3,3.234
2026-06-10,NGX26,2026-11-01,Nov 2026,4,3.419
2026-06-10,NGZ26,2026-12-01,Dec 2026,5,4.025
2026-06-10,NGF27,2027-01-01,Jan 2027,6,4.429
2026-06-10,NGG27,2027-02-01,Feb 2027,7,4.01
2026-06-10,NGH27,2027-03-01,Mar 2027,8,3.21
2026-06-10,NGJ27,2027-04-01,Apr 2027,9,2.987
2026-06-10,NGK27,2027-05-01,May 2027,10,2.959
2026-06-10,NGM27,2027-06-01,Jun 2027,11,3.084
2026-06-10,NGN27,2027-07-01,Jul 2027,12,3.298
2026-06-10,NGQ27,2027-08-01,Aug 2027,13,3.353
2026-06-10,NGU27,2027-09-01,Sep 2027,14,3.33
2026-06-10,NGV27,2027-10-01,Oct 2027,15,3.405
2026-06-10,NGX27,2027-11-01,Nov 2027,16,3.643
2026-06-10,NGZ27,2027-12-01,Dec 2027,17,4.308
2026-06-10,NGF28,2028-01-01,Jan 2028,18,4.731
2026-06-10,NGG28,2028-02-01,Feb 2028,19,4.244
2026-06-10,NGH28,2028-03-01,Mar 2028,20,3.47
2026-06-10,NGJ28,2028-04-01,Apr 2028,21,3.189
2026-06-10,NGK28,2028-05-01,May 2028,22,3.173
2026-06-10,NGM28,2028-06-01,Jun 2028,23,3.312
2026-06-10,NGN28,2028-07-01,Jul 2028,24,3.52
2026-06-10,NGQ28,2028-08-01,Aug 2028,25,3.581
2026-06-10,NGU28,2028-09-01,Sep 2028,26,3.559
2026-06-10,NGV28,2028-10-01,Oct 2028,27,3.625
2026-06-10,NGX28,2028-11-01,Nov 2028,28,3.836
2026-06-10,NGZ28,2028-12-01,Dec 2028,29,4.418
2026-06-10,NGF29,2029-01-01,Jan 2029,30,4.826
2026-06-10,NGG29,2029-02-01,Feb 2029,31,4.339
2026-06-10,NGH29,2029-03-01,Mar 2029,32,3.485
2026-06-10,NGJ29,2029-04-01,Apr 2029,33,3.157
2026-06-10,NGK29,2029-05-01,May 2029,34,3.13
2026-06-10,NGM29,2029-06-01,Jun 2029,35,3.248
2026-06-10,NGN29,2029-07-01,Jul 2029,36,3.462
2026-06-10,NGQ29,2029-08-01,Aug 2029,37,3.525
2026-06-10,NGU29,2029-09-01,Sep 2029,38,3.511
2026-06-10,NGV29,2029-10-01,Oct 2029,39,3.581
2026-06-10,NGX29,2029-11-01,Nov 2029,40,3.764
2026-06-10,NGZ29,2029-12-01,Dec 2029,41,4.341
2026-06-10,NGF30,2030-01-01,Jan 2030,42,4.759
2026-06-10,NGG30,2030-02-01,Feb 2030,43,4.296
2026-06-10,NGH30,2030-03-01,Mar 2030,44,3.499
2026-06-10,NGJ30,2030-04-01,Apr 2030,45,3.067
2026-06-10,NGK30,2030-05-01,May 2030,46,3.025
2026-06-10,NGM30,2030-06-01,Jun 2030,47,3.15
2026-06-10,NGN30,2030-07-01,Jul 2030,48,3.383
2026-06-10,NGQ30,2030-08-01,Aug 2030,49,3.42
2026-06-10,NGU30,2030-09-01,Sep 2030,50,3.388
2026-06-10,NGV30,2030-10-01,Oct 2030,51,3.466
2026-06-10,NGX30,2030-11-01,Nov 2030,52,3.662
2026-06-10,NGZ30,2030-12-01,Dec 2030,53,4.194
2026-06-10,NGF31,2031-01-01,Jan 2031,54,4.571
2026-06-10,NGG31,2031-02-01,Feb 2031,55,4.101
2026-06-10,NGH31,2031-03-01,Mar 2031,56,3.388
2026-06-10,NGJ31,2031-04-01,Apr 2031,57,2.965
2026-06-10,NGK31,2031-05-01,May 2031,58,2.93
2026-06-10,NGM31,2031-06-01,Jun 2031,59,3.061
2026-06-10,NGN31,2031-07-01,Jul 2031,60,3.268
2026-06-10,NGQ31,2031-08-01,Aug 2031,61,3.324
2026-06-10,NGU31,2031-09-01,Sep 2031,62,3.303
2026-06-10,NGV31,2031-10-01,Oct 2031,63,3.381
2026-06-10,NGX31,2031-11-01,Nov 2031,64,3.616
2026-06-10,NGZ31,2031-12-01,Dec 2031,65,4.2
2026-06-10,NGF32,2032-01-01,Jan 2032,66,4.526
2026-06-10,NGG32,2032-02-01,Feb 2032,67,4.052
2026-06-10,NGH32,2032-03-01,Mar 2032,68,3.324
2026-06-10,NGJ32,2032-04-01,Apr 2032,69,2.862
2026-06-10,NGK32,2032-05-01,May 2032,70,2.828
2026-06-10,NGM32,2032-06-01,Jun 2032,71,2.955
2026-06-10,NGN32,2032-07-01,Jul 2032,72,3.134
2026-06-10,NGQ32,2032-08-01,Aug 2032,73,3.184
2026-06-10,NGU32,2032-09-01,Sep 2032,74,3.157
2026-06-10,NGV32,2032-10-01,Oct 2032,75,3.22
2026-06-10,NGX32,2032-11-01,Nov 2032,76,3.436
2026-06-10,NGZ32,2032-12-01,Dec 2032,77,3.942
2026-06-10,NGF33,2033-01-01,Jan 2033,78,4.226
2026-06-10,NGG33,2033-02-01,Feb 2033,79,3.771
2026-06-10,NGH33,2033-03-01,Mar 2033,80,3.092
2026-06-10,NGJ33,2033-04-01,Apr 2033,81,2.722
2026-06-10,NGK33,2033-05-01,May 2033,82,2.702
2026-06-10,NGM33,2033-06-01,Jun 2033,83,2.845
2026-06-10,NGN33,2033-07-01,Jul 2033,84,3.037
2026-06-10,NGQ33,2033-08-01,Aug 2033,85,3.107
2026-06-10,NGU33,2033-09-01,Sep 2033,86,3.082
2026-06-10,NGV33,2033-10-01,Oct 2033,87,3.157
2026-06-10,NGX33,2033-11-01,Nov 2033,88,3.397
2026-06-10,NGZ33,2033-12-01,Dec 2033,89,3.827
2026-06-10,NGF34,2034-01-01,Jan 2034,90,4.107
2026-06-10,NGG34,2034-02-01,Feb 2034,91,3.802
2026-06-10,NGH34,2034-03-01,Mar 2034,92,3.192
2026-06-10,NGJ34,2034-04-01,Apr 2034,93,2.772
2026-06-10,NGK34,2034-05-01,May 2034,94,2.762
2026-06-10,NGM34,2034-06-01,Jun 2034,95,2.912
2026-06-10,NGN34,2034-07-01,Jul 2034,96,3.092
2026-06-10,NGQ34,2034-08-01,Aug 2034,97,3.152
2026-06-10,NGU34,2034-09-01,Sep 2034,98,3.167
2026-06-10,NGV34,2034-10-01,Oct 2034,99,3.213
2026-06-10,NGX34,2034-11-01,Nov 2034,100,3.453
2026-06-10,NGZ34,2034-12-01,Dec 2034,101,3.853
2026-06-10,NGF35,2035-01-01,Jan 2035,102,4.078
2026-06-10,NGG35,2035-02-01,Feb 2035,103,3.838
2026-06-10,NGH35,2035-03-01,Mar 2035,104,3.408
2026-06-10,NGJ35,2035-04-01,Apr 2035,105,3.018
2026-06-10,NGK35,2035-05-01,May 2035,106,2.996
2026-06-10,NGM35,2035-06-01,Jun 2035,107,3.031
2026-06-10,NGN35,2035-07-01,Jul 2035,108,3.071
2026-06-10,NGQ35,2035-08-01,Aug 2035,109,3.111
2026-06-10,NGU35,2035-09-01,Sep 2035,110,3.126
2026-06-10,NGV35,2035-10-01,Oct 2035,111,3.172
2026-06-10,NGX35,2035-11-01,Nov 2035,112,3.372
2026-06-10,NGZ35,2035-12-01,Dec 2035,113,3.682
2026-06-10,NGF36,2036-01-01,Jan 2036,114,3.952
2026-06-10,NGG36,2036-02-01,Feb 2036,115,3.782
2026-06-10,NGH36,2036-03-01,Mar 2036,116,3.512
2026-06-10,NGJ36,2036-04-01,Apr 2036,117,3.182
2026-06-10,NGK36,2036-05-01,May 2036,118,3.16
2026-06-10,NGM36,2036-06-01,Jun 2036,119,3.2
2026-06-10,NGN36,2036-07-01,Jul 2036,120,3.24
2026-06-10,NGQ36,2036-08-01,Aug 2036,121,3.28
2026-06-10,NGU36,2036-09-01,Sep 2036,122,3.295
2026-06-10,NGV36,2036-10-01,Oct 2036,123,3.341
2026-06-10,NGX36,2036-11-01,Nov 2036,124,3.491
2026-06-10,NGZ36,2036-12-01,Dec 2036,125,3.766
2026-06-10,NGF37,2037-01-01,Jan 2037,126,3.991
2026-06-10,NGG37,2037-02-01,Feb 2037,127,3.841
2026-06-10,NGH37,2037-03-01,Mar 2037,128,3.641
2026-06-10,NGJ37,2037-04-01,Apr 2037,129,3.311
2026-06-10,NGK37,2037-05-01,May 2037,130,3.289
2026-06-10,NGM37,2037-06-01,Jun 2037,131,3.324
2026-06-10,NGN37,2037-07-01,Jul 2037,132,3.364
2026-06-10,NGQ37,2037-08-01,Aug 2037,133,3.404
2026-06-10,NGU37,2037-09-01,Sep 2037,134,3.419
2026-06-10,NGV37,2037-10-01,Oct 2037,135,3.465
2026-06-10,NGX37,2037-11-01,Nov 2037,136,3.59
2026-06-10,NGZ37,2037-12-01,Dec 2037,137,3.815
2026-06-10,NGF38,2038-01-01,Jan 2038,138,4.08
2026-06-11,NGN26,2026-07-01,Jul 2026,0,3.073
2026-06-11,NGQ26,2026-08-01,Aug 2026,1,3.118
2026-06-11,NGU26,2026-09-01,Sep 2026,2,3.095
2026-06-11,NGV26,2026-10-01,Oct 2026,3,3.134
2026-06-11,NGX26,2026-11-01,Nov 2026,4,3.338
2026-06-11,NGZ26,2026-12-01,Dec 2026,5,3.962
2026-06-11,NGF27,2027-01-01,Jan 2027,6,4.376
2026-06-11,NGG27,2027-02-01,Feb 2027,7,3.951
2026-06-11,NGH27,2027-03-01,Mar 2027,8,3.167
2026-06-11,NGJ27,2027-04-01,Apr 2027,9,2.964
2026-06-11,NGK27,2027-05-01,May 2027,10,2.939
2026-06-11,NGM27,2027-06-01,Jun 2027,11,3.076
2026-06-11,NGN27,2027-07-01,Jul 2027,12,3.289
2026-06-11,NGQ27,2027-08-01,Aug 2027,13,3.35
2026-06-11,NGU27,2027-09-01,Sep 2027,14,3.325
2026-06-11,NGV27,2027-10-01,Oct 2027,15,3.4
2026-06-11,NGX27,2027-11-01,Nov 2027,16,3.648
2026-06-11,NGZ27,2027-12-01,Dec 2027,17,4.31
2026-06-11,NGF28,2028-01-01,Jan 2028,18,4.724
2026-06-11,NGG28,2028-02-01,Feb 2028,19,4.243
2026-06-11,NGH28,2028-03-01,Mar 2028,20,3.473
2026-06-11,NGJ28,2028-04-01,Apr 2028,21,3.189
2026-06-11,NGK28,2028-05-01,May 2028,22,3.163
2026-06-11,NGM28,2028-06-01,Jun 2028,23,3.306
2026-06-11,NGN28,2028-07-01,Jul 2028,24,3.518
2026-06-11,NGQ28,2028-08-01,Aug 2028,25,3.58
2026-06-11,NGU28,2028-09-01,Sep 2028,26,3.559
2026-06-11,NGV28,2028-10-01,Oct 2028,27,3.621
2026-06-11,NGX28,2028-11-01,Nov 2028,28,3.837
2026-06-11,NGZ28,2028-12-01,Dec 2028,29,4.422
2026-06-11,NGF29,2029-01-01,Jan 2029,30,4.828
2026-06-11,NGG29,2029-02-01,Feb 2029,31,4.341
2026-06-11,NGH29,2029-03-01,Mar 2029,32,3.487
2026-06-11,NGJ29,2029-04-01,Apr 2029,33,3.16
2026-06-11,NGK29,2029-05-01,May 2029,34,3.136
2026-06-11,NGM29,2029-06-01,Jun 2029,35,3.248
2026-06-11,NGN29,2029-07-01,Jul 2029,36,3.457
2026-06-11,NGQ29,2029-08-01,Aug 2029,37,3.523
2026-06-11,NGU29,2029-09-01,Sep 2029,38,3.508
2026-06-11,NGV29,2029-10-01,Oct 2029,39,3.581
2026-06-11,NGX29,2029-11-01,Nov 2029,40,3.757
2026-06-11,NGZ29,2029-12-01,Dec 2029,41,4.335
2026-06-11,NGF30,2030-01-01,Jan 2030,42,4.754
2026-06-11,NGG30,2030-02-01,Feb 2030,43,4.294
2026-06-11,NGH30,2030-03-01,Mar 2030,44,3.494
2026-06-11,NGJ30,2030-04-01,Apr 2030,45,3.068
2026-06-11,NGK30,2030-05-01,May 2030,46,3.025
2026-06-11,NGM30,2030-06-01,Jun 2030,47,3.146
2026-06-11,NGN30,2030-07-01,Jul 2030,48,3.379
2026-06-11,NGQ30,2030-08-01,Aug 2030,49,3.416
2026-06-11,NGU30,2030-09-01,Sep 2030,50,3.384
2026-06-11,NGV30,2030-10-01,Oct 2030,51,3.462
2026-06-11,NGX30,2030-11-01,Nov 2030,52,3.655
2026-06-11,NGZ30,2030-12-01,Dec 2030,53,4.187
2026-06-11,NGF31,2031-01-01,Jan 2031,54,4.563
2026-06-11,NGG31,2031-02-01,Feb 2031,55,4.093
2026-06-11,NGH31,2031-03-01,Mar 2031,56,3.379
2026-06-11,NGJ31,2031-04-01,Apr 2031,57,2.957
2026-06-11,NGK31,2031-05-01,May 2031,58,2.92
2026-06-11,NGM31,2031-06-01,Jun 2031,59,3.051
2026-06-11,NGN31,2031-07-01,Jul 2031,60,3.257
2026-06-11,NGQ31,2031-08-01,Aug 2031,61,3.313
2026-06-11,NGU31,2031-09-01,Sep 2031,62,3.293
2026-06-11,NGV31,2031-10-01,Oct 2031,63,3.371
2026-06-11,NGX31,2031-11-01,Nov 2031,64,3.607
2026-06-11,NGZ31,2031-12-01,Dec 2031,65,4.193
2026-06-11,NGF32,2032-01-01,Jan 2032,66,4.52
2026-06-11,NGG32,2032-02-01,Feb 2032,67,4.051
2026-06-11,NGH32,2032-03-01,Mar 2032,68,3.323
2026-06-11,NGJ32,2032-04-01,Apr 2032,69,2.861
2026-06-11,NGK32,2032-05-01,May 2032,70,2.827
2026-06-11,NGM32,2032-06-01,Jun 2032,71,2.954
2026-06-11,NGN32,2032-07-01,Jul 2032,72,3.133
2026-06-11,NGQ32,2032-08-01,Aug 2032,73,3.183
2026-06-11,NGU32,2032-09-01,Sep 2032,74,3.156
2026-06-11,NGV32,2032-10-01,Oct 2032,75,3.219
2026-06-11,NGX32,2032-11-01,Nov 2032,76,3.435
2026-06-11,NGZ32,2032-12-01,Dec 2032,77,3.941
2026-06-11,NGF33,2033-01-01,Jan 2033,78,4.225
2026-06-11,NGG33,2033-02-01,Feb 2033,79,3.77
2026-06-11,NGH33,2033-03-01,Mar 2033,80,3.091
2026-06-11,NGJ33,2033-04-01,Apr 2033,81,2.721
2026-06-11,NGK33,2033-05-01,May 2033,82,2.701
2026-06-11,NGM33,2033-06-01,Jun 2033,83,2.844
2026-06-11,NGN33,2033-07-01,Jul 2033,84,3.036
2026-06-11,NGQ33,2033-08-01,Aug 2033,85,3.106
2026-06-11,NGU33,2033-09-01,Sep 2033,86,3.081
2026-06-11,NGV33,2033-10-01,Oct 2033,87,3.156
2026-06-11,NGX33,2033-11-01,Nov 2033,88,3.396
2026-06-11,NGZ33,2033-12-01,Dec 2033,89,3.826
2026-06-11,NGF34,2034-01-01,Jan 2034,90,4.106
2026-06-11,NGG34,2034-02-01,Feb 2034,91,3.801
2026-06-11,NGH34,2034-03-01,Mar 2034,92,3.191
2026-06-11,NGJ34,2034-04-01,Apr 2034,93,2.771
2026-06-11,NGK34,2034-05-01,May 2034,94,2.761
2026-06-11,NGM34,2034-06-01,Jun 2034,95,2.911
2026-06-11,NGN34,2034-07-01,Jul 2034,96,3.091
2026-06-11,NGQ34,2034-08-01,Aug 2034,97,3.151
2026-06-11,NGU34,2034-09-01,Sep 2034,98,3.166
2026-06-11,NGV34,2034-10-01,Oct 2034,99,3.212
2026-06-11,NGX34,2034-11-01,Nov 2034,100,3.452
2026-06-11,NGZ34,2034-12-01,Dec 2034,101,3.852
2026-06-11,NGF35,2035-01-01,Jan 2035,102,4.077
2026-06-11,NGG35,2035-02-01,Feb 2035,103,3.837
2026-06-11,NGH35,2035-03-01,Mar 2035,104,3.407
2026-06-11,NGJ35,2035-04-01,Apr 2035,105,3.017
2026-06-11,NGK35,2035-05-01,May 2035,106,2.995
2026-06-11,NGM35,2035-06-01,Jun 2035,107,3.03
2026-06-11,NGN35,2035-07-01,Jul 2035,108,3.07
2026-06-11,NGQ35,2035-08-01,Aug 2035,109,3.11
2026-06-11,NGU35,2035-09-01,Sep 2035,110,3.125
2026-06-11,NGV35,2035-10-01,Oct 2035,111,3.171
2026-06-11,NGX35,2035-11-01,Nov 2035,112,3.371
2026-06-11,NGZ35,2035-12-01,Dec 2035,113,3.681
2026-06-11,NGF36,2036-01-01,Jan 2036,114,3.951
2026-06-11,NGG36,2036-02-01,Feb 2036,115,3.781
2026-06-11,NGH36,2036-03-01,Mar 2036,116,3.511
2026-06-11,NGJ36,2036-04-01,Apr 2036,117,3.181
2026-06-11,NGK36,2036-05-01,May 2036,118,3.159
2026-06-11,NGM36,2036-06-01,Jun 2036,119,3.199
2026-06-11,NGN36,2036-07-01,Jul 2036,120,3.239
2026-06-11,NGQ36,2036-08-01,Aug 2036,121,3.279
2026-06-11,NGU36,2036-09-01,Sep 2036,122,3.294
2026-06-11,NGV36,2036-10-01,Oct 2036,123,3.34
2026-06-11,NGX36,2036-11-01,Nov 2036,124,3.49
2026-06-11,NGZ36,2036-12-01,Dec 2036,125,3.765
2026-06-11,NGF37,2037-01-01,Jan 2037,126,3.99
2026-06-11,NGG37,2037-02-01,Feb 2037,127,3.84
2026-06-11,NGH37,2037-03-01,Mar 2037,128,3.64
2026-06-11,NGJ37,2037-04-01,Apr 2037,129,3.31
2026-06-11,NGK37,2037-05-01,May 2037,130,3.288
2026-06-11,NGM37,2037-06-01,Jun 2037,131,3.323
2026-06-11,NGN37,2037-07-01,Jul 2037,132,3.363
2026-06-11,NGQ37,2037-08-01,Aug 2037,133,3.403
2026-06-11,NGU37,2037-09-01,Sep 2037,134,3.418
2026-06-11,NGV37,2037-10-01,Oct 2037,135,3.464
2026-06-11,NGX37,2037-11-01,Nov 2037,136,3.589
2026-06-11,NGZ37,2037-12-01,Dec 2037,137,3.814
2026-06-11,NGF38,2038-01-01,Jan 2038,138,4.079
2026-06-12,NGN26,2026-07-01,Jul 2026,0,3.129
2026-06-12,NGQ26,2026-08-01,Aug 2026,1,3.164
2026-06-12,NGU26,2026-09-01,Sep 2026,2,3.134
2026-06-12,NGV26,2026-10-01,Oct 2026,3,3.169
2026-06-12,NGX26,2026-11-01,Nov 2026,4,3.353
2026-06-12,NGZ26,2026-12-01,Dec 2026,5,3.98
2026-06-12,NGF27,2027-01-01,Jan 2027,6,4.394
2026-06-12,NGG27,2027-02-01,Feb 2027,7,3.967
2026-06-12,NGH27,2027-03-01,Mar 2027,8,3.172
2026-06-12,NGJ27,2027-04-01,Apr 2027,9,2.975
2026-06-12,NGK27,2027-05-01,May 2027,10,2.946
2026-06-12,NGM27,2027-06-01,Jun 2027,11,3.079
2026-06-12,NGN27,2027-07-01,Jul 2027,12,3.29
2026-06-12,NGQ27,2027-08-01,Aug 2027,13,3.342
2026-06-12,NGU27,2027-09-01,Sep 2027,14,3.318
2026-06-12,NGV27,2027-10-01,Oct 2027,15,3.394
2026-06-12,NGX27,2027-11-01,Nov 2027,16,3.643
2026-06-12,NGZ27,2027-12-01,Dec 2027,17,4.302
2026-06-12,NGF28,2028-01-01,Jan 2028,18,4.716
2026-06-12,NGG28,2028-02-01,Feb 2028,19,4.245
2026-06-12,NGH28,2028-03-01,Mar 2028,20,3.478
2026-06-12,NGJ28,2028-04-01,Apr 2028,21,3.189
2026-06-12,NGK28,2028-05-01,May 2028,22,3.162
2026-06-12,NGM28,2028-06-01,Jun 2028,23,3.303
2026-06-12,NGN28,2028-07-01,Jul 2028,24,3.512
2026-06-12,NGQ28,2028-08-01,Aug 2028,25,3.573
2026-06-12,NGU28,2028-09-01,Sep 2028,26,3.554
2026-06-12,NGV28,2028-10-01,Oct 2028,27,3.622
2026-06-12,NGX28,2028-11-01,Nov 2028,28,3.838
2026-06-12,NGZ28,2028-12-01,Dec 2028,29,4.42
2026-06-12,NGF29,2029-01-01,Jan 2029,30,4.82
2026-06-12,NGG29,2029-02-01,Feb 2029,31,4.333
2026-06-12,NGH29,2029-03-01,Mar 2029,32,3.479
2026-06-12,NGJ29,2029-04-01,Apr 2029,33,3.152
2026-06-12,NGK29,2029-05-01,May 2029,34,3.128
2026-06-12,NGM29,2029-06-01,Jun 2029,35,3.244
2026-06-12,NGN29,2029-07-01,Jul 2029,36,3.453
2026-06-12,NGQ29,2029-08-01,Aug 2029,37,3.519
2026-06-12,NGU29,2029-09-01,Sep 2029,38,3.504
2026-06-12,NGV29,2029-10-01,Oct 2029,39,3.577
2026-06-12,NGX29,2029-11-01,Nov 2029,40,3.753
2026-06-12,NGZ29,2029-12-01,Dec 2029,41,4.328
2026-06-12,NGF30,2030-01-01,Jan 2030,42,4.748
2026-06-12,NGG30,2030-02-01,Feb 2030,43,4.291
2026-06-12,NGH30,2030-03-01,Mar 2030,44,3.491
2026-06-12,NGJ30,2030-04-01,Apr 2030,45,3.062
2026-06-12,NGK30,2030-05-01,May 2030,46,3.02
2026-06-12,NGM30,2030-06-01,Jun 2030,47,3.139
2026-06-12,NGN30,2030-07-01,Jul 2030,48,3.371
2026-06-12,NGQ30,2030-08-01,Aug 2030,49,3.408
2026-06-12,NGU30,2030-09-01,Sep 2030,50,3.376
2026-06-12,NGV30,2030-10-01,Oct 2030,51,3.456
2026-06-12,NGX30,2030-11-01,Nov 2030,52,3.65
2026-06-12,NGZ30,2030-12-01,Dec 2030,53,4.18
2026-06-12,NGF31,2031-01-01,Jan 2031,54,4.557
2026-06-12,NGG31,2031-02-01,Feb 2031,55,4.087
2026-06-12,NGH31,2031-03-01,Mar 2031,56,3.369
2026-06-12,NGJ31,2031-04-01,Apr 2031,57,2.95
2026-06-12,NGK31,2031-05-01,May 2031,58,2.915
2026-06-12,NGM31,2031-06-01,Jun 2031,59,3.044
2026-06-12,NGN31,2031-07-01,Jul 2031,60,3.249
2026-06-12,NGQ31,2031-08-01,Aug 2031,61,3.305
2026-06-12,NGU31,2031-09-01,Sep 2031,62,3.284
2026-06-12,NGV31,2031-10-01,Oct 2031,63,3.364
2026-06-12,NGX31,2031-11-01,Nov 2031,64,3.598
2026-06-12,NGZ31,2031-12-01,Dec 2031,65,4.183
2026-06-12,NGF32,2032-01-01,Jan 2032,66,4.51
2026-06-12,NGG32,2032-02-01,Feb 2032,67,4.04
2026-06-12,NGH32,2032-03-01,Mar 2032,68,3.308
2026-06-12,NGJ32,2032-04-01,Apr 2032,69,2.849
2026-06-12,NGK32,2032-05-01,May 2032,70,2.815
2026-06-12,NGM32,2032-06-01,Jun 2032,71,2.941
2026-06-12,NGN32,2032-07-01,Jul 2032,72,3.119
2026-06-12,NGQ32,2032-08-01,Aug 2032,73,3.169
2026-06-12,NGU32,2032-09-01,Sep 2032,74,3.141
2026-06-12,NGV32,2032-10-01,Oct 2032,75,3.203
2026-06-12,NGX32,2032-11-01,Nov 2032,76,3.419
2026-06-12,NGZ32,2032-12-01,Dec 2032,77,3.924
2026-06-12,NGF33,2033-01-01,Jan 2033,78,4.207
2026-06-12,NGG33,2033-02-01,Feb 2033,79,3.752
2026-06-12,NGH33,2033-03-01,Mar 2033,80,3.065
2026-06-12,NGJ33,2033-04-01,Apr 2033,81,2.695
2026-06-12,NGK33,2033-05-01,May 2033,82,2.74
2026-06-12,NGM33,2033-06-01,Jun 2033,83,2.818
2026-06-12,NGN33,2033-07-01,Jul 2033,84,3.01
2026-06-12,NGQ33,2033-08-01,Aug 2033,85,3.08
2026-06-12,NGU33,2033-09-01,Sep 2033,86,3.055
2026-06-12,NGV33,2033-10-01,Oct 2033,87,3.13
2026-06-12,NGX33,2033-11-01,Nov 2033,88,3.37
2026-06-12,NGZ33,2033-12-01,Dec 2033,89,3.8
2026-06-12,NGF34,2034-01-01,Jan 2034,90,4.08
2026-06-12,NGG34,2034-02-01,Feb 2034,91,3.775
2026-06-12,NGH34,2034-03-01,Mar 2034,92,3.165
2026-06-12,NGJ34,2034-04-01,Apr 2034,93,2.745
2026-06-12,NGK34,2034-05-01,May 2034,94,2.735
2026-06-12,NGM34,2034-06-01,Jun 2034,95,2.885
2026-06-12,NGN34,2034-07-01,Jul 2034,96,3.065
2026-06-12,NGQ34,2034-08-01,Aug 2034,97,3.125
2026-06-12,NGU34,2034-09-01,Sep 2034,98,3.14
2026-06-12,NGV34,2034-10-01,Oct 2034,99,3.186
2026-06-12,NGX34,2034-11-01,Nov 2034,100,3.426
2026-06-12,NGZ34,2034-12-01,Dec 2034,101,3.826
2026-06-12,NGF35,2035-01-01,Jan 2035,102,4.051
2026-06-12,NGG35,2035-02-01,Feb 2035,103,3.811
2026-06-12,NGH35,2035-03-01,Mar 2035,104,3.381
2026-06-12,NGJ35,2035-04-01,Apr 2035,105,2.991
2026-06-12,NGK35,2035-05-01,May 2035,106,2.969
2026-06-12,NGM35,2035-06-01,Jun 2035,107,3.004
2026-06-12,NGN35,2035-07-01,Jul 2035,108,3.044
2026-06-12,NGQ35,2035-08-01,Aug 2035,109,3.084
2026-06-12,NGU35,2035-09-01,Sep 2035,110,3.099
2026-06-12,NGV35,2035-10-01,Oct 2035,111,3.145
2026-06-12,NGX35,2035-11-01,Nov 2035,112,3.345
2026-06-12,NGZ35,2035-12-01,Dec 2035,113,3.655
2026-06-12,NGF36,2036-01-01,Jan 2036,114,3.925
2026-06-12,NGG36,2036-02-01,Feb 2036,115,3.755
2026-06-12,NGH36,2036-03-01,Mar 2036,116,3.485
2026-06-12,NGJ36,2036-04-01,Apr 2036,117,3.155
2026-06-12,NGK36,2036-05-01,May 2036,118,3.133
2026-06-12,NGM36,2036-06-01,Jun 2036,119,3.173
2026-06-12,NGN36,2036-07-01,Jul 2036,120,3.213
2026-06-12,NGQ36,2036-08-01,Aug 2036,121,3.253
2026-06-12,NGU36,2036-09-01,Sep 2036,122,3.268
2026-06-12,NGV36,2036-10-01,Oct 2036,123,3.314
2026-06-12,NGX36,2036-11-01,Nov 2036,124,3.464
2026-06-12,NGZ36,2036-12-01,Dec 2036,125,3.739
2026-06-12,NGF37,2037-01-01,Jan 2037,126,3.964
2026-06-12,NGG37,2037-02-01,Feb 2037,127,3.814
2026-06-12,NGH37,2037-03-01,Mar 2037,128,3.614
2026-06-12,NGJ37,2037-04-01,Apr 2037,129,3.284
2026-06-12,NGK37,2037-05-01,May 2037,130,3.262
2026-06-12,NGM37,2037-06-01,Jun 2037,131,3.297
2026-06-12,NGN37,2037-07-01,Jul 2037,132,3.337
2026-06-12,NGQ37,2037-08-01,Aug 2037,133,3.377
2026-06-12,NGU37,2037-09-01,Sep 2037,134,3.392
2026-06-12,NGV37,2037-10-01,Oct 2037,135,3.438
2026-06-12,NGX37,2037-11-01,Nov 2037,136,3.563
2026-06-12,NGZ37,2037-12-01,Dec 2037,137,3.788
2026-06-12,NGF38,2038-01-01,Jan 2038,138,4.053
2026-06-13,NGN26,2026-07-01,Jul 2026,0,3.12
2026-06-13,NGQ26,2026-08-01,Aug 2026,1,3.157
2026-06-13,NGU26,2026-09-01,Sep 2026,2,3.126
2026-06-13,NGV26,2026-10-01,Oct 2026,3,3.16
2026-06-13,NGX26,2026-11-01,Nov 2026,4,3.343
2026-06-13,NGZ26,2026-12-01,Dec 2026,5,3.973
2026-06-13,NGF27,2027-01-01,Jan 2027,6,4.389
2026-06-13,NGG27,2027-02-01,Feb 2027,7,3.963
2026-06-13,NGH27,2027-03-01,Mar 2027,8,3.169
2026-06-13,NGJ27,2027-04-01,Apr 2027,9,2.97
2026-06-13,NGK27,2027-05-01,May 2027,10,2.945
2026-06-13,NGM27,2027-06-01,Jun 2027,11,3.082
2026-06-13,NGN27,2027-07-01,Jul 2027,12,3.293
2026-06-13,NGQ27,2027-08-01,Aug 2027,13,3.347
2026-06-13,NGU27,2027-09-01,Sep 2027,14,3.323
2026-06-13,NGV27,2027-10-01,Oct 2027,15,3.397
2026-06-13,NGX27,2027-11-01,Nov 2027,16,3.648
2026-06-13,NGZ27,2027-12-01,Dec 2027,17,4.301
2026-06-13,NGF28,2028-01-01,Jan 2028,18,4.719
2026-06-13,NGG28,2028-02-01,Feb 2028,19,4.243
2026-06-13,NGH28,2028-03-01,Mar 2028,20,3.471
2026-06-13,NGJ28,2028-04-01,Apr 2028,21,3.185
2026-06-13,NGK28,2028-05-01,May 2028,22,3.16
2026-06-13,NGM28,2028-06-01,Jun 2028,23,3.302
2026-06-13,NGN28,2028-07-01,Jul 2028,24,3.512
2026-06-13,NGQ28,2028-08-01,Aug 2028,25,3.573
2026-06-13,NGU28,2028-09-01,Sep 2028,26,3.554
2026-06-13,NGV28,2028-10-01,Oct 2028,27,3.62
2026-06-13,NGX28,2028-11-01,Nov 2028,28,3.829
2026-06-13,NGZ28,2028-12-01,Dec 2028,29,4.418
2026-06-13,NGF29,2029-01-01,Jan 2029,30,4.82
2026-06-13,NGG29,2029-02-01,Feb 2029,31,4.333
2026-06-13,NGH29,2029-03-01,Mar 2029,32,3.479
2026-06-13,NGJ29,2029-04-01,Apr 2029,33,3.152
2026-06-13,NGK29,2029-05-01,May 2029,34,3.128
2026-06-13,NGM29,2029-06-01,Jun 2029,35,3.244
2026-06-13,NGN29,2029-07-01,Jul 2029,36,3.453
2026-06-13,NGQ29,2029-08-01,Aug 2029,37,3.519
2026-06-13,NGU29,2029-09-01,Sep 2029,38,3.504
2026-06-13,NGV29,2029-10-01,Oct 2029,39,3.577
2026-06-13,NGX29,2029-11-01,Nov 2029,40,3.753
2026-06-13,NGZ29,2029-12-01,Dec 2029,41,4.328
2026-06-13,NGF30,2030-01-01,Jan 2030,42,4.748
2026-06-13,NGG30,2030-02-01,Feb 2030,43,4.291
2026-06-13,NGH30,2030-03-01,Mar 2030,44,3.491
2026-06-13,NGJ30,2030-04-01,Apr 2030,45,3.062
2026-06-13,NGK30,2030-05-01,May 2030,46,3.02
2026-06-13,NGM30,2030-06-01,Jun 2030,47,3.139
2026-06-13,NGN30,2030-07-01,Jul 2030,48,3.371
2026-06-13,NGQ30,2030-08-01,Aug 2030,49,3.408
2026-06-13,NGU30,2030-09-01,Sep 2030,50,3.376
2026-06-13,NGV30,2030-10-01,Oct 2030,51,3.456
2026-06-13,NGX30,2030-11-01,Nov 2030,52,3.65
2026-06-13,NGZ30,2030-12-01,Dec 2030,53,4.18
2026-06-13,NGF31,2031-01-01,Jan 2031,54,4.557
2026-06-13,NGG31,2031-02-01,Feb 2031,55,4.087
2026-06-13,NGH31,2031-03-01,Mar 2031,56,3.369
2026-06-13,NGJ31,2031-04-01,Apr 2031,57,2.95
2026-06-13,NGK31,2031-05-01,May 2031,58,2.915
2026-06-13,NGM31,2031-06-01,Jun 2031,59,3.044
2026-06-13,NGN31,2031-07-01,Jul 2031,60,3.249
2026-06-13,NGQ31,2031-08-01,Aug 2031,61,3.305
2026-06-13,NGU31,2031-09-01,Sep 2031,62,3.284
2026-06-13,NGV31,2031-10-01,Oct 2031,63,3.364
2026-06-13,NGX31,2031-11-01,Nov 2031,64,3.598
2026-06-13,NGZ31,2031-12-01,Dec 2031,65,4.183
2026-06-13,NGF32,2032-01-01,Jan 2032,66,4.51
2026-06-13,NGG32,2032-02-01,Feb 2032,67,4.04
2026-06-13,NGH32,2032-03-01,Mar 2032,68,3.308
2026-06-13,NGJ32,2032-04-01,Apr 2032,69,2.849
2026-06-13,NGK32,2032-05-01,May 2032,70,2.815
2026-06-13,NGM32,2032-06-01,Jun 2032,71,2.941
2026-06-13,NGN32,2032-07-01,Jul 2032,72,3.119
2026-06-13,NGQ32,2032-08-01,Aug 2032,73,3.169
2026-06-13,NGU32,2032-09-01,Sep 2032,74,3.141
2026-06-13,NGV32,2032-10-01,Oct 2032,75,3.203
2026-06-13,NGX32,2032-11-01,Nov 2032,76,3.419
2026-06-13,NGZ32,2032-12-01,Dec 2032,77,3.924
2026-06-13,NGF33,2033-01-01,Jan 2033,78,4.207
2026-06-13,NGG33,2033-02-01,Feb 2033,79,3.752
2026-06-13,NGH33,2033-03-01,Mar 2033,80,3.065
2026-06-13,NGJ33,2033-04-01,Apr 2033,81,2.695
2026-06-13,NGK33,2033-05-01,May 2033,82,2.675
2026-06-13,NGM33,2033-06-01,Jun 2033,83,2.818
2026-06-13,NGN33,2033-07-01,Jul 2033,84,3.01
2026-06-13,NGQ33,2033-08-01,Aug 2033,85,3.08
2026-06-13,NGU33,2033-09-01,Sep 2033,86,3.055
2026-06-13,NGV33,2033-10-01,Oct 2033,87,3.13
2026-06-13,NGX33,2033-11-01,Nov 2033,88,3.37
2026-06-13,NGZ33,2033-12-01,Dec 2033,89,3.8
2026-06-13,NGF34,2034-01-01,Jan 2034,90,4.08
2026-06-13,NGG34,2034-02-01,Feb 2034,91,3.775
2026-06-13,NGH34,2034-03-01,Mar 2034,92,3.165
2026-06-13,NGJ34,2034-04-01,Apr 2034,93,2.745
2026-06-13,NGK34,2034-05-01,May 2034,94,2.735
2026-06-13,NGM34,2034-06-01,Jun 2034,95,2.885
2026-06-13,NGN34,2034-07-01,Jul 2034,96,3.065
2026-06-13,NGQ34,2034-08-01,Aug 2034,97,3.125
2026-06-13,NGU34,2034-09-01,Sep 2034,98,3.14
2026-06-13,NGV34,2034-10-01,Oct 2034,99,3.186
2026-06-13,NGX34,2034-11-01,Nov 2034,100,3.426
2026-06-13,NGZ34,2034-12-01,Dec 2034,101,3.826
2026-06-13,NGF35,2035-01-01,Jan 2035,102,4.051
2026-06-13,NGG35,2035-02-01,Feb 2035,103,3.811
2026-06-13,NGH35,2035-03-01,Mar 2035,104,3.381
2026-06-13,NGJ35,2035-04-01,Apr 2035,105,2.991
2026-06-13,NGK35,2035-05-01,May 2035,106,2.969
2026-06-13,NGM35,2035-06-01,Jun 2035,107,3.004
2026-06-13,NGN35,2035-07-01,Jul 2035,108,3.044
2026-06-13,NGQ35,2035-08-01,Aug 2035,109,3.084
2026-06-13,NGU35,2035-09-01,Sep 2035,110,3.099
2026-06-13,NGV35,2035-10-01,Oct 2035,111,3.145
2026-06-13,NGX35,2035-11-01,Nov 2035,112,3.345
2026-06-13,NGZ35,2035-12-01,Dec 2035,113,3.655
2026-06-13,NGF36,2036-01-01,Jan 2036,114,3.925
2026-06-13,NGG36,2036-02-01,Feb 2036,115,3.755
2026-06-13,NGH36,2036-03-01,Mar 2036,116,3.485
2026-06-13,NGJ36,2036-04-01,Apr 2036,117,3.155
2026-06-13,NGK36,2036-05-01,May 2036,118,3.133
2026-06-13,NGM36,2036-06-01,Jun 2036,119,3.173
2026-06-13,NGN36,2036-07-01,Jul 2036,120,3.213
2026-06-13,NGQ36,2036-08-01,Aug 2036,121,3.253
2026-06-13,NGU36,2036-09-01,Sep 2036,122,3.268
2026-06-13,NGV36,2036-10-01,Oct 2036,123,3.314
2026-06-13,NGX36,2036-11-01,Nov 2036,124,3.464
2026-06-13,NGZ36,2036-12-01,Dec 2036,125,3.739
2026-06-13,NGF37,2037-01-01,Jan 2037,126,3.964
2026-06-13,NGG37,2037-02-01,Feb 2037,127,3.814
2026-06-13,NGH37,2037-03-01,Mar 2037,128,3.614
2026-06-13,NGJ37,2037-04-01,Apr 2037,129,3.284
2026-06-13,NGK37,2037-05-01,May 2037,130,3.262
2026-06-13,NGM37,2037-06-01,Jun 2037,131,3.297
2026-06-13,NGN37,2037-07-01,Jul 2037,132,3.337
2026-06-13,NGQ37,2037-08-01,Aug 2037,133,3.377
2026-06-13,NGU37,2037-09-01,Sep 2037,134,3.392
2026-06-13,NGV37,2037-10-01,Oct 2037,135,3.438
2026-06-13,NGX37,2037-11-01,Nov 2037,136,3.563
2026-06-13,NGZ37,2037-12-01,Dec 2037,137,3.788
2026-06-13,NGF38,2038-01-01,Jan 2038,138,4.053
2026-06-14,NGN26,2026-07-01,Jul 2026,0,3.12
2026-06-14,NGQ26,2026-08-01,Aug 2026,1,3.157
2026-06-14,NGU26,2026-09-01,Sep 2026,2,3.126
2026-06-14,NGV26,2026-10-01,Oct 2026,3,3.16
2026-06-14,NGX26,2026-11-01,Nov 2026,4,3.343
2026-06-14,NGZ26,2026-12-01,Dec 2026,5,3.973
2026-06-14,NGF27,2027-01-01,Jan 2027,6,4.389
2026-06-14,NGG27,2027-02-01,Feb 2027,7,3.963
2026-06-14,NGH27,2027-03-01,Mar 2027,8,3.169
2026-06-14,NGJ27,2027-04-01,Apr 2027,9,2.97
2026-06-14,NGK27,2027-05-01,May 2027,10,2.945
2026-06-14,NGM27,2027-06-01,Jun 2027,11,3.082
2026-06-14,NGN27,2027-07-01,Jul 2027,12,3.293
2026-06-14,NGQ27,2027-08-01,Aug 2027,13,3.347
2026-06-14,NGU27,2027-09-01,Sep 2027,14,3.323
2026-06-14,NGV27,2027-10-01,Oct 2027,15,3.397
2026-06-14,NGX27,2027-11-01,Nov 2027,16,3.648
2026-06-14,NGZ27,2027-12-01,Dec 2027,17,4.301
2026-06-14,NGF28,2028-01-01,Jan 2028,18,4.719
2026-06-14,NGG28,2028-02-01,Feb 2028,19,4.243
2026-06-14,NGH28,2028-03-01,Mar 2028,20,3.471
2026-06-14,NGJ28,2028-04-01,Apr 2028,21,3.185
2026-06-14,NGK28,2028-05-01,May 2028,22,3.16
2026-06-14,NGM28,2028-06-01,Jun 2028,23,3.302
2026-06-14,NGN28,2028-07-01,Jul 2028,24,3.512
2026-06-14,NGQ28,2028-08-01,Aug 2028,25,3.573
2026-06-14,NGU28,2028-09-01,Sep 2028,26,3.554
2026-06-14,NGV28,2028-10-01,Oct 2028,27,3.62
2026-06-14,NGX28,2028-11-01,Nov 2028,28,3.829
2026-06-14,NGZ28,2028-12-01,Dec 2028,29,4.418
2026-06-14,NGF29,2029-01-01,Jan 2029,30,4.82
2026-06-14,NGG29,2029-02-01,Feb 2029,31,4.333
2026-06-14,NGH29,2029-03-01,Mar 2029,32,3.479
2026-06-14,NGJ29,2029-04-01,Apr 2029,33,3.152
2026-06-14,NGK29,2029-05-01,May 2029,34,3.128
2026-06-14,NGM29,2029-06-01,Jun 2029,35,3.244
2026-06-14,NGN29,2029-07-01,Jul 2029,36,3.453
2026-06-14,NGQ29,2029-08-01,Aug 2029,37,3.519
2026-06-14,NGU29,2029-09-01,Sep 2029,38,3.504
2026-06-14,NGV29,2029-10-01,Oct 2029,39,3.577
2026-06-14,NGX29,2029-11-01,Nov 2029,40,3.753
2026-06-14,NGZ29,2029-12-01,Dec 2029,41,4.328
2026-06-14,NGF30,2030-01-01,Jan 2030,42,4.748
2026-06-14,NGG30,2030-02-01,Feb 2030,43,4.291
2026-06-14,NGH30,2030-03-01,Mar 2030,44,3.491
2026-06-14,NGJ30,2030-04-01,Apr 2030,45,3.062
2026-06-14,NGK30,2030-05-01,May 2030,46,3.02
2026-06-14,NGM30,2030-06-01,Jun 2030,47,3.139
2026-06-14,NGN30,2030-07-01,Jul 2030,48,3.371
2026-06-14,NGQ30,2030-08-01,Aug 2030,49,3.408
2026-06-14,NGU30,2030-09-01,Sep 2030,50,3.376
2026-06-14,NGV30,2030-10-01,Oct 2030,51,3.456
2026-06-14,NGX30,2030-11-01,Nov 2030,52,3.65
2026-06-14,NGZ30,2030-12-01,Dec 2030,53,4.18
2026-06-14,NGF31,2031-01-01,Jan 2031,54,4.557
2026-06-14,NGG31,2031-02-01,Feb 2031,55,4.087
2026-06-14,NGH31,2031-03-01,Mar 2031,56,3.369
2026-06-14,NGJ31,2031-04-01,Apr 2031,57,2.95
2026-06-14,NGK31,2031-05-01,May 2031,58,2.915
2026-06-14,NGM31,2031-06-01,Jun 2031,59,3.044
2026-06-14,NGN31,2031-07-01,Jul 2031,60,3.249
2026-06-14,NGQ31,2031-08-01,Aug 2031,61,3.305
2026-06-14,NGU31,2031-09-01,Sep 2031,62,3.284
2026-06-14,NGV31,2031-10-01,Oct 2031,63,3.364
2026-06-14,NGX31,2031-11-01,Nov 2031,64,3.598
2026-06-14,NGZ31,2031-12-01,Dec 2031,65,4.183
2026-06-14,NGF32,2032-01-01,Jan 2032,66,4.51
2026-06-14,NGG32,2032-02-01,Feb 2032,67,4.04
2026-06-14,NGH32,2032-03-01,Mar 2032,68,3.308
2026-06-14,NGJ32,2032-04-01,Apr 2032,69,2.849
2026-06-14,NGK32,2032-05-01,May 2032,70,2.815
2026-06-14,NGM32,2032-06-01,Jun 2032,71,2.941
2026-06-14,NGN32,2032-07-01,Jul 2032,72,3.119
2026-06-14,NGQ32,2032-08-01,Aug 2032,73,3.169
2026-06-14,NGU32,2032-09-01,Sep 2032,74,3.141
2026-06-14,NGV32,2032-10-01,Oct 2032,75,3.203
2026-06-14,NGX32,2032-11-01,Nov 2032,76,3.419
2026-06-14,NGZ32,2032-12-01,Dec 2032,77,3.924
2026-06-14,NGF33,2033-01-01,Jan 2033,78,4.207
2026-06-14,NGG33,2033-02-01,Feb 2033,79,3.752
2026-06-14,NGH33,2033-03-01,Mar 2033,80,3.065
2026-06-14,NGJ33,2033-04-01,Apr 2033,81,2.695
2026-06-14,NGK33,2033-05-01,May 2033,82,2.675
2026-06-14,NGM33,2033-06-01,Jun 2033,83,2.818
2026-06-14,NGN33,2033-07-01,Jul 2033,84,3.01
2026-06-14,NGQ33,2033-08-01,Aug 2033,85,3.08
2026-06-14,NGU33,2033-09-01,Sep 2033,86,3.055
2026-06-14,NGV33,2033-10-01,Oct 2033,87,3.13
2026-06-14,NGX33,2033-11-01,Nov 2033,88,3.37
2026-06-14,NGZ33,2033-12-01,Dec 2033,89,3.8
2026-06-14,NGF34,2034-01-01,Jan 2034,90,4.08
2026-06-14,NGG34,2034-02-01,Feb 2034,91,3.775
2026-06-14,NGH34,2034-03-01,Mar 2034,92,3.165
2026-06-14,NGJ34,2034-04-01,Apr 2034,93,2.745
2026-06-14,NGK34,2034-05-01,May 2034,94,2.735
2026-06-14,NGM34,2034-06-01,Jun 2034,95,2.885
2026-06-14,NGN34,2034-07-01,Jul 2034,96,3.065
2026-06-14,NGQ34,2034-08-01,Aug 2034,97,3.125
2026-06-14,NGU34,2034-09-01,Sep 2034,98,3.14
2026-06-14,NGV34,2034-10-01,Oct 2034,99,3.186
2026-06-14,NGX34,2034-11-01,Nov 2034,100,3.426
2026-06-14,NGZ34,2034-12-01,Dec 2034,101,3.826
2026-06-14,NGF35,2035-01-01,Jan 2035,102,4.051
2026-06-14,NGG35,2035-02-01,Feb 2035,103,3.811
2026-06-14,NGH35,2035-03-01,Mar 2035,104,3.381
2026-06-14,NGJ35,2035-04-01,Apr 2035,105,2.991
2026-06-14,NGK35,2035-05-01,May 2035,106,2.969
2026-06-14,NGM35,2035-06-01,Jun 2035,107,3.004
2026-06-14,NGN35,2035-07-01,Jul 2035,108,3.044
2026-06-14,NGQ35,2035-08-01,Aug 2035,109,3.084
2026-06-14,NGU35,2035-09-01,Sep 2035,110,3.099
2026-06-14,NGV35,2035-10-01,Oct 2035,111,3.145
2026-06-14,NGX35,2035-11-01,Nov 2035,112,3.345
2026-06-14,NGZ35,2035-12-01,Dec 2035,113,3.655
2026-06-14,NGF36,2036-01-01,Jan 2036,114,3.925
2026-06-14,NGG36,2036-02-01,Feb 2036,115,3.755
2026-06-14,NGH36,2036-03-01,Mar 2036,116,3.485
2026-06-14,NGJ36,2036-04-01,Apr 2036,117,3.155
2026-06-14,NGK36,2036-05-01,May 2036,118,3.133
2026-06-14,NGM36,2036-06-01,Jun 2036,119,3.173
2026-06-14,NGN36,2036-07-01,Jul 2036,120,3.213
2026-06-14,NGQ36,2036-08-01,Aug 2036,121,3.253
2026-06-14,NGU36,2036-09-01,Sep 2036,122,3.268
2026-06-14,NGV36,2036-10-01,Oct 2036,123,3.314
2026-06-14,NGX36,2036-11-01,Nov 2036,124,3.464
2026-06-14,NGZ36,2036-12-01,Dec 2036,125,3.739
2026-06-14,NGF37,2037-01-01,Jan 2037,126,3.964
2026-06-14,NGG37,2037-02-01,Feb 2037,127,3.814
2026-06-14,NGH37,2037-03-01,Mar 2037,128,3.614
2026-06-14,NGJ37,2037-04-01,Apr 2037,129,3.284
2026-06-14,NGK37,2037-05-01,May 2037,130,3.262
2026-06-14,NGM37,2037-06-01,Jun 2037,131,3.297
2026-06-14,NGN37,2037-07-01,Jul 2037,132,3.337
2026-06-14,NGQ37,2037-08-01,Aug 2037,133,3.377
2026-06-14,NGU37,2037-09-01,Sep 2037,134,3.392
2026-06-14,NGV37,2037-10-01,Oct 2037,135,3.438
2026-06-14,NGX37,2037-11-01,Nov 2037,136,3.563
2026-06-14,NGZ37,2037-12-01,Dec 2037,137,3.788
2026-06-14,NGF38,2038-01-01,Jan 2038,138,4.053
2026-06-14,NGG38,2038-02-01,Feb 2038,139,3.903
2026-06-14,NGH38,2038-03-01,Mar 2038,140,3.703
2026-06-14,NGJ38,2038-04-01,Apr 2038,141,3.373
2026-06-14,NGK38,2038-05-01,May 2038,142,3.351
2026-06-14,NGM38,2038-06-01,Jun 2038,143,3.431
2026-06-14,NGN38,2038-07-01,Jul 2038,144,3.531
2026-06-14,NGQ38,2038-08-01,Aug 2038,145,3.571
2026-06-14,NGU38,2038-09-01,Sep 2038,146,3.586
2026-06-14,NGV38,2038-10-01,Oct 2038,147,3.632
2026-06-14,NGX38,2038-11-01,Nov 2038,148,3.704
2026-06-14,NGZ38,2038-12-01,Dec 2038,149,3.859
2026-06-15,NGN26,2026-07-01,Jul 2026,0,3.157
2026-06-15,NGQ26,2026-08-01,Aug 2026,1,3.178
2026-06-15,NGU26,2026-09-01,Sep 2026,2,3.14
2026-06-15,NGV26,2026-10-01,Oct 2026,3,3.176
2026-06-15,NGX26,2026-11-01,Nov 2026,4,3.355
2026-06-15,NGZ26,2026-12-01,Dec 2026,5,3.968
2026-06-15,NGF27,2027-01-01,Jan 2027,6,4.371
2026-06-15,NGG27,2027-02-01,Feb 2027,7,3.944
2026-06-15,NGH27,2027-03-01,Mar 2027,8,3.155
2026-06-15,NGJ27,2027-04-01,Apr 2027,9,2.955
2026-06-15,NGK27,2027-05-01,May 2027,10,2.932
2026-06-15,NGM27,2027-06-01,Jun 2027,11,3.069
2026-06-15,NGN27,2027-07-01,Jul 2027,12,3.28
2026-06-15,NGQ27,2027-08-01,Aug 2027,13,3.333
2026-06-15,NGU27,2027-09-01,Sep 2027,14,3.306
2026-06-15,NGV27,2027-10-01,Oct 2027,15,3.38
2026-06-15,NGX27,2027-11-01,Nov 2027,16,3.633
2026-06-15,NGZ27,2027-12-01,Dec 2027,17,4.276
2026-06-15,NGF28,2028-01-01,Jan 2028,18,4.691
2026-06-15,NGG28,2028-02-01,Feb 2028,19,4.237
2026-06-15,NGH28,2028-03-01,Mar 2028,20,3.459
2026-06-15,NGJ28,2028-04-01,Apr 2028,21,3.177
2026-06-15,NGK28,2028-05-01,May 2028,22,3.153
2026-06-15,NGM28,2028-06-01,Jun 2028,23,3.293
2026-06-15,NGN28,2028-07-01,Jul 2028,24,3.502
2026-06-15,NGQ28,2028-08-01,Aug 2028,25,3.563
2026-06-15,NGU28,2028-09-01,Sep 2028,26,3.542
2026-06-15,NGV28,2028-10-01,Oct 2028,27,3.595
2026-06-15,NGX28,2028-11-01,Nov 2028,28,3.809
2026-06-15,NGZ28,2028-12-01,Dec 2028,29,4.407
2026-06-15,NGF29,2029-01-01,Jan 2029,30,4.799
2026-06-15,NGG29,2029-02-01,Feb 2029,31,4.334
2026-06-15,NGH29,2029-03-01,Mar 2029,32,3.477
2026-06-15,NGJ29,2029-04-01,Apr 2029,33,3.151
2026-06-15,NGK29,2029-05-01,May 2029,34,3.124
2026-06-15,NGM29,2029-06-01,Jun 2029,35,3.236
2026-06-15,NGN29,2029-07-01,Jul 2029,36,3.449
2026-06-15,NGQ29,2029-08-01,Aug 2029,37,3.515
2026-06-15,NGU29,2029-09-01,Sep 2029,38,3.501
2026-06-15,NGV29,2029-10-01,Oct 2029,39,3.572
2026-06-15,NGX29,2029-11-01,Nov 2029,40,3.749
2026-06-15,NGZ29,2029-12-01,Dec 2029,41,4.325
2026-06-15,NGF30,2030-01-01,Jan 2030,42,4.746
2026-06-15,NGG30,2030-02-01,Feb 2030,43,4.29
2026-06-15,NGH30,2030-03-01,Mar 2030,44,3.483
2026-06-15,NGJ30,2030-04-01,Apr 2030,45,3.058
2026-06-15,NGK30,2030-05-01,May 2030,46,3.017
2026-06-15,NGM30,2030-06-01,Jun 2030,47,3.138
2026-06-15,NGN30,2030-07-01,Jul 2030,48,3.369
2026-06-15,NGQ30,2030-08-01,Aug 2030,49,3.406
2026-06-15,NGU30,2030-09-01,Sep 2030,50,3.375
2026-06-15,NGV30,2030-10-01,Oct 2030,51,3.45
2026-06-15,NGX30,2030-11-01,Nov 2030,52,3.645
2026-06-15,NGZ30,2030-12-01,Dec 2030,53,4.171
2026-06-15,NGF31,2031-01-01,Jan 2031,54,4.546
2026-06-15,NGG31,2031-02-01,Feb 2031,55,4.088
2026-06-15,NGH31,2031-03-01,Mar 2031,56,3.368
2026-06-15,NGJ31,2031-04-01,Apr 2031,57,2.948
2026-06-15,NGK31,2031-05-01,May 2031,58,2.914
2026-06-15,NGM31,2031-06-01,Jun 2031,59,3.04
2026-06-15,NGN31,2031-07-01,Jul 2031,60,3.242
2026-06-15,NGQ31,2031-08-01,Aug 2031,61,3.298
2026-06-15,NGU31,2031-09-01,Sep 2031,62,3.276
2026-06-15,NGV31,2031-10-01,Oct 2031,63,3.356
2026-06-15,NGX31,2031-11-01,Nov 2031,64,3.593
2026-06-15,NGZ31,2031-12-01,Dec 2031,65,4.178
2026-06-15,NGF32,2032-01-01,Jan 2032,66,4.505
2026-06-15,NGG32,2032-02-01,Feb 2032,67,4.035
2026-06-15,NGH32,2032-03-01,Mar 2032,68,3.303
2026-06-15,NGJ32,2032-04-01,Apr 2032,69,2.844
2026-06-15,NGK32,2032-05-01,May 2032,70,2.81
2026-06-15,NGM32,2032-06-01,Jun 2032,71,2.936
2026-06-15,NGN32,2032-07-01,Jul 2032,72,3.114
2026-06-15,NGQ32,2032-08-01,Aug 2032,73,3.164
2026-06-15,NGU32,2032-09-01,Sep 2032,74,3.136
2026-06-15,NGV32,2032-10-01,Oct 2032,75,3.198
2026-06-15,NGX32,2032-11-01,Nov 2032,76,3.414
2026-06-15,NGZ32,2032-12-01,Dec 2032,77,3.919
2026-06-15,NGF33,2033-01-01,Jan 2033,78,4.202
2026-06-15,NGG33,2033-02-01,Feb 2033,79,3.747
2026-06-15,NGH33,2033-03-01,Mar 2033,80,3.06
2026-06-15,NGJ33,2033-04-01,Apr 2033,81,2.73
2026-06-15,NGK33,2033-05-01,May 2033,82,2.702
2026-06-15,NGM33,2033-06-01,Jun 2033,83,2.813
2026-06-15,NGN33,2033-07-01,Jul 2033,84,3.005
2026-06-15,NGQ33,2033-08-01,Aug 2033,85,3.075
2026-06-15,NGU33,2033-09-01,Sep 2033,86,3.05
2026-06-15,NGV33,2033-10-01,Oct 2033,87,3.125
2026-06-15,NGX33,2033-11-01,Nov 2033,88,3.365
2026-06-15,NGZ33,2033-12-01,Dec 2033,89,3.795
2026-06-15,NGF34,2034-01-01,Jan 2034,90,4.075
2026-06-15,NGG34,2034-02-01,Feb 2034,91,3.77
2026-06-15,NGH34,2034-03-01,Mar 2034,92,3.16
2026-06-15,NGJ34,2034-04-01,Apr 2034,93,2.74
2026-06-15,NGK34,2034-05-01,May 2034,94,2.73
2026-06-15,NGM34,2034-06-01,Jun 2034,95,2.88
2026-06-15,NGN34,2034-07-01,Jul 2034,96,3.06
2026-06-15,NGQ34,2034-08-01,Aug 2034,97,3.12
2026-06-15,NGU34,2034-09-01,Sep 2034,98,3.135
2026-06-15,NGV34,2034-10-01,Oct 2034,99,3.3
2026-06-15,NGX34,2034-11-01,Nov 2034,100,3.421
2026-06-15,NGZ34,2034-12-01,Dec 2034,101,3.821
2026-06-15,NGF35,2035-01-01,Jan 2035,102,4.046
2026-06-15,NGG35,2035-02-01,Feb 2035,103,3.806
2026-06-15,NGH35,2035-03-01,Mar 2035,104,3.376
2026-06-15,NGJ35,2035-04-01,Apr 2035,105,2.986
2026-06-15,NGK35,2035-05-01,May 2035,106,2.964
2026-06-15,NGM35,2035-06-01,Jun 2035,107,2.999
2026-06-15,NGN35,2035-07-01,Jul 2035,108,3.039
2026-06-15,NGQ35,2035-08-01,Aug 2035,109,3.079
2026-06-15,NGU35,2035-09-01,Sep 2035,110,3.094
2026-06-15,NGV35,2035-10-01,Oct 2035,111,3.14
2026-06-15,NGX35,2035-11-01,Nov 2035,112,3.34
2026-06-15,NGZ35,2035-12-01,Dec 2035,113,3.65
2026-06-15,NGF36,2036-01-01,Jan 2036,114,3.92
2026-06-15,NGG36,2036-02-01,Feb 2036,115,3.75
2026-06-15,NGH36,2036-03-01,Mar 2036,116,3.48
2026-06-15,NGJ36,2036-04-01,Apr 2036,117,3.15
2026-06-15,NGK36,2036-05-01,May 2036,118,3.128
2026-06-15,NGM36,2036-06-01,Jun 2036,119,3.168
2026-06-15,NGN36,2036-07-01,Jul 2036,120,3.208
2026-06-15,NGQ36,2036-08-01,Aug 2036,121,3.248
2026-06-15,NGU36,2036-09-01,Sep 2036,122,3.263
2026-06-15,NGV36,2036-10-01,Oct 2036,123,3.309
2026-06-15,NGX36,2036-11-01,Nov 2036,124,3.459
2026-06-15,NGZ36,2036-12-01,Dec 2036,125,3.734
2026-06-15,NGF37,2037-01-01,Jan 2037,126,3.959
2026-06-15,NGG37,2037-02-01,Feb 2037,127,3.809
2026-06-15,NGH37,2037-03-01,Mar 2037,128,3.609
2026-06-15,NGJ37,2037-04-01,Apr 2037,129,3.279
2026-06-15,NGK37,2037-05-01,May 2037,130,3.257
2026-06-15,NGM37,2037-06-01,Jun 2037,131,3.292
2026-06-15,NGN37,2037-07-01,Jul 2037,132,3.332
2026-06-15,NGQ37,2037-08-01,Aug 2037,133,3.372
2026-06-15,NGU37,2037-09-01,Sep 2037,134,3.387
2026-06-15,NGV37,2037-10-01,Oct 2037,135,3.433
2026-06-15,NGX37,2037-11-01,Nov 2037,136,3.558
2026-06-15,NGZ37,2037-12-01,Dec 2037,137,3.783
2026-06-15,NGF38,2038-01-01,Jan 2038,138,4.048
2026-06-15,NGG38,2038-02-01,Feb 2038,139,3.898
2026-06-15,NGH38,2038-03-01,Mar 2038,140,3.698
2026-06-15,NGJ38,2038-04-01,Apr 2038,141,3.368
2026-06-15,NGK38,2038-05-01,May 2038,142,3.346
2026-06-15,NGM38,2038-06-01,Jun 2038,143,3.426
2026-06-15,NGN38,2038-07-01,Jul 2038,144,3.526
2026-06-15,NGQ38,2038-08-01,Aug 2038,145,3.566
2026-06-15,NGU38,2038-09-01,Sep 2038,146,3.581
2026-06-15,NGV38,2038-10-01,Oct 2038,147,3.627
2026-06-15,NGX38,2038-11-01,Nov 2038,148,3.699
2026-06-15,NGZ38,2038-12-01,Dec 2038,149,3.854
2026-06-16,NGN26,2026-07-01,Jul 2026,0,3.248
2026-06-16,NGQ26,2026-08-01,Aug 2026,1,3.266
2026-06-16,NGU26,2026-09-01,Sep 2026,2,3.226
2026-06-16,NGV26,2026-10-01,Oct 2026,3,3.253
2026-06-16,NGX26,2026-11-01,Nov 2026,4,3.433
2026-06-16,NGZ26,2026-12-01,Dec 2026,5,4.034
2026-06-16,NGF27,2027-01-01,Jan 2027,6,4.43
2026-06-16,NGG27,2027-02-01,Feb 2027,7,3.998
2026-06-16,NGH27,2027-03-01,Mar 2027,8,3.203
2026-06-16,NGJ27,2027-04-01,Apr 2027,9,2.991
2026-06-16,NGK27,2027-05-01,May 2027,10,2.963
2026-06-16,NGM27,2027-06-01,Jun 2027,11,3.096
2026-06-16,NGN27,2027-07-01,Jul 2027,12,3.303
2026-06-16,NGQ27,2027-08-01,Aug 2027,13,3.353
2026-06-16,NGU27,2027-09-01,Sep 2027,14,3.324
2026-06-16,NGV27,2027-10-01,Oct 2027,15,3.398
2026-06-16,NGX27,2027-11-01,Nov 2027,16,3.646
2026-06-16,NGZ27,2027-12-01,Dec 2027,17,4.291
2026-06-16,NGF28,2028-01-01,Jan 2028,18,4.703
2026-06-16,NGG28,2028-02-01,Feb 2028,19,4.256
2026-06-16,NGH28,2028-03-01,Mar 2028,20,3.469
2026-06-16,NGJ28,2028-04-01,Apr 2028,21,3.185
2026-06-16,NGK28,2028-05-01,May 2028,22,3.165
2026-06-16,NGM28,2028-06-01,Jun 2028,23,3.299
2026-06-16,NGN28,2028-07-01,Jul 2028,24,3.504
2026-06-16,NGQ28,2028-08-01,Aug 2028,25,3.568
2026-06-16,NGU28,2028-09-01,Sep 2028,26,3.543
2026-06-16,NGV28,2028-10-01,Oct 2028,27,3.609
2026-06-16,NGX28,2028-11-01,Nov 2028,28,3.823
2026-06-16,NGZ28,2028-12-01,Dec 2028,29,4.414
2026-06-16,NGF29,2029-01-01,Jan 2029,30,4.807
2026-06-16,NGG29,2029-02-01,Feb 2029,31,4.331
2026-06-16,NGH29,2029-03-01,Mar 2029,32,3.482
2026-06-16,NGJ29,2029-04-01,Apr 2029,33,3.141
2026-06-16,NGK29,2029-05-01,May 2029,34,3.114
2026-06-16,NGM29,2029-06-01,Jun 2029,35,3.225
2026-06-16,NGN29,2029-07-01,Jul 2029,36,3.438
2026-06-16,NGQ29,2029-08-01,Aug 2029,37,3.504
2026-06-16,NGU29,2029-09-01,Sep 2029,38,3.49
2026-06-16,NGV29,2029-10-01,Oct 2029,39,3.565
2026-06-16,NGX29,2029-11-01,Nov 2029,40,3.742
2026-06-16,NGZ29,2029-12-01,Dec 2029,41,4.319
2026-06-16,NGF30,2030-01-01,Jan 2030,42,4.742
2026-06-16,NGG30,2030-02-01,Feb 2030,43,4.285
2026-06-16,NGH30,2030-03-01,Mar 2030,44,3.475
2026-06-16,NGJ30,2030-04-01,Apr 2030,45,3.061
2026-06-16,NGK30,2030-05-01,May 2030,46,3.021
2026-06-16,NGM30,2030-06-01,Jun 2030,47,3.142
2026-06-16,NGN30,2030-07-01,Jul 2030,48,3.374
2026-06-16,NGQ30,2030-08-01,Aug 2030,49,3.411
2026-06-16,NGU30,2030-09-01,Sep 2030,50,3.378
2026-06-16,NGV30,2030-10-01,Oct 2030,51,3.453
2026-06-16,NGX30,2030-11-01,Nov 2030,52,3.65
2026-06-16,NGZ30,2030-12-01,Dec 2030,53,4.18
2026-06-16,NGF31,2031-01-01,Jan 2031,54,4.556
2026-06-16,NGG31,2031-02-01,Feb 2031,55,4.097
2026-06-16,NGH31,2031-03-01,Mar 2031,56,3.376
2026-06-16,NGJ31,2031-04-01,Apr 2031,57,2.961
2026-06-16,NGK31,2031-05-01,May 2031,58,2.924
2026-06-16,NGM31,2031-06-01,Jun 2031,59,3.05
2026-06-16,NGN31,2031-07-01,Jul 2031,60,3.252
2026-06-16,NGQ31,2031-08-01,Aug 2031,61,3.308
2026-06-16,NGU31,2031-09-01,Sep 2031,62,3.285
2026-06-16,NGV31,2031-10-01,Oct 2031,63,3.365
2026-06-16,NGX31,2031-11-01,Nov 2031,64,3.6
2026-06-16,NGZ31,2031-12-01,Dec 2031,65,4.183
2026-06-16,NGF32,2032-01-01,Jan 2032,66,4.51
2026-06-16,NGG32,2032-02-01,Feb 2032,67,4.037
2026-06-16,NGH32,2032-03-01,Mar 2032,68,3.294
2026-06-16,NGJ32,2032-04-01,Apr 2032,69,2.841
2026-06-16,NGK32,2032-05-01,May 2032,70,2.806
2026-06-16,NGM32,2032-06-01,Jun 2032,71,2.93
2026-06-16,NGN32,2032-07-01,Jul 2032,72,3.12
2026-06-16,NGQ32,2032-08-01,Aug 2032,73,3.169
2026-06-16,NGU32,2032-09-01,Sep 2032,74,3.149
2026-06-16,NGV32,2032-10-01,Oct 2032,75,3.229
2026-06-16,NGX32,2032-11-01,Nov 2032,76,3.459
2026-06-16,NGZ32,2032-12-01,Dec 2032,77,3.97
2026-06-16,NGF33,2033-01-01,Jan 2033,78,4.251
2026-06-16,NGG33,2033-02-01,Feb 2033,79,3.795
2026-06-16,NGH33,2033-03-01,Mar 2033,80,3.093
2026-06-16,NGJ33,2033-04-01,Apr 2033,81,2.723
2026-06-16,NGK33,2033-05-01,May 2033,82,2.715
2026-06-16,NGM33,2033-06-01,Jun 2033,83,2.856
2026-06-16,NGN33,2033-07-01,Jul 2033,84,3.047
2026-06-16,NGQ33,2033-08-01,Aug 2033,85,3.116
2026-06-16,NGU33,2033-09-01,Sep 2033,86,3.09
2026-06-16,NGV33,2033-10-01,Oct 2033,87,3.163
2026-06-16,NGX33,2033-11-01,Nov 2033,88,3.402
2026-06-16,NGZ33,2033-12-01,Dec 2033,89,3.821
2026-06-16,NGF34,2034-01-01,Jan 2034,90,4.101
2026-06-16,NGG34,2034-02-01,Feb 2034,91,3.796
2026-06-16,NGH34,2034-03-01,Mar 2034,92,3.186
2026-06-16,NGJ34,2034-04-01,Apr 2034,93,2.766
2026-06-16,NGK34,2034-05-01,May 2034,94,2.756
2026-06-16,NGM34,2034-06-01,Jun 2034,95,2.906
2026-06-16,NGN34,2034-07-01,Jul 2034,96,3.086
2026-06-16,NGQ34,2034-08-01,Aug 2034,97,3.146
2026-06-16,NGU34,2034-09-01,Sep 2034,98,3.161
2026-06-16,NGV34,2034-10-01,Oct 2034,99,3.207
2026-06-16,NGX34,2034-11-01,Nov 2034,100,3.447
2026-06-16,NGZ34,2034-12-01,Dec 2034,101,3.847
2026-06-16,NGF35,2035-01-01,Jan 2035,102,4.072
2026-06-16,NGG35,2035-02-01,Feb 2035,103,3.832
2026-06-16,NGH35,2035-03-01,Mar 2035,104,3.402
2026-06-16,NGJ35,2035-04-01,Apr 2035,105,3.012
2026-06-16,NGK35,2035-05-01,May 2035,106,2.99
2026-06-16,NGM35,2035-06-01,Jun 2035,107,3.025
2026-06-16,NGN35,2035-07-01,Jul 2035,108,3.065
2026-06-16,NGQ35,2035-08-01,Aug 2035,109,3.105
2026-06-16,NGU35,2035-09-01,Sep 2035,110,3.12
2026-06-16,NGV35,2035-10-01,Oct 2035,111,3.166
2026-06-16,NGX35,2035-11-01,Nov 2035,112,3.366
2026-06-16,NGZ35,2035-12-01,Dec 2035,113,3.676
2026-06-16,NGF36,2036-01-01,Jan 2036,114,3.946
2026-06-16,NGG36,2036-02-01,Feb 2036,115,3.776
2026-06-16,NGH36,2036-03-01,Mar 2036,116,3.506
2026-06-16,NGJ36,2036-04-01,Apr 2036,117,3.176
2026-06-16,NGK36,2036-05-01,May 2036,118,3.154
2026-06-16,NGM36,2036-06-01,Jun 2036,119,3.194
2026-06-16,NGN36,2036-07-01,Jul 2036,120,3.234
2026-06-16,NGQ36,2036-08-01,Aug 2036,121,3.274
2026-06-16,NGU36,2036-09-01,Sep 2036,122,3.289
2026-06-16,NGV36,2036-10-01,Oct 2036,123,3.335
2026-06-16,NGX36,2036-11-01,Nov 2036,124,3.485
2026-06-16,NGZ36,2036-12-01,Dec 2036,125,3.76
2026-06-16,NGF37,2037-01-01,Jan 2037,126,3.985
2026-06-16,NGG37,2037-02-01,Feb 2037,127,3.835
2026-06-16,NGH37,2037-03-01,Mar 2037,128,3.635
2026-06-16,NGJ37,2037-04-01,Apr 2037,129,3.305
2026-06-16,NGK37,2037-05-01,May 2037,130,3.283
2026-06-16,NGM37,2037-06-01,Jun 2037,131,3.318
2026-06-16,NGN37,2037-07-01,Jul 2037,132,3.358
2026-06-16,NGQ37,2037-08-01,Aug 2037,133,3.398
2026-06-16,NGU37,2037-09-01,Sep 2037,134,3.413
2026-06-16,NGV37,2037-10-01,Oct 2037,135,3.459
2026-06-16,NGX37,2037-11-01,Nov 2037,136,3.584
2026-06-16,NGZ37,2037-12-01,Dec 2037,137,3.809
2026-06-16,NGF38,2038-01-01,Jan 2038,138,4.074
2026-06-17,NGN26,2026-07-01,Jul 2026,0,3.181
2026-06-17,NGQ26,2026-08-01,Aug 2026,1,3.215
2026-06-17,NGU26,2026-09-01,Sep 2026,2,3.18
2026-06-17,NGV26,2026-10-01,Oct 2026,3,3.218
2026-06-17,NGX26,2026-11-01,Nov 2026,4,3.406
2026-06-17,NGZ26,2026-12-01,Dec 2026,5,4.026
2026-06-17,NGF27,2027-01-01,Jan 2027,6,4.425
2026-06-17,NGG27,2027-02-01,Feb 2027,7,4.005
2026-06-17,NGH27,2027-03-01,Mar 2027,8,3.204
2026-06-17,NGJ27,2027-04-01,Apr 2027,9,2.988
2026-06-17,NGK27,2027-05-01,May 2027,10,2.964
2026-06-17,NGM27,2027-06-01,Jun 2027,11,3.097
2026-06-17,NGN27,2027-07-01,Jul 2027,12,3.31
2026-06-17,NGQ27,2027-08-01,Aug 2027,13,3.364
2026-06-17,NGU27,2027-09-01,Sep 2027,14,3.339
2026-06-17,NGV27,2027-10-01,Oct 2027,15,3.415
2026-06-17,NGX27,2027-11-01,Nov 2027,16,3.667
2026-06-17,NGZ27,2027-12-01,Dec 2027,17,4.31
2026-06-17,NGF28,2028-01-01,Jan 2028,18,4.72
2026-06-17,NGG28,2028-02-01,Feb 2028,19,4.256
2026-06-17,NGH28,2028-03-01,Mar 2028,20,3.48
2026-06-17,NGJ28,2028-04-01,Apr 2028,21,3.186
2026-06-17,NGK28,2028-05-01,May 2028,22,3.162
2026-06-17,NGM28,2028-06-01,Jun 2028,23,3.297
2026-06-17,NGN28,2028-07-01,Jul 2028,24,3.505
2026-06-17,NGQ28,2028-08-01,Aug 2028,25,3.563
2026-06-17,NGU28,2028-09-01,Sep 2028,26,3.548
2026-06-17,NGV28,2028-10-01,Oct 2028,27,3.607
2026-06-17,NGX28,2028-11-01,Nov 2028,28,3.83
2026-06-17,NGZ28,2028-12-01,Dec 2028,29,4.42
2026-06-17,NGF29,2029-01-01,Jan 2029,30,4.824
2026-06-17,NGG29,2029-02-01,Feb 2029,31,4.352
2026-06-17,NGH29,2029-03-01,Mar 2029,32,3.477
2026-06-17,NGJ29,2029-04-01,Apr 2029,33,3.151
2026-06-17,NGK29,2029-05-01,May 2029,34,3.125
2026-06-17,NGM29,2029-06-01,Jun 2029,35,3.239
2026-06-17,NGN29,2029-07-01,Jul 2029,36,3.453
2026-06-17,NGQ29,2029-08-01,Aug 2029,37,3.518
2026-06-17,NGU29,2029-09-01,Sep 2029,38,3.504
2026-06-17,NGV29,2029-10-01,Oct 2029,39,3.579
2026-06-17,NGX29,2029-11-01,Nov 2029,40,3.756
2026-06-17,NGZ29,2029-12-01,Dec 2029,41,4.333
2026-06-17,NGF30,2030-01-01,Jan 2030,42,4.756
2026-06-17,NGG30,2030-02-01,Feb 2030,43,4.302
2026-06-17,NGH30,2030-03-01,Mar 2030,44,3.485
2026-06-17,NGJ30,2030-04-01,Apr 2030,45,3.069
2026-06-17,NGK30,2030-05-01,May 2030,46,3.029
2026-06-17,NGM30,2030-06-01,Jun 2030,47,3.151
2026-06-17,NGN30,2030-07-01,Jul 2030,48,3.384
2026-06-17,NGQ30,2030-08-01,Aug 2030,49,3.422
2026-06-17,NGU30,2030-09-01,Sep 2030,50,3.389
2026-06-17,NGV30,2030-10-01,Oct 2030,51,3.46
2026-06-17,NGX30,2030-11-01,Nov 2030,52,3.663
2026-06-17,NGZ30,2030-12-01,Dec 2030,53,4.191
2026-06-17,NGF31,2031-01-01,Jan 2031,54,4.565
2026-06-17,NGG31,2031-02-01,Feb 2031,55,4.109
2026-06-17,NGH31,2031-03-01,Mar 2031,56,3.384
2026-06-17,NGJ31,2031-04-01,Apr 2031,57,2.97
2026-06-17,NGK31,2031-05-01,May 2031,58,2.937
2026-06-17,NGM31,2031-06-01,Jun 2031,59,3.065
2026-06-17,NGN31,2031-07-01,Jul 2031,60,3.266
2026-06-17,NGQ31,2031-08-01,Aug 2031,61,3.322
2026-06-17,NGU31,2031-09-01,Sep 2031,62,3.298
2026-06-17,NGV31,2031-10-01,Oct 2031,63,3.378
2026-06-17,NGX31,2031-11-01,Nov 2031,64,3.615
2026-06-17,NGZ31,2031-12-01,Dec 2031,65,4.199
2026-06-17,NGF32,2032-01-01,Jan 2032,66,4.526
2026-06-17,NGG32,2032-02-01,Feb 2032,67,4.064
2026-06-17,NGH32,2032-03-01,Mar 2032,68,3.307
2026-06-17,NGJ32,2032-04-01,Apr 2032,69,2.852
2026-06-17,NGK32,2032-05-01,May 2032,70,2.822
2026-06-17,NGM32,2032-06-01,Jun 2032,71,2.957
2026-06-17,NGN32,2032-07-01,Jul 2032,72,3.139
2026-06-17,NGQ32,2032-08-01,Aug 2032,73,3.192
2026-06-17,NGU32,2032-09-01,Sep 2032,74,3.167
2026-06-17,NGV32,2032-10-01,Oct 2032,75,3.232
2026-06-17,NGX32,2032-11-01,Nov 2032,76,3.447
2026-06-17,NGZ32,2032-12-01,Dec 2032,77,3.972
2026-06-17,NGF33,2033-01-01,Jan 2033,78,4.277
2026-06-17,NGG33,2033-02-01,Feb 2033,79,3.82
2026-06-17,NGH33,2033-03-01,Mar 2033,80,3.116
2026-06-17,NGJ33,2033-04-01,Apr 2033,81,2.755
2026-06-17,NGK33,2033-05-01,May 2033,82,2.743
2026-06-17,NGM33,2033-06-01,Jun 2033,83,2.884
2026-06-17,NGN33,2033-07-01,Jul 2033,84,3.073
2026-06-17,NGQ33,2033-08-01,Aug 2033,85,3.124
2026-06-17,NGU33,2033-09-01,Sep 2033,86,3.098
2026-06-17,NGV33,2033-10-01,Oct 2033,87,3.171
2026-06-17,NGX33,2033-11-01,Nov 2033,88,3.41
2026-06-17,NGZ33,2033-12-01,Dec 2033,89,3.829
2026-06-17,NGF34,2034-01-01,Jan 2034,90,4.109
2026-06-17,NGG34,2034-02-01,Feb 2034,91,3.804
2026-06-17,NGH34,2034-03-01,Mar 2034,92,3.194
2026-06-17,NGJ34,2034-04-01,Apr 2034,93,2.774
2026-06-17,NGK34,2034-05-01,May 2034,94,2.764
2026-06-17,NGM34,2034-06-01,Jun 2034,95,2.914
2026-06-17,NGN34,2034-07-01,Jul 2034,96,3.094
2026-06-17,NGQ34,2034-08-01,Aug 2034,97,3.154
2026-06-17,NGU34,2034-09-01,Sep 2034,98,3.169
2026-06-17,NGV34,2034-10-01,Oct 2034,99,3.215
2026-06-17,NGX34,2034-11-01,Nov 2034,100,3.455
2026-06-17,NGZ34,2034-12-01,Dec 2034,101,3.855
2026-06-17,NGF35,2035-01-01,Jan 2035,102,4.08
2026-06-17,NGG35,2035-02-01,Feb 2035,103,3.84
2026-06-17,NGH35,2035-03-01,Mar 2035,104,3.41
2026-06-17,NGJ35,2035-04-01,Apr 2035,105,3.02
2026-06-17,NGK35,2035-05-01,May 2035,106,2.998
2026-06-17,NGM35,2035-06-01,Jun 2035,107,3.033
2026-06-17,NGN35,2035-07-01,Jul 2035,108,3.073
2026-06-17,NGQ35,2035-08-01,Aug 2035,109,3.113
2026-06-17,NGU35,2035-09-01,Sep 2035,110,3.128
2026-06-17,NGV35,2035-10-01,Oct 2035,111,3.174
2026-06-17,NGX35,2035-11-01,Nov 2035,112,3.374
2026-06-17,NGZ35,2035-12-01,Dec 2035,113,3.684
2026-06-17,NGF36,2036-01-01,Jan 2036,114,3.954
2026-06-17,NGG36,2036-02-01,Feb 2036,115,3.784
2026-06-17,NGH36,2036-03-01,Mar 2036,116,3.514
2026-06-17,NGJ36,2036-04-01,Apr 2036,117,3.184
2026-06-17,NGK36,2036-05-01,May 2036,118,3.162
2026-06-17,NGM36,2036-06-01,Jun 2036,119,3.202
2026-06-17,NGN36,2036-07-01,Jul 2036,120,3.242
2026-06-17,NGQ36,2036-08-01,Aug 2036,121,3.282
2026-06-17,NGU36,2036-09-01,Sep 2036,122,3.297
2026-06-17,NGV36,2036-10-01,Oct 2036,123,3.343
2026-06-17,NGX36,2036-11-01,Nov 2036,124,3.493
2026-06-17,NGZ36,2036-12-01,Dec 2036,125,3.768
2026-06-17,NGF37,2037-01-01,Jan 2037,126,3.993
2026-06-17,NGG37,2037-02-01,Feb 2037,127,3.843
2026-06-17,NGH37,2037-03-01,Mar 2037,128,3.643
2026-06-17,NGJ37,2037-04-01,Apr 2037,129,3.313
2026-06-17,NGK37,2037-05-01,May 2037,130,3.291
2026-06-17,NGM37,2037-06-01,Jun 2037,131,3.326
2026-06-17,NGN37,2037-07-01,Jul 2037,132,3.366
2026-06-17,NGQ37,2037-08-01,Aug 2037,133,3.406
2026-06-17,NGU37,2037-09-01,Sep 2037,134,3.421
2026-06-17,NGV37,2037-10-01,Oct 2037,135,3.467
2026-06-17,NGX37,2037-11-01,Nov 2037,136,3.592
2026-06-17,NGZ37,2037-12-01,Dec 2037,137,3.817
2026-06-17,NGF38,2038-01-01,Jan 2038,138,4.082
2026-06-18,NGN26,2026-07-01,Jul 2026,0,3.231
2026-06-18,NGQ26,2026-08-01,Aug 2026,1,3.272
2026-06-18,NGU26,2026-09-01,Sep 2026,2,3.232
2026-06-18,NGV26,2026-10-01,Oct 2026,3,3.265
2026-06-18,NGX26,2026-11-01,Nov 2026,4,3.456
2026-06-18,NGZ26,2026-12-01,Dec 2026,5,4.069
2026-06-18,NGF27,2027-01-01,Jan 2027,6,4.469
2026-06-18,NGG27,2027-02-01,Feb 2027,7,4.038
2026-06-18,NGH27,2027-03-01,Mar 2027,8,3.212
2026-06-18,NGJ27,2027-04-01,Apr 2027,9,2.988
2026-06-18,NGK27,2027-05-01,May 2027,10,2.965
2026-06-18,NGM27,2027-06-01,Jun 2027,11,3.1
2026-06-18,NGN27,2027-07-01,Jul 2027,12,3.313
2026-06-18,NGQ27,2027-08-01,Aug 2027,13,3.368
2026-06-18,NGU27,2027-09-01,Sep 2027,14,3.344
2026-06-18,NGV27,2027-10-01,Oct 2027,15,3.418
2026-06-18,NGX27,2027-11-01,Nov 2027,16,3.671
2026-06-18,NGZ27,2027-12-01,Dec 2027,17,4.32
2026-06-18,NGF28,2028-01-01,Jan 2028,18,4.73
2026-06-18,NGG28,2028-02-01,Feb 2028,19,4.252
2026-06-18,NGH28,2028-03-01,Mar 2028,20,3.475
2026-06-18,NGJ28,2028-04-01,Apr 2028,21,3.175
2026-06-18,NGK28,2028-05-01,May 2028,22,3.151
2026-06-18,NGM28,2028-06-01,Jun 2028,23,3.29
2026-06-18,NGN28,2028-07-01,Jul 2028,24,3.511
2026-06-18,NGQ28,2028-08-01,Aug 2028,25,3.548
2026-06-18,NGU28,2028-09-01,Sep 2028,26,3.528
2026-06-18,NGV28,2028-10-01,Oct 2028,27,3.617
2026-06-18,NGX28,2028-11-01,Nov 2028,28,3.806
2026-06-18,NGZ28,2028-12-01,Dec 2028,29,4.41
2026-06-18,NGF29,2029-01-01,Jan 2029,30,4.817
2026-06-18,NGG29,2029-02-01,Feb 2029,31,4.325
2026-06-18,NGH29,2029-03-01,Mar 2029,32,3.47
2026-06-18,NGJ29,2029-04-01,Apr 2029,33,3.129
2026-06-18,NGK29,2029-05-01,May 2029,34,3.16
2026-06-18,NGM29,2029-06-01,Jun 2029,35,3.217
2026-06-18,NGN29,2029-07-01,Jul 2029,36,3.43
2026-06-18,NGQ29,2029-08-01,Aug 2029,37,3.495
2026-06-18,NGU29,2029-09-01,Sep 2029,38,3.481
2026-06-18,NGV29,2029-10-01,Oct 2029,39,3.57
2026-06-18,NGX29,2029-11-01,Nov 2029,40,3.73
2026-06-18,NGZ29,2029-12-01,Dec 2029,41,4.306
2026-06-18,NGF30,2030-01-01,Jan 2030,42,4.729
2026-06-18,NGG30,2030-02-01,Feb 2030,43,4.282
2026-06-18,NGH30,2030-03-01,Mar 2030,44,3.458
2026-06-18,NGJ30,2030-04-01,Apr 2030,45,3.043
2026-06-18,NGK30,2030-05-01,May 2030,46,3.003
2026-06-18,NGM30,2030-06-01,Jun 2030,47,3.125
2026-06-18,NGN30,2030-07-01,Jul 2030,48,3.358
2026-06-18,NGQ30,2030-08-01,Aug 2030,49,3.397
2026-06-18,NGU30,2030-09-01,Sep 2030,50,3.364
2026-06-18,NGV30,2030-10-01,Oct 2030,51,3.44
2026-06-18,NGX30,2030-11-01,Nov 2030,52,3.638
2026-06-18,NGZ30,2030-12-01,Dec 2030,53,4.181
2026-06-18,NGF31,2031-01-01,Jan 2031,54,4.545
2026-06-18,NGG31,2031-02-01,Feb 2031,55,4.087
2026-06-18,NGH31,2031-03-01,Mar 2031,56,3.363
2026-06-18,NGJ31,2031-04-01,Apr 2031,57,2.952
2026-06-18,NGK31,2031-05-01,May 2031,58,2.92
2026-06-18,NGM31,2031-06-01,Jun 2031,59,3.047
2026-06-18,NGN31,2031-07-01,Jul 2031,60,3.248
2026-06-18,NGQ31,2031-08-01,Aug 2031,61,3.304
2026-06-18,NGU31,2031-09-01,Sep 2031,62,3.28
2026-06-18,NGV31,2031-10-01,Oct 2031,63,3.36
2026-06-18,NGX31,2031-11-01,Nov 2031,64,3.598
2026-06-18,NGZ31,2031-12-01,Dec 2031,65,4.182
2026-06-18,NGF32,2032-01-01,Jan 2032,66,4.51
2026-06-18,NGG32,2032-02-01,Feb 2032,67,4.047
2026-06-18,NGH32,2032-03-01,Mar 2032,68,3.289
2026-06-18,NGJ32,2032-04-01,Apr 2032,69,2.834
2026-06-18,NGK32,2032-05-01,May 2032,70,2.804
2026-06-18,NGM32,2032-06-01,Jun 2032,71,2.939
2026-06-18,NGN32,2032-07-01,Jul 2032,72,3.121
2026-06-18,NGQ32,2032-08-01,Aug 2032,73,3.174
2026-06-18,NGU32,2032-09-01,Sep 2032,74,3.149
2026-06-18,NGV32,2032-10-01,Oct 2032,75,3.214
2026-06-18,NGX32,2032-11-01,Nov 2032,76,3.429
2026-06-18,NGZ32,2032-12-01,Dec 2032,77,3.954
2026-06-18,NGF33,2033-01-01,Jan 2033,78,4.259
2026-06-18,NGG33,2033-02-01,Feb 2033,79,3.802
2026-06-18,NGH33,2033-03-01,Mar 2033,80,3.098
2026-06-18,NGJ33,2033-04-01,Apr 2033,81,2.737
2026-06-18,NGK33,2033-05-01,May 2033,82,2.725
2026-06-18,NGM33,2033-06-01,Jun 2033,83,2.866
2026-06-18,NGN33,2033-07-01,Jul 2033,84,3.055
2026-06-18,NGQ33,2033-08-01,Aug 2033,85,3.106
2026-06-18,NGU33,2033-09-01,Sep 2033,86,3.08
2026-06-18,NGV33,2033-10-01,Oct 2033,87,3.153
2026-06-18,NGX33,2033-11-01,Nov 2033,88,3.392
2026-06-18,NGZ33,2033-12-01,Dec 2033,89,3.811
2026-06-18,NGF34,2034-01-01,Jan 2034,90,4.091
2026-06-18,NGG34,2034-02-01,Feb 2034,91,3.786
2026-06-18,NGH34,2034-03-01,Mar 2034,92,3.176
2026-06-18,NGJ34,2034-04-01,Apr 2034,93,2.756
2026-06-18,NGK34,2034-05-01,May 2034,94,2.746
2026-06-18,NGM34,2034-06-01,Jun 2034,95,2.896
2026-06-18,NGN34,2034-07-01,Jul 2034,96,3.076
2026-06-18,NGQ34,2034-08-01,Aug 2034,97,3.136
2026-06-18,NGU34,2034-09-01,Sep 2034,98,3.151
2026-06-18,NGV34,2034-10-01,Oct 2034,99,3.197
2026-06-18,NGX34,2034-11-01,Nov 2034,100,3.437
2026-06-18,NGZ34,2034-12-01,Dec 2034,101,3.837
2026-06-18,NGF35,2035-01-01,Jan 2035,102,4.062
2026-06-18,NGG35,2035-02-01,Feb 2035,103,3.822
2026-06-18,NGH35,2035-03-01,Mar 2035,104,3.392
2026-06-18,NGJ35,2035-04-01,Apr 2035,105,3.002
2026-06-18,NGK35,2035-05-01,May 2035,106,2.98
2026-06-18,NGM35,2035-06-01,Jun 2035,107,3.015
2026-06-18,NGN35,2035-07-01,Jul 2035,108,3.055
2026-06-18,NGQ35,2035-08-01,Aug 2035,109,3.095
2026-06-18,NGU35,2035-09-01,Sep 2035,110,3.11
2026-06-18,NGV35,2035-10-01,Oct 2035,111,3.156
2026-06-18,NGX35,2035-11-01,Nov 2035,112,3.356
2026-06-18,NGZ35,2035-12-01,Dec 2035,113,3.666
2026-06-18,NGF36,2036-01-01,Jan 2036,114,3.936
2026-06-18,NGG36,2036-02-01,Feb 2036,115,3.766
2026-06-18,NGH36,2036-03-01,Mar 2036,116,3.496
2026-06-18,NGJ36,2036-04-01,Apr 2036,117,3.166
2026-06-18,NGK36,2036-05-01,May 2036,118,3.144
2026-06-18,NGM36,2036-06-01,Jun 2036,119,3.184
2026-06-18,NGN36,2036-07-01,Jul 2036,120,3.224
2026-06-18,NGQ36,2036-08-01,Aug 2036,121,3.264
2026-06-18,NGU36,2036-09-01,Sep 2036,122,3.279
2026-06-18,NGV36,2036-10-01,Oct 2036,123,3.325
2026-06-18,NGX36,2036-11-01,Nov 2036,124,3.475
2026-06-18,NGZ36,2036-12-01,Dec 2036,125,3.75
2026-06-18,NGF37,2037-01-01,Jan 2037,126,3.975
2026-06-18,NGG37,2037-02-01,Feb 2037,127,3.825
2026-06-18,NGH37,2037-03-01,Mar 2037,128,3.625
2026-06-18,NGJ37,2037-04-01,Apr 2037,129,3.295
2026-06-18,NGK37,2037-05-01,May 2037,130,3.273
2026-06-18,NGM37,2037-06-01,Jun 2037,131,3.308
2026-06-18,NGN37,2037-07-01,Jul 2037,132,3.348
2026-06-18,NGQ37,2037-08-01,Aug 2037,133,3.388
2026-06-18,NGU37,2037-09-01,Sep 2037,134,3.403
2026-06-18,NGV37,2037-10-01,Oct 2037,135,3.449
2026-06-18,NGX37,2037-11-01,Nov 2037,136,3.574
2026-06-18,NGZ37,2037-12-01,Dec 2037,137,3.799
2026-06-18,NGF38,2038-01-01,Jan 2038,138,4.064
2026-06-19,NGN26,2026-07-01,Jul 2026,0,3.198
2026-06-19,NGQ26,2026-08-01,Aug 2026,1,3.247
2026-06-19,NGU26,2026-09-01,Sep 2026,2,3.207
2026-06-19,NGV26,2026-10-01,Oct 2026,3,3.24
2026-06-19,NGX26,2026-11-01,Nov 2026,4,3.435
2026-06-19,NGZ26,2026-12-01,Dec 2026,5,4.049
2026-06-19,NGF27,2027-01-01,Jan 2027,6,4.454
2026-06-19,NGG27,2027-02-01,Feb 2027,7,4.026
2026-06-19,NGH27,2027-03-01,Mar 2027,8,3.202
2026-06-19,NGJ27,2027-04-01,Apr 2027,9,2.975
2026-06-19,NGK27,2027-05-01,May 2027,10,2.957
2026-06-19,NGM27,2027-06-01,Jun 2027,11,3.098
2026-06-19,NGN27,2027-07-01,Jul 2027,12,3.311
2026-06-19,NGQ27,2027-08-01,Aug 2027,13,3.367
2026-06-19,NGU27,2027-09-01,Sep 2027,14,3.344
2026-06-19,NGV27,2027-10-01,Oct 2027,15,3.417
2026-06-19,NGX27,2027-11-01,Nov 2027,16,3.674
2026-06-19,NGZ27,2027-12-01,Dec 2027,17,4.317
2026-06-19,NGF28,2028-01-01,Jan 2028,18,4.733
2026-06-19,NGG28,2028-02-01,Feb 2028,19,4.25
2026-06-19,NGH28,2028-03-01,Mar 2028,20,3.481
2026-06-19,NGJ28,2028-04-01,Apr 2028,21,3.175
2026-06-19,NGK28,2028-05-01,May 2028,22,3.141
2026-06-19,NGM28,2028-06-01,Jun 2028,23,3.279
2026-06-19,NGN28,2028-07-01,Jul 2028,24,3.488
2026-06-19,NGQ28,2028-08-01,Aug 2028,25,3.548
2026-06-19,NGU28,2028-09-01,Sep 2028,26,3.528
2026-06-19,NGV28,2028-10-01,Oct 2028,27,3.594
2026-06-19,NGX28,2028-11-01,Nov 2028,28,3.806
2026-06-19,NGZ28,2028-12-01,Dec 2028,29,4.394
2026-06-19,NGF29,2029-01-01,Jan 2029,30,4.797
2026-06-19,NGG29,2029-02-01,Feb 2029,31,4.325
2026-06-19,NGH29,2029-03-01,Mar 2029,32,3.45
2026-06-19,NGJ29,2029-04-01,Apr 2029,33,3.129
2026-06-19,NGK29,2029-05-01,May 2029,34,3.104
2026-06-19,NGM29,2029-06-01,Jun 2029,35,3.217
2026-06-19,NGN29,2029-07-01,Jul 2029,36,3.43
2026-06-19,NGQ29,2029-08-01,Aug 2029,37,3.495
2026-06-19,NGU29,2029-09-01,Sep 2029,38,3.481
2026-06-19,NGV29,2029-10-01,Oct 2029,39,3.556
2026-06-19,NGX29,2029-11-01,Nov 2029,40,3.73
2026-06-19,NGZ29,2029-12-01,Dec 2029,41,4.306
2026-06-19,NGF30,2030-01-01,Jan 2030,42,4.729
2026-06-19,NGG30,2030-02-01,Feb 2030,43,4.275
2026-06-19,NGH30,2030-03-01,Mar 2030,44,3.458
2026-06-19,NGJ30,2030-04-01,Apr 2030,45,3.043
2026-06-19,NGK30,2030-05-01,May 2030,46,3.003
2026-06-19,NGM30,2030-06-01,Jun 2030,47,3.125
2026-06-19,NGN30,2030-07-01,Jul 2030,48,3.358
2026-06-19,NGQ30,2030-08-01,Aug 2030,49,3.397
2026-06-19,NGU30,2030-09-01,Sep 2030,50,3.364
2026-06-19,NGV30,2030-10-01,Oct 2030,51,3.44
2026-06-19,NGX30,2030-11-01,Nov 2030,52,3.638
2026-06-19,NGZ30,2030-12-01,Dec 2030,53,4.167
2026-06-19,NGF31,2031-01-01,Jan 2031,54,4.542
2026-06-19,NGG31,2031-02-01,Feb 2031,55,4.087
2026-06-19,NGH31,2031-03-01,Mar 2031,56,3.363
2026-06-19,NGJ31,2031-04-01,Apr 2031,57,2.952
2026-06-19,NGK31,2031-05-01,May 2031,58,2.919
2026-06-19,NGM31,2031-06-01,Jun 2031,59,3.047
2026-06-19,NGN31,2031-07-01,Jul 2031,60,3.248
2026-06-19,NGQ31,2031-08-01,Aug 2031,61,3.304
2026-06-19,NGU31,2031-09-01,Sep 2031,62,3.28
2026-06-19,NGV31,2031-10-01,Oct 2031,63,3.36
2026-06-19,NGX31,2031-11-01,Nov 2031,64,3.598
2026-06-19,NGZ31,2031-12-01,Dec 2031,65,4.182
2026-06-19,NGF32,2032-01-01,Jan 2032,66,4.51
2026-06-19,NGG32,2032-02-01,Feb 2032,67,4.047
2026-06-19,NGH32,2032-03-01,Mar 2032,68,3.289
2026-06-19,NGJ32,2032-04-01,Apr 2032,69,2.834
2026-06-19,NGK32,2032-05-01,May 2032,70,2.804
2026-06-19,NGM32,2032-06-01,Jun 2032,71,2.939
2026-06-19,NGN32,2032-07-01,Jul 2032,72,3.121
2026-06-19,NGQ32,2032-08-01,Aug 2032,73,3.174
2026-06-19,NGU32,2032-09-01,Sep 2032,74,3.149
2026-06-19,NGV32,2032-10-01,Oct 2032,75,3.214
2026-06-19,NGX32,2032-11-01,Nov 2032,76,3.429
2026-06-19,NGZ32,2032-12-01,Dec 2032,77,3.954
2026-06-19,NGF33,2033-01-01,Jan 2033,78,4.259
2026-06-19,NGG33,2033-02-01,Feb 2033,79,3.802
2026-06-19,NGH33,2033-03-01,Mar 2033,80,3.098
2026-06-19,NGJ33,2033-04-01,Apr 2033,81,2.737
2026-06-19,NGK33,2033-05-01,May 2033,82,2.725
2026-06-19,NGM33,2033-06-01,Jun 2033,83,2.866
2026-06-19,NGN33,2033-07-01,Jul 2033,84,3.055
2026-06-19,NGQ33,2033-08-01,Aug 2033,85,3.106
2026-06-19,NGU33,2033-09-01,Sep 2033,86,3.08
2026-06-19,NGV33,2033-10-01,Oct 2033,87,3.153
2026-06-19,NGX33,2033-11-01,Nov 2033,88,3.392
2026-06-19,NGZ33,2033-12-01,Dec 2033,89,3.811
2026-06-19,NGF34,2034-01-01,Jan 2034,90,4.091
2026-06-19,NGG34,2034-02-01,Feb 2034,91,3.786
2026-06-19,NGH34,2034-03-01,Mar 2034,92,3.176
2026-06-19,NGJ34,2034-04-01,Apr 2034,93,2.756
2026-06-19,NGK34,2034-05-01,May 2034,94,2.746
2026-06-19,NGM34,2034-06-01,Jun 2034,95,2.896
2026-06-19,NGN34,2034-07-01,Jul 2034,96,3.076
2026-06-19,NGQ34,2034-08-01,Aug 2034,97,3.136
2026-06-19,NGU34,2034-09-01,Sep 2034,98,3.151
2026-06-19,NGV34,2034-10-01,Oct 2034,99,3.197
2026-06-19,NGX34,2034-11-01,Nov 2034,100,3.437
2026-06-19,NGZ34,2034-12-01,Dec 2034,101,3.837
2026-06-19,NGF35,2035-01-01,Jan 2035,102,4.062
2026-06-19,NGG35,2035-02-01,Feb 2035,103,3.822
2026-06-19,NGH35,2035-03-01,Mar 2035,104,3.392
2026-06-19,NGJ35,2035-04-01,Apr 2035,105,3.002
2026-06-19,NGK35,2035-05-01,May 2035,106,2.98
2026-06-19,NGM35,2035-06-01,Jun 2035,107,3.015
2026-06-19,NGN35,2035-07-01,Jul 2035,108,3.055
2026-06-19,NGQ35,2035-08-01,Aug 2035,109,3.095
2026-06-19,NGU35,2035-09-01,Sep 2035,110,3.11
2026-06-19,NGV35,2035-10-01,Oct 2035,111,3.156
2026-06-19,NGX35,2035-11-01,Nov 2035,112,3.356
2026-06-19,NGZ35,2035-12-01,Dec 2035,113,3.666
2026-06-19,NGF36,2036-01-01,Jan 2036,114,3.936
2026-06-19,NGG36,2036-02-01,Feb 2036,115,3.766
2026-06-19,NGH36,2036-03-01,Mar 2036,116,3.496
2026-06-19,NGJ36,2036-04-01,Apr 2036,117,3.166
2026-06-19,NGK36,2036-05-01,May 2036,118,3.144
2026-06-19,NGM36,2036-06-01,Jun 2036,119,3.184
2026-06-19,NGN36,2036-07-01,Jul 2036,120,3.224
2026-06-19,NGQ36,2036-08-01,Aug 2036,121,3.264
2026-06-19,NGU36,2036-09-01,Sep 2036,122,3.279
2026-06-19,NGV36,2036-10-01,Oct 2036,123,3.325
2026-06-19,NGX36,2036-11-01,Nov 2036,124,3.475
2026-06-19,NGZ36,2036-12-01,Dec 2036,125,3.75
2026-06-19,NGF37,2037-01-01,Jan 2037,126,3.975
2026-06-19,NGG37,2037-02-01,Feb 2037,127,3.825
2026-06-19,NGH37,2037-03-01,Mar 2037,128,3.625
2026-06-19,NGJ37,2037-04-01,Apr 2037,129,3.295
2026-06-19,NGK37,2037-05-01,May 2037,130,3.273
2026-06-19,NGM37,2037-06-01,Jun 2037,131,3.308
2026-06-19,NGN37,2037-07-01,Jul 2037,132,3.348
2026-06-19,NGQ37,2037-08-01,Aug 2037,133,3.388
2026-06-19,NGU37,2037-09-01,Sep 2037,134,3.403
2026-06-19,NGV37,2037-10-01,Oct 2037,135,3.449
2026-06-19,NGX37,2037-11-01,Nov 2037,136,3.574
2026-06-19,NGZ37,2037-12-01,Dec 2037,137,3.799
2026-06-19,NGF38,2038-01-01,Jan 2038,138,4.064
2026-06-20,NGN26,2026-07-01,Jul 2026,0,3.198
2026-06-20,NGQ26,2026-08-01,Aug 2026,1,3.247
2026-06-20,NGU26,2026-09-01,Sep 2026,2,3.207
2026-06-20,NGV26,2026-10-01,Oct 2026,3,3.24
2026-06-20,NGX26,2026-11-01,Nov 2026,4,3.435
2026-06-20,NGZ26,2026-12-01,Dec 2026,5,4.049
2026-06-20,NGF27,2027-01-01,Jan 2027,6,4.454
2026-06-20,NGG27,2027-02-01,Feb 2027,7,4.026
2026-06-20,NGH27,2027-03-01,Mar 2027,8,3.202
2026-06-20,NGJ27,2027-04-01,Apr 2027,9,2.975
2026-06-20,NGK27,2027-05-01,May 2027,10,2.957
2026-06-20,NGM27,2027-06-01,Jun 2027,11,3.098
2026-06-20,NGN27,2027-07-01,Jul 2027,12,3.311
2026-06-20,NGQ27,2027-08-01,Aug 2027,13,3.367
2026-06-20,NGU27,2027-09-01,Sep 2027,14,3.344
2026-06-20,NGV27,2027-10-01,Oct 2027,15,3.417
2026-06-20,NGX27,2027-11-01,Nov 2027,16,3.674
2026-06-20,NGZ27,2027-12-01,Dec 2027,17,4.317
2026-06-20,NGF28,2028-01-01,Jan 2028,18,4.733
2026-06-20,NGG28,2028-02-01,Feb 2028,19,4.25
2026-06-20,NGH28,2028-03-01,Mar 2028,20,3.481
2026-06-20,NGJ28,2028-04-01,Apr 2028,21,3.175
2026-06-20,NGK28,2028-05-01,May 2028,22,3.141
2026-06-20,NGM28,2028-06-01,Jun 2028,23,3.279
2026-06-20,NGN28,2028-07-01,Jul 2028,24,3.488
2026-06-20,NGQ28,2028-08-01,Aug 2028,25,3.548
2026-06-20,NGU28,2028-09-01,Sep 2028,26,3.528
2026-06-20,NGV28,2028-10-01,Oct 2028,27,3.594
2026-06-20,NGX28,2028-11-01,Nov 2028,28,3.806
2026-06-20,NGZ28,2028-12-01,Dec 2028,29,4.394
2026-06-20,NGF29,2029-01-01,Jan 2029,30,4.797
2026-06-20,NGG29,2029-02-01,Feb 2029,31,4.325
2026-06-20,NGH29,2029-03-01,Mar 2029,32,3.45
2026-06-20,NGJ29,2029-04-01,Apr 2029,33,3.129
2026-06-20,NGK29,2029-05-01,May 2029,34,3.104
2026-06-20,NGM29,2029-06-01,Jun 2029,35,3.217
2026-06-20,NGN29,2029-07-01,Jul 2029,36,3.43
2026-06-20,NGQ29,2029-08-01,Aug 2029,37,3.495
2026-06-20,NGU29,2029-09-01,Sep 2029,38,3.481
2026-06-20,NGV29,2029-10-01,Oct 2029,39,3.556
2026-06-20,NGX29,2029-11-01,Nov 2029,40,3.73
2026-06-20,NGZ29,2029-12-01,Dec 2029,41,4.306
2026-06-20,NGF30,2030-01-01,Jan 2030,42,4.729
2026-06-20,NGG30,2030-02-01,Feb 2030,43,4.275
2026-06-20,NGH30,2030-03-01,Mar 2030,44,3.458
2026-06-20,NGJ30,2030-04-01,Apr 2030,45,3.043
2026-06-20,NGK30,2030-05-01,May 2030,46,3.003
2026-06-20,NGM30,2030-06-01,Jun 2030,47,3.125
2026-06-20,NGN30,2030-07-01,Jul 2030,48,3.358
2026-06-20,NGQ30,2030-08-01,Aug 2030,49,3.397
2026-06-20,NGU30,2030-09-01,Sep 2030,50,3.364
2026-06-20,NGV30,2030-10-01,Oct 2030,51,3.44
2026-06-20,NGX30,2030-11-01,Nov 2030,52,3.638
2026-06-20,NGZ30,2030-12-01,Dec 2030,53,4.167
2026-06-20,NGF31,2031-01-01,Jan 2031,54,4.542
2026-06-20,NGG31,2031-02-01,Feb 2031,55,4.087
2026-06-20,NGH31,2031-03-01,Mar 2031,56,3.363
2026-06-20,NGJ31,2031-04-01,Apr 2031,57,2.952
2026-06-20,NGK31,2031-05-01,May 2031,58,2.919
2026-06-20,NGM31,2031-06-01,Jun 2031,59,3.047
2026-06-20,NGN31,2031-07-01,Jul 2031,60,3.248
2026-06-20,NGQ31,2031-08-01,Aug 2031,61,3.304
2026-06-20,NGU31,2031-09-01,Sep 2031,62,3.28
2026-06-20,NGV31,2031-10-01,Oct 2031,63,3.36
2026-06-20,NGX31,2031-11-01,Nov 2031,64,3.598
2026-06-20,NGZ31,2031-12-01,Dec 2031,65,4.182
2026-06-20,NGF32,2032-01-01,Jan 2032,66,4.51
2026-06-20,NGG32,2032-02-01,Feb 2032,67,4.047
2026-06-20,NGH32,2032-03-01,Mar 2032,68,3.289
2026-06-20,NGJ32,2032-04-01,Apr 2032,69,2.834
2026-06-20,NGK32,2032-05-01,May 2032,70,2.804
2026-06-20,NGM32,2032-06-01,Jun 2032,71,2.939
2026-06-20,NGN32,2032-07-01,Jul 2032,72,3.121
2026-06-20,NGQ32,2032-08-01,Aug 2032,73,3.174
2026-06-20,NGU32,2032-09-01,Sep 2032,74,3.149
2026-06-20,NGV32,2032-10-01,Oct 2032,75,3.214
2026-06-20,NGX32,2032-11-01,Nov 2032,76,3.429
2026-06-20,NGZ32,2032-12-01,Dec 2032,77,3.954
2026-06-20,NGF33,2033-01-01,Jan 2033,78,4.259
2026-06-20,NGG33,2033-02-01,Feb 2033,79,3.802
2026-06-20,NGH33,2033-03-01,Mar 2033,80,3.098
2026-06-20,NGJ33,2033-04-01,Apr 2033,81,2.737
2026-06-20,NGK33,2033-05-01,May 2033,82,2.725
2026-06-20,NGM33,2033-06-01,Jun 2033,83,2.866
2026-06-20,NGN33,2033-07-01,Jul 2033,84,3.055
2026-06-20,NGQ33,2033-08-01,Aug 2033,85,3.106
2026-06-20,NGU33,2033-09-01,Sep 2033,86,3.08
2026-06-20,NGV33,2033-10-01,Oct 2033,87,3.153
2026-06-20,NGX33,2033-11-01,Nov 2033,88,3.392
2026-06-20,NGZ33,2033-12-01,Dec 2033,89,3.811
2026-06-20,NGF34,2034-01-01,Jan 2034,90,4.091
2026-06-20,NGG34,2034-02-01,Feb 2034,91,3.786
2026-06-20,NGH34,2034-03-01,Mar 2034,92,3.176
2026-06-20,NGJ34,2034-04-01,Apr 2034,93,2.756
2026-06-20,NGK34,2034-05-01,May 2034,94,2.746
2026-06-20,NGM34,2034-06-01,Jun 2034,95,2.896
2026-06-20,NGN34,2034-07-01,Jul 2034,96,3.076
2026-06-20,NGQ34,2034-08-01,Aug 2034,97,3.136
2026-06-20,NGU34,2034-09-01,Sep 2034,98,3.151
2026-06-20,NGV34,2034-10-01,Oct 2034,99,3.197
2026-06-20,NGX34,2034-11-01,Nov 2034,100,3.437
2026-06-20,NGZ34,2034-12-01,Dec 2034,101,3.837
2026-06-20,NGF35,2035-01-01,Jan 2035,102,4.062
2026-06-20,NGG35,2035-02-01,Feb 2035,103,3.822
2026-06-20,NGH35,2035-03-01,Mar 2035,104,3.392
2026-06-20,NGJ35,2035-04-01,Apr 2035,105,3.002
2026-06-20,NGK35,2035-05-01,May 2035,106,2.98
2026-06-20,NGM35,2035-06-01,Jun 2035,107,3.015
2026-06-20,NGN35,2035-07-01,Jul 2035,108,3.055
2026-06-20,NGQ35,2035-08-01,Aug 2035,109,3.095
2026-06-20,NGU35,2035-09-01,Sep 2035,110,3.11
2026-06-20,NGV35,2035-10-01,Oct 2035,111,3.156
2026-06-20,NGX35,2035-11-01,Nov 2035,112,3.356
2026-06-20,NGZ35,2035-12-01,Dec 2035,113,3.666
2026-06-20,NGF36,2036-01-01,Jan 2036,114,3.936
2026-06-20,NGG36,2036-02-01,Feb 2036,115,3.766
2026-06-20,NGH36,2036-03-01,Mar 2036,116,3.496
2026-06-20,NGJ36,2036-04-01,Apr 2036,117,3.166
2026-06-20,NGK36,2036-05-01,May 2036,118,3.144
2026-06-20,NGM36,2036-06-01,Jun 2036,119,3.184
2026-06-20,NGN36,2036-07-01,Jul 2036,120,3.224
2026-06-20,NGQ36,2036-08-01,Aug 2036,121,3.264
2026-06-20,NGU36,2036-09-01,Sep 2036,122,3.279
2026-06-20,NGV36,2036-10-01,Oct 2036,123,3.325
2026-06-20,NGX36,2036-11-01,Nov 2036,124,3.475
2026-06-20,NGZ36,2036-12-01,Dec 2036,125,3.75
2026-06-20,NGF37,2037-01-01,Jan 2037,126,3.975
2026-06-20,NGG37,2037-02-01,Feb 2037,127,3.825
2026-06-20,NGH37,2037-03-01,Mar 2037,128,3.625
2026-06-20,NGJ37,2037-04-01,Apr 2037,129,3.295
2026-06-20,NGK37,2037-05-01,May 2037,130,3.273
2026-06-20,NGM37,2037-06-01,Jun 2037,131,3.308
2026-06-20,NGN37,2037-07-01,Jul 2037,132,3.348
2026-06-20,NGQ37,2037-08-01,Aug 2037,133,3.388
2026-06-20,NGU37,2037-09-01,Sep 2037,134,3.403
2026-06-20,NGV37,2037-10-01,Oct 2037,135,3.449
2026-06-20,NGX37,2037-11-01,Nov 2037,136,3.574
2026-06-20,NGZ37,2037-12-01,Dec 2037,137,3.799
2026-06-20,NGF38,2038-01-01,Jan 2038,138,4.064
2026-06-21,NGN26,2026-07-01,Jul 2026,0,3.198
2026-06-21,NGQ26,2026-08-01,Aug 2026,1,3.247
2026-06-21,NGU26,2026-09-01,Sep 2026,2,3.207
2026-06-21,NGV26,2026-10-01,Oct 2026,3,3.24
2026-06-21,NGX26,2026-11-01,Nov 2026,4,3.435
2026-06-21,NGZ26,2026-12-01,Dec 2026,5,4.049
2026-06-21,NGF27,2027-01-01,Jan 2027,6,4.454
2026-06-21,NGG27,2027-02-01,Feb 2027,7,4.026
2026-06-21,NGH27,2027-03-01,Mar 2027,8,3.202
2026-06-21,NGJ27,2027-04-01,Apr 2027,9,2.975
2026-06-21,NGK27,2027-05-01,May 2027,10,2.957
2026-06-21,NGM27,2027-06-01,Jun 2027,11,3.098
2026-06-21,NGN27,2027-07-01,Jul 2027,12,3.311
2026-06-21,NGQ27,2027-08-01,Aug 2027,13,3.367
2026-06-21,NGU27,2027-09-01,Sep 2027,14,3.344
2026-06-21,NGV27,2027-10-01,Oct 2027,15,3.417
2026-06-21,NGX27,2027-11-01,Nov 2027,16,3.674
2026-06-21,NGZ27,2027-12-01,Dec 2027,17,4.317
2026-06-21,NGF28,2028-01-01,Jan 2028,18,4.733
2026-06-21,NGG28,2028-02-01,Feb 2028,19,4.25
2026-06-21,NGH28,2028-03-01,Mar 2028,20,3.481
2026-06-21,NGJ28,2028-04-01,Apr 2028,21,3.175
2026-06-21,NGK28,2028-05-01,May 2028,22,3.141
2026-06-21,NGM28,2028-06-01,Jun 2028,23,3.279
2026-06-21,NGN28,2028-07-01,Jul 2028,24,3.488
2026-06-21,NGQ28,2028-08-01,Aug 2028,25,3.548
2026-06-21,NGU28,2028-09-01,Sep 2028,26,3.528
2026-06-21,NGV28,2028-10-01,Oct 2028,27,3.594
2026-06-21,NGX28,2028-11-01,Nov 2028,28,3.806
2026-06-21,NGZ28,2028-12-01,Dec 2028,29,4.394
2026-06-21,NGF29,2029-01-01,Jan 2029,30,4.797
2026-06-21,NGG29,2029-02-01,Feb 2029,31,4.325
2026-06-21,NGH29,2029-03-01,Mar 2029,32,3.45
2026-06-21,NGJ29,2029-04-01,Apr 2029,33,3.129
2026-06-21,NGK29,2029-05-01,May 2029,34,3.104
2026-06-21,NGM29,2029-06-01,Jun 2029,35,3.217
2026-06-21,NGN29,2029-07-01,Jul 2029,36,3.43
2026-06-21,NGQ29,2029-08-01,Aug 2029,37,3.495
2026-06-21,NGU29,2029-09-01,Sep 2029,38,3.481
2026-06-21,NGV29,2029-10-01,Oct 2029,39,3.556
2026-06-21,NGX29,2029-11-01,Nov 2029,40,3.73
2026-06-21,NGZ29,2029-12-01,Dec 2029,41,4.306
2026-06-21,NGF30,2030-01-01,Jan 2030,42,4.729
2026-06-21,NGG30,2030-02-01,Feb 2030,43,4.275
2026-06-21,NGH30,2030-03-01,Mar 2030,44,3.458
2026-06-21,NGJ30,2030-04-01,Apr 2030,45,3.043
2026-06-21,NGK30,2030-05-01,May 2030,46,3.003
2026-06-21,NGM30,2030-06-01,Jun 2030,47,3.125
2026-06-21,NGN30,2030-07-01,Jul 2030,48,3.358
2026-06-21,NGQ30,2030-08-01,Aug 2030,49,3.397
2026-06-21,NGU30,2030-09-01,Sep 2030,50,3.364
2026-06-21,NGV30,2030-10-01,Oct 2030,51,3.44
2026-06-21,NGX30,2030-11-01,Nov 2030,52,3.638
2026-06-21,NGZ30,2030-12-01,Dec 2030,53,4.167
2026-06-21,NGF31,2031-01-01,Jan 2031,54,4.542
2026-06-21,NGG31,2031-02-01,Feb 2031,55,4.087
2026-06-21,NGH31,2031-03-01,Mar 2031,56,3.363
2026-06-21,NGJ31,2031-04-01,Apr 2031,57,2.952
2026-06-21,NGK31,2031-05-01,May 2031,58,2.919
2026-06-21,NGM31,2031-06-01,Jun 2031,59,3.047
2026-06-21,NGN31,2031-07-01,Jul 2031,60,3.248
2026-06-21,NGQ31,2031-08-01,Aug 2031,61,3.304
2026-06-21,NGU31,2031-09-01,Sep 2031,62,3.28
2026-06-21,NGV31,2031-10-01,Oct 2031,63,3.36
2026-06-21,NGX31,2031-11-01,Nov 2031,64,3.598
2026-06-21,NGZ31,2031-12-01,Dec 2031,65,4.182
2026-06-21,NGF32,2032-01-01,Jan 2032,66,4.51
2026-06-21,NGG32,2032-02-01,Feb 2032,67,4.047
2026-06-21,NGH32,2032-03-01,Mar 2032,68,3.289
2026-06-21,NGJ32,2032-04-01,Apr 2032,69,2.834
2026-06-21,NGK32,2032-05-01,May 2032,70,2.804
2026-06-21,NGM32,2032-06-01,Jun 2032,71,2.939
2026-06-21,NGN32,2032-07-01,Jul 2032,72,3.121
2026-06-21,NGQ32,2032-08-01,Aug 2032,73,3.174
2026-06-21,NGU32,2032-09-01,Sep 2032,74,3.149
2026-06-21,NGV32,2032-10-01,Oct 2032,75,3.214
2026-06-21,NGX32,2032-11-01,Nov 2032,76,3.429
2026-06-21,NGZ32,2032-12-01,Dec 2032,77,3.954
2026-06-21,NGF33,2033-01-01,Jan 2033,78,4.259
2026-06-21,NGG33,2033-02-01,Feb 2033,79,3.802
2026-06-21,NGH33,2033-03-01,Mar 2033,80,3.098
2026-06-21,NGJ33,2033-04-01,Apr 2033,81,2.737
2026-06-21,NGK33,2033-05-01,May 2033,82,2.725
2026-06-21,NGM33,2033-06-01,Jun 2033,83,2.866
2026-06-21,NGN33,2033-07-01,Jul 2033,84,3.055
2026-06-21,NGQ33,2033-08-01,Aug 2033,85,3.106
2026-06-21,NGU33,2033-09-01,Sep 2033,86,3.08
2026-06-21,NGV33,2033-10-01,Oct 2033,87,3.153
2026-06-21,NGX33,2033-11-01,Nov 2033,88,3.392
2026-06-21,NGZ33,2033-12-01,Dec 2033,89,3.811
2026-06-21,NGF34,2034-01-01,Jan 2034,90,4.091
2026-06-21,NGG34,2034-02-01,Feb 2034,91,3.786
2026-06-21,NGH34,2034-03-01,Mar 2034,92,3.176
2026-06-21,NGJ34,2034-04-01,Apr 2034,93,2.756
2026-06-21,NGK34,2034-05-01,May 2034,94,2.746
2026-06-21,NGM34,2034-06-01,Jun 2034,95,2.896
2026-06-21,NGN34,2034-07-01,Jul 2034,96,3.076
2026-06-21,NGQ34,2034-08-01,Aug 2034,97,3.136
2026-06-21,NGU34,2034-09-01,Sep 2034,98,3.151
2026-06-21,NGV34,2034-10-01,Oct 2034,99,3.197
2026-06-21,NGX34,2034-11-01,Nov 2034,100,3.437
2026-06-21,NGZ34,2034-12-01,Dec 2034,101,3.837
2026-06-21,NGF35,2035-01-01,Jan 2035,102,4.062
2026-06-21,NGG35,2035-02-01,Feb 2035,103,3.822
2026-06-21,NGH35,2035-03-01,Mar 2035,104,3.392
2026-06-21,NGJ35,2035-04-01,Apr 2035,105,3.002
2026-06-21,NGK35,2035-05-01,May 2035,106,2.98
2026-06-21,NGM35,2035-06-01,Jun 2035,107,3.015
2026-06-21,NGN35,2035-07-01,Jul 2035,108,3.055
2026-06-21,NGQ35,2035-08-01,Aug 2035,109,3.095
2026-06-21,NGU35,2035-09-01,Sep 2035,110,3.11
2026-06-21,NGV35,2035-10-01,Oct 2035,111,3.156
2026-06-21,NGX35,2035-11-01,Nov 2035,112,3.356
2026-06-21,NGZ35,2035-12-01,Dec 2035,113,3.666
2026-06-21,NGF36,2036-01-01,Jan 2036,114,3.936
2026-06-21,NGG36,2036-02-01,Feb 2036,115,3.766
2026-06-21,NGH36,2036-03-01,Mar 2036,116,3.496
2026-06-21,NGJ36,2036-04-01,Apr 2036,117,3.166
2026-06-21,NGK36,2036-05-01,May 2036,118,3.144
2026-06-21,NGM36,2036-06-01,Jun 2036,119,3.184
2026-06-21,NGN36,2036-07-01,Jul 2036,120,3.224
2026-06-21,NGQ36,2036-08-01,Aug 2036,121,3.264
2026-06-21,NGU36,2036-09-01,Sep 2036,122,3.279
2026-06-21,NGV36,2036-10-01,Oct 2036,123,3.325
2026-06-21,NGX36,2036-11-01,Nov 2036,124,3.475
2026-06-21,NGZ36,2036-12-01,Dec 2036,125,3.75
2026-06-21,NGF37,2037-01-01,Jan 2037,126,3.975
2026-06-21,NGG37,2037-02-01,Feb 2037,127,3.825
2026-06-21,NGH37,2037-03-01,Mar 2037,128,3.625
2026-06-21,NGJ37,2037-04-01,Apr 2037,129,3.295
2026-06-21,NGK37,2037-05-01,May 2037,130,3.273
2026-06-21,NGM37,2037-06-01,Jun 2037,131,3.308
2026-06-21,NGN37,2037-07-01,Jul 2037,132,3.348
2026-06-21,NGQ37,2037-08-01,Aug 2037,133,3.388
2026-06-21,NGU37,2037-09-01,Sep 2037,134,3.403
2026-06-21,NGV37,2037-10-01,Oct 2037,135,3.449
2026-06-21,NGX37,2037-11-01,Nov 2037,136,3.574
2026-06-21,NGZ37,2037-12-01,Dec 2037,137,3.799
2026-06-21,NGF38,2038-01-01,Jan 2038,138,4.064
2026-06-22,NGN26,2026-07-01,Jul 2026,0,3.249
2026-06-22,NGQ26,2026-08-01,Aug 2026,1,3.276
2026-06-22,NGU26,2026-09-01,Sep 2026,2,3.231
2026-06-22,NGV26,2026-10-01,Oct 2026,3,3.262
2026-06-22,NGX26,2026-11-01,Nov 2026,4,3.445
2026-06-22,NGZ26,2026-12-01,Dec 2026,5,4.047
2026-06-22,NGF27,2027-01-01,Jan 2027,6,4.45
2026-06-22,NGG27,2027-02-01,Feb 2027,7,4.032
2026-06-22,NGH27,2027-03-01,Mar 2027,8,3.208
2026-06-22,NGJ27,2027-04-01,Apr 2027,9,2.981
2026-06-22,NGK27,2027-05-01,May 2027,10,2.958
2026-06-22,NGM27,2027-06-01,Jun 2027,11,3.098
2026-06-22,NGN27,2027-07-01,Jul 2027,12,3.311
2026-06-22,NGQ27,2027-08-01,Aug 2027,13,3.365
2026-06-22,NGU27,2027-09-01,Sep 2027,14,3.338
2026-06-22,NGV27,2027-10-01,Oct 2027,15,3.411
2026-06-22,NGX27,2027-11-01,Nov 2027,16,3.662
2026-06-22,NGZ27,2027-12-01,Dec 2027,17,4.308
2026-06-22,NGF28,2028-01-01,Jan 2028,18,4.717
2026-06-22,NGG28,2028-02-01,Feb 2028,19,4.257
2026-06-22,NGH28,2028-03-01,Mar 2028,20,3.46
2026-06-22,NGJ28,2028-04-01,Apr 2028,21,3.169
2026-06-22,NGK28,2028-05-01,May 2028,22,3.143
2026-06-22,NGM28,2028-06-01,Jun 2028,23,3.297
2026-06-22,NGN28,2028-07-01,Jul 2028,24,3.495
2026-06-22,NGQ28,2028-08-01,Aug 2028,25,3.564
2026-06-22,NGU28,2028-09-01,Sep 2028,26,3.532
2026-06-22,NGV28,2028-10-01,Oct 2028,27,3.616
2026-06-22,NGX28,2028-11-01,Nov 2028,28,3.805
2026-06-22,NGZ28,2028-12-01,Dec 2028,29,4.414
2026-06-22,NGF29,2029-01-01,Jan 2029,30,4.808
2026-06-22,NGG29,2029-02-01,Feb 2029,31,4.341
2026-06-22,NGH29,2029-03-01,Mar 2029,32,3.46
2026-06-22,NGJ29,2029-04-01,Apr 2029,33,3.151
2026-06-22,NGK29,2029-05-01,May 2029,34,3.11
2026-06-22,NGM29,2029-06-01,Jun 2029,35,3.222
2026-06-22,NGN29,2029-07-01,Jul 2029,36,3.434
2026-06-22,NGQ29,2029-08-01,Aug 2029,37,3.498
2026-06-22,NGU29,2029-09-01,Sep 2029,38,3.484
2026-06-22,NGV29,2029-10-01,Oct 2029,39,3.56
2026-06-22,NGX29,2029-11-01,Nov 2029,40,3.725
2026-06-22,NGZ29,2029-12-01,Dec 2029,41,4.317
2026-06-22,NGF30,2030-01-01,Jan 2030,42,4.74
2026-06-22,NGG30,2030-02-01,Feb 2030,43,4.287
2026-06-22,NGH30,2030-03-01,Mar 2030,44,3.47
2026-06-22,NGJ30,2030-04-01,Apr 2030,45,3.052
2026-06-22,NGK30,2030-05-01,May 2030,46,3.013
2026-06-22,NGM30,2030-06-01,Jun 2030,47,3.135
2026-06-22,NGN30,2030-07-01,Jul 2030,48,3.368
2026-06-22,NGQ30,2030-08-01,Aug 2030,49,3.407
2026-06-22,NGU30,2030-09-01,Sep 2030,50,3.375
2026-06-22,NGV30,2030-10-01,Oct 2030,51,3.451
2026-06-22,NGX30,2030-11-01,Nov 2030,52,3.65
2026-06-22,NGZ30,2030-12-01,Dec 2030,53,4.167
2026-06-22,NGF31,2031-01-01,Jan 2031,54,4.542
2026-06-22,NGG31,2031-02-01,Feb 2031,55,4.087
2026-06-22,NGH31,2031-03-01,Mar 2031,56,3.37
2026-06-22,NGJ31,2031-04-01,Apr 2031,57,2.964
2026-06-22,NGK31,2031-05-01,May 2031,58,2.931
2026-06-22,NGM31,2031-06-01,Jun 2031,59,3.06
2026-06-22,NGN31,2031-07-01,Jul 2031,60,3.258
2026-06-22,NGQ31,2031-08-01,Aug 2031,61,3.319
2026-06-22,NGU31,2031-09-01,Sep 2031,62,3.298
2026-06-22,NGV31,2031-10-01,Oct 2031,63,3.376
2026-06-22,NGX31,2031-11-01,Nov 2031,64,3.614
2026-06-22,NGZ31,2031-12-01,Dec 2031,65,4.198
2026-06-22,NGF32,2032-01-01,Jan 2032,66,4.525
2026-06-22,NGG32,2032-02-01,Feb 2032,67,4.062
2026-06-22,NGH32,2032-03-01,Mar 2032,68,3.304
2026-06-22,NGJ32,2032-04-01,Apr 2032,69,2.849
2026-06-22,NGK32,2032-05-01,May 2032,70,2.819
2026-06-22,NGM32,2032-06-01,Jun 2032,71,2.954
2026-06-22,NGN32,2032-07-01,Jul 2032,72,3.136
2026-06-22,NGQ32,2032-08-01,Aug 2032,73,3.189
2026-06-22,NGU32,2032-09-01,Sep 2032,74,3.164
2026-06-22,NGV32,2032-10-01,Oct 2032,75,3.229
2026-06-22,NGX32,2032-11-01,Nov 2032,76,3.444
2026-06-22,NGZ32,2032-12-01,Dec 2032,77,3.969
2026-06-22,NGF33,2033-01-01,Jan 2033,78,4.274
2026-06-22,NGG33,2033-02-01,Feb 2033,79,3.817
2026-06-22,NGH33,2033-03-01,Mar 2033,80,3.113
2026-06-22,NGJ33,2033-04-01,Apr 2033,81,2.752
2026-06-22,NGK33,2033-05-01,May 2033,82,2.74
2026-06-22,NGM33,2033-06-01,Jun 2033,83,2.881
2026-06-22,NGN33,2033-07-01,Jul 2033,84,3.07
2026-06-22,NGQ33,2033-08-01,Aug 2033,85,3.121
2026-06-22,NGU33,2033-09-01,Sep 2033,86,3.095
2026-06-22,NGV33,2033-10-01,Oct 2033,87,3.168
2026-06-22,NGX33,2033-11-01,Nov 2033,88,3.407
2026-06-22,NGZ33,2033-12-01,Dec 2033,89,3.826
2026-06-22,NGF34,2034-01-01,Jan 2034,90,4.106
2026-06-22,NGG34,2034-02-01,Feb 2034,91,3.801
2026-06-22,NGH34,2034-03-01,Mar 2034,92,3.191
2026-06-22,NGJ34,2034-04-01,Apr 2034,93,2.771
2026-06-22,NGK34,2034-05-01,May 2034,94,2.761
2026-06-22,NGM34,2034-06-01,Jun 2034,95,2.911
2026-06-22,NGN34,2034-07-01,Jul 2034,96,3.091
2026-06-22,NGQ34,2034-08-01,Aug 2034,97,3.151
2026-06-22,NGU34,2034-09-01,Sep 2034,98,3.166
2026-06-22,NGV34,2034-10-01,Oct 2034,99,3.212
2026-06-22,NGX34,2034-11-01,Nov 2034,100,3.452
2026-06-22,NGZ34,2034-12-01,Dec 2034,101,3.852
2026-06-22,NGF35,2035-01-01,Jan 2035,102,4.077
2026-06-22,NGG35,2035-02-01,Feb 2035,103,3.837
2026-06-22,NGH35,2035-03-01,Mar 2035,104,3.407
2026-06-22,NGJ35,2035-04-01,Apr 2035,105,3.017
2026-06-22,NGK35,2035-05-01,May 2035,106,2.995
2026-06-22,NGM35,2035-06-01,Jun 2035,107,3.03
2026-06-22,NGN35,2035-07-01,Jul 2035,108,3.07
2026-06-22,NGQ35,2035-08-01,Aug 2035,109,3.11
2026-06-22,NGU35,2035-09-01,Sep 2035,110,3.125
2026-06-22,NGV35,2035-10-01,Oct 2035,111,3.171
2026-06-22,NGX35,2035-11-01,Nov 2035,112,3.371
2026-06-22,NGZ35,2035-12-01,Dec 2035,113,3.681
2026-06-22,NGF36,2036-01-01,Jan 2036,114,3.951
2026-06-22,NGG36,2036-02-01,Feb 2036,115,3.781
2026-06-22,NGH36,2036-03-01,Mar 2036,116,3.511
2026-06-22,NGJ36,2036-04-01,Apr 2036,117,3.181
2026-06-22,NGK36,2036-05-01,May 2036,118,3.159
2026-06-22,NGM36,2036-06-01,Jun 2036,119,3.199
2026-06-22,NGN36,2036-07-01,Jul 2036,120,3.239
2026-06-22,NGQ36,2036-08-01,Aug 2036,121,3.279
2026-06-22,NGU36,2036-09-01,Sep 2036,122,3.294
2026-06-22,NGV36,2036-10-01,Oct 2036,123,3.34
2026-06-22,NGX36,2036-11-01,Nov 2036,124,3.49
2026-06-22,NGZ36,2036-12-01,Dec 2036,125,3.765
2026-06-22,NGF37,2037-01-01,Jan 2037,126,3.99
2026-06-22,NGG37,2037-02-01,Feb 2037,127,3.84
2026-06-22,NGH37,2037-03-01,Mar 2037,128,3.64
2026-06-22,NGJ37,2037-04-01,Apr 2037,129,3.31
2026-06-22,NGK37,2037-05-01,May 2037,130,3.288
2026-06-22,NGM37,2037-06-01,Jun 2037,131,3.323
2026-06-22,NGN37,2037-07-01,Jul 2037,132,3.363
2026-06-22,NGQ37,2037-08-01,Aug 2037,133,3.403
2026-06-22,NGU37,2037-09-01,Sep 2037,134,3.418
2026-06-22,NGV37,2037-10-01,Oct 2037,135,3.464
2026-06-22,NGX37,2037-11-01,Nov 2037,136,3.589
2026-06-22,NGZ37,2037-12-01,Dec 2037,137,3.814
2026-06-22,NGF38,2038-01-01,Jan 2038,138,4.079
2026-06-22,NGG38,2038-02-01,Feb 2038,139,3.929
2026-06-22,NGH38,2038-03-01,Mar 2038,140,3.729
2026-06-22,NGJ38,2038-04-01,Apr 2038,141,3.399
2026-06-22,NGK38,2038-05-01,May 2038,142,3.377
2026-06-22,NGM38,2038-06-01,Jun 2038,143,3.457
2026-06-22,NGN38,2038-07-01,Jul 2038,144,3.557
2026-06-22,NGQ38,2038-08-01,Aug 2038,145,3.597
2026-06-22,NGU38,2038-09-01,Sep 2038,146,3.612
2026-06-22,NGV38,2038-10-01,Oct 2038,147,3.658
2026-06-22,NGX38,2038-11-01,Nov 2038,148,3.73
2026-06-22,NGZ38,2038-12-01,Dec 2038,149,3.885
2026-06-23,NGN26,2026-07-01,Jul 2026,0,3.152
2026-06-23,NGQ26,2026-08-01,Aug 2026,1,3.191
2026-06-23,NGU26,2026-09-01,Sep 2026,2,3.15
2026-06-23,NGV26,2026-10-01,Oct 2026,3,3.188
2026-06-23,NGX26,2026-11-01,Nov 2026,4,3.379
2026-06-23,NGZ26,2026-12-01,Dec 2026,5,3.978
2026-06-23,NGF27,2027-01-01,Jan 2027,6,4.378
2026-06-23,NGG27,2027-02-01,Feb 2027,7,3.96
2026-06-23,NGH27,2027-03-01,Mar 2027,8,3.158
2026-06-23,NGJ27,2027-04-01,Apr 2027,9,2.948
2026-06-23,NGK27,2027-05-01,May 2027,10,2.925
2026-06-23,NGM27,2027-06-01,Jun 2027,11,3.063
2026-06-23,NGN27,2027-07-01,Jul 2027,12,3.276
2026-06-23,NGQ27,2027-08-01,Aug 2027,13,3.33
2026-06-23,NGU27,2027-09-01,Sep 2027,14,3.303
2026-06-23,NGV27,2027-10-01,Oct 2027,15,3.375
2026-06-23,NGX27,2027-11-01,Nov 2027,16,3.631
2026-06-23,NGZ27,2027-12-01,Dec 2027,17,4.283
2026-06-23,NGF28,2028-01-01,Jan 2028,18,4.697
2026-06-23,NGG28,2028-02-01,Feb 2028,19,4.23
2026-06-23,NGH28,2028-03-01,Mar 2028,20,3.444
2026-06-23,NGJ28,2028-04-01,Apr 2028,21,3.161
2026-06-23,NGK28,2028-05-01,May 2028,22,3.135
2026-06-23,NGM28,2028-06-01,Jun 2028,23,3.272
2026-06-23,NGN28,2028-07-01,Jul 2028,24,3.488
2026-06-23,NGQ28,2028-08-01,Aug 2028,25,3.549
2026-06-23,NGU28,2028-09-01,Sep 2028,26,3.529
2026-06-23,NGV28,2028-10-01,Oct 2028,27,3.6
2026-06-23,NGX28,2028-11-01,Nov 2028,28,3.807
2026-06-23,NGZ28,2028-12-01,Dec 2028,29,4.411
2026-06-23,NGF29,2029-01-01,Jan 2029,30,4.802
2026-06-23,NGG29,2029-02-01,Feb 2029,31,4.333
2026-06-23,NGH29,2029-03-01,Mar 2029,32,3.456
2026-06-23,NGJ29,2029-04-01,Apr 2029,33,3.126
2026-06-23,NGK29,2029-05-01,May 2029,34,3.098
2026-06-23,NGM29,2029-06-01,Jun 2029,35,3.209
2026-06-23,NGN29,2029-07-01,Jul 2029,36,3.421
2026-06-23,NGQ29,2029-08-01,Aug 2029,37,3.485
2026-06-23,NGU29,2029-09-01,Sep 2029,38,3.471
2026-06-23,NGV29,2029-10-01,Oct 2029,39,3.547
2026-06-23,NGX29,2029-11-01,Nov 2029,40,3.717
2026-06-23,NGZ29,2029-12-01,Dec 2029,41,4.296
2026-06-23,NGF30,2030-01-01,Jan 2030,42,4.718
2026-06-23,NGG30,2030-02-01,Feb 2030,43,4.263
2026-06-23,NGH30,2030-03-01,Mar 2030,44,3.446
2026-06-23,NGJ30,2030-04-01,Apr 2030,45,3.026
2026-06-23,NGK30,2030-05-01,May 2030,46,2.987
2026-06-23,NGM30,2030-06-01,Jun 2030,47,3.109
2026-06-23,NGN30,2030-07-01,Jul 2030,48,3.342
2026-06-23,NGQ30,2030-08-01,Aug 2030,49,3.382
2026-06-23,NGU30,2030-09-01,Sep 2030,50,3.35
2026-06-23,NGV30,2030-10-01,Oct 2030,51,3.44
2026-06-23,NGX30,2030-11-01,Nov 2030,52,3.625
2026-06-23,NGZ30,2030-12-01,Dec 2030,53,4.155
2026-06-23,NGF31,2031-01-01,Jan 2031,54,4.531
2026-06-23,NGG31,2031-02-01,Feb 2031,55,4.075
2026-06-23,NGH31,2031-03-01,Mar 2031,56,3.352
2026-06-23,NGJ31,2031-04-01,Apr 2031,57,2.944
2026-06-23,NGK31,2031-05-01,May 2031,58,2.911
2026-06-23,NGM31,2031-06-01,Jun 2031,59,3.04
2026-06-23,NGN31,2031-07-01,Jul 2031,60,3.242
2026-06-23,NGQ31,2031-08-01,Aug 2031,61,3.3
2026-06-23,NGU31,2031-09-01,Sep 2031,62,3.279
2026-06-23,NGV31,2031-10-01,Oct 2031,63,3.357
2026-06-23,NGX31,2031-11-01,Nov 2031,64,3.595
2026-06-23,NGZ31,2031-12-01,Dec 2031,65,4.179
2026-06-23,NGF32,2032-01-01,Jan 2032,66,4.505
2026-06-23,NGG32,2032-02-01,Feb 2032,67,4.042
2026-06-23,NGH32,2032-03-01,Mar 2032,68,3.283
2026-06-23,NGJ32,2032-04-01,Apr 2032,69,2.828
2026-06-23,NGK32,2032-05-01,May 2032,70,2.798
2026-06-23,NGM32,2032-06-01,Jun 2032,71,2.933
2026-06-23,NGN32,2032-07-01,Jul 2032,72,3.115
2026-06-23,NGQ32,2032-08-01,Aug 2032,73,3.168
2026-06-23,NGU32,2032-09-01,Sep 2032,74,3.143
2026-06-23,NGV32,2032-10-01,Oct 2032,75,3.208
2026-06-23,NGX32,2032-11-01,Nov 2032,76,3.423
2026-06-23,NGZ32,2032-12-01,Dec 2032,77,3.948
2026-06-23,NGF33,2033-01-01,Jan 2033,78,4.253
2026-06-23,NGG33,2033-02-01,Feb 2033,79,3.796
2026-06-23,NGH33,2033-03-01,Mar 2033,80,3.092
2026-06-23,NGJ33,2033-04-01,Apr 2033,81,2.731
2026-06-23,NGK33,2033-05-01,May 2033,82,2.719
2026-06-23,NGM33,2033-06-01,Jun 2033,83,2.86
2026-06-23,NGN33,2033-07-01,Jul 2033,84,3.049
2026-06-23,NGQ33,2033-08-01,Aug 2033,85,3.1
2026-06-23,NGU33,2033-09-01,Sep 2033,86,3.074
2026-06-23,NGV33,2033-10-01,Oct 2033,87,3.147
2026-06-23,NGX33,2033-11-01,Nov 2033,88,3.386
2026-06-23,NGZ33,2033-12-01,Dec 2033,89,3.805
2026-06-23,NGF34,2034-01-01,Jan 2034,90,4.085
2026-06-23,NGG34,2034-02-01,Feb 2034,91,3.78
2026-06-23,NGH34,2034-03-01,Mar 2034,92,3.17
2026-06-23,NGJ34,2034-04-01,Apr 2034,93,2.75
2026-06-23,NGK34,2034-05-01,May 2034,94,2.74
2026-06-23,NGM34,2034-06-01,Jun 2034,95,2.89
2026-06-23,NGN34,2034-07-01,Jul 2034,96,3.07
2026-06-23,NGQ34,2034-08-01,Aug 2034,97,3.13
2026-06-23,NGU34,2034-09-01,Sep 2034,98,3.145
2026-06-23,NGV34,2034-10-01,Oct 2034,99,3.191
2026-06-23,NGX34,2034-11-01,Nov 2034,100,3.431
2026-06-23,NGZ34,2034-12-01,Dec 2034,101,3.831
2026-06-23,NGF35,2035-01-01,Jan 2035,102,4.056
2026-06-23,NGG35,2035-02-01,Feb 2035,103,3.816
2026-06-23,NGH35,2035-03-01,Mar 2035,104,3.386
2026-06-23,NGJ35,2035-04-01,Apr 2035,105,2.996
2026-06-23,NGK35,2035-05-01,May 2035,106,2.974
2026-06-23,NGM35,2035-06-01,Jun 2035,107,3.009
2026-06-23,NGN35,2035-07-01,Jul 2035,108,3.049
2026-06-23,NGQ35,2035-08-01,Aug 2035,109,3.089
2026-06-23,NGU35,2035-09-01,Sep 2035,110,3.104
2026-06-23,NGV35,2035-10-01,Oct 2035,111,3.15
2026-06-23,NGX35,2035-11-01,Nov 2035,112,3.35
2026-06-23,NGZ35,2035-12-01,Dec 2035,113,3.66
2026-06-23,NGF36,2036-01-01,Jan 2036,114,3.93
2026-06-23,NGG36,2036-02-01,Feb 2036,115,3.76
2026-06-23,NGH36,2036-03-01,Mar 2036,116,3.49
2026-06-23,NGJ36,2036-04-01,Apr 2036,117,3.16
2026-06-23,NGK36,2036-05-01,May 2036,118,3.138
2026-06-23,NGM36,2036-06-01,Jun 2036,119,3.178
2026-06-23,NGN36,2036-07-01,Jul 2036,120,3.218
2026-06-23,NGQ36,2036-08-01,Aug 2036,121,3.258
2026-06-23,NGU36,2036-09-01,Sep 2036,122,3.273
2026-06-23,NGV36,2036-10-01,Oct 2036,123,3.319
2026-06-23,NGX36,2036-11-01,Nov 2036,124,3.469
2026-06-23,NGZ36,2036-12-01,Dec 2036,125,3.744
2026-06-23,NGF37,2037-01-01,Jan 2037,126,3.969
2026-06-23,NGG37,2037-02-01,Feb 2037,127,3.819
2026-06-23,NGH37,2037-03-01,Mar 2037,128,3.619
2026-06-23,NGJ37,2037-04-01,Apr 2037,129,3.289
2026-06-23,NGK37,2037-05-01,May 2037,130,3.267
2026-06-23,NGM37,2037-06-01,Jun 2037,131,3.302
2026-06-23,NGN37,2037-07-01,Jul 2037,132,3.342
2026-06-23,NGQ37,2037-08-01,Aug 2037,133,3.382
2026-06-23,NGU37,2037-09-01,Sep 2037,134,3.397
2026-06-23,NGV37,2037-10-01,Oct 2037,135,3.443
2026-06-23,NGX37,2037-11-01,Nov 2037,136,3.568
2026-06-23,NGZ37,2037-12-01,Dec 2037,137,3.793
2026-06-23,NGF38,2038-01-01,Jan 2038,138,4.058
2026-06-24,NGN26,2026-07-01,Jul 2026,0,3.224
2026-06-24,NGQ26,2026-08-01,Aug 2026,1,3.261
2026-06-24,NGU26,2026-09-01,Sep 2026,2,3.218
2026-06-24,NGV26,2026-10-01,Oct 2026,3,3.253
2026-06-24,NGX26,2026-11-01,Nov 2026,4,3.445
2026-06-24,NGZ26,2026-12-01,Dec 2026,5,4.03
2026-06-24,NGF27,2027-01-01,Jan 2027,6,4.428
2026-06-24,NGG27,2027-02-01,Feb 2027,7,4.01
2026-06-24,NGH27,2027-03-01,Mar 2027,8,3.194
2026-06-24,NGJ27,2027-04-01,Apr 2027,9,2.97
2026-06-24,NGK27,2027-05-01,May 2027,10,2.947
2026-06-24,NGM27,2027-06-01,Jun 2027,11,3.079
2026-06-24,NGN27,2027-07-01,Jul 2027,12,3.289
2026-06-24,NGQ27,2027-08-01,Aug 2027,13,3.342
2026-06-24,NGU27,2027-09-01,Sep 2027,14,3.316
2026-06-24,NGV27,2027-10-01,Oct 2027,15,3.39
2026-06-24,NGX27,2027-11-01,Nov 2027,16,3.65
2026-06-24,NGZ27,2027-12-01,Dec 2027,17,4.3
2026-06-24,NGF28,2028-01-01,Jan 2028,18,4.715
2026-06-24,NGG28,2028-02-01,Feb 2028,19,4.243
2026-06-24,NGH28,2028-03-01,Mar 2028,20,3.45
2026-06-24,NGJ28,2028-04-01,Apr 2028,21,3.167
2026-06-24,NGK28,2028-05-01,May 2028,22,3.142
2026-06-24,NGM28,2028-06-01,Jun 2028,23,3.286
2026-06-24,NGN28,2028-07-01,Jul 2028,24,3.5
2026-06-24,NGQ28,2028-08-01,Aug 2028,25,3.564
2026-06-24,NGU28,2028-09-01,Sep 2028,26,3.544
2026-06-24,NGV28,2028-10-01,Oct 2028,27,3.602
2026-06-24,NGX28,2028-11-01,Nov 2028,28,3.829
2026-06-24,NGZ28,2028-12-01,Dec 2028,29,4.408
2026-06-24,NGF29,2029-01-01,Jan 2029,30,4.813
2026-06-24,NGG29,2029-02-01,Feb 2029,31,4.345
2026-06-24,NGH29,2029-03-01,Mar 2029,32,3.455
2026-06-24,NGJ29,2029-04-01,Apr 2029,33,3.13
2026-06-24,NGK29,2029-05-01,May 2029,34,3.103
2026-06-24,NGM29,2029-06-01,Jun 2029,35,3.215
2026-06-24,NGN29,2029-07-01,Jul 2029,36,3.429
2026-06-24,NGQ29,2029-08-01,Aug 2029,37,3.492
2026-06-24,NGU29,2029-09-01,Sep 2029,38,3.478
2026-06-24,NGV29,2029-10-01,Oct 2029,39,3.555
2026-06-24,NGX29,2029-11-01,Nov 2029,40,3.724
2026-06-24,NGZ29,2029-12-01,Dec 2029,41,4.304
2026-06-24,NGF30,2030-01-01,Jan 2030,42,4.731
2026-06-24,NGG30,2030-02-01,Feb 2030,43,4.276
2026-06-24,NGH30,2030-03-01,Mar 2030,44,3.458
2026-06-24,NGJ30,2030-04-01,Apr 2030,45,3.043
2026-06-24,NGK30,2030-05-01,May 2030,46,3.001
2026-06-24,NGM30,2030-06-01,Jun 2030,47,3.124
2026-06-24,NGN30,2030-07-01,Jul 2030,48,3.357
2026-06-24,NGQ30,2030-08-01,Aug 2030,49,3.397
2026-06-24,NGU30,2030-09-01,Sep 2030,50,3.367
2026-06-24,NGV30,2030-10-01,Oct 2030,51,3.444
2026-06-24,NGX30,2030-11-01,Nov 2030,52,3.643
2026-06-24,NGZ30,2030-12-01,Dec 2030,53,4.172
2026-06-24,NGF31,2031-01-01,Jan 2031,54,4.555
2026-06-24,NGG31,2031-02-01,Feb 2031,55,4.08
2026-06-24,NGH31,2031-03-01,Mar 2031,56,3.371
2026-06-24,NGJ31,2031-04-01,Apr 2031,57,2.964
2026-06-24,NGK31,2031-05-01,May 2031,58,2.931
2026-06-24,NGM31,2031-06-01,Jun 2031,59,3.059
2026-06-24,NGN31,2031-07-01,Jul 2031,60,3.261
2026-06-24,NGQ31,2031-08-01,Aug 2031,61,3.319
2026-06-24,NGU31,2031-09-01,Sep 2031,62,3.299
2026-06-24,NGV31,2031-10-01,Oct 2031,63,3.377
2026-06-24,NGX31,2031-11-01,Nov 2031,64,3.615
2026-06-24,NGZ31,2031-12-01,Dec 2031,65,4.199
2026-06-24,NGF32,2032-01-01,Jan 2032,66,4.525
2026-06-24,NGG32,2032-02-01,Feb 2032,67,4.062
2026-06-24,NGH32,2032-03-01,Mar 2032,68,3.303
2026-06-24,NGJ32,2032-04-01,Apr 2032,69,2.848
2026-06-24,NGK32,2032-05-01,May 2032,70,2.817
2026-06-24,NGM32,2032-06-01,Jun 2032,71,2.952
2026-06-24,NGN32,2032-07-01,Jul 2032,72,3.133
2026-06-24,NGQ32,2032-08-01,Aug 2032,73,3.186
2026-06-24,NGU32,2032-09-01,Sep 2032,74,3.161
2026-06-24,NGV32,2032-10-01,Oct 2032,75,3.225
2026-06-24,NGX32,2032-11-01,Nov 2032,76,3.44
2026-06-24,NGZ32,2032-12-01,Dec 2032,77,3.964
2026-06-24,NGF33,2033-01-01,Jan 2033,78,4.274
2026-06-24,NGG33,2033-02-01,Feb 2033,79,3.816
2026-06-24,NGH33,2033-03-01,Mar 2033,80,3.107
2026-06-24,NGJ33,2033-04-01,Apr 2033,81,2.748
2026-06-24,NGK33,2033-05-01,May 2033,82,2.736
2026-06-24,NGM33,2033-06-01,Jun 2033,83,2.877
2026-06-24,NGN33,2033-07-01,Jul 2033,84,3.066
2026-06-24,NGQ33,2033-08-01,Aug 2033,85,3.117
2026-06-24,NGU33,2033-09-01,Sep 2033,86,3.091
2026-06-24,NGV33,2033-10-01,Oct 2033,87,3.164
2026-06-24,NGX33,2033-11-01,Nov 2033,88,3.403
2026-06-24,NGZ33,2033-12-01,Dec 2033,89,3.822
2026-06-24,NGF34,2034-01-01,Jan 2034,90,4.102
2026-06-24,NGG34,2034-02-01,Feb 2034,91,3.797
2026-06-24,NGH34,2034-03-01,Mar 2034,92,3.187
2026-06-24,NGJ34,2034-04-01,Apr 2034,93,2.767
2026-06-24,NGK34,2034-05-01,May 2034,94,2.757
2026-06-24,NGM34,2034-06-01,Jun 2034,95,2.907
2026-06-24,NGN34,2034-07-01,Jul 2034,96,3.087
2026-06-24,NGQ34,2034-08-01,Aug 2034,97,3.147
2026-06-24,NGU34,2034-09-01,Sep 2034,98,3.162
2026-06-24,NGV34,2034-10-01,Oct 2034,99,3.208
2026-06-24,NGX34,2034-11-01,Nov 2034,100,3.448
2026-06-24,NGZ34,2034-12-01,Dec 2034,101,3.848
2026-06-24,NGF35,2035-01-01,Jan 2035,102,4.073
2026-06-24,NGG35,2035-02-01,Feb 2035,103,3.833
2026-06-24,NGH35,2035-03-01,Mar 2035,104,3.403
2026-06-24,NGJ35,2035-04-01,Apr 2035,105,3.013
2026-06-24,NGK35,2035-05-01,May 2035,106,2.991
2026-06-24,NGM35,2035-06-01,Jun 2035,107,3.026
2026-06-24,NGN35,2035-07-01,Jul 2035,108,3.066
2026-06-24,NGQ35,2035-08-01,Aug 2035,109,3.106
2026-06-24,NGU35,2035-09-01,Sep 2035,110,3.121
2026-06-24,NGV35,2035-10-01,Oct 2035,111,3.167
2026-06-24,NGX35,2035-11-01,Nov 2035,112,3.367
2026-06-24,NGZ35,2035-12-01,Dec 2035,113,3.677
2026-06-24,NGF36,2036-01-01,Jan 2036,114,3.947
2026-06-24,NGG36,2036-02-01,Feb 2036,115,3.777
2026-06-24,NGH36,2036-03-01,Mar 2036,116,3.507
2026-06-24,NGJ36,2036-04-01,Apr 2036,117,3.177
2026-06-24,NGK36,2036-05-01,May 2036,118,3.155
2026-06-24,NGM36,2036-06-01,Jun 2036,119,3.195
2026-06-24,NGN36,2036-07-01,Jul 2036,120,3.235
2026-06-24,NGQ36,2036-08-01,Aug 2036,121,3.275
2026-06-24,NGU36,2036-09-01,Sep 2036,122,3.29
2026-06-24,NGV36,2036-10-01,Oct 2036,123,3.336
2026-06-24,NGX36,2036-11-01,Nov 2036,124,3.486
2026-06-24,NGZ36,2036-12-01,Dec 2036,125,3.761
2026-06-24,NGF37,2037-01-01,Jan 2037,126,3.986
2026-06-24,NGG37,2037-02-01,Feb 2037,127,3.836
2026-06-24,NGH37,2037-03-01,Mar 2037,128,3.636
2026-06-24,NGJ37,2037-04-01,Apr 2037,129,3.306
2026-06-24,NGK37,2037-05-01,May 2037,130,3.284
2026-06-24,NGM37,2037-06-01,Jun 2037,131,3.319
2026-06-24,NGN37,2037-07-01,Jul 2037,132,3.359
2026-06-24,NGQ37,2037-08-01,Aug 2037,133,3.399
2026-06-24,NGU37,2037-09-01,Sep 2037,134,3.414
2026-06-24,NGV37,2037-10-01,Oct 2037,135,3.46
2026-06-24,NGX37,2037-11-01,Nov 2037,136,3.585
2026-06-24,NGZ37,2037-12-01,Dec 2037,137,3.81
2026-06-24,NGF38,2038-01-01,Jan 2038,138,4.075
2026-06-25,NGN26,2026-07-01,Jul 2026,0,3.292
2026-06-25,NGQ26,2026-08-01,Aug 2026,1,3.255
2026-06-25,NGU26,2026-09-01,Sep 2026,2,3.211
2026-06-25,NGV26,2026-10-01,Oct 2026,3,3.242
2026-06-25,NGX26,2026-11-01,Nov 2026,4,3.432
2026-06-25,NGZ26,2026-12-01,Dec 2026,5,4.021
2026-06-25,NGF27,2027-01-01,Jan 2027,6,4.427
2026-06-25,NGG27,2027-02-01,Feb 2027,7,4.002
2026-06-25,NGH27,2027-03-01,Mar 2027,8,3.195
2026-06-25,NGJ27,2027-04-01,Apr 2027,9,2.976
2026-06-25,NGK27,2027-05-01,May 2027,10,2.948
2026-06-25,NGM27,2027-06-01,Jun 2027,11,3.08
2026-06-25,NGN27,2027-07-01,Jul 2027,12,3.292
2026-06-25,NGQ27,2027-08-01,Aug 2027,13,3.345
2026-06-25,NGU27,2027-09-01,Sep 2027,14,3.318
2026-06-25,NGV27,2027-10-01,Oct 2027,15,3.391
2026-06-25,NGX27,2027-11-01,Nov 2027,16,3.652
2026-06-25,NGZ27,2027-12-01,Dec 2027,17,4.297
2026-06-25,NGF28,2028-01-01,Jan 2028,18,4.711
2026-06-25,NGG28,2028-02-01,Feb 2028,19,4.233
2026-06-25,NGH28,2028-03-01,Mar 2028,20,3.448
2026-06-25,NGJ28,2028-04-01,Apr 2028,21,3.165
2026-06-25,NGK28,2028-05-01,May 2028,22,3.139
2026-06-25,NGM28,2028-06-01,Jun 2028,23,3.276
2026-06-25,NGN28,2028-07-01,Jul 2028,24,3.49
2026-06-25,NGQ28,2028-08-01,Aug 2028,25,3.545
2026-06-25,NGU28,2028-09-01,Sep 2028,26,3.54
2026-06-25,NGV28,2028-10-01,Oct 2028,27,3.588
2026-06-25,NGX28,2028-11-01,Nov 2028,28,3.801
2026-06-25,NGZ28,2028-12-01,Dec 2028,29,4.39
2026-06-25,NGF29,2029-01-01,Jan 2029,30,4.805
2026-06-25,NGG29,2029-02-01,Feb 2029,31,4.34
2026-06-25,NGH29,2029-03-01,Mar 2029,32,3.443
2026-06-25,NGJ29,2029-04-01,Apr 2029,33,3.119
2026-06-25,NGK29,2029-05-01,May 2029,34,3.094
2026-06-25,NGM29,2029-06-01,Jun 2029,35,3.2
2026-06-25,NGN29,2029-07-01,Jul 2029,36,3.417
2026-06-25,NGQ29,2029-08-01,Aug 2029,37,3.48
2026-06-25,NGU29,2029-09-01,Sep 2029,38,3.465
2026-06-25,NGV29,2029-10-01,Oct 2029,39,3.539
2026-06-25,NGX29,2029-11-01,Nov 2029,40,3.715
2026-06-25,NGZ29,2029-12-01,Dec 2029,41,4.292
2026-06-25,NGF30,2030-01-01,Jan 2030,42,4.725
2026-06-25,NGG30,2030-02-01,Feb 2030,43,4.27
2026-06-25,NGH30,2030-03-01,Mar 2030,44,3.448
2026-06-25,NGJ30,2030-04-01,Apr 2030,45,3.033
2026-06-25,NGK30,2030-05-01,May 2030,46,2.991
2026-06-25,NGM30,2030-06-01,Jun 2030,47,3.114
2026-06-25,NGN30,2030-07-01,Jul 2030,48,3.347
2026-06-25,NGQ30,2030-08-01,Aug 2030,49,3.387
2026-06-25,NGU30,2030-09-01,Sep 2030,50,3.357
2026-06-25,NGV30,2030-10-01,Oct 2030,51,3.431
2026-06-25,NGX30,2030-11-01,Nov 2030,52,3.63
2026-06-25,NGZ30,2030-12-01,Dec 2030,53,4.156
2026-06-25,NGF31,2031-01-01,Jan 2031,54,4.535
2026-06-25,NGG31,2031-02-01,Feb 2031,55,4.081
2026-06-25,NGH31,2031-03-01,Mar 2031,56,3.355
2026-06-25,NGJ31,2031-04-01,Apr 2031,57,2.948
2026-06-25,NGK31,2031-05-01,May 2031,58,2.915
2026-06-25,NGM31,2031-06-01,Jun 2031,59,3.043
2026-06-25,NGN31,2031-07-01,Jul 2031,60,3.241
2026-06-25,NGQ31,2031-08-01,Aug 2031,61,3.299
2026-06-25,NGU31,2031-09-01,Sep 2031,62,3.28
2026-06-25,NGV31,2031-10-01,Oct 2031,63,3.358
2026-06-25,NGX31,2031-11-01,Nov 2031,64,3.596
2026-06-25,NGZ31,2031-12-01,Dec 2031,65,4.176
2026-06-25,NGF32,2032-01-01,Jan 2032,66,4.503
2026-06-25,NGG32,2032-02-01,Feb 2032,67,4.042
2026-06-25,NGH32,2032-03-01,Mar 2032,68,3.282
2026-06-25,NGJ32,2032-04-01,Apr 2032,69,2.827
2026-06-25,NGK32,2032-05-01,May 2032,70,2.796
2026-06-25,NGM32,2032-06-01,Jun 2032,71,2.931
2026-06-25,NGN32,2032-07-01,Jul 2032,72,3.112
2026-06-25,NGQ32,2032-08-01,Aug 2032,73,3.165
2026-06-25,NGU32,2032-09-01,Sep 2032,74,3.14
2026-06-25,NGV32,2032-10-01,Oct 2032,75,3.204
2026-06-25,NGX32,2032-11-01,Nov 2032,76,3.419
2026-06-25,NGZ32,2032-12-01,Dec 2032,77,3.943
2026-06-25,NGF33,2033-01-01,Jan 2033,78,4.253
2026-06-25,NGG33,2033-02-01,Feb 2033,79,3.795
2026-06-25,NGH33,2033-03-01,Mar 2033,80,3.086
2026-06-25,NGJ33,2033-04-01,Apr 2033,81,2.727
2026-06-25,NGK33,2033-05-01,May 2033,82,2.715
2026-06-25,NGM33,2033-06-01,Jun 2033,83,2.856
2026-06-25,NGN33,2033-07-01,Jul 2033,84,3.045
2026-06-25,NGQ33,2033-08-01,Aug 2033,85,3.096
2026-06-25,NGU33,2033-09-01,Sep 2033,86,3.07
2026-06-25,NGV33,2033-10-01,Oct 2033,87,3.143
2026-06-25,NGX33,2033-11-01,Nov 2033,88,3.382
2026-06-25,NGZ33,2033-12-01,Dec 2033,89,3.817
2026-06-25,NGF34,2034-01-01,Jan 2034,90,4.097
2026-06-25,NGG34,2034-02-01,Feb 2034,91,3.792
2026-06-25,NGH34,2034-03-01,Mar 2034,92,3.182
2026-06-25,NGJ34,2034-04-01,Apr 2034,93,2.762
2026-06-25,NGK34,2034-05-01,May 2034,94,2.752
2026-06-25,NGM34,2034-06-01,Jun 2034,95,2.902
2026-06-25,NGN34,2034-07-01,Jul 2034,96,3.082
2026-06-25,NGQ34,2034-08-01,Aug 2034,97,3.142
2026-06-25,NGU34,2034-09-01,Sep 2034,98,3.157
2026-06-25,NGV34,2034-10-01,Oct 2034,99,3.203
2026-06-25,NGX34,2034-11-01,Nov 2034,100,3.443
2026-06-25,NGZ34,2034-12-01,Dec 2034,101,3.843
2026-06-25,NGF35,2035-01-01,Jan 2035,102,4.068
2026-06-25,NGG35,2035-02-01,Feb 2035,103,3.828
2026-06-25,NGH35,2035-03-01,Mar 2035,104,3.398
2026-06-25,NGJ35,2035-04-01,Apr 2035,105,3.008
2026-06-25,NGK35,2035-05-01,May 2035,106,2.986
2026-06-25,NGM35,2035-06-01,Jun 2035,107,3.021
2026-06-25,NGN35,2035-07-01,Jul 2035,108,3.061
2026-06-25,NGQ35,2035-08-01,Aug 2035,109,3.101
2026-06-25,NGU35,2035-09-01,Sep 2035,110,3.116
2026-06-25,NGV35,2035-10-01,Oct 2035,111,3.162
2026-06-25,NGX35,2035-11-01,Nov 2035,112,3.362
2026-06-25,NGZ35,2035-12-01,Dec 2035,113,3.672
2026-06-25,NGF36,2036-01-01,Jan 2036,114,3.942
2026-06-25,NGG36,2036-02-01,Feb 2036,115,3.772
2026-06-25,NGH36,2036-03-01,Mar 2036,116,3.502
2026-06-25,NGJ36,2036-04-01,Apr 2036,117,3.172
2026-06-25,NGK36,2036-05-01,May 2036,118,3.15
2026-06-25,NGM36,2036-06-01,Jun 2036,119,3.19
2026-06-25,NGN36,2036-07-01,Jul 2036,120,3.23
2026-06-25,NGQ36,2036-08-01,Aug 2036,121,3.27
2026-06-25,NGU36,2036-09-01,Sep 2036,122,3.285
2026-06-25,NGV36,2036-10-01,Oct 2036,123,3.331
2026-06-25,NGX36,2036-11-01,Nov 2036,124,3.481
2026-06-25,NGZ36,2036-12-01,Dec 2036,125,3.756
2026-06-25,NGF37,2037-01-01,Jan 2037,126,3.981
2026-06-25,NGG37,2037-02-01,Feb 2037,127,3.831
2026-06-25,NGH37,2037-03-01,Mar 2037,128,3.631
2026-06-25,NGJ37,2037-04-01,Apr 2037,129,3.301
2026-06-25,NGK37,2037-05-01,May 2037,130,3.279
2026-06-25,NGM37,2037-06-01,Jun 2037,131,3.314
2026-06-25,NGN37,2037-07-01,Jul 2037,132,3.354
2026-06-25,NGQ37,2037-08-01,Aug 2037,133,3.394
2026-06-25,NGU37,2037-09-01,Sep 2037,134,3.409
2026-06-25,NGV37,2037-10-01,Oct 2037,135,3.455
2026-06-25,NGX37,2037-11-01,Nov 2037,136,3.58
2026-06-25,NGZ37,2037-12-01,Dec 2037,137,3.805
2026-06-25,NGF38,2038-01-01,Jan 2038,138,4.07
2026-06-26,NGN26,2026-07-01,Jul 2026,0,3.232
2026-06-26,NGQ26,2026-08-01,Aug 2026,1,3.303
2026-06-26,NGU26,2026-09-01,Sep 2026,2,3.251
2026-06-26,NGV26,2026-10-01,Oct 2026,3,3.279
2026-06-26,NGX26,2026-11-01,Nov 2026,4,3.464
2026-06-26,NGZ26,2026-12-01,Dec 2026,5,4.055
2026-06-26,NGF27,2027-01-01,Jan 2027,6,4.457
2026-06-26,NGG27,2027-02-01,Feb 2027,7,4.028
2026-06-26,NGH27,2027-03-01,Mar 2027,8,3.214
2026-06-26,NGJ27,2027-04-01,Apr 2027,9,2.985
2026-06-26,NGK27,2027-05-01,May 2027,10,2.948
2026-06-26,NGM27,2027-06-01,Jun 2027,11,3.076
2026-06-26,NGN27,2027-07-01,Jul 2027,12,3.286
2026-06-26,NGQ27,2027-08-01,Aug 2027,13,3.339
2026-06-26,NGU27,2027-09-01,Sep 2027,14,3.317
2026-06-26,NGV27,2027-10-01,Oct 2027,15,3.393
2026-06-26,NGX27,2027-11-01,Nov 2027,16,3.651
2026-06-26,NGZ27,2027-12-01,Dec 2027,17,4.299
2026-06-26,NGF28,2028-01-01,Jan 2028,18,4.718
2026-06-26,NGG28,2028-02-01,Feb 2028,19,4.233
2026-06-26,NGH28,2028-03-01,Mar 2028,20,3.441
2026-06-26,NGJ28,2028-04-01,Apr 2028,21,3.156
2026-06-26,NGK28,2028-05-01,May 2028,22,3.13
2026-06-26,NGM28,2028-06-01,Jun 2028,23,3.28
2026-06-26,NGN28,2028-07-01,Jul 2028,24,3.476
2026-06-26,NGQ28,2028-08-01,Aug 2028,25,3.535
2026-06-26,NGU28,2028-09-01,Sep 2028,26,3.515
2026-06-26,NGV28,2028-10-01,Oct 2028,27,3.59
2026-06-26,NGX28,2028-11-01,Nov 2028,28,3.81
2026-06-26,NGZ28,2028-12-01,Dec 2028,29,4.389
2026-06-26,NGF29,2029-01-01,Jan 2029,30,4.788
2026-06-26,NGG29,2029-02-01,Feb 2029,31,4.323
2026-06-26,NGH29,2029-03-01,Mar 2029,32,3.435
2026-06-26,NGJ29,2029-04-01,Apr 2029,33,3.109
2026-06-26,NGK29,2029-05-01,May 2029,34,3.084
2026-06-26,NGM29,2029-06-01,Jun 2029,35,3.195
2026-06-26,NGN29,2029-07-01,Jul 2029,36,3.407
2026-06-26,NGQ29,2029-08-01,Aug 2029,37,3.47
2026-06-26,NGU29,2029-09-01,Sep 2029,38,3.455
2026-06-26,NGV29,2029-10-01,Oct 2029,39,3.53
2026-06-26,NGX29,2029-11-01,Nov 2029,40,3.7
2026-06-26,NGZ29,2029-12-01,Dec 2029,41,4.283
2026-06-26,NGF30,2030-01-01,Jan 2030,42,4.712
2026-06-26,NGG30,2030-02-01,Feb 2030,43,4.262
2026-06-26,NGH30,2030-03-01,Mar 2030,44,3.435
2026-06-26,NGJ30,2030-04-01,Apr 2030,45,3.026
2026-06-26,NGK30,2030-05-01,May 2030,46,2.992
2026-06-26,NGM30,2030-06-01,Jun 2030,47,3.107
2026-06-26,NGN30,2030-07-01,Jul 2030,48,3.341
2026-06-26,NGQ30,2030-08-01,Aug 2030,49,3.381
2026-06-26,NGU30,2030-09-01,Sep 2030,50,3.351
2026-06-26,NGV30,2030-10-01,Oct 2030,51,3.425
2026-06-26,NGX30,2030-11-01,Nov 2030,52,3.63
2026-06-26,NGZ30,2030-12-01,Dec 2030,53,4.156
2026-06-26,NGF31,2031-01-01,Jan 2031,54,4.539
2026-06-26,NGG31,2031-02-01,Feb 2031,55,4.083
2026-06-26,NGH31,2031-03-01,Mar 2031,56,3.356
2026-06-26,NGJ31,2031-04-01,Apr 2031,57,2.951
2026-06-26,NGK31,2031-05-01,May 2031,58,2.918
2026-06-26,NGM31,2031-06-01,Jun 2031,59,3.043
2026-06-26,NGN31,2031-07-01,Jul 2031,60,3.246
2026-06-26,NGQ31,2031-08-01,Aug 2031,61,3.303
2026-06-26,NGU31,2031-09-01,Sep 2031,62,3.285
2026-06-26,NGV31,2031-10-01,Oct 2031,63,3.363
2026-06-26,NGX31,2031-11-01,Nov 2031,64,3.602
2026-06-26,NGZ31,2031-12-01,Dec 2031,65,4.184
2026-06-26,NGF32,2032-01-01,Jan 2032,66,4.51
2026-06-26,NGG32,2032-02-01,Feb 2032,67,4.049
2026-06-26,NGH32,2032-03-01,Mar 2032,68,3.289
2026-06-26,NGJ32,2032-04-01,Apr 2032,69,2.834
2026-06-26,NGK32,2032-05-01,May 2032,70,2.803
2026-06-26,NGM32,2032-06-01,Jun 2032,71,2.938
2026-06-26,NGN32,2032-07-01,Jul 2032,72,3.119
2026-06-26,NGQ32,2032-08-01,Aug 2032,73,3.172
2026-06-26,NGU32,2032-09-01,Sep 2032,74,3.147
2026-06-26,NGV32,2032-10-01,Oct 2032,75,3.211
2026-06-26,NGX32,2032-11-01,Nov 2032,76,3.426
2026-06-26,NGZ32,2032-12-01,Dec 2032,77,3.95
2026-06-26,NGF33,2033-01-01,Jan 2033,78,4.26
2026-06-26,NGG33,2033-02-01,Feb 2033,79,3.802
2026-06-26,NGH33,2033-03-01,Mar 2033,80,3.093
2026-06-26,NGJ33,2033-04-01,Apr 2033,81,2.734
2026-06-26,NGK33,2033-05-01,May 2033,82,2.722
2026-06-26,NGM33,2033-06-01,Jun 2033,83,2.863
2026-06-26,NGN33,2033-07-01,Jul 2033,84,3.052
2026-06-26,NGQ33,2033-08-01,Aug 2033,85,3.103
2026-06-26,NGU33,2033-09-01,Sep 2033,86,3.077
2026-06-26,NGV33,2033-10-01,Oct 2033,87,3.15
2026-06-26,NGX33,2033-11-01,Nov 2033,88,3.389
2026-06-26,NGZ33,2033-12-01,Dec 2033,89,3.824
2026-06-26,NGF34,2034-01-01,Jan 2034,90,4.104
2026-06-26,NGG34,2034-02-01,Feb 2034,91,3.799
2026-06-26,NGH34,2034-03-01,Mar 2034,92,3.189
2026-06-26,NGJ34,2034-04-01,Apr 2034,93,2.769
2026-06-26,NGK34,2034-05-01,May 2034,94,2.759
2026-06-26,NGM34,2034-06-01,Jun 2034,95,2.909
2026-06-26,NGN34,2034-07-01,Jul 2034,96,3.089
2026-06-26,NGQ34,2034-08-01,Aug 2034,97,3.149
2026-06-26,NGU34,2034-09-01,Sep 2034,98,3.164
2026-06-26,NGV34,2034-10-01,Oct 2034,99,3.21
2026-06-26,NGX34,2034-11-01,Nov 2034,100,3.45
2026-06-26,NGZ34,2034-12-01,Dec 2034,101,3.85
2026-06-26,NGF35,2035-01-01,Jan 2035,102,4.075
2026-06-26,NGG35,2035-02-01,Feb 2035,103,3.835
2026-06-26,NGH35,2035-03-01,Mar 2035,104,3.405
2026-06-26,NGJ35,2035-04-01,Apr 2035,105,3.015
2026-06-26,NGK35,2035-05-01,May 2035,106,2.993
2026-06-26,NGM35,2035-06-01,Jun 2035,107,3.028
2026-06-26,NGN35,2035-07-01,Jul 2035,108,3.068
2026-06-26,NGQ35,2035-08-01,Aug 2035,109,3.108
2026-06-26,NGU35,2035-09-01,Sep 2035,110,3.123
2026-06-26,NGV35,2035-10-01,Oct 2035,111,3.169
2026-06-26,NGX35,2035-11-01,Nov 2035,112,3.369
2026-06-26,NGZ35,2035-12-01,Dec 2035,113,3.679
2026-06-26,NGF36,2036-01-01,Jan 2036,114,3.949
2026-06-26,NGG36,2036-02-01,Feb 2036,115,3.779
2026-06-26,NGH36,2036-03-01,Mar 2036,116,3.509
2026-06-26,NGJ36,2036-04-01,Apr 2036,117,3.179
2026-06-26,NGK36,2036-05-01,May 2036,118,3.157
2026-06-26,NGM36,2036-06-01,Jun 2036,119,3.197
2026-06-26,NGN36,2036-07-01,Jul 2036,120,3.237
2026-06-26,NGQ36,2036-08-01,Aug 2036,121,3.277
2026-06-26,NGU36,2036-09-01,Sep 2036,122,3.292
2026-06-26,NGV36,2036-10-01,Oct 2036,123,3.338
2026-06-26,NGX36,2036-11-01,Nov 2036,124,3.488
2026-06-26,NGZ36,2036-12-01,Dec 2036,125,3.763
2026-06-26,NGF37,2037-01-01,Jan 2037,126,3.988
2026-06-26,NGG37,2037-02-01,Feb 2037,127,3.838
2026-06-26,NGH37,2037-03-01,Mar 2037,128,3.638
2026-06-26,NGJ37,2037-04-01,Apr 2037,129,3.308
2026-06-26,NGK37,2037-05-01,May 2037,130,3.286
2026-06-26,NGM37,2037-06-01,Jun 2037,131,3.321
2026-06-26,NGN37,2037-07-01,Jul 2037,132,3.361
2026-06-26,NGQ37,2037-08-01,Aug 2037,133,3.401
2026-06-26,NGU37,2037-09-01,Sep 2037,134,3.416
2026-06-26,NGV37,2037-10-01,Oct 2037,135,3.462
2026-06-26,NGX37,2037-11-01,Nov 2037,136,3.587
2026-06-26,NGZ37,2037-12-01,Dec 2037,137,3.812
2026-06-26,NGF38,2038-01-01,Jan 2038,138,4.077
