snapshot_date,symbol,contract_date,label,tenor,price
2026-04-13,LQJ26,2026-04-01,Apr 2026,0,134.9
2026-04-13,LQK26,2026-05-01,May 2026,1,129.9
2026-04-13,LQM26,2026-06-01,Jun 2026,2,130.5
2026-04-13,LQN26,2026-07-01,Jul 2026,3,130.95
2026-04-13,LQQ26,2026-08-01,Aug 2026,4,131.4
2026-04-13,LQU26,2026-09-01,Sep 2026,5,131.8
2026-04-13,LQV26,2026-10-01,Oct 2026,6,132.4
2026-04-13,LQX26,2026-11-01,Nov 2026,7,132.95
2026-04-13,LQZ26,2026-12-01,Dec 2026,8,133.5
2026-04-13,LQF27,2027-01-01,Jan 2027,9,134.1
2026-04-13,LQG27,2027-02-01,Feb 2027,10,133.9
2026-04-13,LQH27,2027-03-01,Mar 2027,11,133.05
2026-04-13,LQJ27,2027-04-01,Apr 2027,12,130.4
2026-04-13,LQK27,2027-05-01,May 2027,13,129.35
2026-04-13,LQM27,2027-06-01,Jun 2027,14,128.85
2026-04-13,LQN27,2027-07-01,Jul 2027,15,129.0
2026-04-13,LQQ27,2027-08-01,Aug 2027,16,129.0
2026-04-13,LQU27,2027-09-01,Sep 2027,17,128.8
2026-04-13,LQV27,2027-10-01,Oct 2027,18,128.65
2026-04-13,LQX27,2027-11-01,Nov 2027,19,128.45
2026-04-13,LQZ27,2027-12-01,Dec 2027,20,128.3
2026-04-13,LQF28,2028-01-01,Jan 2028,21,128.3
2026-04-13,LQG28,2028-02-01,Feb 2028,22,127.95
2026-04-13,LQH28,2028-03-01,Mar 2028,23,127.35
2026-04-13,LQJ28,2028-04-01,Apr 2028,24,126.9
2026-04-13,LQK28,2028-05-01,May 2028,25,126.55
2026-04-13,LQM28,2028-06-01,Jun 2028,26,126.45
2026-04-13,LQN28,2028-07-01,Jul 2028,27,126.5
2026-04-13,LQQ28,2028-08-01,Aug 2028,28,126.7
2026-04-13,LQU28,2028-09-01,Sep 2028,29,127.1
2026-04-13,LQV28,2028-10-01,Oct 2028,30,127.45
2026-04-13,LQX28,2028-11-01,Nov 2028,31,127.55
2026-04-13,LQZ28,2028-12-01,Dec 2028,32,127.6
2026-04-13,LQF29,2029-01-01,Jan 2029,33,127.35
2026-04-13,LQG29,2029-02-01,Feb 2029,34,127.2
2026-04-13,LQH29,2029-03-01,Mar 2029,35,126.75
2026-04-13,LQJ29,2029-04-01,Apr 2029,36,126.4
2026-04-13,LQK29,2029-05-01,May 2029,37,126.1
2026-04-13,LQM29,2029-06-01,Jun 2029,38,125.9
2026-04-13,LQN29,2029-07-01,Jul 2029,39,126.0
2026-04-13,LQQ29,2029-08-01,Aug 2029,40,126.25
2026-04-13,LQU29,2029-09-01,Sep 2029,41,126.55
2026-04-13,LQV29,2029-10-01,Oct 2029,42,126.95
2026-04-13,LQX29,2029-11-01,Nov 2029,43,127.15
2026-04-13,LQZ29,2029-12-01,Dec 2029,44,127.2
2026-04-13,LQF30,2030-01-01,Jan 2030,45,127.05
2026-04-13,LQG30,2030-02-01,Feb 2030,46,126.95
2026-04-13,LQH30,2030-03-01,Mar 2030,47,126.55
2026-04-13,LQJ30,2030-04-01,Apr 2030,48,126.35
2026-04-13,LQK30,2030-05-01,May 2030,49,126.15
2026-04-13,LQM30,2030-06-01,Jun 2030,50,126.05
2026-04-13,LQN30,2030-07-01,Jul 2030,51,126.05
2026-04-13,LQQ30,2030-08-01,Aug 2030,52,126.15
2026-04-13,LQU30,2030-09-01,Sep 2030,53,126.3
2026-04-13,LQV30,2030-10-01,Oct 2030,54,126.5
2026-04-13,LQX30,2030-11-01,Nov 2030,55,126.85
2026-04-13,LQZ30,2030-12-01,Dec 2030,56,126.9
2026-04-13,LQF31,2031-01-01,Jan 2031,57,126.9
2026-04-13,LQG31,2031-02-01,Feb 2031,58,126.8
2026-04-13,LQH31,2031-03-01,Mar 2031,59,126.5
2026-04-13,LQJ31,2031-04-01,Apr 2031,60,126.3
2026-04-13,LQK31,2031-05-01,May 2031,61,126.3
2026-04-13,LQM31,2031-06-01,Jun 2031,62,126.15
2026-04-13,LQN31,2031-07-01,Jul 2031,63,126.3
2026-04-13,LQQ31,2031-08-01,Aug 2031,64,126.3
2026-04-13,LQU31,2031-09-01,Sep 2031,65,126.4
2026-04-13,LQV31,2031-10-01,Oct 2031,66,126.8
2026-04-13,LQX31,2031-11-01,Nov 2031,67,127.0
2026-04-13,LQZ31,2031-12-01,Dec 2031,68,127.3
2026-04-14,LQJ26,2026-04-01,Apr 2026,0,134.95
2026-04-14,LQK26,2026-05-01,May 2026,1,127.85
2026-04-14,LQM26,2026-06-01,Jun 2026,2,128.65
2026-04-14,LQN26,2026-07-01,Jul 2026,3,129.05
2026-04-14,LQQ26,2026-08-01,Aug 2026,4,129.5
2026-04-14,LQU26,2026-09-01,Sep 2026,5,129.95
2026-04-14,LQV26,2026-10-01,Oct 2026,6,130.45
2026-04-14,LQX26,2026-11-01,Nov 2026,7,130.95
2026-04-14,LQZ26,2026-12-01,Dec 2026,8,131.65
2026-04-14,LQF27,2027-01-01,Jan 2027,9,132.5
2026-04-14,LQG27,2027-02-01,Feb 2027,10,132.35
2026-04-14,LQH27,2027-03-01,Mar 2027,11,131.5
2026-04-14,LQJ27,2027-04-01,Apr 2027,12,128.9
2026-04-14,LQK27,2027-05-01,May 2027,13,127.85
2026-04-14,LQM27,2027-06-01,Jun 2027,14,127.35
2026-04-14,LQN27,2027-07-01,Jul 2027,15,127.3
2026-04-14,LQQ27,2027-08-01,Aug 2027,16,127.4
2026-04-14,LQU27,2027-09-01,Sep 2027,17,127.2
2026-04-14,LQV27,2027-10-01,Oct 2027,18,127.3
2026-04-14,LQX27,2027-11-01,Nov 2027,19,127.2
2026-04-14,LQZ27,2027-12-01,Dec 2027,20,126.9
2026-04-14,LQF28,2028-01-01,Jan 2028,21,126.2
2026-04-14,LQG28,2028-02-01,Feb 2028,22,125.9
2026-04-14,LQH28,2028-03-01,Mar 2028,23,125.3
2026-04-14,LQJ28,2028-04-01,Apr 2028,24,124.9
2026-04-14,LQK28,2028-05-01,May 2028,25,124.5
2026-04-14,LQM28,2028-06-01,Jun 2028,26,124.5
2026-04-14,LQN28,2028-07-01,Jul 2028,27,124.5
2026-04-14,LQQ28,2028-08-01,Aug 2028,28,124.7
2026-04-14,LQU28,2028-09-01,Sep 2028,29,125.1
2026-04-14,LQV28,2028-10-01,Oct 2028,30,125.4
2026-04-14,LQX28,2028-11-01,Nov 2028,31,125.5
2026-04-14,LQZ28,2028-12-01,Dec 2028,32,125.6
2026-04-14,LQF29,2029-01-01,Jan 2029,33,125.55
2026-04-14,LQG29,2029-02-01,Feb 2029,34,125.45
2026-04-14,LQH29,2029-03-01,Mar 2029,35,124.95
2026-04-14,LQJ29,2029-04-01,Apr 2029,36,124.7
2026-04-14,LQK29,2029-05-01,May 2029,37,124.4
2026-04-14,LQM29,2029-06-01,Jun 2029,38,124.2
2026-04-14,LQN29,2029-07-01,Jul 2029,39,124.3
2026-04-14,LQQ29,2029-08-01,Aug 2029,40,124.45
2026-04-14,LQU29,2029-09-01,Sep 2029,41,124.75
2026-04-14,LQV29,2029-10-01,Oct 2029,42,125.2
2026-04-14,LQX29,2029-11-01,Nov 2029,43,125.35
2026-04-14,LQZ29,2029-12-01,Dec 2029,44,125.45
2026-04-14,LQF30,2030-01-01,Jan 2030,45,125.25
2026-04-14,LQG30,2030-02-01,Feb 2030,46,125.2
2026-04-14,LQH30,2030-03-01,Mar 2030,47,124.75
2026-04-14,LQJ30,2030-04-01,Apr 2030,48,124.55
2026-04-14,LQK30,2030-05-01,May 2030,49,124.35
2026-04-14,LQM30,2030-06-01,Jun 2030,50,124.25
2026-04-14,LQN30,2030-07-01,Jul 2030,51,124.25
2026-04-14,LQQ30,2030-08-01,Aug 2030,52,124.35
2026-04-14,LQU30,2030-09-01,Sep 2030,53,124.5
2026-04-14,LQV30,2030-10-01,Oct 2030,54,124.75
2026-04-14,LQX30,2030-11-01,Nov 2030,55,125.05
2026-04-14,LQZ30,2030-12-01,Dec 2030,56,125.2
2026-04-14,LQF31,2031-01-01,Jan 2031,57,125.2
2026-04-14,LQG31,2031-02-01,Feb 2031,58,125.05
2026-04-14,LQH31,2031-03-01,Mar 2031,59,124.8
2026-04-14,LQJ31,2031-04-01,Apr 2031,60,124.55
2026-04-14,LQK31,2031-05-01,May 2031,61,124.55
2026-04-14,LQM31,2031-06-01,Jun 2031,62,124.4
2026-04-14,LQN31,2031-07-01,Jul 2031,63,124.55
2026-04-14,LQQ31,2031-08-01,Aug 2031,64,124.55
2026-04-14,LQU31,2031-09-01,Sep 2031,65,124.7
2026-04-14,LQV31,2031-10-01,Oct 2031,66,125.05
2026-04-14,LQX31,2031-11-01,Nov 2031,67,125.3
2026-04-14,LQZ31,2031-12-01,Dec 2031,68,125.55
2026-04-15,LQJ26,2026-04-01,Apr 2026,0,133.75
2026-04-15,LQK26,2026-05-01,May 2026,1,127.0
2026-04-15,LQM26,2026-06-01,Jun 2026,2,125.45
2026-04-15,LQN26,2026-07-01,Jul 2026,3,125.95
2026-04-15,LQQ26,2026-08-01,Aug 2026,4,127.35
2026-04-15,LQU26,2026-09-01,Sep 2026,5,127.85
2026-04-15,LQV26,2026-10-01,Oct 2026,6,128.4
2026-04-15,LQX26,2026-11-01,Nov 2026,7,128.95
2026-04-15,LQZ26,2026-12-01,Dec 2026,8,129.5
2026-04-15,LQF27,2027-01-01,Jan 2027,9,130.3
2026-04-15,LQG27,2027-02-01,Feb 2027,10,130.2
2026-04-15,LQH27,2027-03-01,Mar 2027,11,129.4
2026-04-15,LQJ27,2027-04-01,Apr 2027,12,127.0
2026-04-15,LQK27,2027-05-01,May 2027,13,126.0
2026-04-15,LQM27,2027-06-01,Jun 2027,14,125.55
2026-04-15,LQN27,2027-07-01,Jul 2027,15,125.65
2026-04-15,LQQ27,2027-08-01,Aug 2027,16,125.75
2026-04-15,LQU27,2027-09-01,Sep 2027,17,125.6
2026-04-15,LQV27,2027-10-01,Oct 2027,18,125.75
2026-04-15,LQX27,2027-11-01,Nov 2027,19,125.65
2026-04-15,LQZ27,2027-12-01,Dec 2027,20,125.3
2026-04-15,LQF28,2028-01-01,Jan 2028,21,124.65
2026-04-15,LQG28,2028-02-01,Feb 2028,22,124.3
2026-04-15,LQH28,2028-03-01,Mar 2028,23,123.7
2026-04-15,LQJ28,2028-04-01,Apr 2028,24,123.35
2026-04-15,LQK28,2028-05-01,May 2028,25,123.0
2026-04-15,LQM28,2028-06-01,Jun 2028,26,123.0
2026-04-15,LQN28,2028-07-01,Jul 2028,27,123.0
2026-04-15,LQQ28,2028-08-01,Aug 2028,28,123.2
2026-04-15,LQU28,2028-09-01,Sep 2028,29,123.55
2026-04-15,LQV28,2028-10-01,Oct 2028,30,123.8
2026-04-15,LQX28,2028-11-01,Nov 2028,31,123.9
2026-04-15,LQZ28,2028-12-01,Dec 2028,32,124.0
2026-04-15,LQF29,2029-01-01,Jan 2029,33,124.1
2026-04-15,LQG29,2029-02-01,Feb 2029,34,124.0
2026-04-15,LQH29,2029-03-01,Mar 2029,35,123.5
2026-04-15,LQJ29,2029-04-01,Apr 2029,36,123.3
2026-04-15,LQK29,2029-05-01,May 2029,37,122.95
2026-04-15,LQM29,2029-06-01,Jun 2029,38,122.8
2026-04-15,LQN29,2029-07-01,Jul 2029,39,122.9
2026-04-15,LQQ29,2029-08-01,Aug 2029,40,123.0
2026-04-15,LQU29,2029-09-01,Sep 2029,41,123.3
2026-04-15,LQV29,2029-10-01,Oct 2029,42,123.8
2026-04-15,LQX29,2029-11-01,Nov 2029,43,123.9
2026-04-15,LQZ29,2029-12-01,Dec 2029,44,124.0
2026-04-15,LQF30,2030-01-01,Jan 2030,45,123.8
2026-04-15,LQG30,2030-02-01,Feb 2030,46,123.75
2026-04-15,LQH30,2030-03-01,Mar 2030,47,123.3
2026-04-15,LQJ30,2030-04-01,Apr 2030,48,123.1
2026-04-15,LQK30,2030-05-01,May 2030,49,122.9
2026-04-15,LQM30,2030-06-01,Jun 2030,50,122.8
2026-04-15,LQN30,2030-07-01,Jul 2030,51,122.8
2026-04-15,LQQ30,2030-08-01,Aug 2030,52,122.9
2026-04-15,LQU30,2030-09-01,Sep 2030,53,123.1
2026-04-15,LQV30,2030-10-01,Oct 2030,54,123.3
2026-04-15,LQX30,2030-11-01,Nov 2030,55,123.6
2026-04-15,LQZ30,2030-12-01,Dec 2030,56,123.8
2026-04-15,LQF31,2031-01-01,Jan 2031,57,123.8
2026-04-15,LQG31,2031-02-01,Feb 2031,58,123.6
2026-04-15,LQH31,2031-03-01,Mar 2031,59,123.4
2026-04-15,LQJ31,2031-04-01,Apr 2031,60,123.1
2026-04-15,LQK31,2031-05-01,May 2031,61,123.1
2026-04-15,LQM31,2031-06-01,Jun 2031,62,122.95
2026-04-15,LQN31,2031-07-01,Jul 2031,63,123.1
2026-04-15,LQQ31,2031-08-01,Aug 2031,64,123.1
2026-04-15,LQU31,2031-09-01,Sep 2031,65,123.3
2026-04-15,LQV31,2031-10-01,Oct 2031,66,123.6
2026-04-15,LQX31,2031-11-01,Nov 2031,67,123.9
2026-04-15,LQZ31,2031-12-01,Dec 2031,68,124.1
2026-04-16,LQJ26,2026-04-01,Apr 2026,0,133.75
2026-04-16,LQK26,2026-05-01,May 2026,1,125.75
2026-04-16,LQM26,2026-06-01,Jun 2026,2,125.5
2026-04-16,LQN26,2026-07-01,Jul 2026,3,126.75
2026-04-16,LQQ26,2026-08-01,Aug 2026,4,127.3
2026-04-16,LQU26,2026-09-01,Sep 2026,5,127.9
2026-04-16,LQV26,2026-10-01,Oct 2026,6,128.55
2026-04-16,LQX26,2026-11-01,Nov 2026,7,129.15
2026-04-16,LQZ26,2026-12-01,Dec 2026,8,129.75
2026-04-16,LQF27,2027-01-01,Jan 2027,9,130.5
2026-04-16,LQG27,2027-02-01,Feb 2027,10,130.45
2026-04-16,LQH27,2027-03-01,Mar 2027,11,129.65
2026-04-16,LQJ27,2027-04-01,Apr 2027,12,129.55
2026-04-16,LQK27,2027-05-01,May 2027,13,128.6
2026-04-16,LQM27,2027-06-01,Jun 2027,14,128.2
2026-04-16,LQN27,2027-07-01,Jul 2027,15,128.05
2026-04-16,LQQ27,2027-08-01,Aug 2027,16,128.2
2026-04-16,LQU27,2027-09-01,Sep 2027,17,128.05
2026-04-16,LQV27,2027-10-01,Oct 2027,18,128.55
2026-04-16,LQX27,2027-11-01,Nov 2027,19,128.65
2026-04-16,LQZ27,2027-12-01,Dec 2027,20,128.45
2026-04-16,LQF28,2028-01-01,Jan 2028,21,127.1
2026-04-16,LQG28,2028-02-01,Feb 2028,22,126.6
2026-04-16,LQH28,2028-03-01,Mar 2028,23,125.8
2026-04-16,LQJ28,2028-04-01,Apr 2028,24,125.5
2026-04-16,LQK28,2028-05-01,May 2028,25,125.1
2026-04-16,LQM28,2028-06-01,Jun 2028,26,125.1
2026-04-16,LQN28,2028-07-01,Jul 2028,27,125.1
2026-04-16,LQQ28,2028-08-01,Aug 2028,28,125.3
2026-04-16,LQU28,2028-09-01,Sep 2028,29,125.7
2026-04-16,LQV28,2028-10-01,Oct 2028,30,125.9
2026-04-16,LQX28,2028-11-01,Nov 2028,31,126.05
2026-04-16,LQZ28,2028-12-01,Dec 2028,32,126.15
2026-04-16,LQF29,2029-01-01,Jan 2029,33,126.3
2026-04-16,LQG29,2029-02-01,Feb 2029,34,126.2
2026-04-16,LQH29,2029-03-01,Mar 2029,35,125.7
2026-04-16,LQJ29,2029-04-01,Apr 2029,36,125.5
2026-04-16,LQK29,2029-05-01,May 2029,37,125.2
2026-04-16,LQM29,2029-06-01,Jun 2029,38,125.0
2026-04-16,LQN29,2029-07-01,Jul 2029,39,125.1
2026-04-16,LQQ29,2029-08-01,Aug 2029,40,125.2
2026-04-16,LQU29,2029-09-01,Sep 2029,41,125.5
2026-04-16,LQV29,2029-10-01,Oct 2029,42,126.0
2026-04-16,LQX29,2029-11-01,Nov 2029,43,126.1
2026-04-16,LQZ29,2029-12-01,Dec 2029,44,126.2
2026-04-16,LQF30,2030-01-01,Jan 2030,45,126.0
2026-04-16,LQG30,2030-02-01,Feb 2030,46,125.9
2026-04-16,LQH30,2030-03-01,Mar 2030,47,125.5
2026-04-16,LQJ30,2030-04-01,Apr 2030,48,125.3
2026-04-16,LQK30,2030-05-01,May 2030,49,125.1
2026-04-16,LQM30,2030-06-01,Jun 2030,50,125.0
2026-04-16,LQN30,2030-07-01,Jul 2030,51,125.0
2026-04-16,LQQ30,2030-08-01,Aug 2030,52,125.1
2026-04-16,LQU30,2030-09-01,Sep 2030,53,125.3
2026-04-16,LQV30,2030-10-01,Oct 2030,54,125.5
2026-04-16,LQX30,2030-11-01,Nov 2030,55,125.8
2026-04-16,LQZ30,2030-12-01,Dec 2030,56,126.0
2026-04-16,LQF31,2031-01-01,Jan 2031,57,126.0
2026-04-16,LQG31,2031-02-01,Feb 2031,58,125.8
2026-04-16,LQH31,2031-03-01,Mar 2031,59,125.6
2026-04-16,LQJ31,2031-04-01,Apr 2031,60,125.3
2026-04-16,LQK31,2031-05-01,May 2031,61,125.3
2026-04-16,LQM31,2031-06-01,Jun 2031,62,125.2
2026-04-16,LQN31,2031-07-01,Jul 2031,63,125.3
2026-04-16,LQQ31,2031-08-01,Aug 2031,64,125.3
2026-04-16,LQU31,2031-09-01,Sep 2031,65,125.5
2026-04-16,LQV31,2031-10-01,Oct 2031,66,125.8
2026-04-16,LQX31,2031-11-01,Nov 2031,67,126.1
2026-04-16,LQZ31,2031-12-01,Dec 2031,68,126.3
2026-04-17,LQJ26,2026-04-01,Apr 2026,0,132.3
2026-04-17,LQK26,2026-05-01,May 2026,1,122.45
2026-04-17,LQM26,2026-06-01,Jun 2026,2,122.9
2026-04-17,LQN26,2026-07-01,Jul 2026,3,123.35
2026-04-17,LQQ26,2026-08-01,Aug 2026,4,123.85
2026-04-17,LQU26,2026-09-01,Sep 2026,5,124.35
2026-04-17,LQV26,2026-10-01,Oct 2026,6,124.9
2026-04-17,LQX26,2026-11-01,Nov 2026,7,125.45
2026-04-17,LQZ26,2026-12-01,Dec 2026,8,126.2
2026-04-17,LQF27,2027-01-01,Jan 2027,9,127.45
2026-04-17,LQG27,2027-02-01,Feb 2027,10,127.55
2026-04-17,LQH27,2027-03-01,Mar 2027,11,126.85
2026-04-17,LQJ27,2027-04-01,Apr 2027,12,126.5
2026-04-17,LQK27,2027-05-01,May 2027,13,125.6
2026-04-17,LQM27,2027-06-01,Jun 2027,14,125.3
2026-04-17,LQN27,2027-07-01,Jul 2027,15,125.05
2026-04-17,LQQ27,2027-08-01,Aug 2027,16,125.2
2026-04-17,LQU27,2027-09-01,Sep 2027,17,125.0
2026-04-17,LQV27,2027-10-01,Oct 2027,18,125.4
2026-04-17,LQX27,2027-11-01,Nov 2027,19,125.45
2026-04-17,LQZ27,2027-12-01,Dec 2027,20,125.05
2026-04-17,LQF28,2028-01-01,Jan 2028,21,125.5
2026-04-17,LQG28,2028-02-01,Feb 2028,22,124.9
2026-04-17,LQH28,2028-03-01,Mar 2028,23,124.15
2026-04-17,LQJ28,2028-04-01,Apr 2028,24,123.95
2026-04-17,LQK28,2028-05-01,May 2028,25,123.55
2026-04-17,LQM28,2028-06-01,Jun 2028,26,123.55
2026-04-17,LQN28,2028-07-01,Jul 2028,27,123.55
2026-04-17,LQQ28,2028-08-01,Aug 2028,28,123.75
2026-04-17,LQU28,2028-09-01,Sep 2028,29,124.15
2026-04-17,LQV28,2028-10-01,Oct 2028,30,124.5
2026-04-17,LQX28,2028-11-01,Nov 2028,31,124.65
2026-04-17,LQZ28,2028-12-01,Dec 2028,32,124.75
2026-04-17,LQF29,2029-01-01,Jan 2029,33,124.95
2026-04-17,LQG29,2029-02-01,Feb 2029,34,124.85
2026-04-17,LQH29,2029-03-01,Mar 2029,35,124.4
2026-04-17,LQJ29,2029-04-01,Apr 2029,36,124.2
2026-04-17,LQK29,2029-05-01,May 2029,37,123.9
2026-04-17,LQM29,2029-06-01,Jun 2029,38,123.7
2026-04-17,LQN29,2029-07-01,Jul 2029,39,123.8
2026-04-17,LQQ29,2029-08-01,Aug 2029,40,123.9
2026-04-17,LQU29,2029-09-01,Sep 2029,41,124.2
2026-04-17,LQV29,2029-10-01,Oct 2029,42,124.65
2026-04-17,LQX29,2029-11-01,Nov 2029,43,124.75
2026-04-17,LQZ29,2029-12-01,Dec 2029,44,124.85
2026-04-17,LQF30,2030-01-01,Jan 2030,45,124.7
2026-04-17,LQG30,2030-02-01,Feb 2030,46,124.55
2026-04-17,LQH30,2030-03-01,Mar 2030,47,124.2
2026-04-17,LQJ30,2030-04-01,Apr 2030,48,124.0
2026-04-17,LQK30,2030-05-01,May 2030,49,123.8
2026-04-17,LQM30,2030-06-01,Jun 2030,50,123.7
2026-04-17,LQN30,2030-07-01,Jul 2030,51,123.7
2026-04-17,LQQ30,2030-08-01,Aug 2030,52,123.8
2026-04-17,LQU30,2030-09-01,Sep 2030,53,124.0
2026-04-17,LQV30,2030-10-01,Oct 2030,54,124.2
2026-04-17,LQX30,2030-11-01,Nov 2030,55,124.5
2026-04-17,LQZ30,2030-12-01,Dec 2030,56,124.7
2026-04-17,LQF31,2031-01-01,Jan 2031,57,124.7
2026-04-17,LQG31,2031-02-01,Feb 2031,58,124.5
2026-04-17,LQH31,2031-03-01,Mar 2031,59,124.3
2026-04-17,LQJ31,2031-04-01,Apr 2031,60,124.0
2026-04-17,LQK31,2031-05-01,May 2031,61,124.0
2026-04-17,LQM31,2031-06-01,Jun 2031,62,123.9
2026-04-17,LQN31,2031-07-01,Jul 2031,63,124.0
2026-04-17,LQQ31,2031-08-01,Aug 2031,64,124.0
2026-04-17,LQU31,2031-09-01,Sep 2031,65,124.2
2026-04-17,LQV31,2031-10-01,Oct 2031,66,124.5
2026-04-17,LQX31,2031-11-01,Nov 2031,67,124.8
2026-04-17,LQZ31,2031-12-01,Dec 2031,68,125.0
2026-04-18,LQJ26,2026-04-01,Apr 2026,0,132.3
2026-04-18,LQK26,2026-05-01,May 2026,1,122.45
2026-04-18,LQM26,2026-06-01,Jun 2026,2,122.9
2026-04-18,LQN26,2026-07-01,Jul 2026,3,123.35
2026-04-18,LQQ26,2026-08-01,Aug 2026,4,123.85
2026-04-18,LQU26,2026-09-01,Sep 2026,5,124.35
2026-04-18,LQV26,2026-10-01,Oct 2026,6,124.9
2026-04-18,LQX26,2026-11-01,Nov 2026,7,125.45
2026-04-18,LQZ26,2026-12-01,Dec 2026,8,126.2
2026-04-18,LQF27,2027-01-01,Jan 2027,9,127.45
2026-04-18,LQG27,2027-02-01,Feb 2027,10,127.55
2026-04-18,LQH27,2027-03-01,Mar 2027,11,126.85
2026-04-18,LQJ27,2027-04-01,Apr 2027,12,126.5
2026-04-18,LQK27,2027-05-01,May 2027,13,125.6
2026-04-18,LQM27,2027-06-01,Jun 2027,14,125.3
2026-04-18,LQN27,2027-07-01,Jul 2027,15,125.05
2026-04-18,LQQ27,2027-08-01,Aug 2027,16,125.2
2026-04-18,LQU27,2027-09-01,Sep 2027,17,125.0
2026-04-18,LQV27,2027-10-01,Oct 2027,18,125.4
2026-04-18,LQX27,2027-11-01,Nov 2027,19,125.45
2026-04-18,LQZ27,2027-12-01,Dec 2027,20,125.05
2026-04-18,LQF28,2028-01-01,Jan 2028,21,125.5
2026-04-18,LQG28,2028-02-01,Feb 2028,22,124.9
2026-04-18,LQH28,2028-03-01,Mar 2028,23,124.15
2026-04-18,LQJ28,2028-04-01,Apr 2028,24,123.95
2026-04-18,LQK28,2028-05-01,May 2028,25,123.55
2026-04-18,LQM28,2028-06-01,Jun 2028,26,123.55
2026-04-18,LQN28,2028-07-01,Jul 2028,27,123.55
2026-04-18,LQQ28,2028-08-01,Aug 2028,28,123.75
2026-04-18,LQU28,2028-09-01,Sep 2028,29,124.15
2026-04-18,LQV28,2028-10-01,Oct 2028,30,124.5
2026-04-18,LQX28,2028-11-01,Nov 2028,31,124.65
2026-04-18,LQZ28,2028-12-01,Dec 2028,32,124.75
2026-04-18,LQF29,2029-01-01,Jan 2029,33,124.95
2026-04-18,LQG29,2029-02-01,Feb 2029,34,124.85
2026-04-18,LQH29,2029-03-01,Mar 2029,35,124.4
2026-04-18,LQJ29,2029-04-01,Apr 2029,36,124.2
2026-04-18,LQK29,2029-05-01,May 2029,37,123.9
2026-04-18,LQM29,2029-06-01,Jun 2029,38,123.7
2026-04-18,LQN29,2029-07-01,Jul 2029,39,123.8
2026-04-18,LQQ29,2029-08-01,Aug 2029,40,123.9
2026-04-18,LQU29,2029-09-01,Sep 2029,41,124.2
2026-04-18,LQV29,2029-10-01,Oct 2029,42,124.65
2026-04-18,LQX29,2029-11-01,Nov 2029,43,124.75
2026-04-18,LQZ29,2029-12-01,Dec 2029,44,124.85
2026-04-18,LQF30,2030-01-01,Jan 2030,45,124.7
2026-04-18,LQG30,2030-02-01,Feb 2030,46,124.55
2026-04-18,LQH30,2030-03-01,Mar 2030,47,124.2
2026-04-18,LQJ30,2030-04-01,Apr 2030,48,124.0
2026-04-18,LQK30,2030-05-01,May 2030,49,123.8
2026-04-18,LQM30,2030-06-01,Jun 2030,50,123.7
2026-04-18,LQN30,2030-07-01,Jul 2030,51,123.7
2026-04-18,LQQ30,2030-08-01,Aug 2030,52,123.8
2026-04-18,LQU30,2030-09-01,Sep 2030,53,124.0
2026-04-18,LQV30,2030-10-01,Oct 2030,54,124.2
2026-04-18,LQX30,2030-11-01,Nov 2030,55,124.5
2026-04-18,LQZ30,2030-12-01,Dec 2030,56,124.7
2026-04-18,LQF31,2031-01-01,Jan 2031,57,124.7
2026-04-18,LQG31,2031-02-01,Feb 2031,58,124.5
2026-04-18,LQH31,2031-03-01,Mar 2031,59,124.3
2026-04-18,LQJ31,2031-04-01,Apr 2031,60,124.0
2026-04-18,LQK31,2031-05-01,May 2031,61,124.0
2026-04-18,LQM31,2031-06-01,Jun 2031,62,123.9
2026-04-18,LQN31,2031-07-01,Jul 2031,63,124.0
2026-04-18,LQQ31,2031-08-01,Aug 2031,64,124.0
2026-04-18,LQU31,2031-09-01,Sep 2031,65,124.2
2026-04-18,LQV31,2031-10-01,Oct 2031,66,124.5
2026-04-18,LQX31,2031-11-01,Nov 2031,67,124.8
2026-04-18,LQZ31,2031-12-01,Dec 2031,68,125.0
2026-04-19,LQJ26,2026-04-01,Apr 2026,0,132.3
2026-04-19,LQK26,2026-05-01,May 2026,1,122.45
2026-04-19,LQM26,2026-06-01,Jun 2026,2,122.9
2026-04-19,LQN26,2026-07-01,Jul 2026,3,123.35
2026-04-19,LQQ26,2026-08-01,Aug 2026,4,123.85
2026-04-19,LQU26,2026-09-01,Sep 2026,5,124.35
2026-04-19,LQV26,2026-10-01,Oct 2026,6,124.9
2026-04-19,LQX26,2026-11-01,Nov 2026,7,125.45
2026-04-19,LQZ26,2026-12-01,Dec 2026,8,126.2
2026-04-19,LQF27,2027-01-01,Jan 2027,9,127.45
2026-04-19,LQG27,2027-02-01,Feb 2027,10,127.55
2026-04-19,LQH27,2027-03-01,Mar 2027,11,126.85
2026-04-19,LQJ27,2027-04-01,Apr 2027,12,126.5
2026-04-19,LQK27,2027-05-01,May 2027,13,125.6
2026-04-19,LQM27,2027-06-01,Jun 2027,14,125.3
2026-04-19,LQN27,2027-07-01,Jul 2027,15,125.05
2026-04-19,LQQ27,2027-08-01,Aug 2027,16,125.2
2026-04-19,LQU27,2027-09-01,Sep 2027,17,125.0
2026-04-19,LQV27,2027-10-01,Oct 2027,18,125.4
2026-04-19,LQX27,2027-11-01,Nov 2027,19,125.45
2026-04-19,LQZ27,2027-12-01,Dec 2027,20,125.05
2026-04-19,LQF28,2028-01-01,Jan 2028,21,125.5
2026-04-19,LQG28,2028-02-01,Feb 2028,22,124.9
2026-04-19,LQH28,2028-03-01,Mar 2028,23,124.15
2026-04-19,LQJ28,2028-04-01,Apr 2028,24,123.95
2026-04-19,LQK28,2028-05-01,May 2028,25,123.55
2026-04-19,LQM28,2028-06-01,Jun 2028,26,123.55
2026-04-19,LQN28,2028-07-01,Jul 2028,27,123.55
2026-04-19,LQQ28,2028-08-01,Aug 2028,28,123.75
2026-04-19,LQU28,2028-09-01,Sep 2028,29,124.15
2026-04-19,LQV28,2028-10-01,Oct 2028,30,124.5
2026-04-19,LQX28,2028-11-01,Nov 2028,31,124.65
2026-04-19,LQZ28,2028-12-01,Dec 2028,32,124.75
2026-04-19,LQF29,2029-01-01,Jan 2029,33,124.95
2026-04-19,LQG29,2029-02-01,Feb 2029,34,124.85
2026-04-19,LQH29,2029-03-01,Mar 2029,35,124.4
2026-04-19,LQJ29,2029-04-01,Apr 2029,36,124.2
2026-04-19,LQK29,2029-05-01,May 2029,37,123.9
2026-04-19,LQM29,2029-06-01,Jun 2029,38,123.7
2026-04-19,LQN29,2029-07-01,Jul 2029,39,123.8
2026-04-19,LQQ29,2029-08-01,Aug 2029,40,123.9
2026-04-19,LQU29,2029-09-01,Sep 2029,41,124.2
2026-04-19,LQV29,2029-10-01,Oct 2029,42,124.65
2026-04-19,LQX29,2029-11-01,Nov 2029,43,124.75
2026-04-19,LQZ29,2029-12-01,Dec 2029,44,124.85
2026-04-19,LQF30,2030-01-01,Jan 2030,45,124.7
2026-04-19,LQG30,2030-02-01,Feb 2030,46,124.55
2026-04-19,LQH30,2030-03-01,Mar 2030,47,124.2
2026-04-19,LQJ30,2030-04-01,Apr 2030,48,124.0
2026-04-19,LQK30,2030-05-01,May 2030,49,123.8
2026-04-19,LQM30,2030-06-01,Jun 2030,50,123.7
2026-04-19,LQN30,2030-07-01,Jul 2030,51,123.7
2026-04-19,LQQ30,2030-08-01,Aug 2030,52,123.8
2026-04-19,LQU30,2030-09-01,Sep 2030,53,124.0
2026-04-19,LQV30,2030-10-01,Oct 2030,54,124.2
2026-04-19,LQX30,2030-11-01,Nov 2030,55,124.5
2026-04-19,LQZ30,2030-12-01,Dec 2030,56,124.7
2026-04-19,LQF31,2031-01-01,Jan 2031,57,124.7
2026-04-19,LQG31,2031-02-01,Feb 2031,58,124.5
2026-04-19,LQH31,2031-03-01,Mar 2031,59,124.3
2026-04-19,LQJ31,2031-04-01,Apr 2031,60,124.0
2026-04-19,LQK31,2031-05-01,May 2031,61,124.0
2026-04-19,LQM31,2031-06-01,Jun 2031,62,123.9
2026-04-19,LQN31,2031-07-01,Jul 2031,63,124.0
2026-04-19,LQQ31,2031-08-01,Aug 2031,64,124.0
2026-04-19,LQU31,2031-09-01,Sep 2031,65,124.2
2026-04-19,LQV31,2031-10-01,Oct 2031,66,124.5
2026-04-19,LQX31,2031-11-01,Nov 2031,67,124.8
2026-04-19,LQZ31,2031-12-01,Dec 2031,68,125.0
2026-04-20,LQJ26,2026-04-01,Apr 2026,0,132.6
2026-04-20,LQK26,2026-05-01,May 2026,1,120.4
2026-04-20,LQM26,2026-06-01,Jun 2026,2,122.5
2026-04-20,LQN26,2026-07-01,Jul 2026,3,123.4
2026-04-20,LQQ26,2026-08-01,Aug 2026,4,123.8
2026-04-20,LQU26,2026-09-01,Sep 2026,5,124.0
2026-04-20,LQV26,2026-10-01,Oct 2026,6,124.0
2026-04-20,LQX26,2026-11-01,Nov 2026,7,124.5
2026-04-20,LQZ26,2026-12-01,Dec 2026,8,124.85
2026-04-20,LQF27,2027-01-01,Jan 2027,9,125.75
2026-04-20,LQG27,2027-02-01,Feb 2027,10,126.05
2026-04-20,LQH27,2027-03-01,Mar 2027,11,125.85
2026-04-20,LQJ27,2027-04-01,Apr 2027,12,125.15
2026-04-20,LQK27,2027-05-01,May 2027,13,124.45
2026-04-20,LQM27,2027-06-01,Jun 2027,14,124.05
2026-04-20,LQN27,2027-07-01,Jul 2027,15,124.65
2026-04-20,LQQ27,2027-08-01,Aug 2027,16,124.75
2026-04-20,LQU27,2027-09-01,Sep 2027,17,124.3
2026-04-20,LQV27,2027-10-01,Oct 2027,18,124.55
2026-04-20,LQX27,2027-11-01,Nov 2027,19,124.85
2026-04-20,LQZ27,2027-12-01,Dec 2027,20,125.0
2026-04-20,LQF28,2028-01-01,Jan 2028,21,125.45
2026-04-20,LQG28,2028-02-01,Feb 2028,22,124.85
2026-04-20,LQH28,2028-03-01,Mar 2028,23,124.25
2026-04-20,LQJ28,2028-04-01,Apr 2028,24,124.0
2026-04-20,LQK28,2028-05-01,May 2028,25,123.65
2026-04-20,LQM28,2028-06-01,Jun 2028,26,123.65
2026-04-20,LQN28,2028-07-01,Jul 2028,27,123.65
2026-04-20,LQQ28,2028-08-01,Aug 2028,28,123.85
2026-04-20,LQU28,2028-09-01,Sep 2028,29,124.2
2026-04-20,LQV28,2028-10-01,Oct 2028,30,124.5
2026-04-20,LQX28,2028-11-01,Nov 2028,31,124.65
2026-04-20,LQZ28,2028-12-01,Dec 2028,32,124.75
2026-04-20,LQF29,2029-01-01,Jan 2029,33,124.95
2026-04-20,LQG29,2029-02-01,Feb 2029,34,124.9
2026-04-20,LQH29,2029-03-01,Mar 2029,35,124.5
2026-04-20,LQJ29,2029-04-01,Apr 2029,36,124.35
2026-04-20,LQK29,2029-05-01,May 2029,37,124.05
2026-04-20,LQM29,2029-06-01,Jun 2029,38,123.85
2026-04-20,LQN29,2029-07-01,Jul 2029,39,123.95
2026-04-20,LQQ29,2029-08-01,Aug 2029,40,124.05
2026-04-20,LQU29,2029-09-01,Sep 2029,41,124.35
2026-04-20,LQV29,2029-10-01,Oct 2029,42,124.75
2026-04-20,LQX29,2029-11-01,Nov 2029,43,124.8
2026-04-20,LQZ29,2029-12-01,Dec 2029,44,124.9
2026-04-20,LQF30,2030-01-01,Jan 2030,45,124.8
2026-04-20,LQG30,2030-02-01,Feb 2030,46,124.65
2026-04-20,LQH30,2030-03-01,Mar 2030,47,124.3
2026-04-20,LQJ30,2030-04-01,Apr 2030,48,124.1
2026-04-20,LQK30,2030-05-01,May 2030,49,123.9
2026-04-20,LQM30,2030-06-01,Jun 2030,50,123.8
2026-04-20,LQN30,2030-07-01,Jul 2030,51,123.8
2026-04-20,LQQ30,2030-08-01,Aug 2030,52,123.9
2026-04-20,LQU30,2030-09-01,Sep 2030,53,124.1
2026-04-20,LQV30,2030-10-01,Oct 2030,54,124.3
2026-04-20,LQX30,2030-11-01,Nov 2030,55,124.6
2026-04-20,LQZ30,2030-12-01,Dec 2030,56,124.8
2026-04-20,LQF31,2031-01-01,Jan 2031,57,124.8
2026-04-20,LQG31,2031-02-01,Feb 2031,58,124.6
2026-04-20,LQH31,2031-03-01,Mar 2031,59,124.4
2026-04-20,LQJ31,2031-04-01,Apr 2031,60,124.1
2026-04-20,LQK31,2031-05-01,May 2031,61,124.1
2026-04-20,LQM31,2031-06-01,Jun 2031,62,124.0
2026-04-20,LQN31,2031-07-01,Jul 2031,63,124.1
2026-04-20,LQQ31,2031-08-01,Aug 2031,64,124.1
2026-04-20,LQU31,2031-09-01,Sep 2031,65,124.3
2026-04-20,LQV31,2031-10-01,Oct 2031,66,124.6
2026-04-20,LQX31,2031-11-01,Nov 2031,67,124.9
2026-04-20,LQZ31,2031-12-01,Dec 2031,68,125.1
2026-04-21,LQJ26,2026-04-01,Apr 2026,0,133.75
2026-04-21,LQK26,2026-05-01,May 2026,1,123.9
2026-04-21,LQM26,2026-06-01,Jun 2026,2,124.0
2026-04-21,LQN26,2026-07-01,Jul 2026,3,123.3
2026-04-21,LQQ26,2026-08-01,Aug 2026,4,123.9
2026-04-21,LQU26,2026-09-01,Sep 2026,5,124.5
2026-04-21,LQV26,2026-10-01,Oct 2026,6,127.05
2026-04-21,LQX26,2026-11-01,Nov 2026,7,127.75
2026-04-21,LQZ26,2026-12-01,Dec 2026,8,128.5
2026-04-21,LQF27,2027-01-01,Jan 2027,9,129.35
2026-04-21,LQG27,2027-02-01,Feb 2027,10,128.1
2026-04-21,LQH27,2027-03-01,Mar 2027,11,129.3
2026-04-21,LQJ27,2027-04-01,Apr 2027,12,128.95
2026-04-21,LQK27,2027-05-01,May 2027,13,128.3
2026-04-21,LQM27,2027-06-01,Jun 2027,14,128.45
2026-04-21,LQN27,2027-07-01,Jul 2027,15,129.45
2026-04-21,LQQ27,2027-08-01,Aug 2027,16,128.9
2026-04-21,LQU27,2027-09-01,Sep 2027,17,127.95
2026-04-21,LQV27,2027-10-01,Oct 2027,18,128.65
2026-04-21,LQX27,2027-11-01,Nov 2027,19,129.3
2026-04-21,LQZ27,2027-12-01,Dec 2027,20,129.5
2026-04-21,LQF28,2028-01-01,Jan 2028,21,129.65
2026-04-21,LQG28,2028-02-01,Feb 2028,22,129.5
2026-04-21,LQH28,2028-03-01,Mar 2028,23,129.35
2026-04-21,LQJ28,2028-04-01,Apr 2028,24,129.15
2026-04-21,LQK28,2028-05-01,May 2028,25,128.85
2026-04-21,LQM28,2028-06-01,Jun 2028,26,128.85
2026-04-21,LQN28,2028-07-01,Jul 2028,27,128.85
2026-04-21,LQQ28,2028-08-01,Aug 2028,28,129.05
2026-04-21,LQU28,2028-09-01,Sep 2028,29,129.25
2026-04-21,LQV28,2028-10-01,Oct 2028,30,129.5
2026-04-21,LQX28,2028-11-01,Nov 2028,31,129.6
2026-04-21,LQZ28,2028-12-01,Dec 2028,32,129.7
2026-04-21,LQF29,2029-01-01,Jan 2029,33,130.0
2026-04-21,LQG29,2029-02-01,Feb 2029,34,129.95
2026-04-21,LQH29,2029-03-01,Mar 2029,35,129.55
2026-04-21,LQJ29,2029-04-01,Apr 2029,36,129.4
2026-04-21,LQK29,2029-05-01,May 2029,37,129.1
2026-04-21,LQM29,2029-06-01,Jun 2029,38,128.9
2026-04-21,LQN29,2029-07-01,Jul 2029,39,129.0
2026-04-21,LQQ29,2029-08-01,Aug 2029,40,129.1
2026-04-21,LQU29,2029-09-01,Sep 2029,41,129.4
2026-04-21,LQV29,2029-10-01,Oct 2029,42,129.8
2026-04-21,LQX29,2029-11-01,Nov 2029,43,129.85
2026-04-21,LQZ29,2029-12-01,Dec 2029,44,129.95
2026-04-21,LQF30,2030-01-01,Jan 2030,45,129.85
2026-04-21,LQG30,2030-02-01,Feb 2030,46,129.7
2026-04-21,LQH30,2030-03-01,Mar 2030,47,129.35
2026-04-21,LQJ30,2030-04-01,Apr 2030,48,129.15
2026-04-21,LQK30,2030-05-01,May 2030,49,128.95
2026-04-21,LQM30,2030-06-01,Jun 2030,50,128.85
2026-04-21,LQN30,2030-07-01,Jul 2030,51,128.85
2026-04-21,LQQ30,2030-08-01,Aug 2030,52,128.95
2026-04-21,LQU30,2030-09-01,Sep 2030,53,129.15
2026-04-21,LQV30,2030-10-01,Oct 2030,54,129.35
2026-04-21,LQX30,2030-11-01,Nov 2030,55,129.65
2026-04-21,LQZ30,2030-12-01,Dec 2030,56,129.85
2026-04-21,LQF31,2031-01-01,Jan 2031,57,129.85
2026-04-21,LQG31,2031-02-01,Feb 2031,58,129.65
2026-04-21,LQH31,2031-03-01,Mar 2031,59,129.45
2026-04-21,LQJ31,2031-04-01,Apr 2031,60,129.15
2026-04-21,LQK31,2031-05-01,May 2031,61,129.15
2026-04-21,LQM31,2031-06-01,Jun 2031,62,129.05
2026-04-21,LQN31,2031-07-01,Jul 2031,63,129.15
2026-04-21,LQQ31,2031-08-01,Aug 2031,64,129.15
2026-04-21,LQU31,2031-09-01,Sep 2031,65,129.35
2026-04-21,LQV31,2031-10-01,Oct 2031,66,129.65
2026-04-21,LQX31,2031-11-01,Nov 2031,67,129.95
2026-04-21,LQZ31,2031-12-01,Dec 2031,68,130.15
2026-04-22,LQJ26,2026-04-01,Apr 2026,0,132.8
2026-04-22,LQK26,2026-05-01,May 2026,1,127.75
2026-04-22,LQM26,2026-06-01,Jun 2026,2,128.45
2026-04-22,LQN26,2026-07-01,Jul 2026,3,128.95
2026-04-22,LQQ26,2026-08-01,Aug 2026,4,129.5
2026-04-22,LQU26,2026-09-01,Sep 2026,5,127.35
2026-04-22,LQV26,2026-10-01,Oct 2026,6,127.95
2026-04-22,LQX26,2026-11-01,Nov 2026,7,128.75
2026-04-22,LQZ26,2026-12-01,Dec 2026,8,132.25
2026-04-22,LQF27,2027-01-01,Jan 2027,9,132.8
2026-04-22,LQG27,2027-02-01,Feb 2027,10,130.65
2026-04-22,LQH27,2027-03-01,Mar 2027,11,132.6
2026-04-22,LQJ27,2027-04-01,Apr 2027,12,131.95
2026-04-22,LQK27,2027-05-01,May 2027,13,131.55
2026-04-22,LQM27,2027-06-01,Jun 2027,14,131.65
2026-04-22,LQN27,2027-07-01,Jul 2027,15,132.15
2026-04-22,LQQ27,2027-08-01,Aug 2027,16,132.05
2026-04-22,LQU27,2027-09-01,Sep 2027,17,131.6
2026-04-22,LQV27,2027-10-01,Oct 2027,18,131.85
2026-04-22,LQX27,2027-11-01,Nov 2027,19,132.25
2026-04-22,LQZ27,2027-12-01,Dec 2027,20,131.85
2026-04-22,LQF28,2028-01-01,Jan 2028,21,130.15
2026-04-22,LQG28,2028-02-01,Feb 2028,22,129.45
2026-04-22,LQH28,2028-03-01,Mar 2028,23,129.2
2026-04-22,LQJ28,2028-04-01,Apr 2028,24,129.0
2026-04-22,LQK28,2028-05-01,May 2028,25,128.7
2026-04-22,LQM28,2028-06-01,Jun 2028,26,128.7
2026-04-22,LQN28,2028-07-01,Jul 2028,27,128.7
2026-04-22,LQQ28,2028-08-01,Aug 2028,28,128.9
2026-04-22,LQU28,2028-09-01,Sep 2028,29,129.1
2026-04-22,LQV28,2028-10-01,Oct 2028,30,129.35
2026-04-22,LQX28,2028-11-01,Nov 2028,31,129.45
2026-04-22,LQZ28,2028-12-01,Dec 2028,32,129.55
2026-04-22,LQF29,2029-01-01,Jan 2029,33,129.9
2026-04-22,LQG29,2029-02-01,Feb 2029,34,129.85
2026-04-22,LQH29,2029-03-01,Mar 2029,35,129.5
2026-04-22,LQJ29,2029-04-01,Apr 2029,36,129.3
2026-04-22,LQK29,2029-05-01,May 2029,37,129.0
2026-04-22,LQM29,2029-06-01,Jun 2029,38,128.8
2026-04-22,LQN29,2029-07-01,Jul 2029,39,128.9
2026-04-22,LQQ29,2029-08-01,Aug 2029,40,129.0
2026-04-22,LQU29,2029-09-01,Sep 2029,41,129.3
2026-04-22,LQV29,2029-10-01,Oct 2029,42,129.7
2026-04-22,LQX29,2029-11-01,Nov 2029,43,129.75
2026-04-22,LQZ29,2029-12-01,Dec 2029,44,129.85
2026-04-22,LQF30,2030-01-01,Jan 2030,45,129.75
2026-04-22,LQG30,2030-02-01,Feb 2030,46,129.6
2026-04-22,LQH30,2030-03-01,Mar 2030,47,129.25
2026-04-22,LQJ30,2030-04-01,Apr 2030,48,129.1
2026-04-22,LQK30,2030-05-01,May 2030,49,128.85
2026-04-22,LQM30,2030-06-01,Jun 2030,50,128.75
2026-04-22,LQN30,2030-07-01,Jul 2030,51,128.75
2026-04-22,LQQ30,2030-08-01,Aug 2030,52,128.85
2026-04-22,LQU30,2030-09-01,Sep 2030,53,129.1
2026-04-22,LQV30,2030-10-01,Oct 2030,54,129.25
2026-04-22,LQX30,2030-11-01,Nov 2030,55,129.6
2026-04-22,LQZ30,2030-12-01,Dec 2030,56,129.75
2026-04-22,LQF31,2031-01-01,Jan 2031,57,129.75
2026-04-22,LQG31,2031-02-01,Feb 2031,58,129.6
2026-04-22,LQH31,2031-03-01,Mar 2031,59,129.35
2026-04-22,LQJ31,2031-04-01,Apr 2031,60,129.1
2026-04-22,LQK31,2031-05-01,May 2031,61,129.1
2026-04-22,LQM31,2031-06-01,Jun 2031,62,129.0
2026-04-22,LQN31,2031-07-01,Jul 2031,63,129.1
2026-04-22,LQQ31,2031-08-01,Aug 2031,64,129.1
2026-04-22,LQU31,2031-09-01,Sep 2031,65,129.25
2026-04-22,LQV31,2031-10-01,Oct 2031,66,129.6
2026-04-22,LQX31,2031-11-01,Nov 2031,67,129.85
2026-04-22,LQZ31,2031-12-01,Dec 2031,68,130.1
2026-04-23,LQJ26,2026-04-01,Apr 2026,0,132.85
2026-04-23,LQK26,2026-05-01,May 2026,1,129.0
2026-04-23,LQM26,2026-06-01,Jun 2026,2,132.75
2026-04-23,LQN26,2026-07-01,Jul 2026,3,132.5
2026-04-23,LQQ26,2026-08-01,Aug 2026,4,132.8
2026-04-23,LQU26,2026-09-01,Sep 2026,5,133.45
2026-04-23,LQV26,2026-10-01,Oct 2026,6,134.1
2026-04-23,LQX26,2026-11-01,Nov 2026,7,136.5
2026-04-23,LQZ26,2026-12-01,Dec 2026,8,135.4
2026-04-23,LQF27,2027-01-01,Jan 2027,9,136.1
2026-04-23,LQG27,2027-02-01,Feb 2027,10,136.2
2026-04-23,LQH27,2027-03-01,Mar 2027,11,135.75
2026-04-23,LQJ27,2027-04-01,Apr 2027,12,135.0
2026-04-23,LQK27,2027-05-01,May 2027,13,134.4
2026-04-23,LQM27,2027-06-01,Jun 2027,14,134.3
2026-04-23,LQN27,2027-07-01,Jul 2027,15,134.45
2026-04-23,LQQ27,2027-08-01,Aug 2027,16,134.45
2026-04-23,LQU27,2027-09-01,Sep 2027,17,134.25
2026-04-23,LQV27,2027-10-01,Oct 2027,18,134.55
2026-04-23,LQX27,2027-11-01,Nov 2027,19,134.8
2026-04-23,LQZ27,2027-12-01,Dec 2027,20,134.5
2026-04-23,LQF28,2028-01-01,Jan 2028,21,133.1
2026-04-23,LQG28,2028-02-01,Feb 2028,22,132.55
2026-04-23,LQH28,2028-03-01,Mar 2028,23,132.2
2026-04-23,LQJ28,2028-04-01,Apr 2028,24,132.0
2026-04-23,LQK28,2028-05-01,May 2028,25,131.7
2026-04-23,LQM28,2028-06-01,Jun 2028,26,131.7
2026-04-23,LQN28,2028-07-01,Jul 2028,27,131.7
2026-04-23,LQQ28,2028-08-01,Aug 2028,28,131.9
2026-04-23,LQU28,2028-09-01,Sep 2028,29,132.1
2026-04-23,LQV28,2028-10-01,Oct 2028,30,132.4
2026-04-23,LQX28,2028-11-01,Nov 2028,31,132.5
2026-04-23,LQZ28,2028-12-01,Dec 2028,32,132.55
2026-04-23,LQF29,2029-01-01,Jan 2029,33,132.9
2026-04-23,LQG29,2029-02-01,Feb 2029,34,132.85
2026-04-23,LQH29,2029-03-01,Mar 2029,35,132.5
2026-04-23,LQJ29,2029-04-01,Apr 2029,36,132.3
2026-04-23,LQK29,2029-05-01,May 2029,37,132.0
2026-04-23,LQM29,2029-06-01,Jun 2029,38,131.8
2026-04-23,LQN29,2029-07-01,Jul 2029,39,131.9
2026-04-23,LQQ29,2029-08-01,Aug 2029,40,132.0
2026-04-23,LQU29,2029-09-01,Sep 2029,41,132.3
2026-04-23,LQV29,2029-10-01,Oct 2029,42,132.7
2026-04-23,LQX29,2029-11-01,Nov 2029,43,132.75
2026-04-23,LQZ29,2029-12-01,Dec 2029,44,132.85
2026-04-23,LQF30,2030-01-01,Jan 2030,45,132.75
2026-04-23,LQG30,2030-02-01,Feb 2030,46,132.6
2026-04-23,LQH30,2030-03-01,Mar 2030,47,132.25
2026-04-23,LQJ30,2030-04-01,Apr 2030,48,132.1
2026-04-23,LQK30,2030-05-01,May 2030,49,131.85
2026-04-23,LQM30,2030-06-01,Jun 2030,50,131.75
2026-04-23,LQN30,2030-07-01,Jul 2030,51,131.75
2026-04-23,LQQ30,2030-08-01,Aug 2030,52,131.85
2026-04-23,LQU30,2030-09-01,Sep 2030,53,132.1
2026-04-23,LQV30,2030-10-01,Oct 2030,54,132.25
2026-04-23,LQX30,2030-11-01,Nov 2030,55,132.6
2026-04-23,LQZ30,2030-12-01,Dec 2030,56,132.75
2026-04-23,LQF31,2031-01-01,Jan 2031,57,132.75
2026-04-23,LQG31,2031-02-01,Feb 2031,58,132.6
2026-04-23,LQH31,2031-03-01,Mar 2031,59,132.35
2026-04-23,LQJ31,2031-04-01,Apr 2031,60,132.1
2026-04-23,LQK31,2031-05-01,May 2031,61,132.1
2026-04-23,LQM31,2031-06-01,Jun 2031,62,132.0
2026-04-23,LQN31,2031-07-01,Jul 2031,63,132.1
2026-04-23,LQQ31,2031-08-01,Aug 2031,64,132.1
2026-04-23,LQU31,2031-09-01,Sep 2031,65,132.25
2026-04-23,LQV31,2031-10-01,Oct 2031,66,132.6
2026-04-23,LQX31,2031-11-01,Nov 2031,67,132.85
2026-04-23,LQZ31,2031-12-01,Dec 2031,68,133.1
2026-04-24,LQJ26,2026-04-01,Apr 2026,0,133.7
2026-04-24,LQK26,2026-05-01,May 2026,1,132.0
2026-04-24,LQM26,2026-06-01,Jun 2026,2,132.1
2026-04-24,LQN26,2026-07-01,Jul 2026,3,132.5
2026-04-24,LQQ26,2026-08-01,Aug 2026,4,133.75
2026-04-24,LQU26,2026-09-01,Sep 2026,5,134.45
2026-04-24,LQV26,2026-10-01,Oct 2026,6,135.05
2026-04-24,LQX26,2026-11-01,Nov 2026,7,135.65
2026-04-24,LQZ26,2026-12-01,Dec 2026,8,136.25
2026-04-24,LQF27,2027-01-01,Jan 2027,9,137.2
2026-04-24,LQG27,2027-02-01,Feb 2027,10,137.4
2026-04-24,LQH27,2027-03-01,Mar 2027,11,137.0
2026-04-24,LQJ27,2027-04-01,Apr 2027,12,136.2
2026-04-24,LQK27,2027-05-01,May 2027,13,135.7
2026-04-24,LQM27,2027-06-01,Jun 2027,14,135.5
2026-04-24,LQN27,2027-07-01,Jul 2027,15,135.35
2026-04-24,LQQ27,2027-08-01,Aug 2027,16,135.35
2026-04-24,LQU27,2027-09-01,Sep 2027,17,135.25
2026-04-24,LQV27,2027-10-01,Oct 2027,18,135.6
2026-04-24,LQX27,2027-11-01,Nov 2027,19,135.65
2026-04-24,LQZ27,2027-12-01,Dec 2027,20,135.15
2026-04-24,LQF28,2028-01-01,Jan 2028,21,132.6
2026-04-24,LQG28,2028-02-01,Feb 2028,22,131.85
2026-04-24,LQH28,2028-03-01,Mar 2028,23,131.5
2026-04-24,LQJ28,2028-04-01,Apr 2028,24,131.3
2026-04-24,LQK28,2028-05-01,May 2028,25,131.0
2026-04-24,LQM28,2028-06-01,Jun 2028,26,131.0
2026-04-24,LQN28,2028-07-01,Jul 2028,27,131.0
2026-04-24,LQQ28,2028-08-01,Aug 2028,28,131.2
2026-04-24,LQU28,2028-09-01,Sep 2028,29,131.4
2026-04-24,LQV28,2028-10-01,Oct 2028,30,131.7
2026-04-24,LQX28,2028-11-01,Nov 2028,31,131.8
2026-04-24,LQZ28,2028-12-01,Dec 2028,32,131.85
2026-04-24,LQF29,2029-01-01,Jan 2029,33,132.15
2026-04-24,LQG29,2029-02-01,Feb 2029,34,132.15
2026-04-24,LQH29,2029-03-01,Mar 2029,35,131.8
2026-04-24,LQJ29,2029-04-01,Apr 2029,36,131.6
2026-04-24,LQK29,2029-05-01,May 2029,37,131.3
2026-04-24,LQM29,2029-06-01,Jun 2029,38,131.1
2026-04-24,LQN29,2029-07-01,Jul 2029,39,131.2
2026-04-24,LQQ29,2029-08-01,Aug 2029,40,131.3
2026-04-24,LQU29,2029-09-01,Sep 2029,41,131.6
2026-04-24,LQV29,2029-10-01,Oct 2029,42,132.0
2026-04-24,LQX29,2029-11-01,Nov 2029,43,132.05
2026-04-24,LQZ29,2029-12-01,Dec 2029,44,132.15
2026-04-24,LQF30,2030-01-01,Jan 2030,45,132.05
2026-04-24,LQG30,2030-02-01,Feb 2030,46,131.9
2026-04-24,LQH30,2030-03-01,Mar 2030,47,131.55
2026-04-24,LQJ30,2030-04-01,Apr 2030,48,131.4
2026-04-24,LQK30,2030-05-01,May 2030,49,131.15
2026-04-24,LQM30,2030-06-01,Jun 2030,50,131.05
2026-04-24,LQN30,2030-07-01,Jul 2030,51,131.05
2026-04-24,LQQ30,2030-08-01,Aug 2030,52,131.15
2026-04-24,LQU30,2030-09-01,Sep 2030,53,131.4
2026-04-24,LQV30,2030-10-01,Oct 2030,54,131.55
2026-04-24,LQX30,2030-11-01,Nov 2030,55,131.9
2026-04-24,LQZ30,2030-12-01,Dec 2030,56,132.05
2026-04-24,LQF31,2031-01-01,Jan 2031,57,132.05
2026-04-24,LQG31,2031-02-01,Feb 2031,58,131.9
2026-04-24,LQH31,2031-03-01,Mar 2031,59,131.65
2026-04-24,LQJ31,2031-04-01,Apr 2031,60,131.4
2026-04-24,LQK31,2031-05-01,May 2031,61,131.4
2026-04-24,LQM31,2031-06-01,Jun 2031,62,131.3
2026-04-24,LQN31,2031-07-01,Jul 2031,63,131.4
2026-04-24,LQQ31,2031-08-01,Aug 2031,64,131.4
2026-04-24,LQU31,2031-09-01,Sep 2031,65,131.55
2026-04-24,LQV31,2031-10-01,Oct 2031,66,131.9
2026-04-24,LQX31,2031-11-01,Nov 2031,67,132.15
2026-04-24,LQZ31,2031-12-01,Dec 2031,68,132.4
2026-04-25,LQK26,2026-05-01,May 2026,0,130.2
2026-04-25,LQM26,2026-06-01,Jun 2026,1,132.1
2026-04-25,LQN26,2026-07-01,Jul 2026,2,133.05
2026-04-25,LQQ26,2026-08-01,Aug 2026,3,133.75
2026-04-25,LQU26,2026-09-01,Sep 2026,4,134.45
2026-04-25,LQV26,2026-10-01,Oct 2026,5,135.05
2026-04-25,LQX26,2026-11-01,Nov 2026,6,135.65
2026-04-25,LQZ26,2026-12-01,Dec 2026,7,136.25
2026-04-25,LQF27,2027-01-01,Jan 2027,8,137.2
2026-04-25,LQG27,2027-02-01,Feb 2027,9,137.4
2026-04-25,LQH27,2027-03-01,Mar 2027,10,137.0
2026-04-25,LQJ27,2027-04-01,Apr 2027,11,136.2
2026-04-25,LQK27,2027-05-01,May 2027,12,135.7
2026-04-25,LQM27,2027-06-01,Jun 2027,13,135.5
2026-04-25,LQN27,2027-07-01,Jul 2027,14,135.35
2026-04-25,LQQ27,2027-08-01,Aug 2027,15,135.35
2026-04-25,LQU27,2027-09-01,Sep 2027,16,135.25
2026-04-25,LQV27,2027-10-01,Oct 2027,17,135.6
2026-04-25,LQX27,2027-11-01,Nov 2027,18,135.65
2026-04-25,LQZ27,2027-12-01,Dec 2027,19,135.15
2026-04-25,LQF28,2028-01-01,Jan 2028,20,132.6
2026-04-25,LQG28,2028-02-01,Feb 2028,21,131.85
2026-04-25,LQH28,2028-03-01,Mar 2028,22,131.5
2026-04-25,LQJ28,2028-04-01,Apr 2028,23,131.3
2026-04-25,LQK28,2028-05-01,May 2028,24,131.0
2026-04-25,LQM28,2028-06-01,Jun 2028,25,131.0
2026-04-25,LQN28,2028-07-01,Jul 2028,26,131.0
2026-04-25,LQQ28,2028-08-01,Aug 2028,27,131.2
2026-04-25,LQU28,2028-09-01,Sep 2028,28,131.4
2026-04-25,LQV28,2028-10-01,Oct 2028,29,131.7
2026-04-25,LQX28,2028-11-01,Nov 2028,30,131.8
2026-04-25,LQZ28,2028-12-01,Dec 2028,31,131.85
2026-04-25,LQF29,2029-01-01,Jan 2029,32,132.15
2026-04-25,LQG29,2029-02-01,Feb 2029,33,132.15
2026-04-25,LQH29,2029-03-01,Mar 2029,34,131.8
2026-04-25,LQJ29,2029-04-01,Apr 2029,35,131.6
2026-04-25,LQK29,2029-05-01,May 2029,36,131.3
2026-04-25,LQM29,2029-06-01,Jun 2029,37,131.1
2026-04-25,LQN29,2029-07-01,Jul 2029,38,131.2
2026-04-25,LQQ29,2029-08-01,Aug 2029,39,131.3
2026-04-25,LQU29,2029-09-01,Sep 2029,40,131.6
2026-04-25,LQV29,2029-10-01,Oct 2029,41,132.0
2026-04-25,LQX29,2029-11-01,Nov 2029,42,132.05
2026-04-25,LQZ29,2029-12-01,Dec 2029,43,132.15
2026-04-25,LQF30,2030-01-01,Jan 2030,44,132.05
2026-04-25,LQG30,2030-02-01,Feb 2030,45,131.9
2026-04-25,LQH30,2030-03-01,Mar 2030,46,131.55
2026-04-25,LQJ30,2030-04-01,Apr 2030,47,131.4
2026-04-25,LQK30,2030-05-01,May 2030,48,131.15
2026-04-25,LQM30,2030-06-01,Jun 2030,49,131.05
2026-04-25,LQN30,2030-07-01,Jul 2030,50,131.05
2026-04-25,LQQ30,2030-08-01,Aug 2030,51,131.15
2026-04-25,LQU30,2030-09-01,Sep 2030,52,131.4
2026-04-25,LQV30,2030-10-01,Oct 2030,53,131.55
2026-04-25,LQX30,2030-11-01,Nov 2030,54,131.9
2026-04-25,LQZ30,2030-12-01,Dec 2030,55,132.05
2026-04-25,LQF31,2031-01-01,Jan 2031,56,132.05
2026-04-25,LQG31,2031-02-01,Feb 2031,57,131.9
2026-04-25,LQH31,2031-03-01,Mar 2031,58,131.65
2026-04-25,LQJ31,2031-04-01,Apr 2031,59,131.4
2026-04-25,LQK31,2031-05-01,May 2031,60,131.4
2026-04-25,LQM31,2031-06-01,Jun 2031,61,131.3
2026-04-25,LQN31,2031-07-01,Jul 2031,62,131.4
2026-04-25,LQQ31,2031-08-01,Aug 2031,63,131.4
2026-04-25,LQU31,2031-09-01,Sep 2031,64,131.55
2026-04-25,LQV31,2031-10-01,Oct 2031,65,131.9
2026-04-25,LQX31,2031-11-01,Nov 2031,66,132.15
2026-04-25,LQZ31,2031-12-01,Dec 2031,67,132.4
2026-04-26,LQK26,2026-05-01,May 2026,0,130.2
2026-04-26,LQM26,2026-06-01,Jun 2026,1,132.1
2026-04-26,LQN26,2026-07-01,Jul 2026,2,133.05
2026-04-26,LQQ26,2026-08-01,Aug 2026,3,133.75
2026-04-26,LQU26,2026-09-01,Sep 2026,4,134.45
2026-04-26,LQV26,2026-10-01,Oct 2026,5,135.05
2026-04-26,LQX26,2026-11-01,Nov 2026,6,135.65
2026-04-26,LQZ26,2026-12-01,Dec 2026,7,136.25
2026-04-26,LQF27,2027-01-01,Jan 2027,8,137.2
2026-04-26,LQG27,2027-02-01,Feb 2027,9,137.4
2026-04-26,LQH27,2027-03-01,Mar 2027,10,137.0
2026-04-26,LQJ27,2027-04-01,Apr 2027,11,136.2
2026-04-26,LQK27,2027-05-01,May 2027,12,135.7
2026-04-26,LQM27,2027-06-01,Jun 2027,13,135.5
2026-04-26,LQN27,2027-07-01,Jul 2027,14,135.35
2026-04-26,LQQ27,2027-08-01,Aug 2027,15,135.35
2026-04-26,LQU27,2027-09-01,Sep 2027,16,135.25
2026-04-26,LQV27,2027-10-01,Oct 2027,17,135.6
2026-04-26,LQX27,2027-11-01,Nov 2027,18,135.65
2026-04-26,LQZ27,2027-12-01,Dec 2027,19,135.15
2026-04-26,LQF28,2028-01-01,Jan 2028,20,132.6
2026-04-26,LQG28,2028-02-01,Feb 2028,21,131.85
2026-04-26,LQH28,2028-03-01,Mar 2028,22,131.5
2026-04-26,LQJ28,2028-04-01,Apr 2028,23,131.3
2026-04-26,LQK28,2028-05-01,May 2028,24,131.0
2026-04-26,LQM28,2028-06-01,Jun 2028,25,131.0
2026-04-26,LQN28,2028-07-01,Jul 2028,26,131.0
2026-04-26,LQQ28,2028-08-01,Aug 2028,27,131.2
2026-04-26,LQU28,2028-09-01,Sep 2028,28,131.4
2026-04-26,LQV28,2028-10-01,Oct 2028,29,131.7
2026-04-26,LQX28,2028-11-01,Nov 2028,30,131.8
2026-04-26,LQZ28,2028-12-01,Dec 2028,31,131.85
2026-04-26,LQF29,2029-01-01,Jan 2029,32,132.15
2026-04-26,LQG29,2029-02-01,Feb 2029,33,132.15
2026-04-26,LQH29,2029-03-01,Mar 2029,34,131.8
2026-04-26,LQJ29,2029-04-01,Apr 2029,35,131.6
2026-04-26,LQK29,2029-05-01,May 2029,36,131.3
2026-04-26,LQM29,2029-06-01,Jun 2029,37,131.1
2026-04-26,LQN29,2029-07-01,Jul 2029,38,131.2
2026-04-26,LQQ29,2029-08-01,Aug 2029,39,131.3
2026-04-26,LQU29,2029-09-01,Sep 2029,40,131.6
2026-04-26,LQV29,2029-10-01,Oct 2029,41,132.0
2026-04-26,LQX29,2029-11-01,Nov 2029,42,132.05
2026-04-26,LQZ29,2029-12-01,Dec 2029,43,132.15
2026-04-26,LQF30,2030-01-01,Jan 2030,44,132.05
2026-04-26,LQG30,2030-02-01,Feb 2030,45,131.9
2026-04-26,LQH30,2030-03-01,Mar 2030,46,131.55
2026-04-26,LQJ30,2030-04-01,Apr 2030,47,131.4
2026-04-26,LQK30,2030-05-01,May 2030,48,131.15
2026-04-26,LQM30,2030-06-01,Jun 2030,49,131.05
2026-04-26,LQN30,2030-07-01,Jul 2030,50,131.05
2026-04-26,LQQ30,2030-08-01,Aug 2030,51,131.15
2026-04-26,LQU30,2030-09-01,Sep 2030,52,131.4
2026-04-26,LQV30,2030-10-01,Oct 2030,53,131.55
2026-04-26,LQX30,2030-11-01,Nov 2030,54,131.9
2026-04-26,LQZ30,2030-12-01,Dec 2030,55,132.05
2026-04-26,LQF31,2031-01-01,Jan 2031,56,132.05
2026-04-26,LQG31,2031-02-01,Feb 2031,57,131.9
2026-04-26,LQH31,2031-03-01,Mar 2031,58,131.65
2026-04-26,LQJ31,2031-04-01,Apr 2031,59,131.4
2026-04-26,LQK31,2031-05-01,May 2031,60,131.4
2026-04-26,LQM31,2031-06-01,Jun 2031,61,131.3
2026-04-26,LQN31,2031-07-01,Jul 2031,62,131.4
2026-04-26,LQQ31,2031-08-01,Aug 2031,63,131.4
2026-04-26,LQU31,2031-09-01,Sep 2031,64,131.55
2026-04-26,LQV31,2031-10-01,Oct 2031,65,131.9
2026-04-26,LQX31,2031-11-01,Nov 2031,66,132.15
2026-04-26,LQZ31,2031-12-01,Dec 2031,67,132.4
2026-04-27,LQK26,2026-05-01,May 2026,0,130.5
2026-04-27,LQM26,2026-06-01,Jun 2026,1,133.0
2026-04-27,LQN26,2026-07-01,Jul 2026,2,135.15
2026-04-27,LQQ26,2026-08-01,Aug 2026,3,136.0
2026-04-27,LQU26,2026-09-01,Sep 2026,4,136.75
2026-04-27,LQV26,2026-10-01,Oct 2026,5,137.4
2026-04-27,LQX26,2026-11-01,Nov 2026,6,138.0
2026-04-27,LQZ26,2026-12-01,Dec 2026,7,138.65
2026-04-27,LQF27,2027-01-01,Jan 2027,8,139.55
2026-04-27,LQG27,2027-02-01,Feb 2027,9,139.75
2026-04-27,LQH27,2027-03-01,Mar 2027,10,139.3
2026-04-27,LQJ27,2027-04-01,Apr 2027,11,138.35
2026-04-27,LQK27,2027-05-01,May 2027,12,138.0
2026-04-27,LQM27,2027-06-01,Jun 2027,13,137.6
2026-04-27,LQN27,2027-07-01,Jul 2027,14,137.5
2026-04-27,LQQ27,2027-08-01,Aug 2027,15,137.3
2026-04-27,LQU27,2027-09-01,Sep 2027,16,137.25
2026-04-27,LQV27,2027-10-01,Oct 2027,17,137.2
2026-04-27,LQX27,2027-11-01,Nov 2027,18,137.2
2026-04-27,LQZ27,2027-12-01,Dec 2027,19,137.0
2026-04-27,LQF28,2028-01-01,Jan 2028,20,136.65
2026-04-27,LQG28,2028-02-01,Feb 2028,21,136.2
2026-04-27,LQH28,2028-03-01,Mar 2028,22,135.65
2026-04-27,LQJ28,2028-04-01,Apr 2028,23,135.2
2026-04-27,LQK28,2028-05-01,May 2028,24,134.85
2026-04-27,LQM28,2028-06-01,Jun 2028,25,134.7
2026-04-27,LQN28,2028-07-01,Jul 2028,26,134.7
2026-04-27,LQQ28,2028-08-01,Aug 2028,27,134.85
2026-04-27,LQU28,2028-09-01,Sep 2028,28,135.05
2026-04-27,LQV28,2028-10-01,Oct 2028,29,135.3
2026-04-27,LQX28,2028-11-01,Nov 2028,30,135.5
2026-04-27,LQZ28,2028-12-01,Dec 2028,31,135.65
2026-04-27,LQF29,2029-01-01,Jan 2029,32,135.7
2026-04-27,LQG29,2029-02-01,Feb 2029,33,135.65
2026-04-27,LQH29,2029-03-01,Mar 2029,34,135.5
2026-04-27,LQJ29,2029-04-01,Apr 2029,35,135.25
2026-04-27,LQK29,2029-05-01,May 2029,36,134.95
2026-04-27,LQM29,2029-06-01,Jun 2029,37,134.85
2026-04-27,LQN29,2029-07-01,Jul 2029,38,134.9
2026-04-27,LQQ29,2029-08-01,Aug 2029,39,135.0
2026-04-27,LQU29,2029-09-01,Sep 2029,40,135.3
2026-04-27,LQV29,2029-10-01,Oct 2029,41,135.7
2026-04-27,LQX29,2029-11-01,Nov 2029,42,135.75
2026-04-27,LQZ29,2029-12-01,Dec 2029,43,135.85
2026-04-27,LQF30,2030-01-01,Jan 2030,44,135.75
2026-04-27,LQG30,2030-02-01,Feb 2030,45,135.6
2026-04-27,LQH30,2030-03-01,Mar 2030,46,135.25
2026-04-27,LQJ30,2030-04-01,Apr 2030,47,135.1
2026-04-27,LQK30,2030-05-01,May 2030,48,134.85
2026-04-27,LQM30,2030-06-01,Jun 2030,49,134.75
2026-04-27,LQN30,2030-07-01,Jul 2030,50,134.75
2026-04-27,LQQ30,2030-08-01,Aug 2030,51,134.85
2026-04-27,LQU30,2030-09-01,Sep 2030,52,135.1
2026-04-27,LQV30,2030-10-01,Oct 2030,53,135.25
2026-04-27,LQX30,2030-11-01,Nov 2030,54,135.6
2026-04-27,LQZ30,2030-12-01,Dec 2030,55,135.75
2026-04-27,LQF31,2031-01-01,Jan 2031,56,135.75
2026-04-27,LQG31,2031-02-01,Feb 2031,57,135.6
2026-04-27,LQH31,2031-03-01,Mar 2031,58,135.35
2026-04-27,LQJ31,2031-04-01,Apr 2031,59,135.1
2026-04-27,LQK31,2031-05-01,May 2031,60,135.1
2026-04-27,LQM31,2031-06-01,Jun 2031,61,135.0
2026-04-27,LQN31,2031-07-01,Jul 2031,62,135.1
2026-04-27,LQQ31,2031-08-01,Aug 2031,63,135.1
2026-04-27,LQU31,2031-09-01,Sep 2031,64,135.25
2026-04-27,LQV31,2031-10-01,Oct 2031,65,135.6
2026-04-27,LQX31,2031-11-01,Nov 2031,66,135.85
2026-04-27,LQZ31,2031-12-01,Dec 2031,67,136.1
2026-04-28,LQK26,2026-05-01,May 2026,0,133.5
2026-04-28,LQM26,2026-06-01,Jun 2026,1,133.8
2026-04-28,LQN26,2026-07-01,Jul 2026,2,135.45
2026-04-28,LQQ26,2026-08-01,Aug 2026,3,136.35
2026-04-28,LQU26,2026-09-01,Sep 2026,4,137.1
2026-04-28,LQV26,2026-10-01,Oct 2026,5,137.75
2026-04-28,LQX26,2026-11-01,Nov 2026,6,138.5
2026-04-28,LQZ26,2026-12-01,Dec 2026,7,139.15
2026-04-28,LQF27,2027-01-01,Jan 2027,8,139.85
2026-04-28,LQG27,2027-02-01,Feb 2027,9,140.05
2026-04-28,LQH27,2027-03-01,Mar 2027,10,139.55
2026-04-28,LQJ27,2027-04-01,Apr 2027,11,138.85
2026-04-28,LQK27,2027-05-01,May 2027,12,138.2
2026-04-28,LQM27,2027-06-01,Jun 2027,13,137.9
2026-04-28,LQN27,2027-07-01,Jul 2027,14,137.75
2026-04-28,LQQ27,2027-08-01,Aug 2027,15,137.65
2026-04-28,LQU27,2027-09-01,Sep 2027,16,137.6
2026-04-28,LQV27,2027-10-01,Oct 2027,17,137.6
2026-04-28,LQX27,2027-11-01,Nov 2027,18,137.6
2026-04-28,LQZ27,2027-12-01,Dec 2027,19,137.55
2026-04-28,LQF28,2028-01-01,Jan 2028,20,136.95
2026-04-28,LQG28,2028-02-01,Feb 2028,21,136.6
2026-04-28,LQH28,2028-03-01,Mar 2028,22,136.2
2026-04-28,LQJ28,2028-04-01,Apr 2028,23,136.05
2026-04-28,LQK28,2028-05-01,May 2028,24,135.8
2026-04-28,LQM28,2028-06-01,Jun 2028,25,135.6
2026-04-28,LQN28,2028-07-01,Jul 2028,26,135.6
2026-04-28,LQQ28,2028-08-01,Aug 2028,27,135.8
2026-04-28,LQU28,2028-09-01,Sep 2028,28,136.0
2026-04-28,LQV28,2028-10-01,Oct 2028,29,136.2
2026-04-28,LQX28,2028-11-01,Nov 2028,30,136.4
2026-04-28,LQZ28,2028-12-01,Dec 2028,31,136.55
2026-04-28,LQF29,2029-01-01,Jan 2029,32,136.5
2026-04-28,LQG29,2029-02-01,Feb 2029,33,136.4
2026-04-28,LQH29,2029-03-01,Mar 2029,34,136.3
2026-04-28,LQJ29,2029-04-01,Apr 2029,35,136.0
2026-04-28,LQK29,2029-05-01,May 2029,36,135.7
2026-04-28,LQM29,2029-06-01,Jun 2029,37,135.6
2026-04-28,LQN29,2029-07-01,Jul 2029,38,135.65
2026-04-28,LQQ29,2029-08-01,Aug 2029,39,135.75
2026-04-28,LQU29,2029-09-01,Sep 2029,40,136.05
2026-04-28,LQV29,2029-10-01,Oct 2029,41,136.45
2026-04-28,LQX29,2029-11-01,Nov 2029,42,136.45
2026-04-28,LQZ29,2029-12-01,Dec 2029,43,136.55
2026-04-28,LQF30,2030-01-01,Jan 2030,44,136.45
2026-04-28,LQG30,2030-02-01,Feb 2030,45,136.35
2026-04-28,LQH30,2030-03-01,Mar 2030,46,135.95
2026-04-28,LQJ30,2030-04-01,Apr 2030,47,135.85
2026-04-28,LQK30,2030-05-01,May 2030,48,135.55
2026-04-28,LQM30,2030-06-01,Jun 2030,49,135.45
2026-04-28,LQN30,2030-07-01,Jul 2030,50,135.45
2026-04-28,LQQ30,2030-08-01,Aug 2030,51,135.55
2026-04-28,LQU30,2030-09-01,Sep 2030,52,135.85
2026-04-28,LQV30,2030-10-01,Oct 2030,53,135.95
2026-04-28,LQX30,2030-11-01,Nov 2030,54,136.35
2026-04-28,LQZ30,2030-12-01,Dec 2030,55,136.45
2026-04-28,LQF31,2031-01-01,Jan 2031,56,136.45
2026-04-28,LQG31,2031-02-01,Feb 2031,57,136.35
2026-04-28,LQH31,2031-03-01,Mar 2031,58,136.05
2026-04-28,LQJ31,2031-04-01,Apr 2031,59,135.85
2026-04-28,LQK31,2031-05-01,May 2031,60,135.85
2026-04-28,LQM31,2031-06-01,Jun 2031,61,135.75
2026-04-28,LQN31,2031-07-01,Jul 2031,62,135.85
2026-04-28,LQQ31,2031-08-01,Aug 2031,63,135.85
2026-04-28,LQU31,2031-09-01,Sep 2031,64,135.95
2026-04-28,LQV31,2031-10-01,Oct 2031,65,136.35
2026-04-28,LQX31,2031-11-01,Nov 2031,66,136.55
2026-04-28,LQZ31,2031-12-01,Dec 2031,67,136.85
2026-04-29,LQK26,2026-05-01,May 2026,0,133.25
2026-04-29,LQM26,2026-06-01,Jun 2026,1,138.9
2026-04-29,LQN26,2026-07-01,Jul 2026,2,139.5
2026-04-29,LQQ26,2026-08-01,Aug 2026,3,140.5
2026-04-29,LQU26,2026-09-01,Sep 2026,4,141.15
2026-04-29,LQV26,2026-10-01,Oct 2026,5,141.8
2026-04-29,LQX26,2026-11-01,Nov 2026,6,142.5
2026-04-29,LQZ26,2026-12-01,Dec 2026,7,143.15
2026-04-29,LQF27,2027-01-01,Jan 2027,8,143.7
2026-04-29,LQG27,2027-02-01,Feb 2027,9,143.65
2026-04-29,LQH27,2027-03-01,Mar 2027,10,143.1
2026-04-29,LQJ27,2027-04-01,Apr 2027,11,142.4
2026-04-29,LQK27,2027-05-01,May 2027,12,141.6
2026-04-29,LQM27,2027-06-01,Jun 2027,13,141.25
2026-04-29,LQN27,2027-07-01,Jul 2027,14,141.05
2026-04-29,LQQ27,2027-08-01,Aug 2027,15,140.9
2026-04-29,LQU27,2027-09-01,Sep 2027,16,140.85
2026-04-29,LQV27,2027-10-01,Oct 2027,17,140.65
2026-04-29,LQX27,2027-11-01,Nov 2027,18,140.55
2026-04-29,LQZ27,2027-12-01,Dec 2027,19,140.5
2026-04-29,LQF28,2028-01-01,Jan 2028,20,140.55
2026-04-29,LQG28,2028-02-01,Feb 2028,21,140.65
2026-04-29,LQH28,2028-03-01,Mar 2028,22,140.6
2026-04-29,LQJ28,2028-04-01,Apr 2028,23,140.45
2026-04-29,LQK28,2028-05-01,May 2028,24,140.2
2026-04-29,LQM28,2028-06-01,Jun 2028,25,140.0
2026-04-29,LQN28,2028-07-01,Jul 2028,26,140.0
2026-04-29,LQQ28,2028-08-01,Aug 2028,27,140.2
2026-04-29,LQU28,2028-09-01,Sep 2028,28,140.4
2026-04-29,LQV28,2028-10-01,Oct 2028,29,140.6
2026-04-29,LQX28,2028-11-01,Nov 2028,30,140.85
2026-04-29,LQZ28,2028-12-01,Dec 2028,31,140.95
2026-04-29,LQF29,2029-01-01,Jan 2029,32,140.8
2026-04-29,LQG29,2029-02-01,Feb 2029,33,140.7
2026-04-29,LQH29,2029-03-01,Mar 2029,34,140.6
2026-04-29,LQJ29,2029-04-01,Apr 2029,35,140.3
2026-04-29,LQK29,2029-05-01,May 2029,36,139.95
2026-04-29,LQM29,2029-06-01,Jun 2029,37,139.85
2026-04-29,LQN29,2029-07-01,Jul 2029,38,139.95
2026-04-29,LQQ29,2029-08-01,Aug 2029,39,140.0
2026-04-29,LQU29,2029-09-01,Sep 2029,40,140.35
2026-04-29,LQV29,2029-10-01,Oct 2029,41,140.75
2026-04-29,LQX29,2029-11-01,Nov 2029,42,140.75
2026-04-29,LQZ29,2029-12-01,Dec 2029,43,140.85
2026-04-29,LQF30,2030-01-01,Jan 2030,44,140.75
2026-04-29,LQG30,2030-02-01,Feb 2030,45,140.65
2026-04-29,LQH30,2030-03-01,Mar 2030,46,140.25
2026-04-29,LQJ30,2030-04-01,Apr 2030,47,140.15
2026-04-29,LQK30,2030-05-01,May 2030,48,139.85
2026-04-29,LQM30,2030-06-01,Jun 2030,49,139.75
2026-04-29,LQN30,2030-07-01,Jul 2030,50,139.75
2026-04-29,LQQ30,2030-08-01,Aug 2030,51,139.85
2026-04-29,LQU30,2030-09-01,Sep 2030,52,140.15
2026-04-29,LQV30,2030-10-01,Oct 2030,53,140.25
2026-04-29,LQX30,2030-11-01,Nov 2030,54,140.65
2026-04-29,LQZ30,2030-12-01,Dec 2030,55,140.75
2026-04-29,LQF31,2031-01-01,Jan 2031,56,140.75
2026-04-29,LQG31,2031-02-01,Feb 2031,57,140.65
2026-04-29,LQH31,2031-03-01,Mar 2031,58,140.35
2026-04-29,LQJ31,2031-04-01,Apr 2031,59,140.15
2026-04-29,LQK31,2031-05-01,May 2031,60,140.15
2026-04-29,LQM31,2031-06-01,Jun 2031,61,140.05
2026-04-29,LQN31,2031-07-01,Jul 2031,62,140.15
2026-04-29,LQQ31,2031-08-01,Aug 2031,63,140.15
2026-04-29,LQU31,2031-09-01,Sep 2031,64,140.25
2026-04-29,LQV31,2031-10-01,Oct 2031,65,140.65
2026-04-29,LQX31,2031-11-01,Nov 2031,66,140.85
2026-04-29,LQZ31,2031-12-01,Dec 2031,67,141.15
2026-04-30,LQK26,2026-05-01,May 2026,0,134.0
2026-04-30,LQM26,2026-06-01,Jun 2026,1,137.75
2026-04-30,LQN26,2026-07-01,Jul 2026,2,139.05
2026-04-30,LQQ26,2026-08-01,Aug 2026,3,140.1
2026-04-30,LQU26,2026-09-01,Sep 2026,4,140.7
2026-04-30,LQV26,2026-10-01,Oct 2026,5,141.3
2026-04-30,LQX26,2026-11-01,Nov 2026,6,141.9
2026-04-30,LQZ26,2026-12-01,Dec 2026,7,142.5
2026-04-30,LQF27,2027-01-01,Jan 2027,8,143.15
2026-04-30,LQG27,2027-02-01,Feb 2027,9,143.1
2026-04-30,LQH27,2027-03-01,Mar 2027,10,142.55
2026-04-30,LQJ27,2027-04-01,Apr 2027,11,141.75
2026-04-30,LQK27,2027-05-01,May 2027,12,141.0
2026-04-30,LQM27,2027-06-01,Jun 2027,13,140.6
2026-04-30,LQN27,2027-07-01,Jul 2027,14,140.45
2026-04-30,LQQ27,2027-08-01,Aug 2027,15,140.25
2026-04-30,LQU27,2027-09-01,Sep 2027,16,140.2
2026-04-30,LQV27,2027-10-01,Oct 2027,17,139.75
2026-04-30,LQX27,2027-11-01,Nov 2027,18,139.65
2026-04-30,LQZ27,2027-12-01,Dec 2027,19,140.0
2026-04-30,LQF28,2028-01-01,Jan 2028,20,140.7
2026-04-30,LQG28,2028-02-01,Feb 2028,21,141.0
2026-04-30,LQH28,2028-03-01,Mar 2028,22,141.0
2026-04-30,LQJ28,2028-04-01,Apr 2028,23,140.9
2026-04-30,LQK28,2028-05-01,May 2028,24,140.65
2026-04-30,LQM28,2028-06-01,Jun 2028,25,140.45
2026-04-30,LQN28,2028-07-01,Jul 2028,26,140.4
2026-04-30,LQQ28,2028-08-01,Aug 2028,27,140.6
2026-04-30,LQU28,2028-09-01,Sep 2028,28,140.8
2026-04-30,LQV28,2028-10-01,Oct 2028,29,141.0
2026-04-30,LQX28,2028-11-01,Nov 2028,30,141.25
2026-04-30,LQZ28,2028-12-01,Dec 2028,31,141.35
2026-04-30,LQF29,2029-01-01,Jan 2029,32,141.2
2026-04-30,LQG29,2029-02-01,Feb 2029,33,141.1
2026-04-30,LQH29,2029-03-01,Mar 2029,34,141.0
2026-04-30,LQJ29,2029-04-01,Apr 2029,35,140.7
2026-04-30,LQK29,2029-05-01,May 2029,36,140.35
2026-04-30,LQM29,2029-06-01,Jun 2029,37,140.25
2026-04-30,LQN29,2029-07-01,Jul 2029,38,140.35
2026-04-30,LQQ29,2029-08-01,Aug 2029,39,140.4
2026-04-30,LQU29,2029-09-01,Sep 2029,40,140.75
2026-04-30,LQV29,2029-10-01,Oct 2029,41,141.1
2026-04-30,LQX29,2029-11-01,Nov 2029,42,141.15
2026-04-30,LQZ29,2029-12-01,Dec 2029,43,141.25
2026-04-30,LQF30,2030-01-01,Jan 2030,44,141.15
2026-04-30,LQG30,2030-02-01,Feb 2030,45,141.05
2026-04-30,LQH30,2030-03-01,Mar 2030,46,140.65
2026-04-30,LQJ30,2030-04-01,Apr 2030,47,140.55
2026-04-30,LQK30,2030-05-01,May 2030,48,140.25
2026-04-30,LQM30,2030-06-01,Jun 2030,49,140.15
2026-04-30,LQN30,2030-07-01,Jul 2030,50,140.15
2026-04-30,LQQ30,2030-08-01,Aug 2030,51,140.25
2026-04-30,LQU30,2030-09-01,Sep 2030,52,140.55
2026-04-30,LQV30,2030-10-01,Oct 2030,53,140.65
2026-04-30,LQX30,2030-11-01,Nov 2030,54,141.05
2026-04-30,LQZ30,2030-12-01,Dec 2030,55,141.15
2026-04-30,LQF31,2031-01-01,Jan 2031,56,141.15
2026-04-30,LQG31,2031-02-01,Feb 2031,57,141.05
2026-04-30,LQH31,2031-03-01,Mar 2031,58,140.75
2026-04-30,LQJ31,2031-04-01,Apr 2031,59,140.55
2026-04-30,LQK31,2031-05-01,May 2031,60,140.55
2026-04-30,LQM31,2031-06-01,Jun 2031,61,140.45
2026-04-30,LQN31,2031-07-01,Jul 2031,62,140.55
2026-04-30,LQQ31,2031-08-01,Aug 2031,63,140.55
2026-04-30,LQU31,2031-09-01,Sep 2031,64,140.65
2026-04-30,LQV31,2031-10-01,Oct 2031,65,141.05
2026-04-30,LQX31,2031-11-01,Nov 2031,66,141.25
2026-04-30,LQZ31,2031-12-01,Dec 2031,67,141.55
2026-05-01,LQK26,2026-05-01,May 2026,0,133.9
2026-05-01,LQM26,2026-06-01,Jun 2026,1,137.6
2026-05-01,LQN26,2026-07-01,Jul 2026,2,138.5
2026-05-01,LQQ26,2026-08-01,Aug 2026,3,139.5
2026-05-01,LQU26,2026-09-01,Sep 2026,4,140.4
2026-05-01,LQV26,2026-10-01,Oct 2026,5,140.7
2026-05-01,LQX26,2026-11-01,Nov 2026,6,141.15
2026-05-01,LQZ26,2026-12-01,Dec 2026,7,141.8
2026-05-01,LQF27,2027-01-01,Jan 2027,8,142.5
2026-05-01,LQG27,2027-02-01,Feb 2027,9,142.5
2026-05-01,LQH27,2027-03-01,Mar 2027,10,142.05
2026-05-01,LQJ27,2027-04-01,Apr 2027,11,141.05
2026-05-01,LQK27,2027-05-01,May 2027,12,140.3
2026-05-01,LQM27,2027-06-01,Jun 2027,13,140.0
2026-05-01,LQN27,2027-07-01,Jul 2027,14,139.75
2026-05-01,LQQ27,2027-08-01,Aug 2027,15,139.55
2026-05-01,LQU27,2027-09-01,Sep 2027,16,139.5
2026-05-01,LQV27,2027-10-01,Oct 2027,17,139.0
2026-05-01,LQX27,2027-11-01,Nov 2027,18,139.0
2026-05-01,LQZ27,2027-12-01,Dec 2027,19,139.3
2026-05-01,LQF28,2028-01-01,Jan 2028,20,139.7
2026-05-01,LQG28,2028-02-01,Feb 2028,21,140.0
2026-05-01,LQH28,2028-03-01,Mar 2028,22,140.05
2026-05-01,LQJ28,2028-04-01,Apr 2028,23,140.0
2026-05-01,LQK28,2028-05-01,May 2028,24,139.75
2026-05-01,LQM28,2028-06-01,Jun 2028,25,139.5
2026-05-01,LQN28,2028-07-01,Jul 2028,26,139.5
2026-05-01,LQQ28,2028-08-01,Aug 2028,27,139.7
2026-05-01,LQU28,2028-09-01,Sep 2028,28,139.9
2026-05-01,LQV28,2028-10-01,Oct 2028,29,140.05
2026-05-01,LQX28,2028-11-01,Nov 2028,30,140.3
2026-05-01,LQZ28,2028-12-01,Dec 2028,31,140.4
2026-05-01,LQF29,2029-01-01,Jan 2029,32,140.3
2026-05-01,LQG29,2029-02-01,Feb 2029,33,140.2
2026-05-01,LQH29,2029-03-01,Mar 2029,34,140.05
2026-05-01,LQJ29,2029-04-01,Apr 2029,35,139.8
2026-05-01,LQK29,2029-05-01,May 2029,36,139.4
2026-05-01,LQM29,2029-06-01,Jun 2029,37,139.3
2026-05-01,LQN29,2029-07-01,Jul 2029,38,139.4
2026-05-01,LQQ29,2029-08-01,Aug 2029,39,139.5
2026-05-01,LQU29,2029-09-01,Sep 2029,40,139.8
2026-05-01,LQV29,2029-10-01,Oct 2029,41,140.2
2026-05-01,LQX29,2029-11-01,Nov 2029,42,140.25
2026-05-01,LQZ29,2029-12-01,Dec 2029,43,140.3
2026-05-01,LQF30,2030-01-01,Jan 2030,44,140.25
2026-05-01,LQG30,2030-02-01,Feb 2030,45,140.1
2026-05-01,LQH30,2030-03-01,Mar 2030,46,139.75
2026-05-01,LQJ30,2030-04-01,Apr 2030,47,139.6
2026-05-01,LQK30,2030-05-01,May 2030,48,139.3
2026-05-01,LQM30,2030-06-01,Jun 2030,49,139.25
2026-05-01,LQN30,2030-07-01,Jul 2030,50,139.25
2026-05-01,LQQ30,2030-08-01,Aug 2030,51,139.3
2026-05-01,LQU30,2030-09-01,Sep 2030,52,139.6
2026-05-01,LQV30,2030-10-01,Oct 2030,53,139.75
2026-05-01,LQX30,2030-11-01,Nov 2030,54,140.1
2026-05-01,LQZ30,2030-12-01,Dec 2030,55,140.25
2026-05-01,LQF31,2031-01-01,Jan 2031,56,140.25
2026-05-01,LQG31,2031-02-01,Feb 2031,57,140.1
2026-05-01,LQH31,2031-03-01,Mar 2031,58,139.8
2026-05-01,LQJ31,2031-04-01,Apr 2031,59,139.6
2026-05-01,LQK31,2031-05-01,May 2031,60,139.6
2026-05-01,LQM31,2031-06-01,Jun 2031,61,139.5
2026-05-01,LQN31,2031-07-01,Jul 2031,62,139.6
2026-05-01,LQQ31,2031-08-01,Aug 2031,63,139.6
2026-05-01,LQU31,2031-09-01,Sep 2031,64,139.75
2026-05-01,LQV31,2031-10-01,Oct 2031,65,140.1
2026-05-01,LQX31,2031-11-01,Nov 2031,66,140.3
2026-05-01,LQZ31,2031-12-01,Dec 2031,67,140.6
2026-05-02,LQK26,2026-05-01,May 2026,0,133.9
2026-05-02,LQM26,2026-06-01,Jun 2026,1,137.6
2026-05-02,LQN26,2026-07-01,Jul 2026,2,138.5
2026-05-02,LQQ26,2026-08-01,Aug 2026,3,139.5
2026-05-02,LQU26,2026-09-01,Sep 2026,4,140.4
2026-05-02,LQV26,2026-10-01,Oct 2026,5,140.7
2026-05-02,LQX26,2026-11-01,Nov 2026,6,141.15
2026-05-02,LQZ26,2026-12-01,Dec 2026,7,141.8
2026-05-02,LQF27,2027-01-01,Jan 2027,8,142.5
2026-05-02,LQG27,2027-02-01,Feb 2027,9,142.5
2026-05-02,LQH27,2027-03-01,Mar 2027,10,142.05
2026-05-02,LQJ27,2027-04-01,Apr 2027,11,141.05
2026-05-02,LQK27,2027-05-01,May 2027,12,140.3
2026-05-02,LQM27,2027-06-01,Jun 2027,13,140.0
2026-05-02,LQN27,2027-07-01,Jul 2027,14,139.75
2026-05-02,LQQ27,2027-08-01,Aug 2027,15,139.55
2026-05-02,LQU27,2027-09-01,Sep 2027,16,139.5
2026-05-02,LQV27,2027-10-01,Oct 2027,17,139.0
2026-05-02,LQX27,2027-11-01,Nov 2027,18,139.0
2026-05-02,LQZ27,2027-12-01,Dec 2027,19,139.3
2026-05-02,LQF28,2028-01-01,Jan 2028,20,139.7
2026-05-02,LQG28,2028-02-01,Feb 2028,21,140.0
2026-05-02,LQH28,2028-03-01,Mar 2028,22,140.05
2026-05-02,LQJ28,2028-04-01,Apr 2028,23,140.0
2026-05-02,LQK28,2028-05-01,May 2028,24,139.75
2026-05-02,LQM28,2028-06-01,Jun 2028,25,139.5
2026-05-02,LQN28,2028-07-01,Jul 2028,26,139.5
2026-05-02,LQQ28,2028-08-01,Aug 2028,27,139.7
2026-05-02,LQU28,2028-09-01,Sep 2028,28,139.9
2026-05-02,LQV28,2028-10-01,Oct 2028,29,140.05
2026-05-02,LQX28,2028-11-01,Nov 2028,30,140.3
2026-05-02,LQZ28,2028-12-01,Dec 2028,31,140.4
2026-05-02,LQF29,2029-01-01,Jan 2029,32,140.3
2026-05-02,LQG29,2029-02-01,Feb 2029,33,140.2
2026-05-02,LQH29,2029-03-01,Mar 2029,34,140.05
2026-05-02,LQJ29,2029-04-01,Apr 2029,35,139.8
2026-05-02,LQK29,2029-05-01,May 2029,36,139.4
2026-05-02,LQM29,2029-06-01,Jun 2029,37,139.3
2026-05-02,LQN29,2029-07-01,Jul 2029,38,139.4
2026-05-02,LQQ29,2029-08-01,Aug 2029,39,139.5
2026-05-02,LQU29,2029-09-01,Sep 2029,40,139.8
2026-05-02,LQV29,2029-10-01,Oct 2029,41,140.2
2026-05-02,LQX29,2029-11-01,Nov 2029,42,140.25
2026-05-02,LQZ29,2029-12-01,Dec 2029,43,140.3
2026-05-02,LQF30,2030-01-01,Jan 2030,44,140.25
2026-05-02,LQG30,2030-02-01,Feb 2030,45,140.1
2026-05-02,LQH30,2030-03-01,Mar 2030,46,139.75
2026-05-02,LQJ30,2030-04-01,Apr 2030,47,139.6
2026-05-02,LQK30,2030-05-01,May 2030,48,139.3
2026-05-02,LQM30,2030-06-01,Jun 2030,49,139.25
2026-05-02,LQN30,2030-07-01,Jul 2030,50,139.25
2026-05-02,LQQ30,2030-08-01,Aug 2030,51,139.3
2026-05-02,LQU30,2030-09-01,Sep 2030,52,139.6
2026-05-02,LQV30,2030-10-01,Oct 2030,53,139.75
2026-05-02,LQX30,2030-11-01,Nov 2030,54,140.1
2026-05-02,LQZ30,2030-12-01,Dec 2030,55,140.25
2026-05-02,LQF31,2031-01-01,Jan 2031,56,140.25
2026-05-02,LQG31,2031-02-01,Feb 2031,57,140.1
2026-05-02,LQH31,2031-03-01,Mar 2031,58,139.8
2026-05-02,LQJ31,2031-04-01,Apr 2031,59,139.6
2026-05-02,LQK31,2031-05-01,May 2031,60,139.6
2026-05-02,LQM31,2031-06-01,Jun 2031,61,139.5
2026-05-02,LQN31,2031-07-01,Jul 2031,62,139.6
2026-05-02,LQQ31,2031-08-01,Aug 2031,63,139.6
2026-05-02,LQU31,2031-09-01,Sep 2031,64,139.75
2026-05-02,LQV31,2031-10-01,Oct 2031,65,140.1
2026-05-02,LQX31,2031-11-01,Nov 2031,66,140.3
2026-05-02,LQZ31,2031-12-01,Dec 2031,67,140.6
2026-05-03,LQK26,2026-05-01,May 2026,0,133.9
2026-05-03,LQM26,2026-06-01,Jun 2026,1,137.6
2026-05-03,LQN26,2026-07-01,Jul 2026,2,138.5
2026-05-03,LQQ26,2026-08-01,Aug 2026,3,139.5
2026-05-03,LQU26,2026-09-01,Sep 2026,4,140.4
2026-05-03,LQV26,2026-10-01,Oct 2026,5,140.7
2026-05-03,LQX26,2026-11-01,Nov 2026,6,141.15
2026-05-03,LQZ26,2026-12-01,Dec 2026,7,141.8
2026-05-03,LQF27,2027-01-01,Jan 2027,8,142.5
2026-05-03,LQG27,2027-02-01,Feb 2027,9,142.5
2026-05-03,LQH27,2027-03-01,Mar 2027,10,142.05
2026-05-03,LQJ27,2027-04-01,Apr 2027,11,141.05
2026-05-03,LQK27,2027-05-01,May 2027,12,140.3
2026-05-03,LQM27,2027-06-01,Jun 2027,13,140.0
2026-05-03,LQN27,2027-07-01,Jul 2027,14,139.75
2026-05-03,LQQ27,2027-08-01,Aug 2027,15,139.55
2026-05-03,LQU27,2027-09-01,Sep 2027,16,139.5
2026-05-03,LQV27,2027-10-01,Oct 2027,17,139.0
2026-05-03,LQX27,2027-11-01,Nov 2027,18,139.0
2026-05-03,LQZ27,2027-12-01,Dec 2027,19,139.3
2026-05-03,LQF28,2028-01-01,Jan 2028,20,139.7
2026-05-03,LQG28,2028-02-01,Feb 2028,21,140.0
2026-05-03,LQH28,2028-03-01,Mar 2028,22,140.05
2026-05-03,LQJ28,2028-04-01,Apr 2028,23,140.0
2026-05-03,LQK28,2028-05-01,May 2028,24,139.75
2026-05-03,LQM28,2028-06-01,Jun 2028,25,139.5
2026-05-03,LQN28,2028-07-01,Jul 2028,26,139.5
2026-05-03,LQQ28,2028-08-01,Aug 2028,27,139.7
2026-05-03,LQU28,2028-09-01,Sep 2028,28,139.9
2026-05-03,LQV28,2028-10-01,Oct 2028,29,140.05
2026-05-03,LQX28,2028-11-01,Nov 2028,30,140.3
2026-05-03,LQZ28,2028-12-01,Dec 2028,31,140.4
2026-05-03,LQF29,2029-01-01,Jan 2029,32,140.3
2026-05-03,LQG29,2029-02-01,Feb 2029,33,140.2
2026-05-03,LQH29,2029-03-01,Mar 2029,34,140.05
2026-05-03,LQJ29,2029-04-01,Apr 2029,35,139.8
2026-05-03,LQK29,2029-05-01,May 2029,36,139.4
2026-05-03,LQM29,2029-06-01,Jun 2029,37,139.3
2026-05-03,LQN29,2029-07-01,Jul 2029,38,139.4
2026-05-03,LQQ29,2029-08-01,Aug 2029,39,139.5
2026-05-03,LQU29,2029-09-01,Sep 2029,40,139.8
2026-05-03,LQV29,2029-10-01,Oct 2029,41,140.2
2026-05-03,LQX29,2029-11-01,Nov 2029,42,140.25
2026-05-03,LQZ29,2029-12-01,Dec 2029,43,140.3
2026-05-03,LQF30,2030-01-01,Jan 2030,44,140.25
2026-05-03,LQG30,2030-02-01,Feb 2030,45,140.1
2026-05-03,LQH30,2030-03-01,Mar 2030,46,139.75
2026-05-03,LQJ30,2030-04-01,Apr 2030,47,139.6
2026-05-03,LQK30,2030-05-01,May 2030,48,139.3
2026-05-03,LQM30,2030-06-01,Jun 2030,49,139.25
2026-05-03,LQN30,2030-07-01,Jul 2030,50,139.25
2026-05-03,LQQ30,2030-08-01,Aug 2030,51,139.3
2026-05-03,LQU30,2030-09-01,Sep 2030,52,139.6
2026-05-03,LQV30,2030-10-01,Oct 2030,53,139.75
2026-05-03,LQX30,2030-11-01,Nov 2030,54,140.1
2026-05-03,LQZ30,2030-12-01,Dec 2030,55,140.25
2026-05-03,LQF31,2031-01-01,Jan 2031,56,140.25
2026-05-03,LQG31,2031-02-01,Feb 2031,57,140.1
2026-05-03,LQH31,2031-03-01,Mar 2031,58,139.8
2026-05-03,LQJ31,2031-04-01,Apr 2031,59,139.6
2026-05-03,LQK31,2031-05-01,May 2031,60,139.6
2026-05-03,LQM31,2031-06-01,Jun 2031,61,139.5
2026-05-03,LQN31,2031-07-01,Jul 2031,62,139.6
2026-05-03,LQQ31,2031-08-01,Aug 2031,63,139.6
2026-05-03,LQU31,2031-09-01,Sep 2031,64,139.75
2026-05-03,LQV31,2031-10-01,Oct 2031,65,140.1
2026-05-03,LQX31,2031-11-01,Nov 2031,66,140.3
2026-05-03,LQZ31,2031-12-01,Dec 2031,67,140.6
2026-05-04,LQK26,2026-05-01,May 2026,0,135.55
2026-05-04,LQM26,2026-06-01,Jun 2026,1,139.2
2026-05-04,LQN26,2026-07-01,Jul 2026,2,139.9
2026-05-04,LQQ26,2026-08-01,Aug 2026,3,139.95
2026-05-04,LQU26,2026-09-01,Sep 2026,4,140.2
2026-05-04,LQV26,2026-10-01,Oct 2026,5,140.5
2026-05-04,LQX26,2026-11-01,Nov 2026,6,140.95
2026-05-04,LQZ26,2026-12-01,Dec 2026,7,141.65
2026-05-04,LQF27,2027-01-01,Jan 2027,8,142.0
2026-05-04,LQG27,2027-02-01,Feb 2027,9,141.85
2026-05-04,LQH27,2027-03-01,Mar 2027,10,141.2
2026-05-04,LQJ27,2027-04-01,Apr 2027,11,140.2
2026-05-04,LQK27,2027-05-01,May 2027,12,139.45
2026-05-04,LQM27,2027-06-01,Jun 2027,13,139.15
2026-05-04,LQN27,2027-07-01,Jul 2027,14,138.9
2026-05-04,LQQ27,2027-08-01,Aug 2027,15,138.65
2026-05-04,LQU27,2027-09-01,Sep 2027,16,138.6
2026-05-04,LQV27,2027-10-01,Oct 2027,17,138.1
2026-05-04,LQX27,2027-11-01,Nov 2027,18,138.1
2026-05-04,LQZ27,2027-12-01,Dec 2027,19,138.4
2026-05-04,LQF28,2028-01-01,Jan 2028,20,138.85
2026-05-04,LQG28,2028-02-01,Feb 2028,21,139.15
2026-05-04,LQH28,2028-03-01,Mar 2028,22,139.2
2026-05-04,LQJ28,2028-04-01,Apr 2028,23,139.15
2026-05-04,LQK28,2028-05-01,May 2028,24,138.9
2026-05-04,LQM28,2028-06-01,Jun 2028,25,138.65
2026-05-04,LQN28,2028-07-01,Jul 2028,26,138.65
2026-05-04,LQQ28,2028-08-01,Aug 2028,27,138.85
2026-05-04,LQU28,2028-09-01,Sep 2028,28,139.05
2026-05-04,LQV28,2028-10-01,Oct 2028,29,139.2
2026-05-04,LQX28,2028-11-01,Nov 2028,30,139.45
2026-05-04,LQZ28,2028-12-01,Dec 2028,31,139.55
2026-05-04,LQF29,2029-01-01,Jan 2029,32,139.45
2026-05-04,LQG29,2029-02-01,Feb 2029,33,139.35
2026-05-04,LQH29,2029-03-01,Mar 2029,34,139.2
2026-05-04,LQJ29,2029-04-01,Apr 2029,35,138.95
2026-05-04,LQK29,2029-05-01,May 2029,36,138.55
2026-05-04,LQM29,2029-06-01,Jun 2029,37,138.45
2026-05-04,LQN29,2029-07-01,Jul 2029,38,138.55
2026-05-04,LQQ29,2029-08-01,Aug 2029,39,138.65
2026-05-04,LQU29,2029-09-01,Sep 2029,40,138.95
2026-05-04,LQV29,2029-10-01,Oct 2029,41,139.35
2026-05-04,LQX29,2029-11-01,Nov 2029,42,139.4
2026-05-04,LQZ29,2029-12-01,Dec 2029,43,139.45
2026-05-04,LQF30,2030-01-01,Jan 2030,44,139.4
2026-05-04,LQG30,2030-02-01,Feb 2030,45,139.25
2026-05-04,LQH30,2030-03-01,Mar 2030,46,138.9
2026-05-04,LQJ30,2030-04-01,Apr 2030,47,138.75
2026-05-04,LQK30,2030-05-01,May 2030,48,138.45
2026-05-04,LQM30,2030-06-01,Jun 2030,49,138.4
2026-05-04,LQN30,2030-07-01,Jul 2030,50,138.4
2026-05-04,LQQ30,2030-08-01,Aug 2030,51,138.45
2026-05-04,LQU30,2030-09-01,Sep 2030,52,138.75
2026-05-04,LQV30,2030-10-01,Oct 2030,53,138.9
2026-05-04,LQX30,2030-11-01,Nov 2030,54,139.25
2026-05-04,LQZ30,2030-12-01,Dec 2030,55,139.4
2026-05-04,LQF31,2031-01-01,Jan 2031,56,139.4
2026-05-04,LQG31,2031-02-01,Feb 2031,57,139.25
2026-05-04,LQH31,2031-03-01,Mar 2031,58,138.95
2026-05-04,LQJ31,2031-04-01,Apr 2031,59,138.75
2026-05-04,LQK31,2031-05-01,May 2031,60,138.75
2026-05-04,LQM31,2031-06-01,Jun 2031,61,138.65
2026-05-04,LQN31,2031-07-01,Jul 2031,62,138.75
2026-05-04,LQQ31,2031-08-01,Aug 2031,63,138.75
2026-05-04,LQU31,2031-09-01,Sep 2031,64,138.9
2026-05-04,LQV31,2031-10-01,Oct 2031,65,139.25
2026-05-04,LQX31,2031-11-01,Nov 2031,66,139.45
2026-05-04,LQZ31,2031-12-01,Dec 2031,67,139.75
2026-05-05,LQK26,2026-05-01,May 2026,0,134.5
2026-05-05,LQM26,2026-06-01,Jun 2026,1,139.7
2026-05-05,LQN26,2026-07-01,Jul 2026,2,141.25
2026-05-05,LQQ26,2026-08-01,Aug 2026,3,141.65
2026-05-05,LQU26,2026-09-01,Sep 2026,4,142.3
2026-05-05,LQV26,2026-10-01,Oct 2026,5,142.85
2026-05-05,LQX26,2026-11-01,Nov 2026,6,143.4
2026-05-05,LQZ26,2026-12-01,Dec 2026,7,144.0
2026-05-05,LQF27,2027-01-01,Jan 2027,8,144.8
2026-05-05,LQG27,2027-02-01,Feb 2027,9,144.75
2026-05-05,LQH27,2027-03-01,Mar 2027,10,144.0
2026-05-05,LQJ27,2027-04-01,Apr 2027,11,142.35
2026-05-05,LQK27,2027-05-01,May 2027,12,141.6
2026-05-05,LQM27,2027-06-01,Jun 2027,13,141.15
2026-05-05,LQN27,2027-07-01,Jul 2027,14,141.05
2026-05-05,LQQ27,2027-08-01,Aug 2027,15,140.85
2026-05-05,LQU27,2027-09-01,Sep 2027,16,140.75
2026-05-05,LQV27,2027-10-01,Oct 2027,17,140.35
2026-05-05,LQX27,2027-11-01,Nov 2027,18,140.3
2026-05-05,LQZ27,2027-12-01,Dec 2027,19,140.35
2026-05-05,LQF28,2028-01-01,Jan 2028,20,140.0
2026-05-05,LQG28,2028-02-01,Feb 2028,21,140.05
2026-05-05,LQH28,2028-03-01,Mar 2028,22,140.1
2026-05-05,LQJ28,2028-04-01,Apr 2028,23,140.1
2026-05-05,LQK28,2028-05-01,May 2028,24,139.85
2026-05-05,LQM28,2028-06-01,Jun 2028,25,139.6
2026-05-05,LQN28,2028-07-01,Jul 2028,26,139.6
2026-05-05,LQQ28,2028-08-01,Aug 2028,27,139.8
2026-05-05,LQU28,2028-09-01,Sep 2028,28,140.0
2026-05-05,LQV28,2028-10-01,Oct 2028,29,140.15
2026-05-05,LQX28,2028-11-01,Nov 2028,30,140.4
2026-05-05,LQZ28,2028-12-01,Dec 2028,31,140.5
2026-05-05,LQF29,2029-01-01,Jan 2029,32,140.45
2026-05-05,LQG29,2029-02-01,Feb 2029,33,140.35
2026-05-05,LQH29,2029-03-01,Mar 2029,34,140.2
2026-05-05,LQJ29,2029-04-01,Apr 2029,35,139.95
2026-05-05,LQK29,2029-05-01,May 2029,36,139.55
2026-05-05,LQM29,2029-06-01,Jun 2029,37,139.45
2026-05-05,LQN29,2029-07-01,Jul 2029,38,139.55
2026-05-05,LQQ29,2029-08-01,Aug 2029,39,139.6
2026-05-05,LQU29,2029-09-01,Sep 2029,40,139.95
2026-05-05,LQV29,2029-10-01,Oct 2029,41,140.35
2026-05-05,LQX29,2029-11-01,Nov 2029,42,140.4
2026-05-05,LQZ29,2029-12-01,Dec 2029,43,140.45
2026-05-05,LQF30,2030-01-01,Jan 2030,44,140.35
2026-05-05,LQG30,2030-02-01,Feb 2030,45,140.25
2026-05-05,LQH30,2030-03-01,Mar 2030,46,139.85
2026-05-05,LQJ30,2030-04-01,Apr 2030,47,139.75
2026-05-05,LQK30,2030-05-01,May 2030,48,139.45
2026-05-05,LQM30,2030-06-01,Jun 2030,49,139.35
2026-05-05,LQN30,2030-07-01,Jul 2030,50,139.35
2026-05-05,LQQ30,2030-08-01,Aug 2030,51,139.45
2026-05-05,LQU30,2030-09-01,Sep 2030,52,139.75
2026-05-05,LQV30,2030-10-01,Oct 2030,53,139.85
2026-05-05,LQX30,2030-11-01,Nov 2030,54,140.25
2026-05-05,LQZ30,2030-12-01,Dec 2030,55,140.35
2026-05-05,LQF31,2031-01-01,Jan 2031,56,140.35
2026-05-05,LQG31,2031-02-01,Feb 2031,57,140.25
2026-05-05,LQH31,2031-03-01,Mar 2031,58,139.95
2026-05-05,LQJ31,2031-04-01,Apr 2031,59,139.75
2026-05-05,LQK31,2031-05-01,May 2031,60,139.75
2026-05-05,LQM31,2031-06-01,Jun 2031,61,139.6
2026-05-05,LQN31,2031-07-01,Jul 2031,62,139.75
2026-05-05,LQQ31,2031-08-01,Aug 2031,63,139.75
2026-05-05,LQU31,2031-09-01,Sep 2031,64,139.85
2026-05-05,LQV31,2031-10-01,Oct 2031,65,140.25
2026-05-05,LQX31,2031-11-01,Nov 2031,66,140.45
2026-05-05,LQZ31,2031-12-01,Dec 2031,67,140.75
2026-05-06,LQK26,2026-05-01,May 2026,0,132.0
2026-05-06,LQM26,2026-06-01,Jun 2026,1,128.5
2026-05-06,LQN26,2026-07-01,Jul 2026,2,140.0
2026-05-06,LQQ26,2026-08-01,Aug 2026,3,137.25
2026-05-06,LQU26,2026-09-01,Sep 2026,4,138.0
2026-05-06,LQV26,2026-10-01,Oct 2026,5,138.65
2026-05-06,LQX26,2026-11-01,Nov 2026,6,139.3
2026-05-06,LQZ26,2026-12-01,Dec 2026,7,139.95
2026-05-06,LQF27,2027-01-01,Jan 2027,8,140.75
2026-05-06,LQG27,2027-02-01,Feb 2027,9,140.85
2026-05-06,LQH27,2027-03-01,Mar 2027,10,140.25
2026-05-06,LQJ27,2027-04-01,Apr 2027,11,139.45
2026-05-06,LQK27,2027-05-01,May 2027,12,138.9
2026-05-06,LQM27,2027-06-01,Jun 2027,13,138.5
2026-05-06,LQN27,2027-07-01,Jul 2027,14,138.4
2026-05-06,LQQ27,2027-08-01,Aug 2027,15,138.2
2026-05-06,LQU27,2027-09-01,Sep 2027,16,138.1
2026-05-06,LQV27,2027-10-01,Oct 2027,17,137.85
2026-05-06,LQX27,2027-11-01,Nov 2027,18,137.75
2026-05-06,LQZ27,2027-12-01,Dec 2027,19,137.65
2026-05-06,LQF28,2028-01-01,Jan 2028,20,137.35
2026-05-06,LQG28,2028-02-01,Feb 2028,21,137.25
2026-05-06,LQH28,2028-03-01,Mar 2028,22,137.25
2026-05-06,LQJ28,2028-04-01,Apr 2028,23,137.15
2026-05-06,LQK28,2028-05-01,May 2028,24,136.85
2026-05-06,LQM28,2028-06-01,Jun 2028,25,136.55
2026-05-06,LQN28,2028-07-01,Jul 2028,26,136.5
2026-05-06,LQQ28,2028-08-01,Aug 2028,27,136.65
2026-05-06,LQU28,2028-09-01,Sep 2028,28,136.85
2026-05-06,LQV28,2028-10-01,Oct 2028,29,137.0
2026-05-06,LQX28,2028-11-01,Nov 2028,30,137.15
2026-05-06,LQZ28,2028-12-01,Dec 2028,31,137.25
2026-05-06,LQF29,2029-01-01,Jan 2029,32,137.1
2026-05-06,LQG29,2029-02-01,Feb 2029,33,136.95
2026-05-06,LQH29,2029-03-01,Mar 2029,34,136.8
2026-05-06,LQJ29,2029-04-01,Apr 2029,35,136.6
2026-05-06,LQK29,2029-05-01,May 2029,36,136.2
2026-05-06,LQM29,2029-06-01,Jun 2029,37,136.1
2026-05-06,LQN29,2029-07-01,Jul 2029,38,136.2
2026-05-06,LQQ29,2029-08-01,Aug 2029,39,136.25
2026-05-06,LQU29,2029-09-01,Sep 2029,40,136.6
2026-05-06,LQV29,2029-10-01,Oct 2029,41,136.95
2026-05-06,LQX29,2029-11-01,Nov 2029,42,137.0
2026-05-06,LQZ29,2029-12-01,Dec 2029,43,137.1
2026-05-06,LQF30,2030-01-01,Jan 2030,44,137.0
2026-05-06,LQG30,2030-02-01,Feb 2030,45,136.9
2026-05-06,LQH30,2030-03-01,Mar 2030,46,136.5
2026-05-06,LQJ30,2030-04-01,Apr 2030,47,136.4
2026-05-06,LQK30,2030-05-01,May 2030,48,136.1
2026-05-06,LQM30,2030-06-01,Jun 2030,49,136.0
2026-05-06,LQN30,2030-07-01,Jul 2030,50,136.0
2026-05-06,LQQ30,2030-08-01,Aug 2030,51,136.1
2026-05-06,LQU30,2030-09-01,Sep 2030,52,136.4
2026-05-06,LQV30,2030-10-01,Oct 2030,53,136.5
2026-05-06,LQX30,2030-11-01,Nov 2030,54,136.9
2026-05-06,LQZ30,2030-12-01,Dec 2030,55,137.0
2026-05-06,LQF31,2031-01-01,Jan 2031,56,137.0
2026-05-06,LQG31,2031-02-01,Feb 2031,57,136.9
2026-05-06,LQH31,2031-03-01,Mar 2031,58,136.6
2026-05-06,LQJ31,2031-04-01,Apr 2031,59,136.4
2026-05-06,LQK31,2031-05-01,May 2031,60,136.4
2026-05-06,LQM31,2031-06-01,Jun 2031,61,136.25
2026-05-06,LQN31,2031-07-01,Jul 2031,62,136.4
2026-05-06,LQQ31,2031-08-01,Aug 2031,63,136.4
2026-05-06,LQU31,2031-09-01,Sep 2031,64,136.5
2026-05-06,LQV31,2031-10-01,Oct 2031,65,136.9
2026-05-06,LQX31,2031-11-01,Nov 2031,66,137.1
2026-05-06,LQZ31,2031-12-01,Dec 2031,67,137.4
2026-05-07,LQK26,2026-05-01,May 2026,0,132.0
2026-05-07,LQM26,2026-06-01,Jun 2026,1,135.2
2026-05-07,LQN26,2026-07-01,Jul 2026,2,136.75
2026-05-07,LQQ26,2026-08-01,Aug 2026,3,137.4
2026-05-07,LQU26,2026-09-01,Sep 2026,4,138.05
2026-05-07,LQV26,2026-10-01,Oct 2026,5,138.65
2026-05-07,LQX26,2026-11-01,Nov 2026,6,139.25
2026-05-07,LQZ26,2026-12-01,Dec 2026,7,139.85
2026-05-07,LQF27,2027-01-01,Jan 2027,8,140.4
2026-05-07,LQG27,2027-02-01,Feb 2027,9,140.45
2026-05-07,LQH27,2027-03-01,Mar 2027,10,139.7
2026-05-07,LQJ27,2027-04-01,Apr 2027,11,138.7
2026-05-07,LQK27,2027-05-01,May 2027,12,138.05
2026-05-07,LQM27,2027-06-01,Jun 2027,13,137.55
2026-05-07,LQN27,2027-07-01,Jul 2027,14,137.15
2026-05-07,LQQ27,2027-08-01,Aug 2027,15,136.9
2026-05-07,LQU27,2027-09-01,Sep 2027,16,136.8
2026-05-07,LQV27,2027-10-01,Oct 2027,17,136.5
2026-05-07,LQX27,2027-11-01,Nov 2027,18,136.3
2026-05-07,LQZ27,2027-12-01,Dec 2027,19,136.0
2026-05-07,LQF28,2028-01-01,Jan 2028,20,135.3
2026-05-07,LQG28,2028-02-01,Feb 2028,21,135.25
2026-05-07,LQH28,2028-03-01,Mar 2028,22,135.25
2026-05-07,LQJ28,2028-04-01,Apr 2028,23,135.4
2026-05-07,LQK28,2028-05-01,May 2028,24,135.25
2026-05-07,LQM28,2028-06-01,Jun 2028,25,134.95
2026-05-07,LQN28,2028-07-01,Jul 2028,26,134.85
2026-05-07,LQQ28,2028-08-01,Aug 2028,27,135.0
2026-05-07,LQU28,2028-09-01,Sep 2028,28,135.2
2026-05-07,LQV28,2028-10-01,Oct 2028,29,135.35
2026-05-07,LQX28,2028-11-01,Nov 2028,30,135.5
2026-05-07,LQZ28,2028-12-01,Dec 2028,31,135.55
2026-05-07,LQF29,2029-01-01,Jan 2029,32,135.65
2026-05-07,LQG29,2029-02-01,Feb 2029,33,135.5
2026-05-07,LQH29,2029-03-01,Mar 2029,34,135.35
2026-05-07,LQJ29,2029-04-01,Apr 2029,35,135.15
2026-05-07,LQK29,2029-05-01,May 2029,36,134.75
2026-05-07,LQM29,2029-06-01,Jun 2029,37,134.65
2026-05-07,LQN29,2029-07-01,Jul 2029,38,134.75
2026-05-07,LQQ29,2029-08-01,Aug 2029,39,134.8
2026-05-07,LQU29,2029-09-01,Sep 2029,40,135.15
2026-05-07,LQV29,2029-10-01,Oct 2029,41,135.5
2026-05-07,LQX29,2029-11-01,Nov 2029,42,135.55
2026-05-07,LQZ29,2029-12-01,Dec 2029,43,135.65
2026-05-07,LQF30,2030-01-01,Jan 2030,44,135.55
2026-05-07,LQG30,2030-02-01,Feb 2030,45,135.45
2026-05-07,LQH30,2030-03-01,Mar 2030,46,135.05
2026-05-07,LQJ30,2030-04-01,Apr 2030,47,134.95
2026-05-07,LQK30,2030-05-01,May 2030,48,134.65
2026-05-07,LQM30,2030-06-01,Jun 2030,49,134.55
2026-05-07,LQN30,2030-07-01,Jul 2030,50,134.55
2026-05-07,LQQ30,2030-08-01,Aug 2030,51,134.65
2026-05-07,LQU30,2030-09-01,Sep 2030,52,134.95
2026-05-07,LQV30,2030-10-01,Oct 2030,53,135.05
2026-05-07,LQX30,2030-11-01,Nov 2030,54,135.45
2026-05-07,LQZ30,2030-12-01,Dec 2030,55,135.55
2026-05-07,LQF31,2031-01-01,Jan 2031,56,135.55
2026-05-07,LQG31,2031-02-01,Feb 2031,57,135.45
2026-05-07,LQH31,2031-03-01,Mar 2031,58,135.15
2026-05-07,LQJ31,2031-04-01,Apr 2031,59,134.95
2026-05-07,LQK31,2031-05-01,May 2031,60,134.95
2026-05-07,LQM31,2031-06-01,Jun 2031,61,134.8
2026-05-07,LQN31,2031-07-01,Jul 2031,62,134.95
2026-05-07,LQQ31,2031-08-01,Aug 2031,63,134.95
2026-05-07,LQU31,2031-09-01,Sep 2031,64,135.05
2026-05-07,LQV31,2031-10-01,Oct 2031,65,135.45
2026-05-07,LQX31,2031-11-01,Nov 2031,66,135.65
2026-05-07,LQZ31,2031-12-01,Dec 2031,67,135.95
2026-05-08,LQK26,2026-05-01,May 2026,0,131.75
2026-05-08,LQM26,2026-06-01,Jun 2026,1,135.15
2026-05-08,LQN26,2026-07-01,Jul 2026,2,136.6
2026-05-08,LQQ26,2026-08-01,Aug 2026,3,138.25
2026-05-08,LQU26,2026-09-01,Sep 2026,4,138.35
2026-05-08,LQV26,2026-10-01,Oct 2026,5,139.0
2026-05-08,LQX26,2026-11-01,Nov 2026,6,139.65
2026-05-08,LQZ26,2026-12-01,Dec 2026,7,140.3
2026-05-08,LQF27,2027-01-01,Jan 2027,8,141.05
2026-05-08,LQG27,2027-02-01,Feb 2027,9,141.05
2026-05-08,LQH27,2027-03-01,Mar 2027,10,140.3
2026-05-08,LQJ27,2027-04-01,Apr 2027,11,138.9
2026-05-08,LQK27,2027-05-01,May 2027,12,138.65
2026-05-08,LQM27,2027-06-01,Jun 2027,13,138.25
2026-05-08,LQN27,2027-07-01,Jul 2027,14,138.05
2026-05-08,LQQ27,2027-08-01,Aug 2027,15,137.85
2026-05-08,LQU27,2027-09-01,Sep 2027,16,137.8
2026-05-08,LQV27,2027-10-01,Oct 2027,17,137.5
2026-05-08,LQX27,2027-11-01,Nov 2027,18,137.3
2026-05-08,LQZ27,2027-12-01,Dec 2027,19,137.25
2026-05-08,LQF28,2028-01-01,Jan 2028,20,135.9
2026-05-08,LQG28,2028-02-01,Feb 2028,21,135.95
2026-05-08,LQH28,2028-03-01,Mar 2028,22,135.95
2026-05-08,LQJ28,2028-04-01,Apr 2028,23,136.1
2026-05-08,LQK28,2028-05-01,May 2028,24,135.95
2026-05-08,LQM28,2028-06-01,Jun 2028,25,135.65
2026-05-08,LQN28,2028-07-01,Jul 2028,26,135.55
2026-05-08,LQQ28,2028-08-01,Aug 2028,27,135.7
2026-05-08,LQU28,2028-09-01,Sep 2028,28,135.9
2026-05-08,LQV28,2028-10-01,Oct 2028,29,136.05
2026-05-08,LQX28,2028-11-01,Nov 2028,30,136.2
2026-05-08,LQZ28,2028-12-01,Dec 2028,31,136.25
2026-05-08,LQF29,2029-01-01,Jan 2029,32,136.4
2026-05-08,LQG29,2029-02-01,Feb 2029,33,136.25
2026-05-08,LQH29,2029-03-01,Mar 2029,34,136.1
2026-05-08,LQJ29,2029-04-01,Apr 2029,35,135.9
2026-05-08,LQK29,2029-05-01,May 2029,36,135.5
2026-05-08,LQM29,2029-06-01,Jun 2029,37,135.4
2026-05-08,LQN29,2029-07-01,Jul 2029,38,135.5
2026-05-08,LQQ29,2029-08-01,Aug 2029,39,135.55
2026-05-08,LQU29,2029-09-01,Sep 2029,40,135.9
2026-05-08,LQV29,2029-10-01,Oct 2029,41,136.25
2026-05-08,LQX29,2029-11-01,Nov 2029,42,136.3
2026-05-08,LQZ29,2029-12-01,Dec 2029,43,136.4
2026-05-08,LQF30,2030-01-01,Jan 2030,44,136.3
2026-05-08,LQG30,2030-02-01,Feb 2030,45,136.2
2026-05-08,LQH30,2030-03-01,Mar 2030,46,135.8
2026-05-08,LQJ30,2030-04-01,Apr 2030,47,135.7
2026-05-08,LQK30,2030-05-01,May 2030,48,135.4
2026-05-08,LQM30,2030-06-01,Jun 2030,49,135.3
2026-05-08,LQN30,2030-07-01,Jul 2030,50,135.3
2026-05-08,LQQ30,2030-08-01,Aug 2030,51,135.4
2026-05-08,LQU30,2030-09-01,Sep 2030,52,135.7
2026-05-08,LQV30,2030-10-01,Oct 2030,53,135.8
2026-05-08,LQX30,2030-11-01,Nov 2030,54,136.2
2026-05-08,LQZ30,2030-12-01,Dec 2030,55,136.3
2026-05-08,LQF31,2031-01-01,Jan 2031,56,136.3
2026-05-08,LQG31,2031-02-01,Feb 2031,57,136.2
2026-05-08,LQH31,2031-03-01,Mar 2031,58,135.9
2026-05-08,LQJ31,2031-04-01,Apr 2031,59,135.7
2026-05-08,LQK31,2031-05-01,May 2031,60,135.7
2026-05-08,LQM31,2031-06-01,Jun 2031,61,135.55
2026-05-08,LQN31,2031-07-01,Jul 2031,62,135.7
2026-05-08,LQQ31,2031-08-01,Aug 2031,63,135.7
2026-05-08,LQU31,2031-09-01,Sep 2031,64,135.8
2026-05-08,LQV31,2031-10-01,Oct 2031,65,136.2
2026-05-08,LQX31,2031-11-01,Nov 2031,66,136.4
2026-05-08,LQZ31,2031-12-01,Dec 2031,67,136.7
2026-05-09,LQK26,2026-05-01,May 2026,0,131.75
2026-05-09,LQM26,2026-06-01,Jun 2026,1,134.45
2026-05-09,LQN26,2026-07-01,Jul 2026,2,136.6
2026-05-09,LQQ26,2026-08-01,Aug 2026,3,137.55
2026-05-09,LQU26,2026-09-01,Sep 2026,4,138.35
2026-05-09,LQV26,2026-10-01,Oct 2026,5,139.0
2026-05-09,LQX26,2026-11-01,Nov 2026,6,139.65
2026-05-09,LQZ26,2026-12-01,Dec 2026,7,140.3
2026-05-09,LQF27,2027-01-01,Jan 2027,8,141.05
2026-05-09,LQG27,2027-02-01,Feb 2027,9,141.05
2026-05-09,LQH27,2027-03-01,Mar 2027,10,140.3
2026-05-09,LQJ27,2027-04-01,Apr 2027,11,138.9
2026-05-09,LQK27,2027-05-01,May 2027,12,138.65
2026-05-09,LQM27,2027-06-01,Jun 2027,13,138.25
2026-05-09,LQN27,2027-07-01,Jul 2027,14,138.05
2026-05-09,LQQ27,2027-08-01,Aug 2027,15,137.85
2026-05-09,LQU27,2027-09-01,Sep 2027,16,137.8
2026-05-09,LQV27,2027-10-01,Oct 2027,17,137.5
2026-05-09,LQX27,2027-11-01,Nov 2027,18,137.3
2026-05-09,LQZ27,2027-12-01,Dec 2027,19,137.25
2026-05-09,LQF28,2028-01-01,Jan 2028,20,135.9
2026-05-09,LQG28,2028-02-01,Feb 2028,21,135.95
2026-05-09,LQH28,2028-03-01,Mar 2028,22,135.95
2026-05-09,LQJ28,2028-04-01,Apr 2028,23,136.1
2026-05-09,LQK28,2028-05-01,May 2028,24,135.95
2026-05-09,LQM28,2028-06-01,Jun 2028,25,135.65
2026-05-09,LQN28,2028-07-01,Jul 2028,26,135.55
2026-05-09,LQQ28,2028-08-01,Aug 2028,27,135.7
2026-05-09,LQU28,2028-09-01,Sep 2028,28,135.9
2026-05-09,LQV28,2028-10-01,Oct 2028,29,136.05
2026-05-09,LQX28,2028-11-01,Nov 2028,30,136.2
2026-05-09,LQZ28,2028-12-01,Dec 2028,31,136.25
2026-05-09,LQF29,2029-01-01,Jan 2029,32,136.4
2026-05-09,LQG29,2029-02-01,Feb 2029,33,136.25
2026-05-09,LQH29,2029-03-01,Mar 2029,34,136.1
2026-05-09,LQJ29,2029-04-01,Apr 2029,35,135.9
2026-05-09,LQK29,2029-05-01,May 2029,36,135.5
2026-05-09,LQM29,2029-06-01,Jun 2029,37,135.4
2026-05-09,LQN29,2029-07-01,Jul 2029,38,135.5
2026-05-09,LQQ29,2029-08-01,Aug 2029,39,135.55
2026-05-09,LQU29,2029-09-01,Sep 2029,40,135.9
2026-05-09,LQV29,2029-10-01,Oct 2029,41,136.25
2026-05-09,LQX29,2029-11-01,Nov 2029,42,136.3
2026-05-09,LQZ29,2029-12-01,Dec 2029,43,136.4
2026-05-09,LQF30,2030-01-01,Jan 2030,44,136.3
2026-05-09,LQG30,2030-02-01,Feb 2030,45,136.2
2026-05-09,LQH30,2030-03-01,Mar 2030,46,135.8
2026-05-09,LQJ30,2030-04-01,Apr 2030,47,135.7
2026-05-09,LQK30,2030-05-01,May 2030,48,135.4
2026-05-09,LQM30,2030-06-01,Jun 2030,49,135.3
2026-05-09,LQN30,2030-07-01,Jul 2030,50,135.3
2026-05-09,LQQ30,2030-08-01,Aug 2030,51,135.4
2026-05-09,LQU30,2030-09-01,Sep 2030,52,135.7
2026-05-09,LQV30,2030-10-01,Oct 2030,53,135.8
2026-05-09,LQX30,2030-11-01,Nov 2030,54,136.2
2026-05-09,LQZ30,2030-12-01,Dec 2030,55,136.3
2026-05-09,LQF31,2031-01-01,Jan 2031,56,136.3
2026-05-09,LQG31,2031-02-01,Feb 2031,57,136.2
2026-05-09,LQH31,2031-03-01,Mar 2031,58,135.9
2026-05-09,LQJ31,2031-04-01,Apr 2031,59,135.7
2026-05-09,LQK31,2031-05-01,May 2031,60,135.7
2026-05-09,LQM31,2031-06-01,Jun 2031,61,135.55
2026-05-09,LQN31,2031-07-01,Jul 2031,62,135.7
2026-05-09,LQQ31,2031-08-01,Aug 2031,63,135.7
2026-05-09,LQU31,2031-09-01,Sep 2031,64,135.8
2026-05-09,LQV31,2031-10-01,Oct 2031,65,136.2
2026-05-09,LQX31,2031-11-01,Nov 2031,66,136.4
2026-05-09,LQZ31,2031-12-01,Dec 2031,67,136.7
2026-05-10,LQK26,2026-05-01,May 2026,0,131.75
2026-05-10,LQM26,2026-06-01,Jun 2026,1,134.45
2026-05-10,LQN26,2026-07-01,Jul 2026,2,136.6
2026-05-10,LQQ26,2026-08-01,Aug 2026,3,137.55
2026-05-10,LQU26,2026-09-01,Sep 2026,4,138.35
2026-05-10,LQV26,2026-10-01,Oct 2026,5,139.0
2026-05-10,LQX26,2026-11-01,Nov 2026,6,139.65
2026-05-10,LQZ26,2026-12-01,Dec 2026,7,140.3
2026-05-10,LQF27,2027-01-01,Jan 2027,8,141.05
2026-05-10,LQG27,2027-02-01,Feb 2027,9,141.05
2026-05-10,LQH27,2027-03-01,Mar 2027,10,140.3
2026-05-10,LQJ27,2027-04-01,Apr 2027,11,138.9
2026-05-10,LQK27,2027-05-01,May 2027,12,138.65
2026-05-10,LQM27,2027-06-01,Jun 2027,13,138.25
2026-05-10,LQN27,2027-07-01,Jul 2027,14,138.05
2026-05-10,LQQ27,2027-08-01,Aug 2027,15,137.85
2026-05-10,LQU27,2027-09-01,Sep 2027,16,137.8
2026-05-10,LQV27,2027-10-01,Oct 2027,17,137.5
2026-05-10,LQX27,2027-11-01,Nov 2027,18,137.3
2026-05-10,LQZ27,2027-12-01,Dec 2027,19,137.25
2026-05-10,LQF28,2028-01-01,Jan 2028,20,135.9
2026-05-10,LQG28,2028-02-01,Feb 2028,21,135.95
2026-05-10,LQH28,2028-03-01,Mar 2028,22,135.95
2026-05-10,LQJ28,2028-04-01,Apr 2028,23,136.1
2026-05-10,LQK28,2028-05-01,May 2028,24,135.95
2026-05-10,LQM28,2028-06-01,Jun 2028,25,135.65
2026-05-10,LQN28,2028-07-01,Jul 2028,26,135.55
2026-05-10,LQQ28,2028-08-01,Aug 2028,27,135.7
2026-05-10,LQU28,2028-09-01,Sep 2028,28,135.9
2026-05-10,LQV28,2028-10-01,Oct 2028,29,136.05
2026-05-10,LQX28,2028-11-01,Nov 2028,30,136.2
2026-05-10,LQZ28,2028-12-01,Dec 2028,31,136.25
2026-05-10,LQF29,2029-01-01,Jan 2029,32,136.4
2026-05-10,LQG29,2029-02-01,Feb 2029,33,136.25
2026-05-10,LQH29,2029-03-01,Mar 2029,34,136.1
2026-05-10,LQJ29,2029-04-01,Apr 2029,35,135.9
2026-05-10,LQK29,2029-05-01,May 2029,36,135.5
2026-05-10,LQM29,2029-06-01,Jun 2029,37,135.4
2026-05-10,LQN29,2029-07-01,Jul 2029,38,135.5
2026-05-10,LQQ29,2029-08-01,Aug 2029,39,135.55
2026-05-10,LQU29,2029-09-01,Sep 2029,40,135.9
2026-05-10,LQV29,2029-10-01,Oct 2029,41,136.25
2026-05-10,LQX29,2029-11-01,Nov 2029,42,136.3
2026-05-10,LQZ29,2029-12-01,Dec 2029,43,136.4
2026-05-10,LQF30,2030-01-01,Jan 2030,44,136.3
2026-05-10,LQG30,2030-02-01,Feb 2030,45,136.2
2026-05-10,LQH30,2030-03-01,Mar 2030,46,135.8
2026-05-10,LQJ30,2030-04-01,Apr 2030,47,135.7
2026-05-10,LQK30,2030-05-01,May 2030,48,135.4
2026-05-10,LQM30,2030-06-01,Jun 2030,49,135.3
2026-05-10,LQN30,2030-07-01,Jul 2030,50,135.3
2026-05-10,LQQ30,2030-08-01,Aug 2030,51,135.4
2026-05-10,LQU30,2030-09-01,Sep 2030,52,135.7
2026-05-10,LQV30,2030-10-01,Oct 2030,53,135.8
2026-05-10,LQX30,2030-11-01,Nov 2030,54,136.2
2026-05-10,LQZ30,2030-12-01,Dec 2030,55,136.3
2026-05-10,LQF31,2031-01-01,Jan 2031,56,136.3
2026-05-10,LQG31,2031-02-01,Feb 2031,57,136.2
2026-05-10,LQH31,2031-03-01,Mar 2031,58,135.9
2026-05-10,LQJ31,2031-04-01,Apr 2031,59,135.7
2026-05-10,LQK31,2031-05-01,May 2031,60,135.7
2026-05-10,LQM31,2031-06-01,Jun 2031,61,135.55
2026-05-10,LQN31,2031-07-01,Jul 2031,62,135.7
2026-05-10,LQQ31,2031-08-01,Aug 2031,63,135.7
2026-05-10,LQU31,2031-09-01,Sep 2031,64,135.8
2026-05-10,LQV31,2031-10-01,Oct 2031,65,136.2
2026-05-10,LQX31,2031-11-01,Nov 2031,66,136.4
2026-05-10,LQZ31,2031-12-01,Dec 2031,67,136.7
2026-05-11,LQK26,2026-05-01,May 2026,0,130.85
2026-05-11,LQM26,2026-06-01,Jun 2026,1,137.0
2026-05-11,LQN26,2026-07-01,Jul 2026,2,138.3
2026-05-11,LQQ26,2026-08-01,Aug 2026,3,139.5
2026-05-11,LQU26,2026-09-01,Sep 2026,4,140.05
2026-05-11,LQV26,2026-10-01,Oct 2026,5,140.8
2026-05-11,LQX26,2026-11-01,Nov 2026,6,141.5
2026-05-11,LQZ26,2026-12-01,Dec 2026,7,142.2
2026-05-11,LQF27,2027-01-01,Jan 2027,8,143.0
2026-05-11,LQG27,2027-02-01,Feb 2027,9,143.15
2026-05-11,LQH27,2027-03-01,Mar 2027,10,142.4
2026-05-11,LQJ27,2027-04-01,Apr 2027,11,141.25
2026-05-11,LQK27,2027-05-01,May 2027,12,140.55
2026-05-11,LQM27,2027-06-01,Jun 2027,13,140.15
2026-05-11,LQN27,2027-07-01,Jul 2027,14,139.7
2026-05-11,LQQ27,2027-08-01,Aug 2027,15,139.45
2026-05-11,LQU27,2027-09-01,Sep 2027,16,139.35
2026-05-11,LQV27,2027-10-01,Oct 2027,17,139.0
2026-05-11,LQX27,2027-11-01,Nov 2027,18,138.75
2026-05-11,LQZ27,2027-12-01,Dec 2027,19,138.6
2026-05-11,LQF28,2028-01-01,Jan 2028,20,138.15
2026-05-11,LQG28,2028-02-01,Feb 2028,21,138.15
2026-05-11,LQH28,2028-03-01,Mar 2028,22,138.15
2026-05-11,LQJ28,2028-04-01,Apr 2028,23,138.3
2026-05-11,LQK28,2028-05-01,May 2028,24,138.15
2026-05-11,LQM28,2028-06-01,Jun 2028,25,137.85
2026-05-11,LQN28,2028-07-01,Jul 2028,26,137.75
2026-05-11,LQQ28,2028-08-01,Aug 2028,27,137.85
2026-05-11,LQU28,2028-09-01,Sep 2028,28,138.05
2026-05-11,LQV28,2028-10-01,Oct 2028,29,138.2
2026-05-11,LQX28,2028-11-01,Nov 2028,30,138.4
2026-05-11,LQZ28,2028-12-01,Dec 2028,31,138.45
2026-05-11,LQF29,2029-01-01,Jan 2029,32,138.55
2026-05-11,LQG29,2029-02-01,Feb 2029,33,138.4
2026-05-11,LQH29,2029-03-01,Mar 2029,34,138.25
2026-05-11,LQJ29,2029-04-01,Apr 2029,35,138.05
2026-05-11,LQK29,2029-05-01,May 2029,36,137.65
2026-05-11,LQM29,2029-06-01,Jun 2029,37,137.55
2026-05-11,LQN29,2029-07-01,Jul 2029,38,137.65
2026-05-11,LQQ29,2029-08-01,Aug 2029,39,137.7
2026-05-11,LQU29,2029-09-01,Sep 2029,40,138.05
2026-05-11,LQV29,2029-10-01,Oct 2029,41,138.4
2026-05-11,LQX29,2029-11-01,Nov 2029,42,138.45
2026-05-11,LQZ29,2029-12-01,Dec 2029,43,138.55
2026-05-11,LQF30,2030-01-01,Jan 2030,44,138.45
2026-05-11,LQG30,2030-02-01,Feb 2030,45,138.35
2026-05-11,LQH30,2030-03-01,Mar 2030,46,137.95
2026-05-11,LQJ30,2030-04-01,Apr 2030,47,137.85
2026-05-11,LQK30,2030-05-01,May 2030,48,137.55
2026-05-11,LQM30,2030-06-01,Jun 2030,49,137.45
2026-05-11,LQN30,2030-07-01,Jul 2030,50,137.45
2026-05-11,LQQ30,2030-08-01,Aug 2030,51,137.55
2026-05-11,LQU30,2030-09-01,Sep 2030,52,137.85
2026-05-11,LQV30,2030-10-01,Oct 2030,53,137.95
2026-05-11,LQX30,2030-11-01,Nov 2030,54,138.35
2026-05-11,LQZ30,2030-12-01,Dec 2030,55,138.45
2026-05-11,LQF31,2031-01-01,Jan 2031,56,138.45
2026-05-11,LQG31,2031-02-01,Feb 2031,57,138.35
2026-05-11,LQH31,2031-03-01,Mar 2031,58,138.05
2026-05-11,LQJ31,2031-04-01,Apr 2031,59,137.85
2026-05-11,LQK31,2031-05-01,May 2031,60,137.85
2026-05-11,LQM31,2031-06-01,Jun 2031,61,137.7
2026-05-11,LQN31,2031-07-01,Jul 2031,62,137.85
2026-05-11,LQQ31,2031-08-01,Aug 2031,63,137.85
2026-05-11,LQU31,2031-09-01,Sep 2031,64,137.95
2026-05-11,LQV31,2031-10-01,Oct 2031,65,138.35
2026-05-11,LQX31,2031-11-01,Nov 2031,66,138.55
2026-05-11,LQZ31,2031-12-01,Dec 2031,67,138.85
2026-05-12,LQK26,2026-05-01,May 2026,0,132.5
2026-05-12,LQM26,2026-06-01,Jun 2026,1,135.0
2026-05-12,LQN26,2026-07-01,Jul 2026,2,137.8
2026-05-12,LQQ26,2026-08-01,Aug 2026,3,138.9
2026-05-12,LQU26,2026-09-01,Sep 2026,4,139.7
2026-05-12,LQV26,2026-10-01,Oct 2026,5,140.5
2026-05-12,LQX26,2026-11-01,Nov 2026,6,141.3
2026-05-12,LQZ26,2026-12-01,Dec 2026,7,142.1
2026-05-12,LQF27,2027-01-01,Jan 2027,8,143.0
2026-05-12,LQG27,2027-02-01,Feb 2027,9,143.0
2026-05-12,LQH27,2027-03-01,Mar 2027,10,142.25
2026-05-12,LQJ27,2027-04-01,Apr 2027,11,141.55
2026-05-12,LQK27,2027-05-01,May 2027,12,140.65
2026-05-12,LQM27,2027-06-01,Jun 2027,13,140.2
2026-05-12,LQN27,2027-07-01,Jul 2027,14,139.8
2026-05-12,LQQ27,2027-08-01,Aug 2027,15,139.55
2026-05-12,LQU27,2027-09-01,Sep 2027,16,139.45
2026-05-12,LQV27,2027-10-01,Oct 2027,17,139.1
2026-05-12,LQX27,2027-11-01,Nov 2027,18,138.75
2026-05-12,LQZ27,2027-12-01,Dec 2027,19,138.4
2026-05-12,LQF28,2028-01-01,Jan 2028,20,137.8
2026-05-12,LQG28,2028-02-01,Feb 2028,21,137.7
2026-05-12,LQH28,2028-03-01,Mar 2028,22,137.6
2026-05-12,LQJ28,2028-04-01,Apr 2028,23,137.75
2026-05-12,LQK28,2028-05-01,May 2028,24,137.6
2026-05-12,LQM28,2028-06-01,Jun 2028,25,137.3
2026-05-12,LQN28,2028-07-01,Jul 2028,26,137.2
2026-05-12,LQQ28,2028-08-01,Aug 2028,27,137.3
2026-05-12,LQU28,2028-09-01,Sep 2028,28,137.5
2026-05-12,LQV28,2028-10-01,Oct 2028,29,137.65
2026-05-12,LQX28,2028-11-01,Nov 2028,30,137.85
2026-05-12,LQZ28,2028-12-01,Dec 2028,31,137.9
2026-05-12,LQF29,2029-01-01,Jan 2029,32,138.0
2026-05-12,LQG29,2029-02-01,Feb 2029,33,137.85
2026-05-12,LQH29,2029-03-01,Mar 2029,34,137.7
2026-05-12,LQJ29,2029-04-01,Apr 2029,35,137.5
2026-05-12,LQK29,2029-05-01,May 2029,36,137.1
2026-05-12,LQM29,2029-06-01,Jun 2029,37,137.0
2026-05-12,LQN29,2029-07-01,Jul 2029,38,137.1
2026-05-12,LQQ29,2029-08-01,Aug 2029,39,137.15
2026-05-12,LQU29,2029-09-01,Sep 2029,40,137.5
2026-05-12,LQV29,2029-10-01,Oct 2029,41,137.85
2026-05-12,LQX29,2029-11-01,Nov 2029,42,137.9
2026-05-12,LQZ29,2029-12-01,Dec 2029,43,138.0
2026-05-12,LQF30,2030-01-01,Jan 2030,44,137.9
2026-05-12,LQG30,2030-02-01,Feb 2030,45,137.8
2026-05-12,LQH30,2030-03-01,Mar 2030,46,137.4
2026-05-12,LQJ30,2030-04-01,Apr 2030,47,137.3
2026-05-12,LQK30,2030-05-01,May 2030,48,137.0
2026-05-12,LQM30,2030-06-01,Jun 2030,49,136.9
2026-05-12,LQN30,2030-07-01,Jul 2030,50,136.9
2026-05-12,LQQ30,2030-08-01,Aug 2030,51,137.0
2026-05-12,LQU30,2030-09-01,Sep 2030,52,137.3
2026-05-12,LQV30,2030-10-01,Oct 2030,53,137.4
2026-05-12,LQX30,2030-11-01,Nov 2030,54,137.8
2026-05-12,LQZ30,2030-12-01,Dec 2030,55,137.9
2026-05-12,LQF31,2031-01-01,Jan 2031,56,137.9
2026-05-12,LQG31,2031-02-01,Feb 2031,57,137.8
2026-05-12,LQH31,2031-03-01,Mar 2031,58,137.5
2026-05-12,LQJ31,2031-04-01,Apr 2031,59,137.3
2026-05-12,LQK31,2031-05-01,May 2031,60,137.3
2026-05-12,LQM31,2031-06-01,Jun 2031,61,137.15
2026-05-12,LQN31,2031-07-01,Jul 2031,62,137.3
2026-05-12,LQQ31,2031-08-01,Aug 2031,63,137.3
2026-05-12,LQU31,2031-09-01,Sep 2031,64,137.4
2026-05-12,LQV31,2031-10-01,Oct 2031,65,137.8
2026-05-12,LQX31,2031-11-01,Nov 2031,66,138.0
2026-05-12,LQZ31,2031-12-01,Dec 2031,67,138.3
2026-05-13,LQK26,2026-05-01,May 2026,0,131.15
2026-05-13,LQM26,2026-06-01,Jun 2026,1,134.0
2026-05-13,LQN26,2026-07-01,Jul 2026,2,136.65
2026-05-13,LQQ26,2026-08-01,Aug 2026,3,137.8
2026-05-13,LQU26,2026-09-01,Sep 2026,4,138.85
2026-05-13,LQV26,2026-10-01,Oct 2026,5,139.8
2026-05-13,LQX26,2026-11-01,Nov 2026,6,140.7
2026-05-13,LQZ26,2026-12-01,Dec 2026,7,141.6
2026-05-13,LQF27,2027-01-01,Jan 2027,8,142.3
2026-05-13,LQG27,2027-02-01,Feb 2027,9,142.35
2026-05-13,LQH27,2027-03-01,Mar 2027,10,141.8
2026-05-13,LQJ27,2027-04-01,Apr 2027,11,140.8
2026-05-13,LQK27,2027-05-01,May 2027,12,140.5
2026-05-13,LQM27,2027-06-01,Jun 2027,13,140.15
2026-05-13,LQN27,2027-07-01,Jul 2027,14,140.0
2026-05-13,LQQ27,2027-08-01,Aug 2027,15,139.8
2026-05-13,LQU27,2027-09-01,Sep 2027,16,139.8
2026-05-13,LQV27,2027-10-01,Oct 2027,17,139.8
2026-05-13,LQX27,2027-11-01,Nov 2027,18,139.55
2026-05-13,LQZ27,2027-12-01,Dec 2027,19,139.1
2026-05-13,LQF28,2028-01-01,Jan 2028,20,138.3
2026-05-13,LQG28,2028-02-01,Feb 2028,21,138.2
2026-05-13,LQH28,2028-03-01,Mar 2028,22,138.1
2026-05-13,LQJ28,2028-04-01,Apr 2028,23,138.35
2026-05-13,LQK28,2028-05-01,May 2028,24,138.25
2026-05-13,LQM28,2028-06-01,Jun 2028,25,137.95
2026-05-13,LQN28,2028-07-01,Jul 2028,26,137.85
2026-05-13,LQQ28,2028-08-01,Aug 2028,27,137.95
2026-05-13,LQU28,2028-09-01,Sep 2028,28,138.15
2026-05-13,LQV28,2028-10-01,Oct 2028,29,138.3
2026-05-13,LQX28,2028-11-01,Nov 2028,30,138.5
2026-05-13,LQZ28,2028-12-01,Dec 2028,31,138.55
2026-05-13,LQF29,2029-01-01,Jan 2029,32,138.65
2026-05-13,LQG29,2029-02-01,Feb 2029,33,138.5
2026-05-13,LQH29,2029-03-01,Mar 2029,34,138.35
2026-05-13,LQJ29,2029-04-01,Apr 2029,35,138.15
2026-05-13,LQK29,2029-05-01,May 2029,36,137.75
2026-05-13,LQM29,2029-06-01,Jun 2029,37,137.65
2026-05-13,LQN29,2029-07-01,Jul 2029,38,137.75
2026-05-13,LQQ29,2029-08-01,Aug 2029,39,137.8
2026-05-13,LQU29,2029-09-01,Sep 2029,40,138.15
2026-05-13,LQV29,2029-10-01,Oct 2029,41,138.5
2026-05-13,LQX29,2029-11-01,Nov 2029,42,138.55
2026-05-13,LQZ29,2029-12-01,Dec 2029,43,138.65
2026-05-13,LQF30,2030-01-01,Jan 2030,44,138.55
2026-05-13,LQG30,2030-02-01,Feb 2030,45,138.45
2026-05-13,LQH30,2030-03-01,Mar 2030,46,138.05
2026-05-13,LQJ30,2030-04-01,Apr 2030,47,137.95
2026-05-13,LQK30,2030-05-01,May 2030,48,137.65
2026-05-13,LQM30,2030-06-01,Jun 2030,49,137.55
2026-05-13,LQN30,2030-07-01,Jul 2030,50,137.55
2026-05-13,LQQ30,2030-08-01,Aug 2030,51,137.65
2026-05-13,LQU30,2030-09-01,Sep 2030,52,137.95
2026-05-13,LQV30,2030-10-01,Oct 2030,53,138.05
2026-05-13,LQX30,2030-11-01,Nov 2030,54,138.45
2026-05-13,LQZ30,2030-12-01,Dec 2030,55,138.55
2026-05-13,LQF31,2031-01-01,Jan 2031,56,138.55
2026-05-13,LQG31,2031-02-01,Feb 2031,57,138.45
2026-05-13,LQH31,2031-03-01,Mar 2031,58,138.15
2026-05-13,LQJ31,2031-04-01,Apr 2031,59,137.95
2026-05-13,LQK31,2031-05-01,May 2031,60,137.95
2026-05-13,LQM31,2031-06-01,Jun 2031,61,137.8
2026-05-13,LQN31,2031-07-01,Jul 2031,62,137.95
2026-05-13,LQQ31,2031-08-01,Aug 2031,63,137.95
2026-05-13,LQU31,2031-09-01,Sep 2031,64,138.05
2026-05-13,LQV31,2031-10-01,Oct 2031,65,138.45
2026-05-13,LQX31,2031-11-01,Nov 2031,66,138.65
2026-05-13,LQZ31,2031-12-01,Dec 2031,67,138.95
2026-05-14,LQK26,2026-05-01,May 2026,0,131.1
2026-05-14,LQM26,2026-06-01,Jun 2026,1,133.9
2026-05-14,LQN26,2026-07-01,Jul 2026,2,135.1
2026-05-14,LQQ26,2026-08-01,Aug 2026,3,137.3
2026-05-14,LQU26,2026-09-01,Sep 2026,4,138.6
2026-05-14,LQV26,2026-10-01,Oct 2026,5,139.65
2026-05-14,LQX26,2026-11-01,Nov 2026,6,140.6
2026-05-14,LQZ26,2026-12-01,Dec 2026,7,141.55
2026-05-14,LQF27,2027-01-01,Jan 2027,8,142.35
2026-05-14,LQG27,2027-02-01,Feb 2027,9,142.4
2026-05-14,LQH27,2027-03-01,Mar 2027,10,141.85
2026-05-14,LQJ27,2027-04-01,Apr 2027,11,140.8
2026-05-14,LQK27,2027-05-01,May 2027,12,140.6
2026-05-14,LQM27,2027-06-01,Jun 2027,13,140.2
2026-05-14,LQN27,2027-07-01,Jul 2027,14,140.1
2026-05-14,LQQ27,2027-08-01,Aug 2027,15,139.9
2026-05-14,LQU27,2027-09-01,Sep 2027,16,139.95
2026-05-14,LQV27,2027-10-01,Oct 2027,17,139.9
2026-05-14,LQX27,2027-11-01,Nov 2027,18,139.7
2026-05-14,LQZ27,2027-12-01,Dec 2027,19,139.3
2026-05-14,LQF28,2028-01-01,Jan 2028,20,139.05
2026-05-14,LQG28,2028-02-01,Feb 2028,21,139.25
2026-05-14,LQH28,2028-03-01,Mar 2028,22,139.25
2026-05-14,LQJ28,2028-04-01,Apr 2028,23,139.55
2026-05-14,LQK28,2028-05-01,May 2028,24,139.5
2026-05-14,LQM28,2028-06-01,Jun 2028,25,139.3
2026-05-14,LQN28,2028-07-01,Jul 2028,26,139.3
2026-05-14,LQQ28,2028-08-01,Aug 2028,27,139.4
2026-05-14,LQU28,2028-09-01,Sep 2028,28,139.6
2026-05-14,LQV28,2028-10-01,Oct 2028,29,139.75
2026-05-14,LQX28,2028-11-01,Nov 2028,30,139.95
2026-05-14,LQZ28,2028-12-01,Dec 2028,31,140.0
2026-05-14,LQF29,2029-01-01,Jan 2029,32,140.1
2026-05-14,LQG29,2029-02-01,Feb 2029,33,139.95
2026-05-14,LQH29,2029-03-01,Mar 2029,34,139.8
2026-05-14,LQJ29,2029-04-01,Apr 2029,35,139.6
2026-05-14,LQK29,2029-05-01,May 2029,36,139.2
2026-05-14,LQM29,2029-06-01,Jun 2029,37,139.1
2026-05-14,LQN29,2029-07-01,Jul 2029,38,139.2
2026-05-14,LQQ29,2029-08-01,Aug 2029,39,139.25
2026-05-14,LQU29,2029-09-01,Sep 2029,40,139.6
2026-05-14,LQV29,2029-10-01,Oct 2029,41,139.95
2026-05-14,LQX29,2029-11-01,Nov 2029,42,140.0
2026-05-14,LQZ29,2029-12-01,Dec 2029,43,140.1
2026-05-14,LQF30,2030-01-01,Jan 2030,44,140.0
2026-05-14,LQG30,2030-02-01,Feb 2030,45,139.9
2026-05-14,LQH30,2030-03-01,Mar 2030,46,139.5
2026-05-14,LQJ30,2030-04-01,Apr 2030,47,139.4
2026-05-14,LQK30,2030-05-01,May 2030,48,139.1
2026-05-14,LQM30,2030-06-01,Jun 2030,49,139.0
2026-05-14,LQN30,2030-07-01,Jul 2030,50,139.0
2026-05-14,LQQ30,2030-08-01,Aug 2030,51,139.1
2026-05-14,LQU30,2030-09-01,Sep 2030,52,139.4
2026-05-14,LQV30,2030-10-01,Oct 2030,53,139.5
2026-05-14,LQX30,2030-11-01,Nov 2030,54,139.9
2026-05-14,LQZ30,2030-12-01,Dec 2030,55,140.0
2026-05-14,LQF31,2031-01-01,Jan 2031,56,140.0
2026-05-14,LQG31,2031-02-01,Feb 2031,57,139.9
2026-05-14,LQH31,2031-03-01,Mar 2031,58,139.6
2026-05-14,LQJ31,2031-04-01,Apr 2031,59,139.4
2026-05-14,LQK31,2031-05-01,May 2031,60,139.4
2026-05-14,LQM31,2031-06-01,Jun 2031,61,139.25
2026-05-14,LQN31,2031-07-01,Jul 2031,62,139.4
2026-05-14,LQQ31,2031-08-01,Aug 2031,63,139.4
2026-05-14,LQU31,2031-09-01,Sep 2031,64,139.5
2026-05-14,LQV31,2031-10-01,Oct 2031,65,139.9
2026-05-14,LQX31,2031-11-01,Nov 2031,66,140.1
2026-05-14,LQZ31,2031-12-01,Dec 2031,67,140.4
2026-05-15,LQK26,2026-05-01,May 2026,0,131.7
2026-05-15,LQM26,2026-06-01,Jun 2026,1,136.5
2026-05-15,LQN26,2026-07-01,Jul 2026,2,138.85
2026-05-15,LQQ26,2026-08-01,Aug 2026,3,140.1
2026-05-15,LQU26,2026-09-01,Sep 2026,4,141.25
2026-05-15,LQV26,2026-10-01,Oct 2026,5,142.3
2026-05-15,LQX26,2026-11-01,Nov 2026,6,143.15
2026-05-15,LQZ26,2026-12-01,Dec 2026,7,144.0
2026-05-15,LQF27,2027-01-01,Jan 2027,8,144.8
2026-05-15,LQG27,2027-02-01,Feb 2027,9,144.8
2026-05-15,LQH27,2027-03-01,Mar 2027,10,144.2
2026-05-15,LQJ27,2027-04-01,Apr 2027,11,143.0
2026-05-15,LQK27,2027-05-01,May 2027,12,142.45
2026-05-15,LQM27,2027-06-01,Jun 2027,13,142.05
2026-05-15,LQN27,2027-07-01,Jul 2027,14,141.95
2026-05-15,LQQ27,2027-08-01,Aug 2027,15,141.85
2026-05-15,LQU27,2027-09-01,Sep 2027,16,141.9
2026-05-15,LQV27,2027-10-01,Oct 2027,17,141.75
2026-05-15,LQX27,2027-11-01,Nov 2027,18,141.55
2026-05-15,LQZ27,2027-12-01,Dec 2027,19,141.15
2026-05-15,LQF28,2028-01-01,Jan 2028,20,140.8
2026-05-15,LQG28,2028-02-01,Feb 2028,21,141.0
2026-05-15,LQH28,2028-03-01,Mar 2028,22,141.0
2026-05-15,LQJ28,2028-04-01,Apr 2028,23,140.9
2026-05-15,LQK28,2028-05-01,May 2028,24,140.85
2026-05-15,LQM28,2028-06-01,Jun 2028,25,140.65
2026-05-15,LQN28,2028-07-01,Jul 2028,26,140.65
2026-05-15,LQQ28,2028-08-01,Aug 2028,27,140.75
2026-05-15,LQU28,2028-09-01,Sep 2028,28,140.95
2026-05-15,LQV28,2028-10-01,Oct 2028,29,141.1
2026-05-15,LQX28,2028-11-01,Nov 2028,30,141.3
2026-05-15,LQZ28,2028-12-01,Dec 2028,31,141.35
2026-05-15,LQF29,2029-01-01,Jan 2029,32,141.4
2026-05-15,LQG29,2029-02-01,Feb 2029,33,141.25
2026-05-15,LQH29,2029-03-01,Mar 2029,34,141.1
2026-05-15,LQJ29,2029-04-01,Apr 2029,35,140.9
2026-05-15,LQK29,2029-05-01,May 2029,36,140.5
2026-05-15,LQM29,2029-06-01,Jun 2029,37,140.4
2026-05-15,LQN29,2029-07-01,Jul 2029,38,140.5
2026-05-15,LQQ29,2029-08-01,Aug 2029,39,140.55
2026-05-15,LQU29,2029-09-01,Sep 2029,40,140.9
2026-05-15,LQV29,2029-10-01,Oct 2029,41,141.25
2026-05-15,LQX29,2029-11-01,Nov 2029,42,141.3
2026-05-15,LQZ29,2029-12-01,Dec 2029,43,141.4
2026-05-15,LQF30,2030-01-01,Jan 2030,44,141.3
2026-05-15,LQG30,2030-02-01,Feb 2030,45,141.2
2026-05-15,LQH30,2030-03-01,Mar 2030,46,140.8
2026-05-15,LQJ30,2030-04-01,Apr 2030,47,140.7
2026-05-15,LQK30,2030-05-01,May 2030,48,140.4
2026-05-15,LQM30,2030-06-01,Jun 2030,49,140.3
2026-05-15,LQN30,2030-07-01,Jul 2030,50,140.3
2026-05-15,LQQ30,2030-08-01,Aug 2030,51,140.4
2026-05-15,LQU30,2030-09-01,Sep 2030,52,140.7
2026-05-15,LQV30,2030-10-01,Oct 2030,53,140.8
2026-05-15,LQX30,2030-11-01,Nov 2030,54,141.2
2026-05-15,LQZ30,2030-12-01,Dec 2030,55,141.3
2026-05-15,LQF31,2031-01-01,Jan 2031,56,141.3
2026-05-15,LQG31,2031-02-01,Feb 2031,57,141.2
2026-05-15,LQH31,2031-03-01,Mar 2031,58,140.9
2026-05-15,LQJ31,2031-04-01,Apr 2031,59,140.7
2026-05-15,LQK31,2031-05-01,May 2031,60,140.7
2026-05-15,LQM31,2031-06-01,Jun 2031,61,140.55
2026-05-15,LQN31,2031-07-01,Jul 2031,62,140.7
2026-05-15,LQQ31,2031-08-01,Aug 2031,63,140.7
2026-05-15,LQU31,2031-09-01,Sep 2031,64,140.8
2026-05-15,LQV31,2031-10-01,Oct 2031,65,141.2
2026-05-15,LQX31,2031-11-01,Nov 2031,66,141.4
2026-05-15,LQZ31,2031-12-01,Dec 2031,67,141.7
2026-05-16,LQK26,2026-05-01,May 2026,0,131.7
2026-05-16,LQM26,2026-06-01,Jun 2026,1,136.5
2026-05-16,LQN26,2026-07-01,Jul 2026,2,138.85
2026-05-16,LQQ26,2026-08-01,Aug 2026,3,140.1
2026-05-16,LQU26,2026-09-01,Sep 2026,4,141.25
2026-05-16,LQV26,2026-10-01,Oct 2026,5,142.3
2026-05-16,LQX26,2026-11-01,Nov 2026,6,143.15
2026-05-16,LQZ26,2026-12-01,Dec 2026,7,144.0
2026-05-16,LQF27,2027-01-01,Jan 2027,8,144.8
2026-05-16,LQG27,2027-02-01,Feb 2027,9,144.8
2026-05-16,LQH27,2027-03-01,Mar 2027,10,144.2
2026-05-16,LQJ27,2027-04-01,Apr 2027,11,143.0
2026-05-16,LQK27,2027-05-01,May 2027,12,142.45
2026-05-16,LQM27,2027-06-01,Jun 2027,13,142.05
2026-05-16,LQN27,2027-07-01,Jul 2027,14,141.95
2026-05-16,LQQ27,2027-08-01,Aug 2027,15,141.85
2026-05-16,LQU27,2027-09-01,Sep 2027,16,141.9
2026-05-16,LQV27,2027-10-01,Oct 2027,17,141.75
2026-05-16,LQX27,2027-11-01,Nov 2027,18,141.55
2026-05-16,LQZ27,2027-12-01,Dec 2027,19,141.15
2026-05-16,LQF28,2028-01-01,Jan 2028,20,140.8
2026-05-16,LQG28,2028-02-01,Feb 2028,21,141.0
2026-05-16,LQH28,2028-03-01,Mar 2028,22,141.0
2026-05-16,LQJ28,2028-04-01,Apr 2028,23,140.9
2026-05-16,LQK28,2028-05-01,May 2028,24,140.85
2026-05-16,LQM28,2028-06-01,Jun 2028,25,140.65
2026-05-16,LQN28,2028-07-01,Jul 2028,26,140.65
2026-05-16,LQQ28,2028-08-01,Aug 2028,27,140.75
2026-05-16,LQU28,2028-09-01,Sep 2028,28,140.95
2026-05-16,LQV28,2028-10-01,Oct 2028,29,141.1
2026-05-16,LQX28,2028-11-01,Nov 2028,30,141.3
2026-05-16,LQZ28,2028-12-01,Dec 2028,31,141.35
2026-05-16,LQF29,2029-01-01,Jan 2029,32,141.4
2026-05-16,LQG29,2029-02-01,Feb 2029,33,141.25
2026-05-16,LQH29,2029-03-01,Mar 2029,34,141.1
2026-05-16,LQJ29,2029-04-01,Apr 2029,35,140.9
2026-05-16,LQK29,2029-05-01,May 2029,36,140.5
2026-05-16,LQM29,2029-06-01,Jun 2029,37,140.4
2026-05-16,LQN29,2029-07-01,Jul 2029,38,140.5
2026-05-16,LQQ29,2029-08-01,Aug 2029,39,140.55
2026-05-16,LQU29,2029-09-01,Sep 2029,40,140.9
2026-05-16,LQV29,2029-10-01,Oct 2029,41,141.25
2026-05-16,LQX29,2029-11-01,Nov 2029,42,141.3
2026-05-16,LQZ29,2029-12-01,Dec 2029,43,141.4
2026-05-16,LQF30,2030-01-01,Jan 2030,44,141.3
2026-05-16,LQG30,2030-02-01,Feb 2030,45,141.2
2026-05-16,LQH30,2030-03-01,Mar 2030,46,140.8
2026-05-16,LQJ30,2030-04-01,Apr 2030,47,140.7
2026-05-16,LQK30,2030-05-01,May 2030,48,140.4
2026-05-16,LQM30,2030-06-01,Jun 2030,49,140.3
2026-05-16,LQN30,2030-07-01,Jul 2030,50,140.3
2026-05-16,LQQ30,2030-08-01,Aug 2030,51,140.4
2026-05-16,LQU30,2030-09-01,Sep 2030,52,140.7
2026-05-16,LQV30,2030-10-01,Oct 2030,53,140.8
2026-05-16,LQX30,2030-11-01,Nov 2030,54,141.2
2026-05-16,LQZ30,2030-12-01,Dec 2030,55,141.3
2026-05-16,LQF31,2031-01-01,Jan 2031,56,141.3
2026-05-16,LQG31,2031-02-01,Feb 2031,57,141.2
2026-05-16,LQH31,2031-03-01,Mar 2031,58,140.9
2026-05-16,LQJ31,2031-04-01,Apr 2031,59,140.7
2026-05-16,LQK31,2031-05-01,May 2031,60,140.7
2026-05-16,LQM31,2031-06-01,Jun 2031,61,140.55
2026-05-16,LQN31,2031-07-01,Jul 2031,62,140.7
2026-05-16,LQQ31,2031-08-01,Aug 2031,63,140.7
2026-05-16,LQU31,2031-09-01,Sep 2031,64,140.8
2026-05-16,LQV31,2031-10-01,Oct 2031,65,141.2
2026-05-16,LQX31,2031-11-01,Nov 2031,66,141.4
2026-05-16,LQZ31,2031-12-01,Dec 2031,67,141.7
2026-05-17,LQK26,2026-05-01,May 2026,0,131.7
2026-05-17,LQM26,2026-06-01,Jun 2026,1,136.5
2026-05-17,LQN26,2026-07-01,Jul 2026,2,138.85
2026-05-17,LQQ26,2026-08-01,Aug 2026,3,140.1
2026-05-17,LQU26,2026-09-01,Sep 2026,4,141.25
2026-05-17,LQV26,2026-10-01,Oct 2026,5,142.3
2026-05-17,LQX26,2026-11-01,Nov 2026,6,143.15
2026-05-17,LQZ26,2026-12-01,Dec 2026,7,144.0
2026-05-17,LQF27,2027-01-01,Jan 2027,8,144.8
2026-05-17,LQG27,2027-02-01,Feb 2027,9,144.8
2026-05-17,LQH27,2027-03-01,Mar 2027,10,144.2
2026-05-17,LQJ27,2027-04-01,Apr 2027,11,143.0
2026-05-17,LQK27,2027-05-01,May 2027,12,142.45
2026-05-17,LQM27,2027-06-01,Jun 2027,13,142.05
2026-05-17,LQN27,2027-07-01,Jul 2027,14,141.95
2026-05-17,LQQ27,2027-08-01,Aug 2027,15,141.85
2026-05-17,LQU27,2027-09-01,Sep 2027,16,141.9
2026-05-17,LQV27,2027-10-01,Oct 2027,17,141.75
2026-05-17,LQX27,2027-11-01,Nov 2027,18,141.55
2026-05-17,LQZ27,2027-12-01,Dec 2027,19,141.15
2026-05-17,LQF28,2028-01-01,Jan 2028,20,140.8
2026-05-17,LQG28,2028-02-01,Feb 2028,21,141.0
2026-05-17,LQH28,2028-03-01,Mar 2028,22,141.0
2026-05-17,LQJ28,2028-04-01,Apr 2028,23,140.9
2026-05-17,LQK28,2028-05-01,May 2028,24,140.85
2026-05-17,LQM28,2028-06-01,Jun 2028,25,140.65
2026-05-17,LQN28,2028-07-01,Jul 2028,26,140.65
2026-05-17,LQQ28,2028-08-01,Aug 2028,27,140.75
2026-05-17,LQU28,2028-09-01,Sep 2028,28,140.95
2026-05-17,LQV28,2028-10-01,Oct 2028,29,141.1
2026-05-17,LQX28,2028-11-01,Nov 2028,30,141.3
2026-05-17,LQZ28,2028-12-01,Dec 2028,31,141.35
2026-05-17,LQF29,2029-01-01,Jan 2029,32,141.4
2026-05-17,LQG29,2029-02-01,Feb 2029,33,141.25
2026-05-17,LQH29,2029-03-01,Mar 2029,34,141.1
2026-05-17,LQJ29,2029-04-01,Apr 2029,35,140.9
2026-05-17,LQK29,2029-05-01,May 2029,36,140.5
2026-05-17,LQM29,2029-06-01,Jun 2029,37,140.4
2026-05-17,LQN29,2029-07-01,Jul 2029,38,140.5
2026-05-17,LQQ29,2029-08-01,Aug 2029,39,140.55
2026-05-17,LQU29,2029-09-01,Sep 2029,40,140.9
2026-05-17,LQV29,2029-10-01,Oct 2029,41,141.25
2026-05-17,LQX29,2029-11-01,Nov 2029,42,141.3
2026-05-17,LQZ29,2029-12-01,Dec 2029,43,141.4
2026-05-17,LQF30,2030-01-01,Jan 2030,44,141.3
2026-05-17,LQG30,2030-02-01,Feb 2030,45,141.2
2026-05-17,LQH30,2030-03-01,Mar 2030,46,140.8
2026-05-17,LQJ30,2030-04-01,Apr 2030,47,140.7
2026-05-17,LQK30,2030-05-01,May 2030,48,140.4
2026-05-17,LQM30,2030-06-01,Jun 2030,49,140.3
2026-05-17,LQN30,2030-07-01,Jul 2030,50,140.3
2026-05-17,LQQ30,2030-08-01,Aug 2030,51,140.4
2026-05-17,LQU30,2030-09-01,Sep 2030,52,140.7
2026-05-17,LQV30,2030-10-01,Oct 2030,53,140.8
2026-05-17,LQX30,2030-11-01,Nov 2030,54,141.2
2026-05-17,LQZ30,2030-12-01,Dec 2030,55,141.3
2026-05-17,LQF31,2031-01-01,Jan 2031,56,141.3
2026-05-17,LQG31,2031-02-01,Feb 2031,57,141.2
2026-05-17,LQH31,2031-03-01,Mar 2031,58,140.9
2026-05-17,LQJ31,2031-04-01,Apr 2031,59,140.7
2026-05-17,LQK31,2031-05-01,May 2031,60,140.7
2026-05-17,LQM31,2031-06-01,Jun 2031,61,140.55
2026-05-17,LQN31,2031-07-01,Jul 2031,62,140.7
2026-05-17,LQQ31,2031-08-01,Aug 2031,63,140.7
2026-05-17,LQU31,2031-09-01,Sep 2031,64,140.8
2026-05-17,LQV31,2031-10-01,Oct 2031,65,141.2
2026-05-17,LQX31,2031-11-01,Nov 2031,66,141.4
2026-05-17,LQZ31,2031-12-01,Dec 2031,67,141.7
2026-05-18,LQK26,2026-05-01,May 2026,0,132.25
2026-05-18,LQM26,2026-06-01,Jun 2026,1,138.0
2026-05-18,LQN26,2026-07-01,Jul 2026,2,140.45
2026-05-18,LQQ26,2026-08-01,Aug 2026,3,142.45
2026-05-18,LQU26,2026-09-01,Sep 2026,4,143.0
2026-05-18,LQV26,2026-10-01,Oct 2026,5,143.9
2026-05-18,LQX26,2026-11-01,Nov 2026,6,144.75
2026-05-18,LQZ26,2026-12-01,Dec 2026,7,145.6
2026-05-18,LQF27,2027-01-01,Jan 2027,8,146.2
2026-05-18,LQG27,2027-02-01,Feb 2027,9,146.3
2026-05-18,LQH27,2027-03-01,Mar 2027,10,145.7
2026-05-18,LQJ27,2027-04-01,Apr 2027,11,144.7
2026-05-18,LQK27,2027-05-01,May 2027,12,144.4
2026-05-18,LQM27,2027-06-01,Jun 2027,13,144.1
2026-05-18,LQN27,2027-07-01,Jul 2027,14,143.9
2026-05-18,LQQ27,2027-08-01,Aug 2027,15,143.75
2026-05-18,LQU27,2027-09-01,Sep 2027,16,143.75
2026-05-18,LQV27,2027-10-01,Oct 2027,17,143.65
2026-05-18,LQX27,2027-11-01,Nov 2027,18,143.55
2026-05-18,LQZ27,2027-12-01,Dec 2027,19,143.3
2026-05-18,LQF28,2028-01-01,Jan 2028,20,142.9
2026-05-18,LQG28,2028-02-01,Feb 2028,21,142.6
2026-05-18,LQH28,2028-03-01,Mar 2028,22,142.45
2026-05-18,LQJ28,2028-04-01,Apr 2028,23,142.35
2026-05-18,LQK28,2028-05-01,May 2028,24,142.3
2026-05-18,LQM28,2028-06-01,Jun 2028,25,142.1
2026-05-18,LQN28,2028-07-01,Jul 2028,26,142.1
2026-05-18,LQQ28,2028-08-01,Aug 2028,27,142.2
2026-05-18,LQU28,2028-09-01,Sep 2028,28,142.4
2026-05-18,LQV28,2028-10-01,Oct 2028,29,142.55
2026-05-18,LQX28,2028-11-01,Nov 2028,30,142.75
2026-05-18,LQZ28,2028-12-01,Dec 2028,31,142.8
2026-05-18,LQF29,2029-01-01,Jan 2029,32,142.85
2026-05-18,LQG29,2029-02-01,Feb 2029,33,142.75
2026-05-18,LQH29,2029-03-01,Mar 2029,34,142.55
2026-05-18,LQJ29,2029-04-01,Apr 2029,35,142.25
2026-05-18,LQK29,2029-05-01,May 2029,36,141.85
2026-05-18,LQM29,2029-06-01,Jun 2029,37,141.65
2026-05-18,LQN29,2029-07-01,Jul 2029,38,141.75
2026-05-18,LQQ29,2029-08-01,Aug 2029,39,141.95
2026-05-18,LQU29,2029-09-01,Sep 2029,40,142.3
2026-05-18,LQV29,2029-10-01,Oct 2029,41,142.55
2026-05-18,LQX29,2029-11-01,Nov 2029,42,142.6
2026-05-18,LQZ29,2029-12-01,Dec 2029,43,142.7
2026-05-18,LQF30,2030-01-01,Jan 2030,44,142.6
2026-05-18,LQG30,2030-02-01,Feb 2030,45,142.5
2026-05-18,LQH30,2030-03-01,Mar 2030,46,142.1
2026-05-18,LQJ30,2030-04-01,Apr 2030,47,142.0
2026-05-18,LQK30,2030-05-01,May 2030,48,141.7
2026-05-18,LQM30,2030-06-01,Jun 2030,49,141.6
2026-05-18,LQN30,2030-07-01,Jul 2030,50,141.6
2026-05-18,LQQ30,2030-08-01,Aug 2030,51,141.7
2026-05-18,LQU30,2030-09-01,Sep 2030,52,142.0
2026-05-18,LQV30,2030-10-01,Oct 2030,53,142.1
2026-05-18,LQX30,2030-11-01,Nov 2030,54,142.5
2026-05-18,LQZ30,2030-12-01,Dec 2030,55,142.6
2026-05-18,LQF31,2031-01-01,Jan 2031,56,142.6
2026-05-18,LQG31,2031-02-01,Feb 2031,57,142.5
2026-05-18,LQH31,2031-03-01,Mar 2031,58,142.2
2026-05-18,LQJ31,2031-04-01,Apr 2031,59,142.0
2026-05-18,LQK31,2031-05-01,May 2031,60,142.0
2026-05-18,LQM31,2031-06-01,Jun 2031,61,141.85
2026-05-18,LQN31,2031-07-01,Jul 2031,62,142.0
2026-05-18,LQQ31,2031-08-01,Aug 2031,63,142.0
2026-05-18,LQU31,2031-09-01,Sep 2031,64,142.1
2026-05-18,LQV31,2031-10-01,Oct 2031,65,142.5
2026-05-18,LQX31,2031-11-01,Nov 2031,66,142.7
2026-05-18,LQZ31,2031-12-01,Dec 2031,67,143.0
2026-05-19,LQK26,2026-05-01,May 2026,0,134.5
2026-05-19,LQM26,2026-06-01,Jun 2026,1,138.55
2026-05-19,LQN26,2026-07-01,Jul 2026,2,141.3
2026-05-19,LQQ26,2026-08-01,Aug 2026,3,143.7
2026-05-19,LQU26,2026-09-01,Sep 2026,4,144.9
2026-05-19,LQV26,2026-10-01,Oct 2026,5,145.95
2026-05-19,LQX26,2026-11-01,Nov 2026,6,146.8
2026-05-19,LQZ26,2026-12-01,Dec 2026,7,147.65
2026-05-19,LQF27,2027-01-01,Jan 2027,8,148.05
2026-05-19,LQG27,2027-02-01,Feb 2027,9,148.1
2026-05-19,LQH27,2027-03-01,Mar 2027,10,147.55
2026-05-19,LQJ27,2027-04-01,Apr 2027,11,146.4
2026-05-19,LQK27,2027-05-01,May 2027,12,145.9
2026-05-19,LQM27,2027-06-01,Jun 2027,13,145.7
2026-05-19,LQN27,2027-07-01,Jul 2027,14,145.3
2026-05-19,LQQ27,2027-08-01,Aug 2027,15,145.05
2026-05-19,LQU27,2027-09-01,Sep 2027,16,144.95
2026-05-19,LQV27,2027-10-01,Oct 2027,17,144.55
2026-05-19,LQX27,2027-11-01,Nov 2027,18,144.4
2026-05-19,LQZ27,2027-12-01,Dec 2027,19,144.2
2026-05-19,LQF28,2028-01-01,Jan 2028,20,144.0
2026-05-19,LQG28,2028-02-01,Feb 2028,21,143.85
2026-05-19,LQH28,2028-03-01,Mar 2028,22,143.7
2026-05-19,LQJ28,2028-04-01,Apr 2028,23,143.8
2026-05-19,LQK28,2028-05-01,May 2028,24,143.75
2026-05-19,LQM28,2028-06-01,Jun 2028,25,143.55
2026-05-19,LQN28,2028-07-01,Jul 2028,26,143.55
2026-05-19,LQQ28,2028-08-01,Aug 2028,27,143.65
2026-05-19,LQU28,2028-09-01,Sep 2028,28,143.85
2026-05-19,LQV28,2028-10-01,Oct 2028,29,144.0
2026-05-19,LQX28,2028-11-01,Nov 2028,30,144.2
2026-05-19,LQZ28,2028-12-01,Dec 2028,31,144.25
2026-05-19,LQF29,2029-01-01,Jan 2029,32,144.4
2026-05-19,LQG29,2029-02-01,Feb 2029,33,144.3
2026-05-19,LQH29,2029-03-01,Mar 2029,34,144.1
2026-05-19,LQJ29,2029-04-01,Apr 2029,35,143.8
2026-05-19,LQK29,2029-05-01,May 2029,36,143.4
2026-05-19,LQM29,2029-06-01,Jun 2029,37,143.2
2026-05-19,LQN29,2029-07-01,Jul 2029,38,143.3
2026-05-19,LQQ29,2029-08-01,Aug 2029,39,143.5
2026-05-19,LQU29,2029-09-01,Sep 2029,40,143.85
2026-05-19,LQV29,2029-10-01,Oct 2029,41,144.1
2026-05-19,LQX29,2029-11-01,Nov 2029,42,144.15
2026-05-19,LQZ29,2029-12-01,Dec 2029,43,144.25
2026-05-19,LQF30,2030-01-01,Jan 2030,44,144.15
2026-05-19,LQG30,2030-02-01,Feb 2030,45,144.05
2026-05-19,LQH30,2030-03-01,Mar 2030,46,143.65
2026-05-19,LQJ30,2030-04-01,Apr 2030,47,143.55
2026-05-19,LQK30,2030-05-01,May 2030,48,143.25
2026-05-19,LQM30,2030-06-01,Jun 2030,49,143.15
2026-05-19,LQN30,2030-07-01,Jul 2030,50,143.15
2026-05-19,LQQ30,2030-08-01,Aug 2030,51,143.25
2026-05-19,LQU30,2030-09-01,Sep 2030,52,143.55
2026-05-19,LQV30,2030-10-01,Oct 2030,53,143.65
2026-05-19,LQX30,2030-11-01,Nov 2030,54,144.05
2026-05-19,LQZ30,2030-12-01,Dec 2030,55,144.15
2026-05-19,LQF31,2031-01-01,Jan 2031,56,144.15
2026-05-19,LQG31,2031-02-01,Feb 2031,57,144.05
2026-05-19,LQH31,2031-03-01,Mar 2031,58,143.75
2026-05-19,LQJ31,2031-04-01,Apr 2031,59,143.55
2026-05-19,LQK31,2031-05-01,May 2031,60,143.55
2026-05-19,LQM31,2031-06-01,Jun 2031,61,143.4
2026-05-19,LQN31,2031-07-01,Jul 2031,62,143.55
2026-05-19,LQQ31,2031-08-01,Aug 2031,63,143.55
2026-05-19,LQU31,2031-09-01,Sep 2031,64,143.65
2026-05-19,LQV31,2031-10-01,Oct 2031,65,144.05
2026-05-19,LQX31,2031-11-01,Nov 2031,66,144.25
2026-05-19,LQZ31,2031-12-01,Dec 2031,67,144.55
2026-05-20,LQK26,2026-05-01,May 2026,0,132.0
2026-05-20,LQM26,2026-06-01,Jun 2026,1,137.5
2026-05-20,LQN26,2026-07-01,Jul 2026,2,142.25
2026-05-20,LQQ26,2026-08-01,Aug 2026,3,144.6
2026-05-20,LQU26,2026-09-01,Sep 2026,4,142.55
2026-05-20,LQV26,2026-10-01,Oct 2026,5,143.65
2026-05-20,LQX26,2026-11-01,Nov 2026,6,144.55
2026-05-20,LQZ26,2026-12-01,Dec 2026,7,145.45
2026-05-20,LQF27,2027-01-01,Jan 2027,8,146.1
2026-05-20,LQG27,2027-02-01,Feb 2027,9,146.0
2026-05-20,LQH27,2027-03-01,Mar 2027,10,145.55
2026-05-20,LQJ27,2027-04-01,Apr 2027,11,144.7
2026-05-20,LQK27,2027-05-01,May 2027,12,144.15
2026-05-20,LQM27,2027-06-01,Jun 2027,13,143.85
2026-05-20,LQN27,2027-07-01,Jul 2027,14,143.65
2026-05-20,LQQ27,2027-08-01,Aug 2027,15,143.5
2026-05-20,LQU27,2027-09-01,Sep 2027,16,143.4
2026-05-20,LQV27,2027-10-01,Oct 2027,17,143.3
2026-05-20,LQX27,2027-11-01,Nov 2027,18,143.2
2026-05-20,LQZ27,2027-12-01,Dec 2027,19,143.1
2026-05-20,LQF28,2028-01-01,Jan 2028,20,142.9
2026-05-20,LQG28,2028-02-01,Feb 2028,21,142.6
2026-05-20,LQH28,2028-03-01,Mar 2028,22,142.05
2026-05-20,LQJ28,2028-04-01,Apr 2028,23,141.65
2026-05-20,LQK28,2028-05-01,May 2028,24,141.3
2026-05-20,LQM28,2028-06-01,Jun 2028,25,141.1
2026-05-20,LQN28,2028-07-01,Jul 2028,26,141.05
2026-05-20,LQQ28,2028-08-01,Aug 2028,27,141.15
2026-05-20,LQU28,2028-09-01,Sep 2028,28,141.4
2026-05-20,LQV28,2028-10-01,Oct 2028,29,141.75
2026-05-20,LQX28,2028-11-01,Nov 2028,30,141.95
2026-05-20,LQZ28,2028-12-01,Dec 2028,31,142.0
2026-05-20,LQF29,2029-01-01,Jan 2029,32,142.05
2026-05-20,LQG29,2029-02-01,Feb 2029,33,141.95
2026-05-20,LQH29,2029-03-01,Mar 2029,34,141.6
2026-05-20,LQJ29,2029-04-01,Apr 2029,35,141.05
2026-05-20,LQK29,2029-05-01,May 2029,36,140.65
2026-05-20,LQM29,2029-06-01,Jun 2029,37,140.35
2026-05-20,LQN29,2029-07-01,Jul 2029,38,140.25
2026-05-20,LQQ29,2029-08-01,Aug 2029,39,140.45
2026-05-20,LQU29,2029-09-01,Sep 2029,40,140.8
2026-05-20,LQV29,2029-10-01,Oct 2029,41,141.15
2026-05-20,LQX29,2029-11-01,Nov 2029,42,141.4
2026-05-20,LQZ29,2029-12-01,Dec 2029,43,141.5
2026-05-20,LQF30,2030-01-01,Jan 2030,44,141.4
2026-05-20,LQG30,2030-02-01,Feb 2030,45,141.25
2026-05-20,LQH30,2030-03-01,Mar 2030,46,140.95
2026-05-20,LQJ30,2030-04-01,Apr 2030,47,140.5
2026-05-20,LQK30,2030-05-01,May 2030,48,140.2
2026-05-20,LQM30,2030-06-01,Jun 2030,49,140.05
2026-05-20,LQN30,2030-07-01,Jul 2030,50,139.95
2026-05-20,LQQ30,2030-08-01,Aug 2030,51,140.05
2026-05-20,LQU30,2030-09-01,Sep 2030,52,140.25
2026-05-20,LQV30,2030-10-01,Oct 2030,53,140.55
2026-05-20,LQX30,2030-11-01,Nov 2030,54,140.9
2026-05-20,LQZ30,2030-12-01,Dec 2030,55,141.05
2026-05-20,LQF31,2031-01-01,Jan 2031,56,141.05
2026-05-20,LQG31,2031-02-01,Feb 2031,57,140.95
2026-05-20,LQH31,2031-03-01,Mar 2031,58,140.75
2026-05-20,LQJ31,2031-04-01,Apr 2031,59,140.4
2026-05-20,LQK31,2031-05-01,May 2031,60,140.15
2026-05-20,LQM31,2031-06-01,Jun 2031,61,140.0
2026-05-20,LQN31,2031-07-01,Jul 2031,62,140.05
2026-05-20,LQQ31,2031-08-01,Aug 2031,63,140.2
2026-05-20,LQU31,2031-09-01,Sep 2031,64,140.5
2026-05-20,LQV31,2031-10-01,Oct 2031,65,141.0
2026-05-20,LQX31,2031-11-01,Nov 2031,66,141.3
2026-05-20,LQZ31,2031-12-01,Dec 2031,67,141.45
2026-05-21,LQK26,2026-05-01,May 2026,0,132.05
2026-05-21,LQM26,2026-06-01,Jun 2026,1,137.0
2026-05-21,LQN26,2026-07-01,Jul 2026,2,140.75
2026-05-21,LQQ26,2026-08-01,Aug 2026,3,142.1
2026-05-21,LQU26,2026-09-01,Sep 2026,4,143.1
2026-05-21,LQV26,2026-10-01,Oct 2026,5,143.9
2026-05-21,LQX26,2026-11-01,Nov 2026,6,144.7
2026-05-21,LQZ26,2026-12-01,Dec 2026,7,145.5
2026-05-21,LQF27,2027-01-01,Jan 2027,8,146.0
2026-05-21,LQG27,2027-02-01,Feb 2027,9,146.0
2026-05-21,LQH27,2027-03-01,Mar 2027,10,145.5
2026-05-21,LQJ27,2027-04-01,Apr 2027,11,144.6
2026-05-21,LQK27,2027-05-01,May 2027,12,144.1
2026-05-21,LQM27,2027-06-01,Jun 2027,13,143.95
2026-05-21,LQN27,2027-07-01,Jul 2027,14,143.8
2026-05-21,LQQ27,2027-08-01,Aug 2027,15,143.7
2026-05-21,LQU27,2027-09-01,Sep 2027,16,143.6
2026-05-21,LQV27,2027-10-01,Oct 2027,17,143.5
2026-05-21,LQX27,2027-11-01,Nov 2027,18,143.4
2026-05-21,LQZ27,2027-12-01,Dec 2027,19,143.35
2026-05-21,LQF28,2028-01-01,Jan 2028,20,142.75
2026-05-21,LQG28,2028-02-01,Feb 2028,21,142.4
2026-05-21,LQH28,2028-03-01,Mar 2028,22,142.15
2026-05-21,LQJ28,2028-04-01,Apr 2028,23,141.95
2026-05-21,LQK28,2028-05-01,May 2028,24,141.75
2026-05-21,LQM28,2028-06-01,Jun 2028,25,141.5
2026-05-21,LQN28,2028-07-01,Jul 2028,26,141.45
2026-05-21,LQQ28,2028-08-01,Aug 2028,27,141.55
2026-05-21,LQU28,2028-09-01,Sep 2028,28,141.85
2026-05-21,LQV28,2028-10-01,Oct 2028,29,142.2
2026-05-21,LQX28,2028-11-01,Nov 2028,30,142.35
2026-05-21,LQZ28,2028-12-01,Dec 2028,31,142.45
2026-05-21,LQF29,2029-01-01,Jan 2029,32,142.6
2026-05-21,LQG29,2029-02-01,Feb 2029,33,142.55
2026-05-21,LQH29,2029-03-01,Mar 2029,34,142.15
2026-05-21,LQJ29,2029-04-01,Apr 2029,35,141.65
2026-05-21,LQK29,2029-05-01,May 2029,36,141.25
2026-05-21,LQM29,2029-06-01,Jun 2029,37,140.9
2026-05-21,LQN29,2029-07-01,Jul 2029,38,140.85
2026-05-21,LQQ29,2029-08-01,Aug 2029,39,141.05
2026-05-21,LQU29,2029-09-01,Sep 2029,40,141.35
2026-05-21,LQV29,2029-10-01,Oct 2029,41,141.75
2026-05-21,LQX29,2029-11-01,Nov 2029,42,141.95
2026-05-21,LQZ29,2029-12-01,Dec 2029,43,142.05
2026-05-21,LQF30,2030-01-01,Jan 2030,44,141.95
2026-05-21,LQG30,2030-02-01,Feb 2030,45,141.85
2026-05-21,LQH30,2030-03-01,Mar 2030,46,141.55
2026-05-21,LQJ30,2030-04-01,Apr 2030,47,141.05
2026-05-21,LQK30,2030-05-01,May 2030,48,140.75
2026-05-21,LQM30,2030-06-01,Jun 2030,49,140.65
2026-05-21,LQN30,2030-07-01,Jul 2030,50,140.55
2026-05-21,LQQ30,2030-08-01,Aug 2030,51,140.65
2026-05-21,LQU30,2030-09-01,Sep 2030,52,140.85
2026-05-21,LQV30,2030-10-01,Oct 2030,53,141.15
2026-05-21,LQX30,2030-11-01,Nov 2030,54,141.45
2026-05-21,LQZ30,2030-12-01,Dec 2030,55,141.65
2026-05-21,LQF31,2031-01-01,Jan 2031,56,141.65
2026-05-21,LQG31,2031-02-01,Feb 2031,57,141.55
2026-05-21,LQH31,2031-03-01,Mar 2031,58,141.35
2026-05-21,LQJ31,2031-04-01,Apr 2031,59,140.95
2026-05-21,LQK31,2031-05-01,May 2031,60,140.75
2026-05-21,LQM31,2031-06-01,Jun 2031,61,140.55
2026-05-21,LQN31,2031-07-01,Jul 2031,62,140.65
2026-05-21,LQQ31,2031-08-01,Aug 2031,63,140.75
2026-05-21,LQU31,2031-09-01,Sep 2031,64,141.05
2026-05-21,LQV31,2031-10-01,Oct 2031,65,141.55
2026-05-21,LQX31,2031-11-01,Nov 2031,66,141.85
2026-05-21,LQZ31,2031-12-01,Dec 2031,67,142.05
2026-05-22,LQK26,2026-05-01,May 2026,0,132.05
2026-05-22,LQM26,2026-06-01,Jun 2026,1,136.25
2026-05-22,LQN26,2026-07-01,Jul 2026,2,139.85
2026-05-22,LQQ26,2026-08-01,Aug 2026,3,141.8
2026-05-22,LQU26,2026-09-01,Sep 2026,4,142.85
2026-05-22,LQV26,2026-10-01,Oct 2026,5,143.6
2026-05-22,LQX26,2026-11-01,Nov 2026,6,144.35
2026-05-22,LQZ26,2026-12-01,Dec 2026,7,145.05
2026-05-22,LQF27,2027-01-01,Jan 2027,8,145.45
2026-05-22,LQG27,2027-02-01,Feb 2027,9,145.4
2026-05-22,LQH27,2027-03-01,Mar 2027,10,144.9
2026-05-22,LQJ27,2027-04-01,Apr 2027,11,143.9
2026-05-22,LQK27,2027-05-01,May 2027,12,143.35
2026-05-22,LQM27,2027-06-01,Jun 2027,13,143.05
2026-05-22,LQN27,2027-07-01,Jul 2027,14,143.05
2026-05-22,LQQ27,2027-08-01,Aug 2027,15,142.8
2026-05-22,LQU27,2027-09-01,Sep 2027,16,142.7
2026-05-22,LQV27,2027-10-01,Oct 2027,17,142.55
2026-05-22,LQX27,2027-11-01,Nov 2027,18,142.45
2026-05-22,LQZ27,2027-12-01,Dec 2027,19,142.35
2026-05-22,LQF28,2028-01-01,Jan 2028,20,142.25
2026-05-22,LQG28,2028-02-01,Feb 2028,21,142.05
2026-05-22,LQH28,2028-03-01,Mar 2028,22,141.65
2026-05-22,LQJ28,2028-04-01,Apr 2028,23,141.05
2026-05-22,LQK28,2028-05-01,May 2028,24,140.6
2026-05-22,LQM28,2028-06-01,Jun 2028,25,140.25
2026-05-22,LQN28,2028-07-01,Jul 2028,26,140.15
2026-05-22,LQQ28,2028-08-01,Aug 2028,27,140.25
2026-05-22,LQU28,2028-09-01,Sep 2028,28,140.45
2026-05-22,LQV28,2028-10-01,Oct 2028,29,140.7
2026-05-22,LQX28,2028-11-01,Nov 2028,30,140.9
2026-05-22,LQZ28,2028-12-01,Dec 2028,31,141.1
2026-05-22,LQF29,2029-01-01,Jan 2029,32,141.3
2026-05-22,LQG29,2029-02-01,Feb 2029,33,141.25
2026-05-22,LQH29,2029-03-01,Mar 2029,34,141.0
2026-05-22,LQJ29,2029-04-01,Apr 2029,35,140.5
2026-05-22,LQK29,2029-05-01,May 2029,36,140.15
2026-05-22,LQM29,2029-06-01,Jun 2029,37,139.95
2026-05-22,LQN29,2029-07-01,Jul 2029,38,139.85
2026-05-22,LQQ29,2029-08-01,Aug 2029,39,140.05
2026-05-22,LQU29,2029-09-01,Sep 2029,40,140.35
2026-05-22,LQV29,2029-10-01,Oct 2029,41,140.75
2026-05-22,LQX29,2029-11-01,Nov 2029,42,140.9
2026-05-22,LQZ29,2029-12-01,Dec 2029,43,141.0
2026-05-22,LQF30,2030-01-01,Jan 2030,44,140.9
2026-05-22,LQG30,2030-02-01,Feb 2030,45,140.7
2026-05-22,LQH30,2030-03-01,Mar 2030,46,140.45
2026-05-22,LQJ30,2030-04-01,Apr 2030,47,140.0
2026-05-22,LQK30,2030-05-01,May 2030,48,139.7
2026-05-22,LQM30,2030-06-01,Jun 2030,49,139.55
2026-05-22,LQN30,2030-07-01,Jul 2030,50,139.5
2026-05-22,LQQ30,2030-08-01,Aug 2030,51,139.55
2026-05-22,LQU30,2030-09-01,Sep 2030,52,139.8
2026-05-22,LQV30,2030-10-01,Oct 2030,53,140.05
2026-05-22,LQX30,2030-11-01,Nov 2030,54,140.35
2026-05-22,LQZ30,2030-12-01,Dec 2030,55,140.55
2026-05-22,LQF31,2031-01-01,Jan 2031,56,140.55
2026-05-22,LQG31,2031-02-01,Feb 2031,57,140.5
2026-05-22,LQH31,2031-03-01,Mar 2031,58,140.3
2026-05-22,LQJ31,2031-04-01,Apr 2031,59,139.85
2026-05-22,LQK31,2031-05-01,May 2031,60,139.7
2026-05-22,LQM31,2031-06-01,Jun 2031,61,139.5
2026-05-22,LQN31,2031-07-01,Jul 2031,62,139.55
2026-05-22,LQQ31,2031-08-01,Aug 2031,63,139.7
2026-05-22,LQU31,2031-09-01,Sep 2031,64,140.0
2026-05-22,LQV31,2031-10-01,Oct 2031,65,140.5
2026-05-22,LQX31,2031-11-01,Nov 2031,66,140.8
2026-05-22,LQZ31,2031-12-01,Dec 2031,67,141.0
2026-05-23,LQK26,2026-05-01,May 2026,0,132.05
2026-05-23,LQM26,2026-06-01,Jun 2026,1,136.45
2026-05-23,LQN26,2026-07-01,Jul 2026,2,139.85
2026-05-23,LQQ26,2026-08-01,Aug 2026,3,141.8
2026-05-23,LQU26,2026-09-01,Sep 2026,4,142.85
2026-05-23,LQV26,2026-10-01,Oct 2026,5,143.6
2026-05-23,LQX26,2026-11-01,Nov 2026,6,144.35
2026-05-23,LQZ26,2026-12-01,Dec 2026,7,145.05
2026-05-23,LQF27,2027-01-01,Jan 2027,8,145.45
2026-05-23,LQG27,2027-02-01,Feb 2027,9,145.4
2026-05-23,LQH27,2027-03-01,Mar 2027,10,144.9
2026-05-23,LQJ27,2027-04-01,Apr 2027,11,143.9
2026-05-23,LQK27,2027-05-01,May 2027,12,143.35
2026-05-23,LQM27,2027-06-01,Jun 2027,13,143.05
2026-05-23,LQN27,2027-07-01,Jul 2027,14,143.05
2026-05-23,LQQ27,2027-08-01,Aug 2027,15,142.8
2026-05-23,LQU27,2027-09-01,Sep 2027,16,142.7
2026-05-23,LQV27,2027-10-01,Oct 2027,17,142.55
2026-05-23,LQX27,2027-11-01,Nov 2027,18,142.45
2026-05-23,LQZ27,2027-12-01,Dec 2027,19,142.35
2026-05-23,LQF28,2028-01-01,Jan 2028,20,142.25
2026-05-23,LQG28,2028-02-01,Feb 2028,21,142.05
2026-05-23,LQH28,2028-03-01,Mar 2028,22,141.65
2026-05-23,LQJ28,2028-04-01,Apr 2028,23,141.05
2026-05-23,LQK28,2028-05-01,May 2028,24,140.6
2026-05-23,LQM28,2028-06-01,Jun 2028,25,140.25
2026-05-23,LQN28,2028-07-01,Jul 2028,26,140.15
2026-05-23,LQQ28,2028-08-01,Aug 2028,27,140.25
2026-05-23,LQU28,2028-09-01,Sep 2028,28,140.45
2026-05-23,LQV28,2028-10-01,Oct 2028,29,140.7
2026-05-23,LQX28,2028-11-01,Nov 2028,30,140.9
2026-05-23,LQZ28,2028-12-01,Dec 2028,31,141.1
2026-05-23,LQF29,2029-01-01,Jan 2029,32,141.3
2026-05-23,LQG29,2029-02-01,Feb 2029,33,141.25
2026-05-23,LQH29,2029-03-01,Mar 2029,34,141.0
2026-05-23,LQJ29,2029-04-01,Apr 2029,35,140.5
2026-05-23,LQK29,2029-05-01,May 2029,36,140.15
2026-05-23,LQM29,2029-06-01,Jun 2029,37,139.95
2026-05-23,LQN29,2029-07-01,Jul 2029,38,139.85
2026-05-23,LQQ29,2029-08-01,Aug 2029,39,140.05
2026-05-23,LQU29,2029-09-01,Sep 2029,40,140.35
2026-05-23,LQV29,2029-10-01,Oct 2029,41,140.75
2026-05-23,LQX29,2029-11-01,Nov 2029,42,140.9
2026-05-23,LQZ29,2029-12-01,Dec 2029,43,141.0
2026-05-23,LQF30,2030-01-01,Jan 2030,44,140.9
2026-05-23,LQG30,2030-02-01,Feb 2030,45,140.7
2026-05-23,LQH30,2030-03-01,Mar 2030,46,140.45
2026-05-23,LQJ30,2030-04-01,Apr 2030,47,140.0
2026-05-23,LQK30,2030-05-01,May 2030,48,139.7
2026-05-23,LQM30,2030-06-01,Jun 2030,49,139.55
2026-05-23,LQN30,2030-07-01,Jul 2030,50,139.5
2026-05-23,LQQ30,2030-08-01,Aug 2030,51,139.55
2026-05-23,LQU30,2030-09-01,Sep 2030,52,139.8
2026-05-23,LQV30,2030-10-01,Oct 2030,53,140.05
2026-05-23,LQX30,2030-11-01,Nov 2030,54,140.35
2026-05-23,LQZ30,2030-12-01,Dec 2030,55,140.55
2026-05-23,LQF31,2031-01-01,Jan 2031,56,140.55
2026-05-23,LQG31,2031-02-01,Feb 2031,57,140.5
2026-05-23,LQH31,2031-03-01,Mar 2031,58,140.3
2026-05-23,LQJ31,2031-04-01,Apr 2031,59,139.85
2026-05-23,LQK31,2031-05-01,May 2031,60,139.7
2026-05-23,LQM31,2031-06-01,Jun 2031,61,139.5
2026-05-23,LQN31,2031-07-01,Jul 2031,62,139.55
2026-05-23,LQQ31,2031-08-01,Aug 2031,63,139.7
2026-05-23,LQU31,2031-09-01,Sep 2031,64,140.0
2026-05-23,LQV31,2031-10-01,Oct 2031,65,140.5
2026-05-23,LQX31,2031-11-01,Nov 2031,66,140.8
2026-05-23,LQZ31,2031-12-01,Dec 2031,67,141.0
2026-05-24,LQK26,2026-05-01,May 2026,0,132.05
2026-05-24,LQM26,2026-06-01,Jun 2026,1,136.45
2026-05-24,LQN26,2026-07-01,Jul 2026,2,139.85
2026-05-24,LQQ26,2026-08-01,Aug 2026,3,141.8
2026-05-24,LQU26,2026-09-01,Sep 2026,4,142.85
2026-05-24,LQV26,2026-10-01,Oct 2026,5,143.6
2026-05-24,LQX26,2026-11-01,Nov 2026,6,144.35
2026-05-24,LQZ26,2026-12-01,Dec 2026,7,145.05
2026-05-24,LQF27,2027-01-01,Jan 2027,8,145.45
2026-05-24,LQG27,2027-02-01,Feb 2027,9,145.4
2026-05-24,LQH27,2027-03-01,Mar 2027,10,144.9
2026-05-24,LQJ27,2027-04-01,Apr 2027,11,143.9
2026-05-24,LQK27,2027-05-01,May 2027,12,143.35
2026-05-24,LQM27,2027-06-01,Jun 2027,13,143.05
2026-05-24,LQN27,2027-07-01,Jul 2027,14,143.05
2026-05-24,LQQ27,2027-08-01,Aug 2027,15,142.8
2026-05-24,LQU27,2027-09-01,Sep 2027,16,142.7
2026-05-24,LQV27,2027-10-01,Oct 2027,17,142.55
2026-05-24,LQX27,2027-11-01,Nov 2027,18,142.45
2026-05-24,LQZ27,2027-12-01,Dec 2027,19,142.35
2026-05-24,LQF28,2028-01-01,Jan 2028,20,142.25
2026-05-24,LQG28,2028-02-01,Feb 2028,21,142.05
2026-05-24,LQH28,2028-03-01,Mar 2028,22,141.65
2026-05-24,LQJ28,2028-04-01,Apr 2028,23,141.05
2026-05-24,LQK28,2028-05-01,May 2028,24,140.6
2026-05-24,LQM28,2028-06-01,Jun 2028,25,140.25
2026-05-24,LQN28,2028-07-01,Jul 2028,26,140.15
2026-05-24,LQQ28,2028-08-01,Aug 2028,27,140.25
2026-05-24,LQU28,2028-09-01,Sep 2028,28,140.45
2026-05-24,LQV28,2028-10-01,Oct 2028,29,140.7
2026-05-24,LQX28,2028-11-01,Nov 2028,30,140.9
2026-05-24,LQZ28,2028-12-01,Dec 2028,31,141.1
2026-05-24,LQF29,2029-01-01,Jan 2029,32,141.3
2026-05-24,LQG29,2029-02-01,Feb 2029,33,141.25
2026-05-24,LQH29,2029-03-01,Mar 2029,34,141.0
2026-05-24,LQJ29,2029-04-01,Apr 2029,35,140.5
2026-05-24,LQK29,2029-05-01,May 2029,36,140.15
2026-05-24,LQM29,2029-06-01,Jun 2029,37,139.95
2026-05-24,LQN29,2029-07-01,Jul 2029,38,139.85
2026-05-24,LQQ29,2029-08-01,Aug 2029,39,140.05
2026-05-24,LQU29,2029-09-01,Sep 2029,40,140.35
2026-05-24,LQV29,2029-10-01,Oct 2029,41,140.75
2026-05-24,LQX29,2029-11-01,Nov 2029,42,140.9
2026-05-24,LQZ29,2029-12-01,Dec 2029,43,141.0
2026-05-24,LQF30,2030-01-01,Jan 2030,44,140.9
2026-05-24,LQG30,2030-02-01,Feb 2030,45,140.7
2026-05-24,LQH30,2030-03-01,Mar 2030,46,140.45
2026-05-24,LQJ30,2030-04-01,Apr 2030,47,140.0
2026-05-24,LQK30,2030-05-01,May 2030,48,139.7
2026-05-24,LQM30,2030-06-01,Jun 2030,49,139.55
2026-05-24,LQN30,2030-07-01,Jul 2030,50,139.5
2026-05-24,LQQ30,2030-08-01,Aug 2030,51,139.55
2026-05-24,LQU30,2030-09-01,Sep 2030,52,139.8
2026-05-24,LQV30,2030-10-01,Oct 2030,53,140.05
2026-05-24,LQX30,2030-11-01,Nov 2030,54,140.35
2026-05-24,LQZ30,2030-12-01,Dec 2030,55,140.55
2026-05-24,LQF31,2031-01-01,Jan 2031,56,140.55
2026-05-24,LQG31,2031-02-01,Feb 2031,57,140.5
2026-05-24,LQH31,2031-03-01,Mar 2031,58,140.3
2026-05-24,LQJ31,2031-04-01,Apr 2031,59,139.85
2026-05-24,LQK31,2031-05-01,May 2031,60,139.7
2026-05-24,LQM31,2031-06-01,Jun 2031,61,139.5
2026-05-24,LQN31,2031-07-01,Jul 2031,62,139.55
2026-05-24,LQQ31,2031-08-01,Aug 2031,63,139.7
2026-05-24,LQU31,2031-09-01,Sep 2031,64,140.0
2026-05-24,LQV31,2031-10-01,Oct 2031,65,140.5
2026-05-24,LQX31,2031-11-01,Nov 2031,66,140.8
2026-05-24,LQZ31,2031-12-01,Dec 2031,67,141.0
2026-05-25,LQK26,2026-05-01,May 2026,0,132.05
2026-05-25,LQM26,2026-06-01,Jun 2026,1,136.45
2026-05-25,LQN26,2026-07-01,Jul 2026,2,139.85
2026-05-25,LQQ26,2026-08-01,Aug 2026,3,141.8
2026-05-25,LQU26,2026-09-01,Sep 2026,4,142.85
2026-05-25,LQV26,2026-10-01,Oct 2026,5,143.6
2026-05-25,LQX26,2026-11-01,Nov 2026,6,144.35
2026-05-25,LQZ26,2026-12-01,Dec 2026,7,145.05
2026-05-25,LQF27,2027-01-01,Jan 2027,8,145.45
2026-05-25,LQG27,2027-02-01,Feb 2027,9,145.4
2026-05-25,LQH27,2027-03-01,Mar 2027,10,144.9
2026-05-25,LQJ27,2027-04-01,Apr 2027,11,143.9
2026-05-25,LQK27,2027-05-01,May 2027,12,143.35
2026-05-25,LQM27,2027-06-01,Jun 2027,13,143.05
2026-05-25,LQN27,2027-07-01,Jul 2027,14,143.05
2026-05-25,LQQ27,2027-08-01,Aug 2027,15,142.8
2026-05-25,LQU27,2027-09-01,Sep 2027,16,142.7
2026-05-25,LQV27,2027-10-01,Oct 2027,17,142.55
2026-05-25,LQX27,2027-11-01,Nov 2027,18,142.45
2026-05-25,LQZ27,2027-12-01,Dec 2027,19,142.35
2026-05-25,LQF28,2028-01-01,Jan 2028,20,142.25
2026-05-25,LQG28,2028-02-01,Feb 2028,21,142.05
2026-05-25,LQH28,2028-03-01,Mar 2028,22,141.65
2026-05-25,LQJ28,2028-04-01,Apr 2028,23,141.05
2026-05-25,LQK28,2028-05-01,May 2028,24,140.6
2026-05-25,LQM28,2028-06-01,Jun 2028,25,140.25
2026-05-25,LQN28,2028-07-01,Jul 2028,26,140.15
2026-05-25,LQQ28,2028-08-01,Aug 2028,27,140.25
2026-05-25,LQU28,2028-09-01,Sep 2028,28,140.45
2026-05-25,LQV28,2028-10-01,Oct 2028,29,140.7
2026-05-25,LQX28,2028-11-01,Nov 2028,30,140.9
2026-05-25,LQZ28,2028-12-01,Dec 2028,31,141.1
2026-05-25,LQF29,2029-01-01,Jan 2029,32,141.3
2026-05-25,LQG29,2029-02-01,Feb 2029,33,141.25
2026-05-25,LQH29,2029-03-01,Mar 2029,34,141.0
2026-05-25,LQJ29,2029-04-01,Apr 2029,35,140.5
2026-05-25,LQK29,2029-05-01,May 2029,36,140.15
2026-05-25,LQM29,2029-06-01,Jun 2029,37,139.95
2026-05-25,LQN29,2029-07-01,Jul 2029,38,139.85
2026-05-25,LQQ29,2029-08-01,Aug 2029,39,140.05
2026-05-25,LQU29,2029-09-01,Sep 2029,40,140.35
2026-05-25,LQV29,2029-10-01,Oct 2029,41,140.75
2026-05-25,LQX29,2029-11-01,Nov 2029,42,140.9
2026-05-25,LQZ29,2029-12-01,Dec 2029,43,141.0
2026-05-25,LQF30,2030-01-01,Jan 2030,44,140.9
2026-05-25,LQG30,2030-02-01,Feb 2030,45,140.7
2026-05-25,LQH30,2030-03-01,Mar 2030,46,140.45
2026-05-25,LQJ30,2030-04-01,Apr 2030,47,140.0
2026-05-25,LQK30,2030-05-01,May 2030,48,139.7
2026-05-25,LQM30,2030-06-01,Jun 2030,49,139.55
2026-05-25,LQN30,2030-07-01,Jul 2030,50,139.5
2026-05-25,LQQ30,2030-08-01,Aug 2030,51,139.55
2026-05-25,LQU30,2030-09-01,Sep 2030,52,139.8
2026-05-25,LQV30,2030-10-01,Oct 2030,53,140.05
2026-05-25,LQX30,2030-11-01,Nov 2030,54,140.35
2026-05-25,LQZ30,2030-12-01,Dec 2030,55,140.55
2026-05-25,LQF31,2031-01-01,Jan 2031,56,140.55
2026-05-25,LQG31,2031-02-01,Feb 2031,57,140.5
2026-05-25,LQH31,2031-03-01,Mar 2031,58,140.3
2026-05-25,LQJ31,2031-04-01,Apr 2031,59,139.85
2026-05-25,LQK31,2031-05-01,May 2031,60,139.7
2026-05-25,LQM31,2031-06-01,Jun 2031,61,139.5
2026-05-25,LQN31,2031-07-01,Jul 2031,62,139.55
2026-05-25,LQQ31,2031-08-01,Aug 2031,63,139.7
2026-05-25,LQU31,2031-09-01,Sep 2031,64,140.0
2026-05-25,LQV31,2031-10-01,Oct 2031,65,140.5
2026-05-25,LQX31,2031-11-01,Nov 2031,66,140.8
2026-05-25,LQZ31,2031-12-01,Dec 2031,67,141.0
2026-05-26,LQK26,2026-05-01,May 2026,0,134.0
2026-05-26,LQM26,2026-06-01,Jun 2026,1,139.5
2026-05-26,LQN26,2026-07-01,Jul 2026,2,142.8
2026-05-26,LQQ26,2026-08-01,Aug 2026,3,144.1
2026-05-26,LQU26,2026-09-01,Sep 2026,4,145.3
2026-05-26,LQV26,2026-10-01,Oct 2026,5,146.15
2026-05-26,LQX26,2026-11-01,Nov 2026,6,146.95
2026-05-26,LQZ26,2026-12-01,Dec 2026,7,147.75
2026-05-26,LQF27,2027-01-01,Jan 2027,8,148.05
2026-05-26,LQG27,2027-02-01,Feb 2027,9,148.05
2026-05-26,LQH27,2027-03-01,Mar 2027,10,147.5
2026-05-26,LQJ27,2027-04-01,Apr 2027,11,146.6
2026-05-26,LQK27,2027-05-01,May 2027,12,146.2
2026-05-26,LQM27,2027-06-01,Jun 2027,13,146.1
2026-05-26,LQN27,2027-07-01,Jul 2027,14,145.95
2026-05-26,LQQ27,2027-08-01,Aug 2027,15,145.7
2026-05-26,LQU27,2027-09-01,Sep 2027,16,145.65
2026-05-26,LQV27,2027-10-01,Oct 2027,17,145.4
2026-05-26,LQX27,2027-11-01,Nov 2027,18,145.3
2026-05-26,LQZ27,2027-12-01,Dec 2027,19,145.4
2026-05-26,LQF28,2028-01-01,Jan 2028,20,145.1
2026-05-26,LQG28,2028-02-01,Feb 2028,21,144.85
2026-05-26,LQH28,2028-03-01,Mar 2028,22,144.4
2026-05-26,LQJ28,2028-04-01,Apr 2028,23,144.1
2026-05-26,LQK28,2028-05-01,May 2028,24,143.7
2026-05-26,LQM28,2028-06-01,Jun 2028,25,143.35
2026-05-26,LQN28,2028-07-01,Jul 2028,26,143.2
2026-05-26,LQQ28,2028-08-01,Aug 2028,27,143.35
2026-05-26,LQU28,2028-09-01,Sep 2028,28,143.5
2026-05-26,LQV28,2028-10-01,Oct 2028,29,143.8
2026-05-26,LQX28,2028-11-01,Nov 2028,30,144.0
2026-05-26,LQZ28,2028-12-01,Dec 2028,31,144.2
2026-05-26,LQF29,2029-01-01,Jan 2029,32,144.35
2026-05-26,LQG29,2029-02-01,Feb 2029,33,144.35
2026-05-26,LQH29,2029-03-01,Mar 2029,34,144.05
2026-05-26,LQJ29,2029-04-01,Apr 2029,35,143.55
2026-05-26,LQK29,2029-05-01,May 2029,36,143.2
2026-05-26,LQM29,2029-06-01,Jun 2029,37,143.0
2026-05-26,LQN29,2029-07-01,Jul 2029,38,142.9
2026-05-26,LQQ29,2029-08-01,Aug 2029,39,143.1
2026-05-26,LQU29,2029-09-01,Sep 2029,40,143.4
2026-05-26,LQV29,2029-10-01,Oct 2029,41,143.8
2026-05-26,LQX29,2029-11-01,Nov 2029,42,143.95
2026-05-26,LQZ29,2029-12-01,Dec 2029,43,144.05
2026-05-26,LQF30,2030-01-01,Jan 2030,44,143.95
2026-05-26,LQG30,2030-02-01,Feb 2030,45,143.75
2026-05-26,LQH30,2030-03-01,Mar 2030,46,143.5
2026-05-26,LQJ30,2030-04-01,Apr 2030,47,143.05
2026-05-26,LQK30,2030-05-01,May 2030,48,142.75
2026-05-26,LQM30,2030-06-01,Jun 2030,49,142.6
2026-05-26,LQN30,2030-07-01,Jul 2030,50,142.55
2026-05-26,LQQ30,2030-08-01,Aug 2030,51,142.6
2026-05-26,LQU30,2030-09-01,Sep 2030,52,142.85
2026-05-26,LQV30,2030-10-01,Oct 2030,53,143.1
2026-05-26,LQX30,2030-11-01,Nov 2030,54,143.4
2026-05-26,LQZ30,2030-12-01,Dec 2030,55,143.6
2026-05-26,LQF31,2031-01-01,Jan 2031,56,143.6
2026-05-26,LQG31,2031-02-01,Feb 2031,57,143.55
2026-05-26,LQH31,2031-03-01,Mar 2031,58,143.35
2026-05-26,LQJ31,2031-04-01,Apr 2031,59,142.9
2026-05-26,LQK31,2031-05-01,May 2031,60,142.75
2026-05-26,LQM31,2031-06-01,Jun 2031,61,142.55
2026-05-26,LQN31,2031-07-01,Jul 2031,62,142.6
2026-05-26,LQQ31,2031-08-01,Aug 2031,63,142.75
2026-05-26,LQU31,2031-09-01,Sep 2031,64,143.05
2026-05-26,LQV31,2031-10-01,Oct 2031,65,143.55
2026-05-26,LQX31,2031-11-01,Nov 2031,66,143.85
2026-05-26,LQZ31,2031-12-01,Dec 2031,67,144.05
