snapshot_date,symbol,contract_date,label,tenor,price
2026-04-13,TGK26,2026-05-01,May 2026,0,47.055
2026-04-13,TGM26,2026-06-01,Jun 2026,1,46.965
2026-04-13,TGN26,2026-07-01,Jul 2026,2,46.915
2026-04-13,TGQ26,2026-08-01,Aug 2026,3,46.705
2026-04-13,TGU26,2026-09-01,Sep 2026,4,46.7
2026-04-13,TGV26,2026-10-01,Oct 2026,5,46.69
2026-04-13,TGX26,2026-11-01,Nov 2026,6,46.16
2026-04-13,TGZ26,2026-12-01,Dec 2026,7,46.15
2026-04-13,TGF27,2027-01-01,Jan 2027,8,46.625
2026-04-13,TGG27,2027-02-01,Feb 2027,9,46.0
2026-04-13,TGH27,2027-03-01,Mar 2027,10,44.015
2026-04-13,TGJ27,2027-04-01,Apr 2027,11,37.825
2026-04-13,TGK27,2027-05-01,May 2027,12,35.425
2026-04-13,TGM27,2027-06-01,Jun 2027,13,34.505
2026-04-13,TGN27,2027-07-01,Jul 2027,14,32.695
2026-04-13,TGQ27,2027-08-01,Aug 2027,15,32.71
2026-04-13,TGU27,2027-09-01,Sep 2027,16,32.568
2026-04-13,TGV27,2027-10-01,Oct 2027,17,32.298
2026-04-13,TGX27,2027-11-01,Nov 2027,18,32.273
2026-04-13,TGZ27,2027-12-01,Dec 2027,19,32.718
2026-04-13,TGF28,2028-01-01,Jan 2028,20,32.615
2026-04-13,TGG28,2028-02-01,Feb 2028,21,32.026
2026-04-13,TGH28,2028-03-01,Mar 2028,22,29.811
2026-04-13,TGJ28,2028-04-01,Apr 2028,23,26.981
2026-04-13,TGK28,2028-05-01,May 2028,24,25.496
2026-04-13,TGM28,2028-06-01,Jun 2028,25,25.8
2026-04-13,TGN28,2028-07-01,Jul 2028,26,24.9
2026-04-13,TGQ28,2028-08-01,Aug 2028,27,24.856
2026-04-13,TGU28,2028-09-01,Sep 2028,28,24.981
2026-04-13,TGV28,2028-10-01,Oct 2028,29,25.145
2026-04-13,TGX28,2028-11-01,Nov 2028,30,25.74
2026-04-13,TGZ28,2028-12-01,Dec 2028,31,26.105
2026-04-13,TGF29,2029-01-01,Jan 2029,32,26.119
2026-04-13,TGG29,2029-02-01,Feb 2029,33,26.024
2026-04-13,TGH29,2029-03-01,Mar 2029,34,25.774
2026-04-13,TGJ29,2029-04-01,Apr 2029,35,23.588
2026-04-13,TGK29,2029-05-01,May 2029,36,23.093
2026-04-13,TGM29,2029-06-01,Jun 2029,37,22.618
2026-04-13,TGN29,2029-07-01,Jul 2029,38,22.823
2026-04-13,TGQ29,2029-08-01,Aug 2029,39,22.733
2026-04-13,TGU29,2029-09-01,Sep 2029,40,23.158
2026-04-13,TGV29,2029-10-01,Oct 2029,41,23.198
2026-04-13,TGX29,2029-11-01,Nov 2029,42,23.612
2026-04-13,TGZ29,2029-12-01,Dec 2029,43,24.186
2026-04-13,TGF30,2030-01-01,Jan 2030,44,24.266
2026-04-13,TGG30,2030-02-01,Feb 2030,45,24.223
2026-04-13,TGH30,2030-03-01,Mar 2030,46,24.232
2026-04-13,TGJ30,2030-04-01,Apr 2030,47,22.725
2026-04-13,TGK30,2030-05-01,May 2030,48,22.324
2026-04-13,TGM30,2030-06-01,Jun 2030,49,21.855
2026-04-13,TGN30,2030-07-01,Jul 2030,50,20.806
2026-04-13,TGQ30,2030-08-01,Aug 2030,51,21.177
2026-04-13,TGU30,2030-09-01,Sep 2030,52,21.855
2026-04-13,TGV30,2030-10-01,Oct 2030,53,22.899
2026-04-13,TGX30,2030-11-01,Nov 2030,54,23.669
2026-04-13,TGZ30,2030-12-01,Dec 2030,55,24.104
2026-04-13,TGF31,2031-01-01,Jan 2031,56,24.219
2026-04-13,TGG31,2031-02-01,Feb 2031,57,24.029
2026-04-13,TGH31,2031-03-01,Mar 2031,58,23.789
2026-04-13,TGJ31,2031-04-01,Apr 2031,59,22.294
2026-04-13,TGK31,2031-05-01,May 2031,60,21.814
2026-04-13,TGM31,2031-06-01,Jun 2031,61,21.549
2026-04-13,TGN31,2031-07-01,Jul 2031,62,21.395
2026-04-13,TGQ31,2031-08-01,Aug 2031,63,21.58
2026-04-13,TGU31,2031-09-01,Sep 2031,64,22.075
2026-04-13,TGV31,2031-10-01,Oct 2031,65,22.899
2026-04-13,TGX31,2031-11-01,Nov 2031,66,23.599
2026-04-13,TGZ31,2031-12-01,Dec 2031,67,24.004
2026-04-13,TGF32,2032-01-01,Jan 2032,68,23.989
2026-04-13,TGG32,2032-02-01,Feb 2032,69,24.054
2026-04-13,TGH32,2032-03-01,Mar 2032,70,24.155
2026-04-13,TGJ32,2032-04-01,Apr 2032,71,24.065
2026-04-13,TGK32,2032-05-01,May 2032,72,23.743
2026-04-13,TGM32,2032-06-01,Jun 2032,73,23.194
2026-04-13,TGN32,2032-07-01,Jul 2032,74,22.844
2026-04-13,TGQ32,2032-08-01,Aug 2032,75,23.289
2026-04-13,TGU32,2032-09-01,Sep 2032,76,23.829
2026-04-13,TGV32,2032-10-01,Oct 2032,77,24.624
2026-04-13,TGX32,2032-11-01,Nov 2032,78,24.974
2026-04-13,TGZ32,2032-12-01,Dec 2032,79,25.149
2026-04-13,TGF33,2033-01-01,Jan 2033,80,25.349
2026-04-13,TGG33,2033-02-01,Feb 2033,81,25.239
2026-04-13,TGH33,2033-03-01,Mar 2033,82,25.055
2026-04-13,TGJ33,2033-04-01,Apr 2033,83,24.71
2026-04-13,TGK33,2033-05-01,May 2033,84,24.255
2026-04-13,TGM33,2033-06-01,Jun 2033,85,23.905
2026-04-13,TGN33,2033-07-01,Jul 2033,86,23.63
2026-04-13,TGQ33,2033-08-01,Aug 2033,87,24.08
2026-04-13,TGU33,2033-09-01,Sep 2033,88,24.475
2026-04-13,TGV33,2033-10-01,Oct 2033,89,25.075
2026-04-13,TGX33,2033-11-01,Nov 2033,90,25.575
2026-04-13,TGZ33,2033-12-01,Dec 2033,91,25.75
2026-04-13,TGF34,2034-01-01,Jan 2034,92,26.035
2026-04-13,TGG34,2034-02-01,Feb 2034,93,25.94
2026-04-13,TGH34,2034-03-01,Mar 2034,94,25.76
2026-04-13,TGJ34,2034-04-01,Apr 2034,95,25.61
2026-04-13,TGK34,2034-05-01,May 2034,96,25.11
2026-04-13,TGM34,2034-06-01,Jun 2034,97,24.81
2026-04-13,TGN34,2034-07-01,Jul 2034,98,24.61
2026-04-13,TGQ34,2034-08-01,Aug 2034,99,25.01
2026-04-13,TGU34,2034-09-01,Sep 2034,100,25.405
2026-04-13,TGV34,2034-10-01,Oct 2034,101,26.005
2026-04-13,TGX34,2034-11-01,Nov 2034,102,26.515
2026-04-13,TGZ34,2034-12-01,Dec 2034,103,26.69
2026-04-13,TGF35,2035-01-01,Jan 2035,104,26.975
2026-04-13,TGG35,2035-02-01,Feb 2035,105,26.88
2026-04-13,TGH35,2035-03-01,Mar 2035,106,26.7
2026-04-13,TGJ35,2035-04-01,Apr 2035,107,26.45
2026-04-13,TGK35,2035-05-01,May 2035,108,26.04
2026-04-13,TGM35,2035-06-01,Jun 2035,109,25.74
2026-04-13,TGN35,2035-07-01,Jul 2035,110,25.54
2026-04-13,TGQ35,2035-08-01,Aug 2035,111,25.94
2026-04-13,TGU35,2035-09-01,Sep 2035,112,26.335
2026-04-13,TGV35,2035-10-01,Oct 2035,113,26.935
2026-04-13,TGX35,2035-11-01,Nov 2035,114,27.445
2026-04-13,TGZ35,2035-12-01,Dec 2035,115,27.62
2026-04-13,TGF36,2036-01-01,Jan 2036,116,27.905
2026-04-13,TGG36,2036-02-01,Feb 2036,117,27.81
2026-04-13,TGH36,2036-03-01,Mar 2036,118,27.63
2026-04-13,TGJ36,2036-04-01,Apr 2036,119,27.29
2026-04-13,TGK36,2036-05-01,May 2036,120,26.84
2026-04-13,TGM36,2036-06-01,Jun 2036,121,26.54
2026-04-13,TGN36,2036-07-01,Jul 2036,122,26.34
2026-04-13,TGQ36,2036-08-01,Aug 2036,123,26.74
2026-04-13,TGU36,2036-09-01,Sep 2036,124,27.135
2026-04-13,TGV36,2036-10-01,Oct 2036,125,27.735
2026-04-13,TGX36,2036-11-01,Nov 2036,126,28.245
2026-04-13,TGZ36,2036-12-01,Dec 2036,127,28.42
2026-04-13,TGF37,2037-01-01,Jan 2037,128,28.705
2026-04-13,TGG37,2037-02-01,Feb 2037,129,28.61
2026-04-13,TGH37,2037-03-01,Mar 2037,130,28.43
2026-04-13,TGJ37,2037-04-01,Apr 2037,131,27.99
2026-04-13,TGK37,2037-05-01,May 2037,132,27.52
2026-04-13,TGM37,2037-06-01,Jun 2037,133,27.22
2026-04-13,TGN37,2037-07-01,Jul 2037,134,27.02
2026-04-13,TGQ37,2037-08-01,Aug 2037,135,27.42
2026-04-13,TGU37,2037-09-01,Sep 2037,136,27.815
2026-04-13,TGV37,2037-10-01,Oct 2037,137,28.415
2026-04-13,TGX37,2037-11-01,Nov 2037,138,28.925
2026-04-13,TGZ37,2037-12-01,Dec 2037,139,29.1
2026-04-14,TGK26,2026-05-01,May 2026,0,42.5
2026-04-14,TGM26,2026-06-01,Jun 2026,1,42.465
2026-04-14,TGN26,2026-07-01,Jul 2026,2,42.3
2026-04-14,TGQ26,2026-08-01,Aug 2026,3,42.29
2026-04-14,TGU26,2026-09-01,Sep 2026,4,42.235
2026-04-14,TGV26,2026-10-01,Oct 2026,5,42.05
2026-04-14,TGX26,2026-11-01,Nov 2026,6,41.695
2026-04-14,TGZ26,2026-12-01,Dec 2026,7,41.7
2026-04-14,TGF27,2027-01-01,Jan 2027,8,41.825
2026-04-14,TGG27,2027-02-01,Feb 2027,9,41.38
2026-04-14,TGH27,2027-03-01,Mar 2027,10,39.34
2026-04-14,TGJ27,2027-04-01,Apr 2027,11,34.945
2026-04-14,TGK27,2027-05-01,May 2027,12,33.137
2026-04-14,TGM27,2027-06-01,Jun 2027,13,32.2
2026-04-14,TGN27,2027-07-01,Jul 2027,14,32.284
2026-04-14,TGQ27,2027-08-01,Aug 2027,15,32.262
2026-04-14,TGU27,2027-09-01,Sep 2027,16,32.1
2026-04-14,TGV27,2027-10-01,Oct 2027,17,32.0
2026-04-14,TGX27,2027-11-01,Nov 2027,18,32.5
2026-04-14,TGZ27,2027-12-01,Dec 2027,19,32.35
2026-04-14,TGF28,2028-01-01,Jan 2028,20,32.413
2026-04-14,TGG28,2028-02-01,Feb 2028,21,31.82
2026-04-14,TGH28,2028-03-01,Mar 2028,22,29.613
2026-04-14,TGJ28,2028-04-01,Apr 2028,23,26.669
2026-04-14,TGK28,2028-05-01,May 2028,24,25.199
2026-04-14,TGM28,2028-06-01,Jun 2028,25,24.594
2026-04-14,TGN28,2028-07-01,Jul 2028,26,24.746
2026-04-14,TGQ28,2028-08-01,Aug 2028,27,24.586
2026-04-14,TGU28,2028-09-01,Sep 2028,28,24.721
2026-04-14,TGV28,2028-10-01,Oct 2028,29,24.886
2026-04-14,TGX28,2028-11-01,Nov 2028,30,25.476
2026-04-14,TGZ28,2028-12-01,Dec 2028,31,25.846
2026-04-14,TGF29,2029-01-01,Jan 2029,32,25.991
2026-04-14,TGG29,2029-02-01,Feb 2029,33,25.901
2026-04-14,TGH29,2029-03-01,Mar 2029,34,25.641
2026-04-14,TGJ29,2029-04-01,Apr 2029,35,23.442
2026-04-14,TGK29,2029-05-01,May 2029,36,22.947
2026-04-14,TGM29,2029-06-01,Jun 2029,37,22.472
2026-04-14,TGN29,2029-07-01,Jul 2029,38,22.677
2026-04-14,TGQ29,2029-08-01,Aug 2029,39,22.592
2026-04-14,TGU29,2029-09-01,Sep 2029,40,23.017
2026-04-14,TGV29,2029-10-01,Oct 2029,41,23.158
2026-04-14,TGX29,2029-11-01,Nov 2029,42,23.563
2026-04-14,TGZ29,2029-12-01,Dec 2029,43,23.733
2026-04-14,TGF30,2030-01-01,Jan 2030,44,24.159
2026-04-14,TGG30,2030-02-01,Feb 2030,45,24.124
2026-04-14,TGH30,2030-03-01,Mar 2030,46,24.119
2026-04-14,TGJ30,2030-04-01,Apr 2030,47,22.773
2026-04-14,TGK30,2030-05-01,May 2030,48,22.368
2026-04-14,TGM30,2030-06-01,Jun 2030,49,21.898
2026-04-14,TGN30,2030-07-01,Jul 2030,50,20.843
2026-04-14,TGQ30,2030-08-01,Aug 2030,51,21.213
2026-04-14,TGU30,2030-09-01,Sep 2030,52,21.893
2026-04-14,TGV30,2030-10-01,Oct 2030,53,22.708
2026-04-14,TGX30,2030-11-01,Nov 2030,54,23.468
2026-04-14,TGZ30,2030-12-01,Dec 2030,55,23.903
2026-04-14,TGF31,2031-01-01,Jan 2031,56,23.803
2026-04-14,TGG31,2031-02-01,Feb 2031,57,23.613
2026-04-14,TGH31,2031-03-01,Mar 2031,58,23.368
2026-04-14,TGJ31,2031-04-01,Apr 2031,59,21.984
2026-04-14,TGK31,2031-05-01,May 2031,60,21.509
2026-04-14,TGM31,2031-06-01,Jun 2031,61,21.244
2026-04-14,TGN31,2031-07-01,Jul 2031,62,21.089
2026-04-14,TGQ31,2031-08-01,Aug 2031,63,21.274
2026-04-14,TGU31,2031-09-01,Sep 2031,64,21.769
2026-04-14,TGV31,2031-10-01,Oct 2031,65,23.979
2026-04-14,TGX31,2031-11-01,Nov 2031,66,24.679
2026-04-14,TGZ31,2031-12-01,Dec 2031,67,25.089
2026-04-14,TGF32,2032-01-01,Jan 2032,68,24.089
2026-04-14,TGG32,2032-02-01,Feb 2032,69,24.154
2026-04-14,TGH32,2032-03-01,Mar 2032,70,24.254
2026-04-14,TGJ32,2032-04-01,Apr 2032,71,24.165
2026-04-14,TGK32,2032-05-01,May 2032,72,23.845
2026-04-14,TGM32,2032-06-01,Jun 2032,73,23.295
2026-04-14,TGN32,2032-07-01,Jul 2032,74,22.945
2026-04-14,TGQ32,2032-08-01,Aug 2032,75,23.39
2026-04-14,TGU32,2032-09-01,Sep 2032,76,23.93
2026-04-14,TGV32,2032-10-01,Oct 2032,77,24.725
2026-04-14,TGX32,2032-11-01,Nov 2032,78,25.075
2026-04-14,TGZ32,2032-12-01,Dec 2032,79,25.25
2026-04-14,TGF33,2033-01-01,Jan 2033,80,25.45
2026-04-14,TGG33,2033-02-01,Feb 2033,81,25.34
2026-04-14,TGH33,2033-03-01,Mar 2033,82,25.155
2026-04-14,TGJ33,2033-04-01,Apr 2033,83,24.81
2026-04-14,TGK33,2033-05-01,May 2033,84,24.355
2026-04-14,TGM33,2033-06-01,Jun 2033,85,24.005
2026-04-14,TGN33,2033-07-01,Jul 2033,86,23.73
2026-04-14,TGQ33,2033-08-01,Aug 2033,87,24.18
2026-04-14,TGU33,2033-09-01,Sep 2033,88,24.575
2026-04-14,TGV33,2033-10-01,Oct 2033,89,25.175
2026-04-14,TGX33,2033-11-01,Nov 2033,90,25.675
2026-04-14,TGZ33,2033-12-01,Dec 2033,91,25.85
2026-04-14,TGF34,2034-01-01,Jan 2034,92,26.135
2026-04-14,TGG34,2034-02-01,Feb 2034,93,26.04
2026-04-14,TGH34,2034-03-01,Mar 2034,94,25.86
2026-04-14,TGJ34,2034-04-01,Apr 2034,95,25.71
2026-04-14,TGK34,2034-05-01,May 2034,96,25.21
2026-04-14,TGM34,2034-06-01,Jun 2034,97,24.91
2026-04-14,TGN34,2034-07-01,Jul 2034,98,24.71
2026-04-14,TGQ34,2034-08-01,Aug 2034,99,25.11
2026-04-14,TGU34,2034-09-01,Sep 2034,100,25.505
2026-04-14,TGV34,2034-10-01,Oct 2034,101,26.105
2026-04-14,TGX34,2034-11-01,Nov 2034,102,26.615
2026-04-14,TGZ34,2034-12-01,Dec 2034,103,26.79
2026-04-14,TGF35,2035-01-01,Jan 2035,104,27.075
2026-04-14,TGG35,2035-02-01,Feb 2035,105,26.98
2026-04-14,TGH35,2035-03-01,Mar 2035,106,26.8
2026-04-14,TGJ35,2035-04-01,Apr 2035,107,26.55
2026-04-14,TGK35,2035-05-01,May 2035,108,26.14
2026-04-14,TGM35,2035-06-01,Jun 2035,109,25.84
2026-04-14,TGN35,2035-07-01,Jul 2035,110,25.641
2026-04-14,TGQ35,2035-08-01,Aug 2035,111,26.041
2026-04-14,TGU35,2035-09-01,Sep 2035,112,26.436
2026-04-14,TGV35,2035-10-01,Oct 2035,113,27.036
2026-04-14,TGX35,2035-11-01,Nov 2035,114,27.546
2026-04-14,TGZ35,2035-12-01,Dec 2035,115,27.721
2026-04-14,TGF36,2036-01-01,Jan 2036,116,28.006
2026-04-14,TGG36,2036-02-01,Feb 2036,117,27.911
2026-04-14,TGH36,2036-03-01,Mar 2036,118,27.731
2026-04-14,TGJ36,2036-04-01,Apr 2036,119,27.391
2026-04-14,TGK36,2036-05-01,May 2036,120,26.941
2026-04-14,TGM36,2036-06-01,Jun 2036,121,26.641
2026-04-14,TGN36,2036-07-01,Jul 2036,122,26.441
2026-04-14,TGQ36,2036-08-01,Aug 2036,123,26.841
2026-04-14,TGU36,2036-09-01,Sep 2036,124,27.236
2026-04-14,TGV36,2036-10-01,Oct 2036,125,27.836
2026-04-14,TGX36,2036-11-01,Nov 2036,126,28.346
2026-04-14,TGZ36,2036-12-01,Dec 2036,127,28.521
2026-04-14,TGF37,2037-01-01,Jan 2037,128,28.806
2026-04-14,TGG37,2037-02-01,Feb 2037,129,28.711
2026-04-14,TGH37,2037-03-01,Mar 2037,130,28.531
2026-04-14,TGJ37,2037-04-01,Apr 2037,131,28.091
2026-04-14,TGK37,2037-05-01,May 2037,132,27.621
2026-04-14,TGM37,2037-06-01,Jun 2037,133,27.321
2026-04-14,TGN37,2037-07-01,Jul 2037,134,27.121
2026-04-14,TGQ37,2037-08-01,Aug 2037,135,27.521
2026-04-14,TGU37,2037-09-01,Sep 2037,136,27.916
2026-04-14,TGV37,2037-10-01,Oct 2037,137,28.516
2026-04-14,TGX37,2037-11-01,Nov 2037,138,29.026
2026-04-14,TGZ37,2037-12-01,Dec 2037,139,29.201
2026-04-15,TGK26,2026-05-01,May 2026,0,41.535
2026-04-15,TGM26,2026-06-01,Jun 2026,1,41.53
2026-04-15,TGN26,2026-07-01,Jul 2026,2,41.57
2026-04-15,TGQ26,2026-08-01,Aug 2026,3,41.47
2026-04-15,TGU26,2026-09-01,Sep 2026,4,41.51
2026-04-15,TGV26,2026-10-01,Oct 2026,5,41.235
2026-04-15,TGX26,2026-11-01,Nov 2026,6,40.9
2026-04-15,TGZ26,2026-12-01,Dec 2026,7,41.0
2026-04-15,TGF27,2027-01-01,Jan 2027,8,40.9
2026-04-15,TGG27,2027-02-01,Feb 2027,9,40.3
2026-04-15,TGH27,2027-03-01,Mar 2027,10,38.6
2026-04-15,TGJ27,2027-04-01,Apr 2027,11,34.15
2026-04-15,TGK27,2027-05-01,May 2027,12,32.578
2026-04-15,TGM27,2027-06-01,Jun 2027,13,32.15
2026-04-15,TGN27,2027-07-01,Jul 2027,14,31.829
2026-04-15,TGQ27,2027-08-01,Aug 2027,15,31.814
2026-04-15,TGU27,2027-09-01,Sep 2027,16,32.4
2026-04-15,TGV27,2027-10-01,Oct 2027,17,31.8
2026-04-15,TGX27,2027-11-01,Nov 2027,18,31.528
2026-04-15,TGZ27,2027-12-01,Dec 2027,19,32.215
2026-04-15,TGF28,2028-01-01,Jan 2028,20,31.992
2026-04-15,TGG28,2028-02-01,Feb 2028,21,31.395
2026-04-15,TGH28,2028-03-01,Mar 2028,22,29.339
2026-04-15,TGJ28,2028-04-01,Apr 2028,23,26.789
2026-04-15,TGK28,2028-05-01,May 2028,24,25.309
2026-04-15,TGM28,2028-06-01,Jun 2028,25,24.714
2026-04-15,TGN28,2028-07-01,Jul 2028,26,24.879
2026-04-15,TGQ28,2028-08-01,Aug 2028,27,24.754
2026-04-15,TGU28,2028-09-01,Sep 2028,28,24.86
2026-04-15,TGV28,2028-10-01,Oct 2028,29,24.997
2026-04-15,TGX28,2028-11-01,Nov 2028,30,25.577
2026-04-15,TGZ28,2028-12-01,Dec 2028,31,25.947
2026-04-15,TGF29,2029-01-01,Jan 2029,32,26.054
2026-04-15,TGG29,2029-02-01,Feb 2029,33,25.959
2026-04-15,TGH29,2029-03-01,Mar 2029,34,25.709
2026-04-15,TGJ29,2029-04-01,Apr 2029,35,23.357
2026-04-15,TGK29,2029-05-01,May 2029,36,22.862
2026-04-15,TGM29,2029-06-01,Jun 2029,37,22.387
2026-04-15,TGN29,2029-07-01,Jul 2029,38,22.587
2026-04-15,TGQ29,2029-08-01,Aug 2029,39,22.497
2026-04-15,TGU29,2029-09-01,Sep 2029,40,23.002
2026-04-15,TGV29,2029-10-01,Oct 2029,41,23.104
2026-04-15,TGX29,2029-11-01,Nov 2029,42,23.514
2026-04-15,TGZ29,2029-12-01,Dec 2029,43,23.684
2026-04-15,TGF30,2030-01-01,Jan 2030,44,24.055
2026-04-15,TGG30,2030-02-01,Feb 2030,45,24.025
2026-04-15,TGH30,2030-03-01,Mar 2030,46,24.02
2026-04-15,TGJ30,2030-04-01,Apr 2030,47,22.677
2026-04-15,TGK30,2030-05-01,May 2030,48,22.272
2026-04-15,TGM30,2030-06-01,Jun 2030,49,21.802
2026-04-15,TGN30,2030-07-01,Jul 2030,50,20.747
2026-04-15,TGQ30,2030-08-01,Aug 2030,51,21.117
2026-04-15,TGU30,2030-09-01,Sep 2030,52,21.797
2026-04-15,TGV30,2030-10-01,Oct 2030,53,22.605
2026-04-15,TGX30,2030-11-01,Nov 2030,54,23.37
2026-04-15,TGZ30,2030-12-01,Dec 2030,55,23.8
2026-04-15,TGF31,2031-01-01,Jan 2031,56,23.815
2026-04-15,TGG31,2031-02-01,Feb 2031,57,23.625
2026-04-15,TGH31,2031-03-01,Mar 2031,58,23.38
2026-04-15,TGJ31,2031-04-01,Apr 2031,59,21.989
2026-04-15,TGK31,2031-05-01,May 2031,60,21.514
2026-04-15,TGM31,2031-06-01,Jun 2031,61,21.249
2026-04-15,TGN31,2031-07-01,Jul 2031,62,21.094
2026-04-15,TGQ31,2031-08-01,Aug 2031,63,21.279
2026-04-15,TGU31,2031-09-01,Sep 2031,64,21.774
2026-04-15,TGV31,2031-10-01,Oct 2031,65,23.837
2026-04-15,TGX31,2031-11-01,Nov 2031,66,24.537
2026-04-15,TGZ31,2031-12-01,Dec 2031,67,24.947
2026-04-15,TGF32,2032-01-01,Jan 2032,68,23.947
2026-04-15,TGG32,2032-02-01,Feb 2032,69,24.012
2026-04-15,TGH32,2032-03-01,Mar 2032,70,24.112
2026-04-15,TGJ32,2032-04-01,Apr 2032,71,24.022
2026-04-15,TGK32,2032-05-01,May 2032,72,23.702
2026-04-15,TGM32,2032-06-01,Jun 2032,73,23.152
2026-04-15,TGN32,2032-07-01,Jul 2032,74,22.802
2026-04-15,TGQ32,2032-08-01,Aug 2032,75,23.247
2026-04-15,TGU32,2032-09-01,Sep 2032,76,23.787
2026-04-15,TGV32,2032-10-01,Oct 2032,77,24.582
2026-04-15,TGX32,2032-11-01,Nov 2032,78,24.932
2026-04-15,TGZ32,2032-12-01,Dec 2032,79,25.107
2026-04-15,TGF33,2033-01-01,Jan 2033,80,25.307
2026-04-15,TGG33,2033-02-01,Feb 2033,81,25.197
2026-04-15,TGH33,2033-03-01,Mar 2033,82,25.012
2026-04-15,TGJ33,2033-04-01,Apr 2033,83,24.667
2026-04-15,TGK33,2033-05-01,May 2033,84,24.212
2026-04-15,TGM33,2033-06-01,Jun 2033,85,23.862
2026-04-15,TGN33,2033-07-01,Jul 2033,86,23.587
2026-04-15,TGQ33,2033-08-01,Aug 2033,87,24.037
2026-04-15,TGU33,2033-09-01,Sep 2033,88,24.432
2026-04-15,TGV33,2033-10-01,Oct 2033,89,25.032
2026-04-15,TGX33,2033-11-01,Nov 2033,90,25.532
2026-04-15,TGZ33,2033-12-01,Dec 2033,91,25.707
2026-04-15,TGF34,2034-01-01,Jan 2034,92,25.992
2026-04-15,TGG34,2034-02-01,Feb 2034,93,25.897
2026-04-15,TGH34,2034-03-01,Mar 2034,94,25.717
2026-04-15,TGJ34,2034-04-01,Apr 2034,95,25.567
2026-04-15,TGK34,2034-05-01,May 2034,96,25.067
2026-04-15,TGM34,2034-06-01,Jun 2034,97,24.767
2026-04-15,TGN34,2034-07-01,Jul 2034,98,24.567
2026-04-15,TGQ34,2034-08-01,Aug 2034,99,24.967
2026-04-15,TGU34,2034-09-01,Sep 2034,100,25.362
2026-04-15,TGV34,2034-10-01,Oct 2034,101,25.962
2026-04-15,TGX34,2034-11-01,Nov 2034,102,26.472
2026-04-15,TGZ34,2034-12-01,Dec 2034,103,26.647
2026-04-15,TGF35,2035-01-01,Jan 2035,104,26.757
2026-04-15,TGG35,2035-02-01,Feb 2035,105,26.662
2026-04-15,TGH35,2035-03-01,Mar 2035,106,26.482
2026-04-15,TGJ35,2035-04-01,Apr 2035,107,26.232
2026-04-15,TGK35,2035-05-01,May 2035,108,25.822
2026-04-15,TGM35,2035-06-01,Jun 2035,109,25.522
2026-04-15,TGN35,2035-07-01,Jul 2035,110,25.322
2026-04-15,TGQ35,2035-08-01,Aug 2035,111,25.722
2026-04-15,TGU35,2035-09-01,Sep 2035,112,26.117
2026-04-15,TGV35,2035-10-01,Oct 2035,113,26.717
2026-04-15,TGX35,2035-11-01,Nov 2035,114,27.227
2026-04-15,TGZ35,2035-12-01,Dec 2035,115,27.402
2026-04-15,TGF36,2036-01-01,Jan 2036,116,27.687
2026-04-15,TGG36,2036-02-01,Feb 2036,117,27.592
2026-04-15,TGH36,2036-03-01,Mar 2036,118,27.412
2026-04-15,TGJ36,2036-04-01,Apr 2036,119,27.072
2026-04-15,TGK36,2036-05-01,May 2036,120,26.622
2026-04-15,TGM36,2036-06-01,Jun 2036,121,26.322
2026-04-15,TGN36,2036-07-01,Jul 2036,122,26.122
2026-04-15,TGQ36,2036-08-01,Aug 2036,123,26.522
2026-04-15,TGU36,2036-09-01,Sep 2036,124,26.917
2026-04-15,TGV36,2036-10-01,Oct 2036,125,27.517
2026-04-15,TGX36,2036-11-01,Nov 2036,126,28.027
2026-04-15,TGZ36,2036-12-01,Dec 2036,127,28.202
2026-04-15,TGF37,2037-01-01,Jan 2037,128,28.487
2026-04-15,TGG37,2037-02-01,Feb 2037,129,28.392
2026-04-15,TGH37,2037-03-01,Mar 2037,130,28.212
2026-04-15,TGJ37,2037-04-01,Apr 2037,131,27.772
2026-04-15,TGK37,2037-05-01,May 2037,132,27.302
2026-04-15,TGM37,2037-06-01,Jun 2037,133,27.002
2026-04-15,TGN37,2037-07-01,Jul 2037,134,26.802
2026-04-15,TGQ37,2037-08-01,Aug 2037,135,27.202
2026-04-15,TGU37,2037-09-01,Sep 2037,136,27.597
2026-04-15,TGV37,2037-10-01,Oct 2037,137,28.197
2026-04-15,TGX37,2037-11-01,Nov 2037,138,28.707
2026-04-15,TGZ37,2037-12-01,Dec 2037,139,28.882
2026-04-16,TGK26,2026-05-01,May 2026,0,42.15
2026-04-16,TGM26,2026-06-01,Jun 2026,1,41.975
2026-04-16,TGN26,2026-07-01,Jul 2026,2,41.995
2026-04-16,TGQ26,2026-08-01,Aug 2026,3,42.1
2026-04-16,TGU26,2026-09-01,Sep 2026,4,42.14
2026-04-16,TGV26,2026-10-01,Oct 2026,5,41.975
2026-04-16,TGX26,2026-11-01,Nov 2026,6,41.76
2026-04-16,TGZ26,2026-12-01,Dec 2026,7,41.865
2026-04-16,TGF27,2027-01-01,Jan 2027,8,42.05
2026-04-16,TGG27,2027-02-01,Feb 2027,9,41.45
2026-04-16,TGH27,2027-03-01,Mar 2027,10,40.05
2026-04-16,TGJ27,2027-04-01,Apr 2027,11,35.26
2026-04-16,TGK27,2027-05-01,May 2027,12,33.702
2026-04-16,TGM27,2027-06-01,Jun 2027,13,33.012
2026-04-16,TGN27,2027-07-01,Jul 2027,14,32.927
2026-04-16,TGQ27,2027-08-01,Aug 2027,15,32.909
2026-04-16,TGU27,2027-09-01,Sep 2027,16,32.7
2026-04-16,TGV27,2027-10-01,Oct 2027,17,32.714
2026-04-16,TGX27,2027-11-01,Nov 2027,18,32.519
2026-04-16,TGZ27,2027-12-01,Dec 2027,19,32.525
2026-04-16,TGF28,2028-01-01,Jan 2028,20,32.938
2026-04-16,TGG28,2028-02-01,Feb 2028,21,32.308
2026-04-16,TGH28,2028-03-01,Mar 2028,22,30.308
2026-04-16,TGJ28,2028-04-01,Apr 2028,23,27.235
2026-04-16,TGK28,2028-05-01,May 2028,24,25.755
2026-04-16,TGM28,2028-06-01,Jun 2028,25,25.16
2026-04-16,TGN28,2028-07-01,Jul 2028,26,25.244
2026-04-16,TGQ28,2028-08-01,Aug 2028,27,25.119
2026-04-16,TGU28,2028-09-01,Sep 2028,28,25.229
2026-04-16,TGV28,2028-10-01,Oct 2028,29,25.391
2026-04-16,TGX28,2028-11-01,Nov 2028,30,25.971
2026-04-16,TGZ28,2028-12-01,Dec 2028,31,26.341
2026-04-16,TGF29,2029-01-01,Jan 2029,32,26.349
2026-04-16,TGG29,2029-02-01,Feb 2029,33,26.254
2026-04-16,TGH29,2029-03-01,Mar 2029,34,26.004
2026-04-16,TGJ29,2029-04-01,Apr 2029,35,23.723
2026-04-16,TGK29,2029-05-01,May 2029,36,23.228
2026-04-16,TGM29,2029-06-01,Jun 2029,37,22.758
2026-04-16,TGN29,2029-07-01,Jul 2029,38,22.958
2026-04-16,TGQ29,2029-08-01,Aug 2029,39,22.868
2026-04-16,TGU29,2029-09-01,Sep 2029,40,23.368
2026-04-16,TGV29,2029-10-01,Oct 2029,41,23.408
2026-04-16,TGX29,2029-11-01,Nov 2029,42,23.823
2026-04-16,TGZ29,2029-12-01,Dec 2029,43,23.993
2026-04-16,TGF30,2030-01-01,Jan 2030,44,24.272
2026-04-16,TGG30,2030-02-01,Feb 2030,45,24.242
2026-04-16,TGH30,2030-03-01,Mar 2030,46,24.237
2026-04-16,TGJ30,2030-04-01,Apr 2030,47,22.892
2026-04-16,TGK30,2030-05-01,May 2030,48,22.487
2026-04-16,TGM30,2030-06-01,Jun 2030,49,22.017
2026-04-16,TGN30,2030-07-01,Jul 2030,50,20.967
2026-04-16,TGQ30,2030-08-01,Aug 2030,51,21.337
2026-04-16,TGU30,2030-09-01,Sep 2030,52,22.017
2026-04-16,TGV30,2030-10-01,Oct 2030,53,22.822
2026-04-16,TGX30,2030-11-01,Nov 2030,54,23.587
2026-04-16,TGZ30,2030-12-01,Dec 2030,55,24.017
2026-04-16,TGF31,2031-01-01,Jan 2031,56,23.997
2026-04-16,TGG31,2031-02-01,Feb 2031,57,23.807
2026-04-16,TGH31,2031-03-01,Mar 2031,58,23.562
2026-04-16,TGJ31,2031-04-01,Apr 2031,59,22.177
2026-04-16,TGK31,2031-05-01,May 2031,60,21.702
2026-04-16,TGM31,2031-06-01,Jun 2031,61,21.437
2026-04-16,TGN31,2031-07-01,Jul 2031,62,21.282
2026-04-16,TGQ31,2031-08-01,Aug 2031,63,21.472
2026-04-16,TGU31,2031-09-01,Sep 2031,64,21.967
2026-04-16,TGV31,2031-10-01,Oct 2031,65,23.634
2026-04-16,TGX31,2031-11-01,Nov 2031,66,24.334
2026-04-16,TGZ31,2031-12-01,Dec 2031,67,24.744
2026-04-16,TGF32,2032-01-01,Jan 2032,68,23.624
2026-04-16,TGG32,2032-02-01,Feb 2032,69,23.689
2026-04-16,TGH32,2032-03-01,Mar 2032,70,23.789
2026-04-16,TGJ32,2032-04-01,Apr 2032,71,23.989
2026-04-16,TGK32,2032-05-01,May 2032,72,23.669
2026-04-16,TGM32,2032-06-01,Jun 2032,73,23.119
2026-04-16,TGN32,2032-07-01,Jul 2032,74,22.769
2026-04-16,TGQ32,2032-08-01,Aug 2032,75,23.214
2026-04-16,TGU32,2032-09-01,Sep 2032,76,23.754
2026-04-16,TGV32,2032-10-01,Oct 2032,77,24.549
2026-04-16,TGX32,2032-11-01,Nov 2032,78,24.899
2026-04-16,TGZ32,2032-12-01,Dec 2032,79,25.074
2026-04-16,TGF33,2033-01-01,Jan 2033,80,25.274
2026-04-16,TGG33,2033-02-01,Feb 2033,81,25.164
2026-04-16,TGH33,2033-03-01,Mar 2033,82,24.979
2026-04-16,TGJ33,2033-04-01,Apr 2033,83,24.634
2026-04-16,TGK33,2033-05-01,May 2033,84,24.179
2026-04-16,TGM33,2033-06-01,Jun 2033,85,23.829
2026-04-16,TGN33,2033-07-01,Jul 2033,86,23.554
2026-04-16,TGQ33,2033-08-01,Aug 2033,87,24.004
2026-04-16,TGU33,2033-09-01,Sep 2033,88,24.399
2026-04-16,TGV33,2033-10-01,Oct 2033,89,24.999
2026-04-16,TGX33,2033-11-01,Nov 2033,90,25.499
2026-04-16,TGZ33,2033-12-01,Dec 2033,91,25.674
2026-04-16,TGF34,2034-01-01,Jan 2034,92,25.959
2026-04-16,TGG34,2034-02-01,Feb 2034,93,25.864
2026-04-16,TGH34,2034-03-01,Mar 2034,94,25.684
2026-04-16,TGJ34,2034-04-01,Apr 2034,95,25.534
2026-04-16,TGK34,2034-05-01,May 2034,96,25.034
2026-04-16,TGM34,2034-06-01,Jun 2034,97,24.734
2026-04-16,TGN34,2034-07-01,Jul 2034,98,24.534
2026-04-16,TGQ34,2034-08-01,Aug 2034,99,24.934
2026-04-16,TGU34,2034-09-01,Sep 2034,100,25.329
2026-04-16,TGV34,2034-10-01,Oct 2034,101,25.929
2026-04-16,TGX34,2034-11-01,Nov 2034,102,26.439
2026-04-16,TGZ34,2034-12-01,Dec 2034,103,26.614
2026-04-16,TGF35,2035-01-01,Jan 2035,104,26.899
2026-04-16,TGG35,2035-02-01,Feb 2035,105,26.804
2026-04-16,TGH35,2035-03-01,Mar 2035,106,26.624
2026-04-16,TGJ35,2035-04-01,Apr 2035,107,26.374
2026-04-16,TGK35,2035-05-01,May 2035,108,25.964
2026-04-16,TGM35,2035-06-01,Jun 2035,109,25.664
2026-04-16,TGN35,2035-07-01,Jul 2035,110,25.464
2026-04-16,TGQ35,2035-08-01,Aug 2035,111,25.864
2026-04-16,TGU35,2035-09-01,Sep 2035,112,26.259
2026-04-16,TGV35,2035-10-01,Oct 2035,113,26.859
2026-04-16,TGX35,2035-11-01,Nov 2035,114,27.369
2026-04-16,TGZ35,2035-12-01,Dec 2035,115,27.544
2026-04-16,TGF36,2036-01-01,Jan 2036,116,27.829
2026-04-16,TGG36,2036-02-01,Feb 2036,117,27.734
2026-04-16,TGH36,2036-03-01,Mar 2036,118,27.554
2026-04-16,TGJ36,2036-04-01,Apr 2036,119,27.214
2026-04-16,TGK36,2036-05-01,May 2036,120,26.764
2026-04-16,TGM36,2036-06-01,Jun 2036,121,26.464
2026-04-16,TGN36,2036-07-01,Jul 2036,122,26.264
2026-04-16,TGQ36,2036-08-01,Aug 2036,123,26.664
2026-04-16,TGU36,2036-09-01,Sep 2036,124,27.059
2026-04-16,TGV36,2036-10-01,Oct 2036,125,27.659
2026-04-16,TGX36,2036-11-01,Nov 2036,126,28.169
2026-04-16,TGZ36,2036-12-01,Dec 2036,127,28.344
2026-04-16,TGF37,2037-01-01,Jan 2037,128,28.629
2026-04-16,TGG37,2037-02-01,Feb 2037,129,28.534
2026-04-16,TGH37,2037-03-01,Mar 2037,130,28.354
2026-04-16,TGJ37,2037-04-01,Apr 2037,131,27.914
2026-04-16,TGK37,2037-05-01,May 2037,132,27.444
2026-04-16,TGM37,2037-06-01,Jun 2037,133,27.144
2026-04-16,TGN37,2037-07-01,Jul 2037,134,26.944
2026-04-16,TGQ37,2037-08-01,Aug 2037,135,27.344
2026-04-16,TGU37,2037-09-01,Sep 2037,136,27.739
2026-04-16,TGV37,2037-10-01,Oct 2037,137,28.339
2026-04-16,TGX37,2037-11-01,Nov 2037,138,28.849
2026-04-16,TGZ37,2037-12-01,Dec 2037,139,29.024
2026-04-17,TGK26,2026-05-01,May 2026,0,39.41
2026-04-17,TGM26,2026-06-01,Jun 2026,1,39.36
2026-04-17,TGN26,2026-07-01,Jul 2026,2,39.34
2026-04-17,TGQ26,2026-08-01,Aug 2026,3,39.225
2026-04-17,TGU26,2026-09-01,Sep 2026,4,39.39
2026-04-17,TGV26,2026-10-01,Oct 2026,5,39.0
2026-04-17,TGX26,2026-11-01,Nov 2026,6,39.115
2026-04-17,TGZ26,2026-12-01,Dec 2026,7,39.195
2026-04-17,TGF27,2027-01-01,Jan 2027,8,39.035
2026-04-17,TGG27,2027-02-01,Feb 2027,9,38.44
2026-04-17,TGH27,2027-03-01,Mar 2027,10,37.215
2026-04-17,TGJ27,2027-04-01,Apr 2027,11,33.21
2026-04-17,TGK27,2027-05-01,May 2027,12,32.025
2026-04-17,TGM27,2027-06-01,Jun 2027,13,31.25
2026-04-17,TGN27,2027-07-01,Jul 2027,14,31.342
2026-04-17,TGQ27,2027-08-01,Aug 2027,15,31.327
2026-04-17,TGU27,2027-09-01,Sep 2027,16,31.242
2026-04-17,TGV27,2027-10-01,Oct 2027,17,32.13
2026-04-17,TGX27,2027-11-01,Nov 2027,18,31.98
2026-04-17,TGZ27,2027-12-01,Dec 2027,19,31.5
2026-04-17,TGF28,2028-01-01,Jan 2028,20,31.33
2026-04-17,TGG28,2028-02-01,Feb 2028,21,30.975
2026-04-17,TGH28,2028-03-01,Mar 2028,22,29.07
2026-04-17,TGJ28,2028-04-01,Apr 2028,23,26.32
2026-04-17,TGK28,2028-05-01,May 2028,24,25.005
2026-04-17,TGM28,2028-06-01,Jun 2028,25,24.41
2026-04-17,TGN28,2028-07-01,Jul 2028,26,24.653
2026-04-17,TGQ28,2028-08-01,Aug 2028,27,24.528
2026-04-17,TGU28,2028-09-01,Sep 2028,28,24.638
2026-04-17,TGV28,2028-10-01,Oct 2028,29,24.697
2026-04-17,TGX28,2028-11-01,Nov 2028,30,25.277
2026-04-17,TGZ28,2028-12-01,Dec 2028,31,25.642
2026-04-17,TGF29,2029-01-01,Jan 2029,32,25.801
2026-04-17,TGG29,2029-02-01,Feb 2029,33,25.711
2026-04-17,TGH29,2029-03-01,Mar 2029,34,25.456
2026-04-17,TGJ29,2029-04-01,Apr 2029,35,23.017
2026-04-17,TGK29,2029-05-01,May 2029,36,22.524
2026-04-17,TGM29,2029-06-01,Jun 2029,37,22.06
2026-04-17,TGN29,2029-07-01,Jul 2029,38,22.262
2026-04-17,TGQ29,2029-08-01,Aug 2029,39,22.174
2026-04-17,TGU29,2029-09-01,Sep 2029,40,22.841
2026-04-17,TGV29,2029-10-01,Oct 2029,41,22.912
2026-04-17,TGX29,2029-11-01,Nov 2029,42,23.327
2026-04-17,TGZ29,2029-12-01,Dec 2029,43,23.502
2026-04-17,TGF30,2030-01-01,Jan 2030,44,23.996
2026-04-17,TGG30,2030-02-01,Feb 2030,45,23.971
2026-04-17,TGH30,2030-03-01,Mar 2030,46,23.966
2026-04-17,TGJ30,2030-04-01,Apr 2030,47,22.53
2026-04-17,TGK30,2030-05-01,May 2030,48,22.125
2026-04-17,TGM30,2030-06-01,Jun 2030,49,21.655
2026-04-17,TGN30,2030-07-01,Jul 2030,50,20.53
2026-04-17,TGQ30,2030-08-01,Aug 2030,51,20.9
2026-04-17,TGU30,2030-09-01,Sep 2030,52,21.58
2026-04-17,TGV30,2030-10-01,Oct 2030,53,22.455
2026-04-17,TGX30,2030-11-01,Nov 2030,54,23.22
2026-04-17,TGZ30,2030-12-01,Dec 2030,55,23.65
2026-04-17,TGF31,2031-01-01,Jan 2031,56,23.69
2026-04-17,TGG31,2031-02-01,Feb 2031,57,23.511
2026-04-17,TGH31,2031-03-01,Mar 2031,58,23.277
2026-04-17,TGJ31,2031-04-01,Apr 2031,59,22.069
2026-04-17,TGK31,2031-05-01,May 2031,60,21.594
2026-04-17,TGM31,2031-06-01,Jun 2031,61,21.329
2026-04-17,TGN31,2031-07-01,Jul 2031,62,21.174
2026-04-17,TGQ31,2031-08-01,Aug 2031,63,21.364
2026-04-17,TGU31,2031-09-01,Sep 2031,64,21.859
2026-04-17,TGV31,2031-10-01,Oct 2031,65,23.479
2026-04-17,TGX31,2031-11-01,Nov 2031,66,24.179
2026-04-17,TGZ31,2031-12-01,Dec 2031,67,24.584
2026-04-17,TGF32,2032-01-01,Jan 2032,68,23.564
2026-04-17,TGG32,2032-02-01,Feb 2032,69,23.629
2026-04-17,TGH32,2032-03-01,Mar 2032,70,23.729
2026-04-17,TGJ32,2032-04-01,Apr 2032,71,23.954
2026-04-17,TGK32,2032-05-01,May 2032,72,23.634
2026-04-17,TGM32,2032-06-01,Jun 2032,73,23.084
2026-04-17,TGN32,2032-07-01,Jul 2032,74,22.734
2026-04-17,TGQ32,2032-08-01,Aug 2032,75,23.179
2026-04-17,TGU32,2032-09-01,Sep 2032,76,23.719
2026-04-17,TGV32,2032-10-01,Oct 2032,77,24.514
2026-04-17,TGX32,2032-11-01,Nov 2032,78,24.864
2026-04-17,TGZ32,2032-12-01,Dec 2032,79,25.039
2026-04-17,TGF33,2033-01-01,Jan 2033,80,25.239
2026-04-17,TGG33,2033-02-01,Feb 2033,81,25.129
2026-04-17,TGH33,2033-03-01,Mar 2033,82,24.944
2026-04-17,TGJ33,2033-04-01,Apr 2033,83,24.619
2026-04-17,TGK33,2033-05-01,May 2033,84,24.164
2026-04-17,TGM33,2033-06-01,Jun 2033,85,23.814
2026-04-17,TGN33,2033-07-01,Jul 2033,86,23.539
2026-04-17,TGQ33,2033-08-01,Aug 2033,87,23.989
2026-04-17,TGU33,2033-09-01,Sep 2033,88,24.384
2026-04-17,TGV33,2033-10-01,Oct 2033,89,24.984
2026-04-17,TGX33,2033-11-01,Nov 2033,90,25.484
2026-04-17,TGZ33,2033-12-01,Dec 2033,91,25.659
2026-04-17,TGF34,2034-01-01,Jan 2034,92,25.944
2026-04-17,TGG34,2034-02-01,Feb 2034,93,25.849
2026-04-17,TGH34,2034-03-01,Mar 2034,94,25.669
2026-04-17,TGJ34,2034-04-01,Apr 2034,95,25.519
2026-04-17,TGK34,2034-05-01,May 2034,96,25.019
2026-04-17,TGM34,2034-06-01,Jun 2034,97,24.719
2026-04-17,TGN34,2034-07-01,Jul 2034,98,24.519
2026-04-17,TGQ34,2034-08-01,Aug 2034,99,24.919
2026-04-17,TGU34,2034-09-01,Sep 2034,100,25.313
2026-04-17,TGV34,2034-10-01,Oct 2034,101,25.913
2026-04-17,TGX34,2034-11-01,Nov 2034,102,26.423
2026-04-17,TGZ34,2034-12-01,Dec 2034,103,26.598
2026-04-17,TGF35,2035-01-01,Jan 2035,104,26.883
2026-04-17,TGG35,2035-02-01,Feb 2035,105,26.788
2026-04-17,TGH35,2035-03-01,Mar 2035,106,26.608
2026-04-17,TGJ35,2035-04-01,Apr 2035,107,26.358
2026-04-17,TGK35,2035-05-01,May 2035,108,25.948
2026-04-17,TGM35,2035-06-01,Jun 2035,109,25.648
2026-04-17,TGN35,2035-07-01,Jul 2035,110,25.448
2026-04-17,TGQ35,2035-08-01,Aug 2035,111,25.848
2026-04-17,TGU35,2035-09-01,Sep 2035,112,26.243
2026-04-17,TGV35,2035-10-01,Oct 2035,113,26.843
2026-04-17,TGX35,2035-11-01,Nov 2035,114,27.353
2026-04-17,TGZ35,2035-12-01,Dec 2035,115,27.528
2026-04-17,TGF36,2036-01-01,Jan 2036,116,27.813
2026-04-17,TGG36,2036-02-01,Feb 2036,117,27.718
2026-04-17,TGH36,2036-03-01,Mar 2036,118,27.538
2026-04-17,TGJ36,2036-04-01,Apr 2036,119,27.198
2026-04-17,TGK36,2036-05-01,May 2036,120,26.748
2026-04-17,TGM36,2036-06-01,Jun 2036,121,26.448
2026-04-17,TGN36,2036-07-01,Jul 2036,122,26.248
2026-04-17,TGQ36,2036-08-01,Aug 2036,123,26.648
2026-04-17,TGU36,2036-09-01,Sep 2036,124,27.043
2026-04-17,TGV36,2036-10-01,Oct 2036,125,27.643
2026-04-17,TGX36,2036-11-01,Nov 2036,126,28.153
2026-04-17,TGZ36,2036-12-01,Dec 2036,127,28.328
2026-04-17,TGF37,2037-01-01,Jan 2037,128,28.613
2026-04-17,TGG37,2037-02-01,Feb 2037,129,28.518
2026-04-17,TGH37,2037-03-01,Mar 2037,130,28.338
2026-04-17,TGJ37,2037-04-01,Apr 2037,131,27.898
2026-04-17,TGK37,2037-05-01,May 2037,132,27.428
2026-04-17,TGM37,2037-06-01,Jun 2037,133,27.128
2026-04-17,TGN37,2037-07-01,Jul 2037,134,26.928
2026-04-17,TGQ37,2037-08-01,Aug 2037,135,27.328
2026-04-17,TGU37,2037-09-01,Sep 2037,136,27.723
2026-04-17,TGV37,2037-10-01,Oct 2037,137,28.323
2026-04-17,TGX37,2037-11-01,Nov 2037,138,28.833
2026-04-17,TGZ37,2037-12-01,Dec 2037,139,29.008
2026-04-18,TGK26,2026-05-01,May 2026,0,38.769
2026-04-18,TGM26,2026-06-01,Jun 2026,1,38.728
2026-04-18,TGN26,2026-07-01,Jul 2026,2,38.787
2026-04-18,TGQ26,2026-08-01,Aug 2026,3,38.811
2026-04-18,TGU26,2026-09-01,Sep 2026,4,38.91
2026-04-18,TGV26,2026-10-01,Oct 2026,5,38.852
2026-04-18,TGX26,2026-11-01,Nov 2026,6,38.748
2026-04-18,TGZ26,2026-12-01,Dec 2026,7,38.838
2026-04-18,TGF27,2027-01-01,Jan 2027,8,38.751
2026-04-18,TGG27,2027-02-01,Feb 2027,9,38.4
2026-04-18,TGH27,2027-03-01,Mar 2027,10,37.2
2026-04-18,TGJ27,2027-04-01,Apr 2027,11,33.142
2026-04-18,TGK27,2027-05-01,May 2027,12,31.882
2026-04-18,TGM27,2027-06-01,Jun 2027,13,31.402
2026-04-18,TGN27,2027-07-01,Jul 2027,14,31.342
2026-04-18,TGQ27,2027-08-01,Aug 2027,15,31.327
2026-04-18,TGU27,2027-09-01,Sep 2027,16,31.242
2026-04-18,TGV27,2027-10-01,Oct 2027,17,31.313
2026-04-18,TGX27,2027-11-01,Nov 2027,18,31.168
2026-04-18,TGZ27,2027-12-01,Dec 2027,19,31.643
2026-04-18,TGF28,2028-01-01,Jan 2028,20,31.607
2026-04-18,TGG28,2028-02-01,Feb 2028,21,30.975
2026-04-18,TGH28,2028-03-01,Mar 2028,22,29.07
2026-04-18,TGJ28,2028-04-01,Apr 2028,23,26.32
2026-04-18,TGK28,2028-05-01,May 2028,24,25.005
2026-04-18,TGM28,2028-06-01,Jun 2028,25,24.41
2026-04-18,TGN28,2028-07-01,Jul 2028,26,24.653
2026-04-18,TGQ28,2028-08-01,Aug 2028,27,24.528
2026-04-18,TGU28,2028-09-01,Sep 2028,28,24.638
2026-04-18,TGV28,2028-10-01,Oct 2028,29,24.697
2026-04-18,TGX28,2028-11-01,Nov 2028,30,25.277
2026-04-18,TGZ28,2028-12-01,Dec 2028,31,25.642
2026-04-18,TGF29,2029-01-01,Jan 2029,32,25.801
2026-04-18,TGG29,2029-02-01,Feb 2029,33,25.711
2026-04-18,TGH29,2029-03-01,Mar 2029,34,25.456
2026-04-18,TGJ29,2029-04-01,Apr 2029,35,23.017
2026-04-18,TGK29,2029-05-01,May 2029,36,22.524
2026-04-18,TGM29,2029-06-01,Jun 2029,37,22.06
2026-04-18,TGN29,2029-07-01,Jul 2029,38,22.262
2026-04-18,TGQ29,2029-08-01,Aug 2029,39,22.174
2026-04-18,TGU29,2029-09-01,Sep 2029,40,22.841
2026-04-18,TGV29,2029-10-01,Oct 2029,41,22.912
2026-04-18,TGX29,2029-11-01,Nov 2029,42,23.327
2026-04-18,TGZ29,2029-12-01,Dec 2029,43,23.502
2026-04-18,TGF30,2030-01-01,Jan 2030,44,23.996
2026-04-18,TGG30,2030-02-01,Feb 2030,45,23.971
2026-04-18,TGH30,2030-03-01,Mar 2030,46,23.966
2026-04-18,TGJ30,2030-04-01,Apr 2030,47,22.53
2026-04-18,TGK30,2030-05-01,May 2030,48,22.125
2026-04-18,TGM30,2030-06-01,Jun 2030,49,21.655
2026-04-18,TGN30,2030-07-01,Jul 2030,50,20.53
2026-04-18,TGQ30,2030-08-01,Aug 2030,51,20.9
2026-04-18,TGU30,2030-09-01,Sep 2030,52,21.58
2026-04-18,TGV30,2030-10-01,Oct 2030,53,22.455
2026-04-18,TGX30,2030-11-01,Nov 2030,54,23.22
2026-04-18,TGZ30,2030-12-01,Dec 2030,55,23.65
2026-04-18,TGF31,2031-01-01,Jan 2031,56,23.69
2026-04-18,TGG31,2031-02-01,Feb 2031,57,23.511
2026-04-18,TGH31,2031-03-01,Mar 2031,58,23.277
2026-04-18,TGJ31,2031-04-01,Apr 2031,59,22.069
2026-04-18,TGK31,2031-05-01,May 2031,60,21.594
2026-04-18,TGM31,2031-06-01,Jun 2031,61,21.329
2026-04-18,TGN31,2031-07-01,Jul 2031,62,21.174
2026-04-18,TGQ31,2031-08-01,Aug 2031,63,21.364
2026-04-18,TGU31,2031-09-01,Sep 2031,64,21.859
2026-04-18,TGV31,2031-10-01,Oct 2031,65,23.479
2026-04-18,TGX31,2031-11-01,Nov 2031,66,24.179
2026-04-18,TGZ31,2031-12-01,Dec 2031,67,24.584
2026-04-18,TGF32,2032-01-01,Jan 2032,68,23.564
2026-04-18,TGG32,2032-02-01,Feb 2032,69,23.629
2026-04-18,TGH32,2032-03-01,Mar 2032,70,23.729
2026-04-18,TGJ32,2032-04-01,Apr 2032,71,23.954
2026-04-18,TGK32,2032-05-01,May 2032,72,23.634
2026-04-18,TGM32,2032-06-01,Jun 2032,73,23.084
2026-04-18,TGN32,2032-07-01,Jul 2032,74,22.734
2026-04-18,TGQ32,2032-08-01,Aug 2032,75,23.179
2026-04-18,TGU32,2032-09-01,Sep 2032,76,23.719
2026-04-18,TGV32,2032-10-01,Oct 2032,77,24.514
2026-04-18,TGX32,2032-11-01,Nov 2032,78,24.864
2026-04-18,TGZ32,2032-12-01,Dec 2032,79,25.039
2026-04-18,TGF33,2033-01-01,Jan 2033,80,25.239
2026-04-18,TGG33,2033-02-01,Feb 2033,81,25.129
2026-04-18,TGH33,2033-03-01,Mar 2033,82,24.944
2026-04-18,TGJ33,2033-04-01,Apr 2033,83,24.619
2026-04-18,TGK33,2033-05-01,May 2033,84,24.164
2026-04-18,TGM33,2033-06-01,Jun 2033,85,23.814
2026-04-18,TGN33,2033-07-01,Jul 2033,86,23.539
2026-04-18,TGQ33,2033-08-01,Aug 2033,87,23.989
2026-04-18,TGU33,2033-09-01,Sep 2033,88,24.384
2026-04-18,TGV33,2033-10-01,Oct 2033,89,24.984
2026-04-18,TGX33,2033-11-01,Nov 2033,90,25.484
2026-04-18,TGZ33,2033-12-01,Dec 2033,91,25.659
2026-04-18,TGF34,2034-01-01,Jan 2034,92,25.944
2026-04-18,TGG34,2034-02-01,Feb 2034,93,25.849
2026-04-18,TGH34,2034-03-01,Mar 2034,94,25.669
2026-04-18,TGJ34,2034-04-01,Apr 2034,95,25.519
2026-04-18,TGK34,2034-05-01,May 2034,96,25.019
2026-04-18,TGM34,2034-06-01,Jun 2034,97,24.719
2026-04-18,TGN34,2034-07-01,Jul 2034,98,24.519
2026-04-18,TGQ34,2034-08-01,Aug 2034,99,24.919
2026-04-18,TGU34,2034-09-01,Sep 2034,100,25.313
2026-04-18,TGV34,2034-10-01,Oct 2034,101,25.913
2026-04-18,TGX34,2034-11-01,Nov 2034,102,26.423
2026-04-18,TGZ34,2034-12-01,Dec 2034,103,26.598
2026-04-18,TGF35,2035-01-01,Jan 2035,104,26.883
2026-04-18,TGG35,2035-02-01,Feb 2035,105,26.788
2026-04-18,TGH35,2035-03-01,Mar 2035,106,26.608
2026-04-18,TGJ35,2035-04-01,Apr 2035,107,26.358
2026-04-18,TGK35,2035-05-01,May 2035,108,25.948
2026-04-18,TGM35,2035-06-01,Jun 2035,109,25.648
2026-04-18,TGN35,2035-07-01,Jul 2035,110,25.448
2026-04-18,TGQ35,2035-08-01,Aug 2035,111,25.848
2026-04-18,TGU35,2035-09-01,Sep 2035,112,26.243
2026-04-18,TGV35,2035-10-01,Oct 2035,113,26.843
2026-04-18,TGX35,2035-11-01,Nov 2035,114,27.353
2026-04-18,TGZ35,2035-12-01,Dec 2035,115,27.528
2026-04-18,TGF36,2036-01-01,Jan 2036,116,27.813
2026-04-18,TGG36,2036-02-01,Feb 2036,117,27.718
2026-04-18,TGH36,2036-03-01,Mar 2036,118,27.538
2026-04-18,TGJ36,2036-04-01,Apr 2036,119,27.198
2026-04-18,TGK36,2036-05-01,May 2036,120,26.748
2026-04-18,TGM36,2036-06-01,Jun 2036,121,26.448
2026-04-18,TGN36,2036-07-01,Jul 2036,122,26.248
2026-04-18,TGQ36,2036-08-01,Aug 2036,123,26.648
2026-04-18,TGU36,2036-09-01,Sep 2036,124,27.043
2026-04-18,TGV36,2036-10-01,Oct 2036,125,27.643
2026-04-18,TGX36,2036-11-01,Nov 2036,126,28.153
2026-04-18,TGZ36,2036-12-01,Dec 2036,127,28.328
2026-04-18,TGF37,2037-01-01,Jan 2037,128,28.613
2026-04-18,TGG37,2037-02-01,Feb 2037,129,28.518
2026-04-18,TGH37,2037-03-01,Mar 2037,130,28.338
2026-04-18,TGJ37,2037-04-01,Apr 2037,131,27.898
2026-04-18,TGK37,2037-05-01,May 2037,132,27.428
2026-04-18,TGM37,2037-06-01,Jun 2037,133,27.128
2026-04-18,TGN37,2037-07-01,Jul 2037,134,26.928
2026-04-18,TGQ37,2037-08-01,Aug 2037,135,27.328
2026-04-18,TGU37,2037-09-01,Sep 2037,136,27.723
2026-04-18,TGV37,2037-10-01,Oct 2037,137,28.323
2026-04-18,TGX37,2037-11-01,Nov 2037,138,28.833
2026-04-18,TGZ37,2037-12-01,Dec 2037,139,29.008
2026-04-19,TGK26,2026-05-01,May 2026,0,38.769
2026-04-19,TGM26,2026-06-01,Jun 2026,1,38.728
2026-04-19,TGN26,2026-07-01,Jul 2026,2,38.787
2026-04-19,TGQ26,2026-08-01,Aug 2026,3,38.811
2026-04-19,TGU26,2026-09-01,Sep 2026,4,38.91
2026-04-19,TGV26,2026-10-01,Oct 2026,5,38.852
2026-04-19,TGX26,2026-11-01,Nov 2026,6,38.748
2026-04-19,TGZ26,2026-12-01,Dec 2026,7,38.838
2026-04-19,TGF27,2027-01-01,Jan 2027,8,38.751
2026-04-19,TGG27,2027-02-01,Feb 2027,9,38.4
2026-04-19,TGH27,2027-03-01,Mar 2027,10,37.2
2026-04-19,TGJ27,2027-04-01,Apr 2027,11,33.142
2026-04-19,TGK27,2027-05-01,May 2027,12,31.882
2026-04-19,TGM27,2027-06-01,Jun 2027,13,31.402
2026-04-19,TGN27,2027-07-01,Jul 2027,14,31.342
2026-04-19,TGQ27,2027-08-01,Aug 2027,15,31.327
2026-04-19,TGU27,2027-09-01,Sep 2027,16,31.242
2026-04-19,TGV27,2027-10-01,Oct 2027,17,31.313
2026-04-19,TGX27,2027-11-01,Nov 2027,18,31.168
2026-04-19,TGZ27,2027-12-01,Dec 2027,19,31.643
2026-04-19,TGF28,2028-01-01,Jan 2028,20,31.607
2026-04-19,TGG28,2028-02-01,Feb 2028,21,30.975
2026-04-19,TGH28,2028-03-01,Mar 2028,22,29.07
2026-04-19,TGJ28,2028-04-01,Apr 2028,23,26.32
2026-04-19,TGK28,2028-05-01,May 2028,24,25.005
2026-04-19,TGM28,2028-06-01,Jun 2028,25,24.41
2026-04-19,TGN28,2028-07-01,Jul 2028,26,24.653
2026-04-19,TGQ28,2028-08-01,Aug 2028,27,24.528
2026-04-19,TGU28,2028-09-01,Sep 2028,28,24.638
2026-04-19,TGV28,2028-10-01,Oct 2028,29,24.697
2026-04-19,TGX28,2028-11-01,Nov 2028,30,25.277
2026-04-19,TGZ28,2028-12-01,Dec 2028,31,25.642
2026-04-19,TGF29,2029-01-01,Jan 2029,32,25.801
2026-04-19,TGG29,2029-02-01,Feb 2029,33,25.711
2026-04-19,TGH29,2029-03-01,Mar 2029,34,25.456
2026-04-19,TGJ29,2029-04-01,Apr 2029,35,23.017
2026-04-19,TGK29,2029-05-01,May 2029,36,22.524
2026-04-19,TGM29,2029-06-01,Jun 2029,37,22.06
2026-04-19,TGN29,2029-07-01,Jul 2029,38,22.262
2026-04-19,TGQ29,2029-08-01,Aug 2029,39,22.174
2026-04-19,TGU29,2029-09-01,Sep 2029,40,22.841
2026-04-19,TGV29,2029-10-01,Oct 2029,41,22.912
2026-04-19,TGX29,2029-11-01,Nov 2029,42,23.327
2026-04-19,TGZ29,2029-12-01,Dec 2029,43,23.502
2026-04-19,TGF30,2030-01-01,Jan 2030,44,23.996
2026-04-19,TGG30,2030-02-01,Feb 2030,45,23.971
2026-04-19,TGH30,2030-03-01,Mar 2030,46,23.966
2026-04-19,TGJ30,2030-04-01,Apr 2030,47,22.53
2026-04-19,TGK30,2030-05-01,May 2030,48,22.125
2026-04-19,TGM30,2030-06-01,Jun 2030,49,21.655
2026-04-19,TGN30,2030-07-01,Jul 2030,50,20.53
2026-04-19,TGQ30,2030-08-01,Aug 2030,51,20.9
2026-04-19,TGU30,2030-09-01,Sep 2030,52,21.58
2026-04-19,TGV30,2030-10-01,Oct 2030,53,22.455
2026-04-19,TGX30,2030-11-01,Nov 2030,54,23.22
2026-04-19,TGZ30,2030-12-01,Dec 2030,55,23.65
2026-04-19,TGF31,2031-01-01,Jan 2031,56,23.69
2026-04-19,TGG31,2031-02-01,Feb 2031,57,23.511
2026-04-19,TGH31,2031-03-01,Mar 2031,58,23.277
2026-04-19,TGJ31,2031-04-01,Apr 2031,59,22.069
2026-04-19,TGK31,2031-05-01,May 2031,60,21.594
2026-04-19,TGM31,2031-06-01,Jun 2031,61,21.329
2026-04-19,TGN31,2031-07-01,Jul 2031,62,21.174
2026-04-19,TGQ31,2031-08-01,Aug 2031,63,21.364
2026-04-19,TGU31,2031-09-01,Sep 2031,64,21.859
2026-04-19,TGV31,2031-10-01,Oct 2031,65,23.479
2026-04-19,TGX31,2031-11-01,Nov 2031,66,24.179
2026-04-19,TGZ31,2031-12-01,Dec 2031,67,24.584
2026-04-19,TGF32,2032-01-01,Jan 2032,68,23.564
2026-04-19,TGG32,2032-02-01,Feb 2032,69,23.629
2026-04-19,TGH32,2032-03-01,Mar 2032,70,23.729
2026-04-19,TGJ32,2032-04-01,Apr 2032,71,23.954
2026-04-19,TGK32,2032-05-01,May 2032,72,23.634
2026-04-19,TGM32,2032-06-01,Jun 2032,73,23.084
2026-04-19,TGN32,2032-07-01,Jul 2032,74,22.734
2026-04-19,TGQ32,2032-08-01,Aug 2032,75,23.179
2026-04-19,TGU32,2032-09-01,Sep 2032,76,23.719
2026-04-19,TGV32,2032-10-01,Oct 2032,77,24.514
2026-04-19,TGX32,2032-11-01,Nov 2032,78,24.864
2026-04-19,TGZ32,2032-12-01,Dec 2032,79,25.039
2026-04-19,TGF33,2033-01-01,Jan 2033,80,25.239
2026-04-19,TGG33,2033-02-01,Feb 2033,81,25.129
2026-04-19,TGH33,2033-03-01,Mar 2033,82,24.944
2026-04-19,TGJ33,2033-04-01,Apr 2033,83,24.619
2026-04-19,TGK33,2033-05-01,May 2033,84,24.164
2026-04-19,TGM33,2033-06-01,Jun 2033,85,23.814
2026-04-19,TGN33,2033-07-01,Jul 2033,86,23.539
2026-04-19,TGQ33,2033-08-01,Aug 2033,87,23.989
2026-04-19,TGU33,2033-09-01,Sep 2033,88,24.384
2026-04-19,TGV33,2033-10-01,Oct 2033,89,24.984
2026-04-19,TGX33,2033-11-01,Nov 2033,90,25.484
2026-04-19,TGZ33,2033-12-01,Dec 2033,91,25.659
2026-04-19,TGF34,2034-01-01,Jan 2034,92,25.944
2026-04-19,TGG34,2034-02-01,Feb 2034,93,25.849
2026-04-19,TGH34,2034-03-01,Mar 2034,94,25.669
2026-04-19,TGJ34,2034-04-01,Apr 2034,95,25.519
2026-04-19,TGK34,2034-05-01,May 2034,96,25.019
2026-04-19,TGM34,2034-06-01,Jun 2034,97,24.719
2026-04-19,TGN34,2034-07-01,Jul 2034,98,24.519
2026-04-19,TGQ34,2034-08-01,Aug 2034,99,24.919
2026-04-19,TGU34,2034-09-01,Sep 2034,100,25.313
2026-04-19,TGV34,2034-10-01,Oct 2034,101,25.913
2026-04-19,TGX34,2034-11-01,Nov 2034,102,26.423
2026-04-19,TGZ34,2034-12-01,Dec 2034,103,26.598
2026-04-19,TGF35,2035-01-01,Jan 2035,104,26.883
2026-04-19,TGG35,2035-02-01,Feb 2035,105,26.788
2026-04-19,TGH35,2035-03-01,Mar 2035,106,26.608
2026-04-19,TGJ35,2035-04-01,Apr 2035,107,26.358
2026-04-19,TGK35,2035-05-01,May 2035,108,25.948
2026-04-19,TGM35,2035-06-01,Jun 2035,109,25.648
2026-04-19,TGN35,2035-07-01,Jul 2035,110,25.448
2026-04-19,TGQ35,2035-08-01,Aug 2035,111,25.848
2026-04-19,TGU35,2035-09-01,Sep 2035,112,26.243
2026-04-19,TGV35,2035-10-01,Oct 2035,113,26.843
2026-04-19,TGX35,2035-11-01,Nov 2035,114,27.353
2026-04-19,TGZ35,2035-12-01,Dec 2035,115,27.528
2026-04-19,TGF36,2036-01-01,Jan 2036,116,27.813
2026-04-19,TGG36,2036-02-01,Feb 2036,117,27.718
2026-04-19,TGH36,2036-03-01,Mar 2036,118,27.538
2026-04-19,TGJ36,2036-04-01,Apr 2036,119,27.198
2026-04-19,TGK36,2036-05-01,May 2036,120,26.748
2026-04-19,TGM36,2036-06-01,Jun 2036,121,26.448
2026-04-19,TGN36,2036-07-01,Jul 2036,122,26.248
2026-04-19,TGQ36,2036-08-01,Aug 2036,123,26.648
2026-04-19,TGU36,2036-09-01,Sep 2036,124,27.043
2026-04-19,TGV36,2036-10-01,Oct 2036,125,27.643
2026-04-19,TGX36,2036-11-01,Nov 2036,126,28.153
2026-04-19,TGZ36,2036-12-01,Dec 2036,127,28.328
2026-04-19,TGF37,2037-01-01,Jan 2037,128,28.613
2026-04-19,TGG37,2037-02-01,Feb 2037,129,28.518
2026-04-19,TGH37,2037-03-01,Mar 2037,130,28.338
2026-04-19,TGJ37,2037-04-01,Apr 2037,131,27.898
2026-04-19,TGK37,2037-05-01,May 2037,132,27.428
2026-04-19,TGM37,2037-06-01,Jun 2037,133,27.128
2026-04-19,TGN37,2037-07-01,Jul 2037,134,26.928
2026-04-19,TGQ37,2037-08-01,Aug 2037,135,27.328
2026-04-19,TGU37,2037-09-01,Sep 2037,136,27.723
2026-04-19,TGV37,2037-10-01,Oct 2037,137,28.323
2026-04-19,TGX37,2037-11-01,Nov 2037,138,28.833
2026-04-19,TGZ37,2037-12-01,Dec 2037,139,29.008
2026-04-20,TGK26,2026-05-01,May 2026,0,39.64
2026-04-20,TGM26,2026-06-01,Jun 2026,1,39.7
2026-04-20,TGN26,2026-07-01,Jul 2026,2,39.55
2026-04-20,TGQ26,2026-08-01,Aug 2026,3,39.515
2026-04-20,TGU26,2026-09-01,Sep 2026,4,39.59
2026-04-20,TGV26,2026-10-01,Oct 2026,5,39.575
2026-04-20,TGX26,2026-11-01,Nov 2026,6,39.3
2026-04-20,TGZ26,2026-12-01,Dec 2026,7,39.125
2026-04-20,TGF27,2027-01-01,Jan 2027,8,39.17
2026-04-20,TGG27,2027-02-01,Feb 2027,9,38.835
2026-04-20,TGH27,2027-03-01,Mar 2027,10,37.52
2026-04-20,TGJ27,2027-04-01,Apr 2027,11,33.45
2026-04-20,TGK27,2027-05-01,May 2027,12,32.542
2026-04-20,TGM27,2027-06-01,Jun 2027,13,31.9
2026-04-20,TGN27,2027-07-01,Jul 2027,14,31.883
2026-04-20,TGQ27,2027-08-01,Aug 2027,15,31.903
2026-04-20,TGU27,2027-09-01,Sep 2027,16,31.4
2026-04-20,TGV27,2027-10-01,Oct 2027,17,31.892
2026-04-20,TGX27,2027-11-01,Nov 2027,18,31.757
2026-04-20,TGZ27,2027-12-01,Dec 2027,19,32.232
2026-04-20,TGF28,2028-01-01,Jan 2028,20,32.102
2026-04-20,TGG28,2028-02-01,Feb 2028,21,31.472
2026-04-20,TGH28,2028-03-01,Mar 2028,22,29.572
2026-04-20,TGJ28,2028-04-01,Apr 2028,23,26.719
2026-04-20,TGK28,2028-05-01,May 2028,24,25.399
2026-04-20,TGM28,2028-06-01,Jun 2028,25,24.804
2026-04-20,TGN28,2028-07-01,Jul 2028,26,25.021
2026-04-20,TGQ28,2028-08-01,Aug 2028,27,24.896
2026-04-20,TGU28,2028-09-01,Sep 2028,28,25.006
2026-04-20,TGV28,2028-10-01,Oct 2028,29,25.072
2026-04-20,TGX28,2028-11-01,Nov 2028,30,25.649
2026-04-20,TGZ28,2028-12-01,Dec 2028,31,26.023
2026-04-20,TGF29,2029-01-01,Jan 2029,32,26.148
2026-04-20,TGG29,2029-02-01,Feb 2029,33,26.066
2026-04-20,TGH29,2029-03-01,Mar 2029,34,25.808
2026-04-20,TGJ29,2029-04-01,Apr 2029,35,22.85
2026-04-20,TGK29,2029-05-01,May 2029,36,22.352
2026-04-20,TGM29,2029-06-01,Jun 2029,37,21.881
2026-04-20,TGN29,2029-07-01,Jul 2029,38,21.948
2026-04-20,TGQ29,2029-08-01,Aug 2029,39,22.1
2026-04-20,TGU29,2029-09-01,Sep 2029,40,22.75
2026-04-20,TGV29,2029-10-01,Oct 2029,41,22.77
2026-04-20,TGX29,2029-11-01,Nov 2029,42,23.19
2026-04-20,TGZ29,2029-12-01,Dec 2029,43,23.365
2026-04-20,TGF30,2030-01-01,Jan 2030,44,23.72
2026-04-20,TGG30,2030-02-01,Feb 2030,45,23.72
2026-04-20,TGH30,2030-03-01,Mar 2030,46,23.72
2026-04-20,TGJ30,2030-04-01,Apr 2030,47,22.4
2026-04-20,TGK30,2030-05-01,May 2030,48,21.994
2026-04-20,TGM30,2030-06-01,Jun 2030,49,21.517
2026-04-20,TGN30,2030-07-01,Jul 2030,50,20.29
2026-04-20,TGQ30,2030-08-01,Aug 2030,51,20.66
2026-04-20,TGU30,2030-09-01,Sep 2030,52,21.34
2026-04-20,TGV30,2030-10-01,Oct 2030,53,22.326
2026-04-20,TGX30,2030-11-01,Nov 2030,54,23.091
2026-04-20,TGZ30,2030-12-01,Dec 2030,55,23.532
2026-04-20,TGF31,2031-01-01,Jan 2031,56,23.608
2026-04-20,TGG31,2031-02-01,Feb 2031,57,23.418
2026-04-20,TGH31,2031-03-01,Mar 2031,58,23.173
2026-04-20,TGJ31,2031-04-01,Apr 2031,59,22.308
2026-04-20,TGK31,2031-05-01,May 2031,60,21.833
2026-04-20,TGM31,2031-06-01,Jun 2031,61,21.568
2026-04-20,TGN31,2031-07-01,Jul 2031,62,21.413
2026-04-20,TGQ31,2031-08-01,Aug 2031,63,21.603
2026-04-20,TGU31,2031-09-01,Sep 2031,64,22.098
2026-04-20,TGV31,2031-10-01,Oct 2031,65,22.977
2026-04-20,TGX31,2031-11-01,Nov 2031,66,23.677
2026-04-20,TGZ31,2031-12-01,Dec 2031,67,24.082
2026-04-20,TGF32,2032-01-01,Jan 2032,68,23.062
2026-04-20,TGG32,2032-02-01,Feb 2032,69,23.127
2026-04-20,TGH32,2032-03-01,Mar 2032,70,23.227
2026-04-20,TGJ32,2032-04-01,Apr 2032,71,23.532
2026-04-20,TGK32,2032-05-01,May 2032,72,23.212
2026-04-20,TGM32,2032-06-01,Jun 2032,73,22.662
2026-04-20,TGN32,2032-07-01,Jul 2032,74,22.312
2026-04-20,TGQ32,2032-08-01,Aug 2032,75,22.757
2026-04-20,TGU32,2032-09-01,Sep 2032,76,23.297
2026-04-20,TGV32,2032-10-01,Oct 2032,77,24.092
2026-04-20,TGX32,2032-11-01,Nov 2032,78,24.442
2026-04-20,TGZ32,2032-12-01,Dec 2032,79,24.617
2026-04-20,TGF33,2033-01-01,Jan 2033,80,24.817
2026-04-20,TGG33,2033-02-01,Feb 2033,81,24.707
2026-04-20,TGH33,2033-03-01,Mar 2033,82,24.522
2026-04-20,TGJ33,2033-04-01,Apr 2033,83,24.177
2026-04-20,TGK33,2033-05-01,May 2033,84,23.722
2026-04-20,TGM33,2033-06-01,Jun 2033,85,23.372
2026-04-20,TGN33,2033-07-01,Jul 2033,86,23.097
2026-04-20,TGQ33,2033-08-01,Aug 2033,87,23.547
2026-04-20,TGU33,2033-09-01,Sep 2033,88,23.942
2026-04-20,TGV33,2033-10-01,Oct 2033,89,24.542
2026-04-20,TGX33,2033-11-01,Nov 2033,90,25.042
2026-04-20,TGZ33,2033-12-01,Dec 2033,91,25.217
2026-04-20,TGF34,2034-01-01,Jan 2034,92,25.502
2026-04-20,TGG34,2034-02-01,Feb 2034,93,25.407
2026-04-20,TGH34,2034-03-01,Mar 2034,94,25.227
2026-04-20,TGJ34,2034-04-01,Apr 2034,95,25.077
2026-04-20,TGK34,2034-05-01,May 2034,96,24.577
2026-04-20,TGM34,2034-06-01,Jun 2034,97,24.277
2026-04-20,TGN34,2034-07-01,Jul 2034,98,24.078
2026-04-20,TGQ34,2034-08-01,Aug 2034,99,24.478
2026-04-20,TGU34,2034-09-01,Sep 2034,100,24.873
2026-04-20,TGV34,2034-10-01,Oct 2034,101,25.473
2026-04-20,TGX34,2034-11-01,Nov 2034,102,25.983
2026-04-20,TGZ34,2034-12-01,Dec 2034,103,26.158
2026-04-20,TGF35,2035-01-01,Jan 2035,104,26.443
2026-04-20,TGG35,2035-02-01,Feb 2035,105,26.348
2026-04-20,TGH35,2035-03-01,Mar 2035,106,26.168
2026-04-20,TGJ35,2035-04-01,Apr 2035,107,25.918
2026-04-20,TGK35,2035-05-01,May 2035,108,25.508
2026-04-20,TGM35,2035-06-01,Jun 2035,109,25.208
2026-04-20,TGN35,2035-07-01,Jul 2035,110,25.008
2026-04-20,TGQ35,2035-08-01,Aug 2035,111,25.408
2026-04-20,TGU35,2035-09-01,Sep 2035,112,25.803
2026-04-20,TGV35,2035-10-01,Oct 2035,113,26.403
2026-04-20,TGX35,2035-11-01,Nov 2035,114,26.913
2026-04-20,TGZ35,2035-12-01,Dec 2035,115,27.088
2026-04-20,TGF36,2036-01-01,Jan 2036,116,27.373
2026-04-20,TGG36,2036-02-01,Feb 2036,117,27.278
2026-04-20,TGH36,2036-03-01,Mar 2036,118,27.098
2026-04-20,TGJ36,2036-04-01,Apr 2036,119,26.758
2026-04-20,TGK36,2036-05-01,May 2036,120,26.308
2026-04-20,TGM36,2036-06-01,Jun 2036,121,26.008
2026-04-20,TGN36,2036-07-01,Jul 2036,122,25.808
2026-04-20,TGQ36,2036-08-01,Aug 2036,123,26.208
2026-04-20,TGU36,2036-09-01,Sep 2036,124,26.603
2026-04-20,TGV36,2036-10-01,Oct 2036,125,27.203
2026-04-20,TGX36,2036-11-01,Nov 2036,126,27.713
2026-04-20,TGZ36,2036-12-01,Dec 2036,127,27.888
2026-04-20,TGF37,2037-01-01,Jan 2037,128,28.173
2026-04-20,TGG37,2037-02-01,Feb 2037,129,28.078
2026-04-20,TGH37,2037-03-01,Mar 2037,130,27.898
2026-04-20,TGJ37,2037-04-01,Apr 2037,131,27.458
2026-04-20,TGK37,2037-05-01,May 2037,132,26.988
2026-04-20,TGM37,2037-06-01,Jun 2037,133,26.688
2026-04-20,TGN37,2037-07-01,Jul 2037,134,26.488
2026-04-20,TGQ37,2037-08-01,Aug 2037,135,26.888
2026-04-20,TGU37,2037-09-01,Sep 2037,136,27.283
2026-04-20,TGV37,2037-10-01,Oct 2037,137,27.883
2026-04-20,TGX37,2037-11-01,Nov 2037,138,28.393
2026-04-20,TGZ37,2037-12-01,Dec 2037,139,28.568
2026-04-21,TGK26,2026-05-01,May 2026,0,43.8
2026-04-21,TGM26,2026-06-01,Jun 2026,1,43.63
2026-04-21,TGN26,2026-07-01,Jul 2026,2,43.605
2026-04-21,TGQ26,2026-08-01,Aug 2026,3,43.66
2026-04-21,TGU26,2026-09-01,Sep 2026,4,43.86
2026-04-21,TGV26,2026-10-01,Oct 2026,5,43.545
2026-04-21,TGX26,2026-11-01,Nov 2026,6,43.185
2026-04-21,TGZ26,2026-12-01,Dec 2026,7,43.175
2026-04-21,TGF27,2027-01-01,Jan 2027,8,43.035
2026-04-21,TGG27,2027-02-01,Feb 2027,9,41.27
2026-04-21,TGH27,2027-03-01,Mar 2027,10,40.0
2026-04-21,TGJ27,2027-04-01,Apr 2027,11,34.05
2026-04-21,TGK27,2027-05-01,May 2027,12,33.235
2026-04-21,TGM27,2027-06-01,Jun 2027,13,32.642
2026-04-21,TGN27,2027-07-01,Jul 2027,14,32.442
2026-04-21,TGQ27,2027-08-01,Aug 2027,15,32.482
2026-04-21,TGU27,2027-09-01,Sep 2027,16,32.402
2026-04-21,TGV27,2027-10-01,Oct 2027,17,32.417
2026-04-21,TGX27,2027-11-01,Nov 2027,18,32.272
2026-04-21,TGZ27,2027-12-01,Dec 2027,19,32.747
2026-04-21,TGF28,2028-01-01,Jan 2028,20,32.694
2026-04-21,TGG28,2028-02-01,Feb 2028,21,32.064
2026-04-21,TGH28,2028-03-01,Mar 2028,22,30.154
2026-04-21,TGJ28,2028-04-01,Apr 2028,23,26.855
2026-04-21,TGK28,2028-05-01,May 2028,24,25.535
2026-04-21,TGM28,2028-06-01,Jun 2028,25,24.94
2026-04-21,TGN28,2028-07-01,Jul 2028,26,25.09
2026-04-21,TGQ28,2028-08-01,Aug 2028,27,24.97
2026-04-21,TGU28,2028-09-01,Sep 2028,28,25.075
2026-04-21,TGV28,2028-10-01,Oct 2028,29,25.072
2026-04-21,TGX28,2028-11-01,Nov 2028,30,25.657
2026-04-21,TGZ28,2028-12-01,Dec 2028,31,26.027
2026-04-21,TGF29,2029-01-01,Jan 2029,32,26.181
2026-04-21,TGG29,2029-02-01,Feb 2029,33,26.091
2026-04-21,TGH29,2029-03-01,Mar 2029,34,25.836
2026-04-21,TGJ29,2029-04-01,Apr 2029,35,23.057
2026-04-21,TGK29,2029-05-01,May 2029,36,22.552
2026-04-21,TGM29,2029-06-01,Jun 2029,37,22.102
2026-04-21,TGN29,2029-07-01,Jul 2029,38,22.182
2026-04-21,TGQ29,2029-08-01,Aug 2029,39,22.297
2026-04-21,TGU29,2029-09-01,Sep 2029,40,22.947
2026-04-21,TGV29,2029-10-01,Oct 2029,41,22.742
2026-04-21,TGX29,2029-11-01,Nov 2029,42,23.152
2026-04-21,TGZ29,2029-12-01,Dec 2029,43,23.557
2026-04-21,TGF30,2030-01-01,Jan 2030,44,23.906
2026-04-21,TGG30,2030-02-01,Feb 2030,45,23.898
2026-04-21,TGH30,2030-03-01,Mar 2030,46,23.894
2026-04-21,TGJ30,2030-04-01,Apr 2030,47,22.462
2026-04-21,TGK30,2030-05-01,May 2030,48,22.057
2026-04-21,TGM30,2030-06-01,Jun 2030,49,21.587
2026-04-21,TGN30,2030-07-01,Jul 2030,50,20.522
2026-04-21,TGQ30,2030-08-01,Aug 2030,51,20.887
2026-04-21,TGU30,2030-09-01,Sep 2030,52,21.567
2026-04-21,TGV30,2030-10-01,Oct 2030,53,22.453
2026-04-21,TGX30,2030-11-01,Nov 2030,54,23.218
2026-04-21,TGZ30,2030-12-01,Dec 2030,55,23.648
2026-04-21,TGF31,2031-01-01,Jan 2031,56,23.548
2026-04-21,TGG31,2031-02-01,Feb 2031,57,23.358
2026-04-21,TGH31,2031-03-01,Mar 2031,58,23.113
2026-04-21,TGJ31,2031-04-01,Apr 2031,59,22.453
2026-04-21,TGK31,2031-05-01,May 2031,60,21.978
2026-04-21,TGM31,2031-06-01,Jun 2031,61,21.713
2026-04-21,TGN31,2031-07-01,Jul 2031,62,21.558
2026-04-21,TGQ31,2031-08-01,Aug 2031,63,21.748
2026-04-21,TGU31,2031-09-01,Sep 2031,64,22.243
2026-04-21,TGV31,2031-10-01,Oct 2031,65,23.233
2026-04-21,TGX31,2031-11-01,Nov 2031,66,23.933
2026-04-21,TGZ31,2031-12-01,Dec 2031,67,24.338
2026-04-21,TGF32,2032-01-01,Jan 2032,68,23.318
2026-04-21,TGG32,2032-02-01,Feb 2032,69,23.383
2026-04-21,TGH32,2032-03-01,Mar 2032,70,23.483
2026-04-21,TGJ32,2032-04-01,Apr 2032,71,23.788
2026-04-21,TGK32,2032-05-01,May 2032,72,23.468
2026-04-21,TGM32,2032-06-01,Jun 2032,73,22.918
2026-04-21,TGN32,2032-07-01,Jul 2032,74,22.568
2026-04-21,TGQ32,2032-08-01,Aug 2032,75,23.013
2026-04-21,TGU32,2032-09-01,Sep 2032,76,23.553
2026-04-21,TGV32,2032-10-01,Oct 2032,77,24.348
2026-04-21,TGX32,2032-11-01,Nov 2032,78,24.698
2026-04-21,TGZ32,2032-12-01,Dec 2032,79,24.873
2026-04-21,TGF33,2033-01-01,Jan 2033,80,25.073
2026-04-21,TGG33,2033-02-01,Feb 2033,81,24.963
2026-04-21,TGH33,2033-03-01,Mar 2033,82,24.778
2026-04-21,TGJ33,2033-04-01,Apr 2033,83,24.433
2026-04-21,TGK33,2033-05-01,May 2033,84,23.978
2026-04-21,TGM33,2033-06-01,Jun 2033,85,23.628
2026-04-21,TGN33,2033-07-01,Jul 2033,86,23.353
2026-04-21,TGQ33,2033-08-01,Aug 2033,87,23.803
2026-04-21,TGU33,2033-09-01,Sep 2033,88,24.198
2026-04-21,TGV33,2033-10-01,Oct 2033,89,24.798
2026-04-21,TGX33,2033-11-01,Nov 2033,90,25.298
2026-04-21,TGZ33,2033-12-01,Dec 2033,91,25.473
2026-04-21,TGF34,2034-01-01,Jan 2034,92,25.758
2026-04-21,TGG34,2034-02-01,Feb 2034,93,25.663
2026-04-21,TGH34,2034-03-01,Mar 2034,94,25.483
2026-04-21,TGJ34,2034-04-01,Apr 2034,95,25.333
2026-04-21,TGK34,2034-05-01,May 2034,96,24.833
2026-04-21,TGM34,2034-06-01,Jun 2034,97,24.533
2026-04-21,TGN34,2034-07-01,Jul 2034,98,24.333
2026-04-21,TGQ34,2034-08-01,Aug 2034,99,24.733
2026-04-21,TGU34,2034-09-01,Sep 2034,100,25.128
2026-04-21,TGV34,2034-10-01,Oct 2034,101,25.728
2026-04-21,TGX34,2034-11-01,Nov 2034,102,26.238
2026-04-21,TGZ34,2034-12-01,Dec 2034,103,26.413
2026-04-21,TGF35,2035-01-01,Jan 2035,104,26.698
2026-04-21,TGG35,2035-02-01,Feb 2035,105,26.603
2026-04-21,TGH35,2035-03-01,Mar 2035,106,26.423
2026-04-21,TGJ35,2035-04-01,Apr 2035,107,26.173
2026-04-21,TGK35,2035-05-01,May 2035,108,25.763
2026-04-21,TGM35,2035-06-01,Jun 2035,109,25.463
2026-04-21,TGN35,2035-07-01,Jul 2035,110,25.263
2026-04-21,TGQ35,2035-08-01,Aug 2035,111,25.663
2026-04-21,TGU35,2035-09-01,Sep 2035,112,26.058
2026-04-21,TGV35,2035-10-01,Oct 2035,113,26.658
2026-04-21,TGX35,2035-11-01,Nov 2035,114,27.168
2026-04-21,TGZ35,2035-12-01,Dec 2035,115,27.343
2026-04-21,TGF36,2036-01-01,Jan 2036,116,27.628
2026-04-21,TGG36,2036-02-01,Feb 2036,117,27.533
2026-04-21,TGH36,2036-03-01,Mar 2036,118,27.353
2026-04-21,TGJ36,2036-04-01,Apr 2036,119,27.013
2026-04-21,TGK36,2036-05-01,May 2036,120,26.563
2026-04-21,TGM36,2036-06-01,Jun 2036,121,26.263
2026-04-21,TGN36,2036-07-01,Jul 2036,122,26.063
2026-04-21,TGQ36,2036-08-01,Aug 2036,123,26.463
2026-04-21,TGU36,2036-09-01,Sep 2036,124,26.858
2026-04-21,TGV36,2036-10-01,Oct 2036,125,27.458
2026-04-21,TGX36,2036-11-01,Nov 2036,126,27.968
2026-04-21,TGZ36,2036-12-01,Dec 2036,127,28.143
2026-04-21,TGF37,2037-01-01,Jan 2037,128,28.428
2026-04-21,TGG37,2037-02-01,Feb 2037,129,28.333
2026-04-21,TGH37,2037-03-01,Mar 2037,130,28.153
2026-04-21,TGJ37,2037-04-01,Apr 2037,131,27.713
2026-04-21,TGK37,2037-05-01,May 2037,132,27.243
2026-04-21,TGM37,2037-06-01,Jun 2037,133,26.943
2026-04-21,TGN37,2037-07-01,Jul 2037,134,26.743
2026-04-21,TGQ37,2037-08-01,Aug 2037,135,27.143
2026-04-21,TGU37,2037-09-01,Sep 2037,136,27.538
2026-04-21,TGV37,2037-10-01,Oct 2037,137,28.138
2026-04-21,TGX37,2037-11-01,Nov 2037,138,28.648
2026-04-21,TGZ37,2037-12-01,Dec 2037,139,28.823
2026-04-22,TGK26,2026-05-01,May 2026,0,44.0
2026-04-22,TGM26,2026-06-01,Jun 2026,1,43.945
2026-04-22,TGN26,2026-07-01,Jul 2026,2,44.035
2026-04-22,TGQ26,2026-08-01,Aug 2026,3,43.945
2026-04-22,TGU26,2026-09-01,Sep 2026,4,44.245
2026-04-22,TGV26,2026-10-01,Oct 2026,5,43.985
2026-04-22,TGX26,2026-11-01,Nov 2026,6,43.555
2026-04-22,TGZ26,2026-12-01,Dec 2026,7,43.515
2026-04-22,TGF27,2027-01-01,Jan 2027,8,43.25
2026-04-22,TGG27,2027-02-01,Feb 2027,9,42.9
2026-04-22,TGH27,2027-03-01,Mar 2027,10,41.5
2026-04-22,TGJ27,2027-04-01,Apr 2027,11,36.725
2026-04-22,TGK27,2027-05-01,May 2027,12,34.1
2026-04-22,TGM27,2027-06-01,Jun 2027,13,33.785
2026-04-22,TGN27,2027-07-01,Jul 2027,14,33.513
2026-04-22,TGQ27,2027-08-01,Aug 2027,15,33.631
2026-04-22,TGU27,2027-09-01,Sep 2027,16,32.82
2026-04-22,TGV27,2027-10-01,Oct 2027,17,33.603
2026-04-22,TGX27,2027-11-01,Nov 2027,18,33.458
2026-04-22,TGZ27,2027-12-01,Dec 2027,19,33.35
2026-04-22,TGF28,2028-01-01,Jan 2028,20,33.744
2026-04-22,TGG28,2028-02-01,Feb 2028,21,33.109
2026-04-22,TGH28,2028-03-01,Mar 2028,22,31.204
2026-04-22,TGJ28,2028-04-01,Apr 2028,23,27.464
2026-04-22,TGK28,2028-05-01,May 2028,24,26.144
2026-04-22,TGM28,2028-06-01,Jun 2028,25,25.549
2026-04-22,TGN28,2028-07-01,Jul 2028,26,25.494
2026-04-22,TGQ28,2028-08-01,Aug 2028,27,25.359
2026-04-22,TGU28,2028-09-01,Sep 2028,28,25.469
2026-04-22,TGV28,2028-10-01,Oct 2028,29,25.564
2026-04-22,TGX28,2028-11-01,Nov 2028,30,26.144
2026-04-22,TGZ28,2028-12-01,Dec 2028,31,26.514
2026-04-22,TGF29,2029-01-01,Jan 2029,32,26.669
2026-04-22,TGG29,2029-02-01,Feb 2029,33,26.579
2026-04-22,TGH29,2029-03-01,Mar 2029,34,26.312
2026-04-22,TGJ29,2029-04-01,Apr 2029,35,23.001
2026-04-22,TGK29,2029-05-01,May 2029,36,22.49
2026-04-22,TGM29,2029-06-01,Jun 2029,37,22.04
2026-04-22,TGN29,2029-07-01,Jul 2029,38,22.235
2026-04-22,TGQ29,2029-08-01,Aug 2029,39,22.3
2026-04-22,TGU29,2029-09-01,Sep 2029,40,22.946
2026-04-22,TGV29,2029-10-01,Oct 2029,41,22.924
2026-04-22,TGX29,2029-11-01,Nov 2029,42,23.344
2026-04-22,TGZ29,2029-12-01,Dec 2029,43,23.614
2026-04-22,TGF30,2030-01-01,Jan 2030,44,23.674
2026-04-22,TGG30,2030-02-01,Feb 2030,45,23.669
2026-04-22,TGH30,2030-03-01,Mar 2030,46,23.669
2026-04-22,TGJ30,2030-04-01,Apr 2030,47,22.145
2026-04-22,TGK30,2030-05-01,May 2030,48,21.74
2026-04-22,TGM30,2030-06-01,Jun 2030,49,21.265
2026-04-22,TGN30,2030-07-01,Jul 2030,50,20.58
2026-04-22,TGQ30,2030-08-01,Aug 2030,51,20.945
2026-04-22,TGU30,2030-09-01,Sep 2030,52,21.63
2026-04-22,TGV30,2030-10-01,Oct 2030,53,22.515
2026-04-22,TGX30,2030-11-01,Nov 2030,54,23.28
2026-04-22,TGZ30,2030-12-01,Dec 2030,55,23.711
2026-04-22,TGF31,2031-01-01,Jan 2031,56,23.611
2026-04-22,TGG31,2031-02-01,Feb 2031,57,23.421
2026-04-22,TGH31,2031-03-01,Mar 2031,58,23.176
2026-04-22,TGJ31,2031-04-01,Apr 2031,59,22.331
2026-04-22,TGK31,2031-05-01,May 2031,60,21.856
2026-04-22,TGM31,2031-06-01,Jun 2031,61,21.591
2026-04-22,TGN31,2031-07-01,Jul 2031,62,21.437
2026-04-22,TGQ31,2031-08-01,Aug 2031,63,21.627
2026-04-22,TGU31,2031-09-01,Sep 2031,64,22.122
2026-04-22,TGV31,2031-10-01,Oct 2031,65,23.112
2026-04-22,TGX31,2031-11-01,Nov 2031,66,23.812
2026-04-22,TGZ31,2031-12-01,Dec 2031,67,24.217
2026-04-22,TGF32,2032-01-01,Jan 2032,68,23.217
2026-04-22,TGG32,2032-02-01,Feb 2032,69,23.282
2026-04-22,TGH32,2032-03-01,Mar 2032,70,23.382
2026-04-22,TGJ32,2032-04-01,Apr 2032,71,23.687
2026-04-22,TGK32,2032-05-01,May 2032,72,23.367
2026-04-22,TGM32,2032-06-01,Jun 2032,73,22.817
2026-04-22,TGN32,2032-07-01,Jul 2032,74,22.467
2026-04-22,TGQ32,2032-08-01,Aug 2032,75,22.912
2026-04-22,TGU32,2032-09-01,Sep 2032,76,23.452
2026-04-22,TGV32,2032-10-01,Oct 2032,77,24.247
2026-04-22,TGX32,2032-11-01,Nov 2032,78,24.597
2026-04-22,TGZ32,2032-12-01,Dec 2032,79,24.772
2026-04-22,TGF33,2033-01-01,Jan 2033,80,24.972
2026-04-22,TGG33,2033-02-01,Feb 2033,81,24.862
2026-04-22,TGH33,2033-03-01,Mar 2033,82,24.677
2026-04-22,TGJ33,2033-04-01,Apr 2033,83,24.332
2026-04-22,TGK33,2033-05-01,May 2033,84,23.877
2026-04-22,TGM33,2033-06-01,Jun 2033,85,23.528
2026-04-22,TGN33,2033-07-01,Jul 2033,86,23.253
2026-04-22,TGQ33,2033-08-01,Aug 2033,87,23.703
2026-04-22,TGU33,2033-09-01,Sep 2033,88,24.098
2026-04-22,TGV33,2033-10-01,Oct 2033,89,24.698
2026-04-22,TGX33,2033-11-01,Nov 2033,90,25.198
2026-04-22,TGZ33,2033-12-01,Dec 2033,91,25.373
2026-04-22,TGF34,2034-01-01,Jan 2034,92,25.658
2026-04-22,TGG34,2034-02-01,Feb 2034,93,25.563
2026-04-22,TGH34,2034-03-01,Mar 2034,94,25.383
2026-04-22,TGJ34,2034-04-01,Apr 2034,95,25.233
2026-04-22,TGK34,2034-05-01,May 2034,96,24.733
2026-04-22,TGM34,2034-06-01,Jun 2034,97,24.433
2026-04-22,TGN34,2034-07-01,Jul 2034,98,24.233
2026-04-22,TGQ34,2034-08-01,Aug 2034,99,24.633
2026-04-22,TGU34,2034-09-01,Sep 2034,100,25.028
2026-04-22,TGV34,2034-10-01,Oct 2034,101,25.628
2026-04-22,TGX34,2034-11-01,Nov 2034,102,26.138
2026-04-22,TGZ34,2034-12-01,Dec 2034,103,26.313
2026-04-22,TGF35,2035-01-01,Jan 2035,104,26.598
2026-04-22,TGG35,2035-02-01,Feb 2035,105,26.503
2026-04-22,TGH35,2035-03-01,Mar 2035,106,26.323
2026-04-22,TGJ35,2035-04-01,Apr 2035,107,26.073
2026-04-22,TGK35,2035-05-01,May 2035,108,25.663
2026-04-22,TGM35,2035-06-01,Jun 2035,109,25.363
2026-04-22,TGN35,2035-07-01,Jul 2035,110,25.163
2026-04-22,TGQ35,2035-08-01,Aug 2035,111,25.563
2026-04-22,TGU35,2035-09-01,Sep 2035,112,25.958
2026-04-22,TGV35,2035-10-01,Oct 2035,113,26.558
2026-04-22,TGX35,2035-11-01,Nov 2035,114,27.068
2026-04-22,TGZ35,2035-12-01,Dec 2035,115,27.243
2026-04-22,TGF36,2036-01-01,Jan 2036,116,27.528
2026-04-22,TGG36,2036-02-01,Feb 2036,117,27.433
2026-04-22,TGH36,2036-03-01,Mar 2036,118,27.253
2026-04-22,TGJ36,2036-04-01,Apr 2036,119,26.913
2026-04-22,TGK36,2036-05-01,May 2036,120,26.463
2026-04-22,TGM36,2036-06-01,Jun 2036,121,26.163
2026-04-22,TGN36,2036-07-01,Jul 2036,122,25.963
2026-04-22,TGQ36,2036-08-01,Aug 2036,123,26.363
2026-04-22,TGU36,2036-09-01,Sep 2036,124,26.758
2026-04-22,TGV36,2036-10-01,Oct 2036,125,27.358
2026-04-22,TGX36,2036-11-01,Nov 2036,126,27.868
2026-04-22,TGZ36,2036-12-01,Dec 2036,127,28.043
2026-04-22,TGF37,2037-01-01,Jan 2037,128,28.328
2026-04-22,TGG37,2037-02-01,Feb 2037,129,28.233
2026-04-22,TGH37,2037-03-01,Mar 2037,130,28.053
2026-04-22,TGJ37,2037-04-01,Apr 2037,131,27.613
2026-04-22,TGK37,2037-05-01,May 2037,132,27.143
2026-04-22,TGM37,2037-06-01,Jun 2037,133,26.843
2026-04-22,TGN37,2037-07-01,Jul 2037,134,26.643
2026-04-22,TGQ37,2037-08-01,Aug 2037,135,27.043
2026-04-22,TGU37,2037-09-01,Sep 2037,136,27.438
2026-04-22,TGV37,2037-10-01,Oct 2037,137,28.038
2026-04-22,TGX37,2037-11-01,Nov 2037,138,28.548
2026-04-22,TGZ37,2037-12-01,Dec 2037,139,28.723
2026-04-23,TGK26,2026-05-01,May 2026,0,45.4
2026-04-23,TGM26,2026-06-01,Jun 2026,1,45.34
2026-04-23,TGN26,2026-07-01,Jul 2026,2,45.495
2026-04-23,TGQ26,2026-08-01,Aug 2026,3,45.35
2026-04-23,TGU26,2026-09-01,Sep 2026,4,45.39
2026-04-23,TGV26,2026-10-01,Oct 2026,5,45.13
2026-04-23,TGX26,2026-11-01,Nov 2026,6,44.865
2026-04-23,TGZ26,2026-12-01,Dec 2026,7,44.75
2026-04-23,TGF27,2027-01-01,Jan 2027,8,44.275
2026-04-23,TGG27,2027-02-01,Feb 2027,9,43.845
2026-04-23,TGH27,2027-03-01,Mar 2027,10,41.565
2026-04-23,TGJ27,2027-04-01,Apr 2027,11,37.13
2026-04-23,TGK27,2027-05-01,May 2027,12,34.877
2026-04-23,TGM27,2027-06-01,Jun 2027,13,34.137
2026-04-23,TGN27,2027-07-01,Jul 2027,14,33.831
2026-04-23,TGQ27,2027-08-01,Aug 2027,15,34.0
2026-04-23,TGU27,2027-09-01,Sep 2027,16,33.966
2026-04-23,TGV27,2027-10-01,Oct 2027,17,34.053
2026-04-23,TGX27,2027-11-01,Nov 2027,18,33.908
2026-04-23,TGZ27,2027-12-01,Dec 2027,19,34.378
2026-04-23,TGF28,2028-01-01,Jan 2028,20,34.185
2026-04-23,TGG28,2028-02-01,Feb 2028,21,33.549
2026-04-23,TGH28,2028-03-01,Mar 2028,22,31.638
2026-04-23,TGJ28,2028-04-01,Apr 2028,23,27.64
2026-04-23,TGK28,2028-05-01,May 2028,24,26.32
2026-04-23,TGM28,2028-06-01,Jun 2028,25,25.73
2026-04-23,TGN28,2028-07-01,Jul 2028,26,25.757
2026-04-23,TGQ28,2028-08-01,Aug 2028,27,25.628
2026-04-23,TGU28,2028-09-01,Sep 2028,28,25.748
2026-04-23,TGV28,2028-10-01,Oct 2028,29,25.744
2026-04-23,TGX28,2028-11-01,Nov 2028,30,26.324
2026-04-23,TGZ28,2028-12-01,Dec 2028,31,27.0
2026-04-23,TGF29,2029-01-01,Jan 2029,32,26.832
2026-04-23,TGG29,2029-02-01,Feb 2029,33,26.692
2026-04-23,TGH29,2029-03-01,Mar 2029,34,26.437
2026-04-23,TGJ29,2029-04-01,Apr 2029,35,23.092
2026-04-23,TGK29,2029-05-01,May 2029,36,22.582
2026-04-23,TGM29,2029-06-01,Jun 2029,37,22.132
2026-04-23,TGN29,2029-07-01,Jul 2029,38,22.245
2026-04-23,TGQ29,2029-08-01,Aug 2029,39,22.315
2026-04-23,TGU29,2029-09-01,Sep 2029,40,22.96
2026-04-23,TGV29,2029-10-01,Oct 2029,41,22.845
2026-04-23,TGX29,2029-11-01,Nov 2029,42,23.26
2026-04-23,TGZ29,2029-12-01,Dec 2029,43,23.53
2026-04-23,TGF30,2030-01-01,Jan 2030,44,23.881
2026-04-23,TGG30,2030-02-01,Feb 2030,45,23.866
2026-04-23,TGH30,2030-03-01,Mar 2030,46,23.866
2026-04-23,TGJ30,2030-04-01,Apr 2030,47,22.373
2026-04-23,TGK30,2030-05-01,May 2030,48,21.973
2026-04-23,TGM30,2030-06-01,Jun 2030,49,21.503
2026-04-23,TGN30,2030-07-01,Jul 2030,50,20.563
2026-04-23,TGQ30,2030-08-01,Aug 2030,51,20.928
2026-04-23,TGU30,2030-09-01,Sep 2030,52,21.608
2026-04-23,TGV30,2030-10-01,Oct 2030,53,22.622
2026-04-23,TGX30,2030-11-01,Nov 2030,54,23.387
2026-04-23,TGZ30,2030-12-01,Dec 2030,55,23.822
2026-04-23,TGF31,2031-01-01,Jan 2031,56,23.707
2026-04-23,TGG31,2031-02-01,Feb 2031,57,23.517
2026-04-23,TGH31,2031-03-01,Mar 2031,58,23.272
2026-04-23,TGJ31,2031-04-01,Apr 2031,59,22.393
2026-04-23,TGK31,2031-05-01,May 2031,60,21.918
2026-04-23,TGM31,2031-06-01,Jun 2031,61,21.653
2026-04-23,TGN31,2031-07-01,Jul 2031,62,21.498
2026-04-23,TGQ31,2031-08-01,Aug 2031,63,21.688
2026-04-23,TGU31,2031-09-01,Sep 2031,64,22.183
2026-04-23,TGV31,2031-10-01,Oct 2031,65,23.173
2026-04-23,TGX31,2031-11-01,Nov 2031,66,23.873
2026-04-23,TGZ31,2031-12-01,Dec 2031,67,24.278
2026-04-23,TGF32,2032-01-01,Jan 2032,68,23.278
2026-04-23,TGG32,2032-02-01,Feb 2032,69,23.343
2026-04-23,TGH32,2032-03-01,Mar 2032,70,23.443
2026-04-23,TGJ32,2032-04-01,Apr 2032,71,23.748
2026-04-23,TGK32,2032-05-01,May 2032,72,23.428
2026-04-23,TGM32,2032-06-01,Jun 2032,73,22.878
2026-04-23,TGN32,2032-07-01,Jul 2032,74,22.528
2026-04-23,TGQ32,2032-08-01,Aug 2032,75,22.973
2026-04-23,TGU32,2032-09-01,Sep 2032,76,23.513
2026-04-23,TGV32,2032-10-01,Oct 2032,77,24.308
2026-04-23,TGX32,2032-11-01,Nov 2032,78,24.658
2026-04-23,TGZ32,2032-12-01,Dec 2032,79,24.833
2026-04-23,TGF33,2033-01-01,Jan 2033,80,25.033
2026-04-23,TGG33,2033-02-01,Feb 2033,81,24.923
2026-04-23,TGH33,2033-03-01,Mar 2033,82,24.738
2026-04-23,TGJ33,2033-04-01,Apr 2033,83,24.393
2026-04-23,TGK33,2033-05-01,May 2033,84,23.938
2026-04-23,TGM33,2033-06-01,Jun 2033,85,23.588
2026-04-23,TGN33,2033-07-01,Jul 2033,86,23.313
2026-04-23,TGQ33,2033-08-01,Aug 2033,87,23.763
2026-04-23,TGU33,2033-09-01,Sep 2033,88,24.158
2026-04-23,TGV33,2033-10-01,Oct 2033,89,24.758
2026-04-23,TGX33,2033-11-01,Nov 2033,90,25.258
2026-04-23,TGZ33,2033-12-01,Dec 2033,91,25.433
2026-04-23,TGF34,2034-01-01,Jan 2034,92,25.718
2026-04-23,TGG34,2034-02-01,Feb 2034,93,25.623
2026-04-23,TGH34,2034-03-01,Mar 2034,94,25.443
2026-04-23,TGJ34,2034-04-01,Apr 2034,95,25.293
2026-04-23,TGK34,2034-05-01,May 2034,96,24.793
2026-04-23,TGM34,2034-06-01,Jun 2034,97,24.493
2026-04-23,TGN34,2034-07-01,Jul 2034,98,24.293
2026-04-23,TGQ34,2034-08-01,Aug 2034,99,24.693
2026-04-23,TGU34,2034-09-01,Sep 2034,100,25.088
2026-04-23,TGV34,2034-10-01,Oct 2034,101,25.688
2026-04-23,TGX34,2034-11-01,Nov 2034,102,26.198
2026-04-23,TGZ34,2034-12-01,Dec 2034,103,26.373
2026-04-23,TGF35,2035-01-01,Jan 2035,104,26.658
2026-04-23,TGG35,2035-02-01,Feb 2035,105,26.563
2026-04-23,TGH35,2035-03-01,Mar 2035,106,26.383
2026-04-23,TGJ35,2035-04-01,Apr 2035,107,26.133
2026-04-23,TGK35,2035-05-01,May 2035,108,25.723
2026-04-23,TGM35,2035-06-01,Jun 2035,109,25.423
2026-04-23,TGN35,2035-07-01,Jul 2035,110,25.223
2026-04-23,TGQ35,2035-08-01,Aug 2035,111,25.623
2026-04-23,TGU35,2035-09-01,Sep 2035,112,26.018
2026-04-23,TGV35,2035-10-01,Oct 2035,113,26.618
2026-04-23,TGX35,2035-11-01,Nov 2035,114,27.128
2026-04-23,TGZ35,2035-12-01,Dec 2035,115,27.303
2026-04-23,TGF36,2036-01-01,Jan 2036,116,27.588
2026-04-23,TGG36,2036-02-01,Feb 2036,117,27.493
2026-04-23,TGH36,2036-03-01,Mar 2036,118,27.313
2026-04-23,TGJ36,2036-04-01,Apr 2036,119,26.973
2026-04-23,TGK36,2036-05-01,May 2036,120,26.523
2026-04-23,TGM36,2036-06-01,Jun 2036,121,26.223
2026-04-23,TGN36,2036-07-01,Jul 2036,122,26.023
2026-04-23,TGQ36,2036-08-01,Aug 2036,123,26.423
2026-04-23,TGU36,2036-09-01,Sep 2036,124,26.818
2026-04-23,TGV36,2036-10-01,Oct 2036,125,27.418
2026-04-23,TGX36,2036-11-01,Nov 2036,126,27.928
2026-04-23,TGZ36,2036-12-01,Dec 2036,127,28.103
2026-04-23,TGF37,2037-01-01,Jan 2037,128,28.388
2026-04-23,TGG37,2037-02-01,Feb 2037,129,28.293
2026-04-23,TGH37,2037-03-01,Mar 2037,130,28.113
2026-04-23,TGJ37,2037-04-01,Apr 2037,131,27.673
2026-04-23,TGK37,2037-05-01,May 2037,132,27.203
2026-04-23,TGM37,2037-06-01,Jun 2037,133,26.903
2026-04-23,TGN37,2037-07-01,Jul 2037,134,26.703
2026-04-23,TGQ37,2037-08-01,Aug 2037,135,27.103
2026-04-23,TGU37,2037-09-01,Sep 2037,136,27.498
2026-04-23,TGV37,2037-10-01,Oct 2037,137,28.098
2026-04-23,TGX37,2037-11-01,Nov 2037,138,28.608
2026-04-23,TGZ37,2037-12-01,Dec 2037,139,28.783
2026-04-24,TGK26,2026-05-01,May 2026,0,44.5
2026-04-24,TGM26,2026-06-01,Jun 2026,1,44.485
2026-04-24,TGN26,2026-07-01,Jul 2026,2,44.48
2026-04-24,TGQ26,2026-08-01,Aug 2026,3,44.545
2026-04-24,TGU26,2026-09-01,Sep 2026,4,44.62
2026-04-24,TGV26,2026-10-01,Oct 2026,5,44.425
2026-04-24,TGX26,2026-11-01,Nov 2026,6,44.165
2026-04-24,TGZ26,2026-12-01,Dec 2026,7,44.2
2026-04-24,TGF27,2027-01-01,Jan 2027,8,44.0
2026-04-24,TGG27,2027-02-01,Feb 2027,9,43.54
2026-04-24,TGH27,2027-03-01,Mar 2027,10,42.43
2026-04-24,TGJ27,2027-04-01,Apr 2027,11,37.47
2026-04-24,TGK27,2027-05-01,May 2027,12,36.055
2026-04-24,TGM27,2027-06-01,Jun 2027,13,35.177
2026-04-24,TGN27,2027-07-01,Jul 2027,14,34.2
2026-04-24,TGQ27,2027-08-01,Aug 2027,15,33.5
2026-04-24,TGU27,2027-09-01,Sep 2027,16,35.002
2026-04-24,TGV27,2027-10-01,Oct 2027,17,35.12
2026-04-24,TGX27,2027-11-01,Nov 2027,18,34.975
2026-04-24,TGZ27,2027-12-01,Dec 2027,19,35.458
2026-04-24,TGF28,2028-01-01,Jan 2028,20,35.293
2026-04-24,TGG28,2028-02-01,Feb 2028,21,34.653
2026-04-24,TGH28,2028-03-01,Mar 2028,22,32.743
2026-04-24,TGJ28,2028-04-01,Apr 2028,23,28.558
2026-04-24,TGK28,2028-05-01,May 2028,24,27.238
2026-04-24,TGM28,2028-06-01,Jun 2028,25,26.648
2026-04-24,TGN28,2028-07-01,Jul 2028,26,26.673
2026-04-24,TGQ28,2028-08-01,Aug 2028,27,26.544
2026-04-24,TGU28,2028-09-01,Sep 2028,28,26.669
2026-04-24,TGV28,2028-10-01,Oct 2028,29,26.759
2026-04-24,TGX28,2028-11-01,Nov 2028,30,27.169
2026-04-24,TGZ28,2028-12-01,Dec 2028,31,27.379
2026-04-24,TGF29,2029-01-01,Jan 2029,32,27.704
2026-04-24,TGG29,2029-02-01,Feb 2029,33,27.564
2026-04-24,TGH29,2029-03-01,Mar 2029,34,27.314
2026-04-24,TGJ29,2029-04-01,Apr 2029,35,23.513
2026-04-24,TGK29,2029-05-01,May 2029,36,23.008
2026-04-24,TGM29,2029-06-01,Jun 2029,37,22.558
2026-04-24,TGN29,2029-07-01,Jul 2029,38,22.618
2026-04-24,TGQ29,2029-08-01,Aug 2029,39,22.688
2026-04-24,TGU29,2029-09-01,Sep 2029,40,23.338
2026-04-24,TGV29,2029-10-01,Oct 2029,41,23.268
2026-04-24,TGX29,2029-11-01,Nov 2029,42,23.683
2026-04-24,TGZ29,2029-12-01,Dec 2029,43,23.953
2026-04-24,TGF30,2030-01-01,Jan 2030,44,24.122
2026-04-24,TGG30,2030-02-01,Feb 2030,45,24.114
2026-04-24,TGH30,2030-03-01,Mar 2030,46,24.13
2026-04-24,TGJ30,2030-04-01,Apr 2030,47,22.507
2026-04-24,TGK30,2030-05-01,May 2030,48,22.113
2026-04-24,TGM30,2030-06-01,Jun 2030,49,21.643
2026-04-24,TGN30,2030-07-01,Jul 2030,50,20.703
2026-04-24,TGQ30,2030-08-01,Aug 2030,51,21.069
2026-04-24,TGU30,2030-09-01,Sep 2030,52,21.749
2026-04-24,TGV30,2030-10-01,Oct 2030,53,22.758
2026-04-24,TGX30,2030-11-01,Nov 2030,54,23.532
2026-04-24,TGZ30,2030-12-01,Dec 2030,55,23.969
2026-04-24,TGF31,2031-01-01,Jan 2031,56,23.825
2026-04-24,TGG31,2031-02-01,Feb 2031,57,23.635
2026-04-24,TGH31,2031-03-01,Mar 2031,58,23.395
2026-04-24,TGJ31,2031-04-01,Apr 2031,59,22.474
2026-04-24,TGK31,2031-05-01,May 2031,60,21.999
2026-04-24,TGM31,2031-06-01,Jun 2031,61,21.734
2026-04-24,TGN31,2031-07-01,Jul 2031,62,21.579
2026-04-24,TGQ31,2031-08-01,Aug 2031,63,21.769
2026-04-24,TGU31,2031-09-01,Sep 2031,64,22.264
2026-04-24,TGV31,2031-10-01,Oct 2031,65,23.254
2026-04-24,TGX31,2031-11-01,Nov 2031,66,23.954
2026-04-24,TGZ31,2031-12-01,Dec 2031,67,24.359
2026-04-24,TGF32,2032-01-01,Jan 2032,68,23.359
2026-04-24,TGG32,2032-02-01,Feb 2032,69,23.424
2026-04-24,TGH32,2032-03-01,Mar 2032,70,23.524
2026-04-24,TGJ32,2032-04-01,Apr 2032,71,23.829
2026-04-24,TGK32,2032-05-01,May 2032,72,23.509
2026-04-24,TGM32,2032-06-01,Jun 2032,73,22.959
2026-04-24,TGN32,2032-07-01,Jul 2032,74,22.609
2026-04-24,TGQ32,2032-08-01,Aug 2032,75,23.054
2026-04-24,TGU32,2032-09-01,Sep 2032,76,23.594
2026-04-24,TGV32,2032-10-01,Oct 2032,77,24.389
2026-04-24,TGX32,2032-11-01,Nov 2032,78,24.739
2026-04-24,TGZ32,2032-12-01,Dec 2032,79,24.914
2026-04-24,TGF33,2033-01-01,Jan 2033,80,25.114
2026-04-24,TGG33,2033-02-01,Feb 2033,81,25.004
2026-04-24,TGH33,2033-03-01,Mar 2033,82,24.819
2026-04-24,TGJ33,2033-04-01,Apr 2033,83,24.474
2026-04-24,TGK33,2033-05-01,May 2033,84,24.019
2026-04-24,TGM33,2033-06-01,Jun 2033,85,23.669
2026-04-24,TGN33,2033-07-01,Jul 2033,86,23.394
2026-04-24,TGQ33,2033-08-01,Aug 2033,87,23.844
2026-04-24,TGU33,2033-09-01,Sep 2033,88,24.239
2026-04-24,TGV33,2033-10-01,Oct 2033,89,24.839
2026-04-24,TGX33,2033-11-01,Nov 2033,90,25.339
2026-04-24,TGZ33,2033-12-01,Dec 2033,91,25.514
2026-04-24,TGF34,2034-01-01,Jan 2034,92,25.799
2026-04-24,TGG34,2034-02-01,Feb 2034,93,25.704
2026-04-24,TGH34,2034-03-01,Mar 2034,94,25.524
2026-04-24,TGJ34,2034-04-01,Apr 2034,95,25.374
2026-04-24,TGK34,2034-05-01,May 2034,96,24.874
2026-04-24,TGM34,2034-06-01,Jun 2034,97,24.574
2026-04-24,TGN34,2034-07-01,Jul 2034,98,24.374
2026-04-24,TGQ34,2034-08-01,Aug 2034,99,24.774
2026-04-24,TGU34,2034-09-01,Sep 2034,100,25.169
2026-04-24,TGV34,2034-10-01,Oct 2034,101,25.769
2026-04-24,TGX34,2034-11-01,Nov 2034,102,26.279
2026-04-24,TGZ34,2034-12-01,Dec 2034,103,26.454
2026-04-24,TGF35,2035-01-01,Jan 2035,104,26.739
2026-04-24,TGG35,2035-02-01,Feb 2035,105,26.644
2026-04-24,TGH35,2035-03-01,Mar 2035,106,26.464
2026-04-24,TGJ35,2035-04-01,Apr 2035,107,26.214
2026-04-24,TGK35,2035-05-01,May 2035,108,25.804
2026-04-24,TGM35,2035-06-01,Jun 2035,109,25.504
2026-04-24,TGN35,2035-07-01,Jul 2035,110,25.304
2026-04-24,TGQ35,2035-08-01,Aug 2035,111,25.704
2026-04-24,TGU35,2035-09-01,Sep 2035,112,26.099
2026-04-24,TGV35,2035-10-01,Oct 2035,113,26.699
2026-04-24,TGX35,2035-11-01,Nov 2035,114,27.209
2026-04-24,TGZ35,2035-12-01,Dec 2035,115,27.384
2026-04-24,TGF36,2036-01-01,Jan 2036,116,27.669
2026-04-24,TGG36,2036-02-01,Feb 2036,117,27.574
2026-04-24,TGH36,2036-03-01,Mar 2036,118,27.394
2026-04-24,TGJ36,2036-04-01,Apr 2036,119,27.054
2026-04-24,TGK36,2036-05-01,May 2036,120,26.604
2026-04-24,TGM36,2036-06-01,Jun 2036,121,26.304
2026-04-24,TGN36,2036-07-01,Jul 2036,122,26.104
2026-04-24,TGQ36,2036-08-01,Aug 2036,123,26.504
2026-04-24,TGU36,2036-09-01,Sep 2036,124,26.899
2026-04-24,TGV36,2036-10-01,Oct 2036,125,27.499
2026-04-24,TGX36,2036-11-01,Nov 2036,126,28.009
2026-04-24,TGZ36,2036-12-01,Dec 2036,127,28.184
2026-04-24,TGF37,2037-01-01,Jan 2037,128,28.469
2026-04-24,TGG37,2037-02-01,Feb 2037,129,28.374
2026-04-24,TGH37,2037-03-01,Mar 2037,130,28.194
2026-04-24,TGJ37,2037-04-01,Apr 2037,131,27.754
2026-04-24,TGK37,2037-05-01,May 2037,132,27.284
2026-04-24,TGM37,2037-06-01,Jun 2037,133,26.984
2026-04-24,TGN37,2037-07-01,Jul 2037,134,26.784
2026-04-24,TGQ37,2037-08-01,Aug 2037,135,27.184
2026-04-24,TGU37,2037-09-01,Sep 2037,136,27.579
2026-04-24,TGV37,2037-10-01,Oct 2037,137,28.179
2026-04-24,TGX37,2037-11-01,Nov 2037,138,28.689
2026-04-24,TGZ37,2037-12-01,Dec 2037,139,28.864
2026-04-25,TGK26,2026-05-01,May 2026,0,44.861
2026-04-25,TGM26,2026-06-01,Jun 2026,1,44.836
2026-04-25,TGN26,2026-07-01,Jul 2026,2,44.882
2026-04-25,TGQ26,2026-08-01,Aug 2026,3,44.882
2026-04-25,TGU26,2026-09-01,Sep 2026,4,44.956
2026-04-25,TGV26,2026-10-01,Oct 2026,5,44.788
2026-04-25,TGX26,2026-11-01,Nov 2026,6,44.504
2026-04-25,TGZ26,2026-12-01,Dec 2026,7,44.576
2026-04-25,TGF27,2027-01-01,Jan 2027,8,44.476
2026-04-25,TGG27,2027-02-01,Feb 2027,9,44.132
2026-04-25,TGH27,2027-03-01,Mar 2027,10,42.662
2026-04-25,TGJ27,2027-04-01,Apr 2027,11,37.491
2026-04-25,TGK27,2027-05-01,May 2027,12,35.911
2026-04-25,TGM27,2027-06-01,Jun 2027,13,35.177
2026-04-25,TGN27,2027-07-01,Jul 2027,14,34.882
2026-04-25,TGQ27,2027-08-01,Aug 2027,15,35.062
2026-04-25,TGU27,2027-09-01,Sep 2027,16,35.002
2026-04-25,TGV27,2027-10-01,Oct 2027,17,35.12
2026-04-25,TGX27,2027-11-01,Nov 2027,18,34.975
2026-04-25,TGZ27,2027-12-01,Dec 2027,19,35.458
2026-04-25,TGF28,2028-01-01,Jan 2028,20,35.293
2026-04-25,TGG28,2028-02-01,Feb 2028,21,34.653
2026-04-25,TGH28,2028-03-01,Mar 2028,22,32.743
2026-04-25,TGJ28,2028-04-01,Apr 2028,23,28.558
2026-04-25,TGK28,2028-05-01,May 2028,24,27.238
2026-04-25,TGM28,2028-06-01,Jun 2028,25,26.648
2026-04-25,TGN28,2028-07-01,Jul 2028,26,26.673
2026-04-25,TGQ28,2028-08-01,Aug 2028,27,26.544
2026-04-25,TGU28,2028-09-01,Sep 2028,28,26.669
2026-04-25,TGV28,2028-10-01,Oct 2028,29,26.759
2026-04-25,TGX28,2028-11-01,Nov 2028,30,27.169
2026-04-25,TGZ28,2028-12-01,Dec 2028,31,27.379
2026-04-25,TGF29,2029-01-01,Jan 2029,32,27.704
2026-04-25,TGG29,2029-02-01,Feb 2029,33,27.564
2026-04-25,TGH29,2029-03-01,Mar 2029,34,27.314
2026-04-25,TGJ29,2029-04-01,Apr 2029,35,23.513
2026-04-25,TGK29,2029-05-01,May 2029,36,23.008
2026-04-25,TGM29,2029-06-01,Jun 2029,37,22.558
2026-04-25,TGN29,2029-07-01,Jul 2029,38,22.618
2026-04-25,TGQ29,2029-08-01,Aug 2029,39,22.688
2026-04-25,TGU29,2029-09-01,Sep 2029,40,23.338
2026-04-25,TGV29,2029-10-01,Oct 2029,41,23.268
2026-04-25,TGX29,2029-11-01,Nov 2029,42,23.683
2026-04-25,TGZ29,2029-12-01,Dec 2029,43,23.953
2026-04-25,TGF30,2030-01-01,Jan 2030,44,24.122
2026-04-25,TGG30,2030-02-01,Feb 2030,45,24.114
2026-04-25,TGH30,2030-03-01,Mar 2030,46,24.13
2026-04-25,TGJ30,2030-04-01,Apr 2030,47,22.507
2026-04-25,TGK30,2030-05-01,May 2030,48,22.113
2026-04-25,TGM30,2030-06-01,Jun 2030,49,21.643
2026-04-25,TGN30,2030-07-01,Jul 2030,50,20.703
2026-04-25,TGQ30,2030-08-01,Aug 2030,51,21.069
2026-04-25,TGU30,2030-09-01,Sep 2030,52,21.749
2026-04-25,TGV30,2030-10-01,Oct 2030,53,22.758
2026-04-25,TGX30,2030-11-01,Nov 2030,54,23.532
2026-04-25,TGZ30,2030-12-01,Dec 2030,55,23.969
2026-04-25,TGF31,2031-01-01,Jan 2031,56,23.825
2026-04-25,TGG31,2031-02-01,Feb 2031,57,23.635
2026-04-25,TGH31,2031-03-01,Mar 2031,58,23.395
2026-04-25,TGJ31,2031-04-01,Apr 2031,59,22.474
2026-04-25,TGK31,2031-05-01,May 2031,60,21.999
2026-04-25,TGM31,2031-06-01,Jun 2031,61,21.734
2026-04-25,TGN31,2031-07-01,Jul 2031,62,21.579
2026-04-25,TGQ31,2031-08-01,Aug 2031,63,21.769
2026-04-25,TGU31,2031-09-01,Sep 2031,64,22.264
2026-04-25,TGV31,2031-10-01,Oct 2031,65,23.254
2026-04-25,TGX31,2031-11-01,Nov 2031,66,23.954
2026-04-25,TGZ31,2031-12-01,Dec 2031,67,24.359
2026-04-25,TGF32,2032-01-01,Jan 2032,68,23.359
2026-04-25,TGG32,2032-02-01,Feb 2032,69,23.424
2026-04-25,TGH32,2032-03-01,Mar 2032,70,23.524
2026-04-25,TGJ32,2032-04-01,Apr 2032,71,23.829
2026-04-25,TGK32,2032-05-01,May 2032,72,23.509
2026-04-25,TGM32,2032-06-01,Jun 2032,73,22.959
2026-04-25,TGN32,2032-07-01,Jul 2032,74,22.609
2026-04-25,TGQ32,2032-08-01,Aug 2032,75,23.054
2026-04-25,TGU32,2032-09-01,Sep 2032,76,23.594
2026-04-25,TGV32,2032-10-01,Oct 2032,77,24.389
2026-04-25,TGX32,2032-11-01,Nov 2032,78,24.739
2026-04-25,TGZ32,2032-12-01,Dec 2032,79,24.914
2026-04-25,TGF33,2033-01-01,Jan 2033,80,25.114
2026-04-25,TGG33,2033-02-01,Feb 2033,81,25.004
2026-04-25,TGH33,2033-03-01,Mar 2033,82,24.819
2026-04-25,TGJ33,2033-04-01,Apr 2033,83,24.474
2026-04-25,TGK33,2033-05-01,May 2033,84,24.019
2026-04-25,TGM33,2033-06-01,Jun 2033,85,23.669
2026-04-25,TGN33,2033-07-01,Jul 2033,86,23.394
2026-04-25,TGQ33,2033-08-01,Aug 2033,87,23.844
2026-04-25,TGU33,2033-09-01,Sep 2033,88,24.239
2026-04-25,TGV33,2033-10-01,Oct 2033,89,24.839
2026-04-25,TGX33,2033-11-01,Nov 2033,90,25.339
2026-04-25,TGZ33,2033-12-01,Dec 2033,91,25.514
2026-04-25,TGF34,2034-01-01,Jan 2034,92,25.799
2026-04-25,TGG34,2034-02-01,Feb 2034,93,25.704
2026-04-25,TGH34,2034-03-01,Mar 2034,94,25.524
2026-04-25,TGJ34,2034-04-01,Apr 2034,95,25.374
2026-04-25,TGK34,2034-05-01,May 2034,96,24.874
2026-04-25,TGM34,2034-06-01,Jun 2034,97,24.574
2026-04-25,TGN34,2034-07-01,Jul 2034,98,24.374
2026-04-25,TGQ34,2034-08-01,Aug 2034,99,24.774
2026-04-25,TGU34,2034-09-01,Sep 2034,100,25.169
2026-04-25,TGV34,2034-10-01,Oct 2034,101,25.769
2026-04-25,TGX34,2034-11-01,Nov 2034,102,26.279
2026-04-25,TGZ34,2034-12-01,Dec 2034,103,26.454
2026-04-25,TGF35,2035-01-01,Jan 2035,104,26.739
2026-04-25,TGG35,2035-02-01,Feb 2035,105,26.644
2026-04-25,TGH35,2035-03-01,Mar 2035,106,26.464
2026-04-25,TGJ35,2035-04-01,Apr 2035,107,26.214
2026-04-25,TGK35,2035-05-01,May 2035,108,25.804
2026-04-25,TGM35,2035-06-01,Jun 2035,109,25.504
2026-04-25,TGN35,2035-07-01,Jul 2035,110,25.304
2026-04-25,TGQ35,2035-08-01,Aug 2035,111,25.704
2026-04-25,TGU35,2035-09-01,Sep 2035,112,26.099
2026-04-25,TGV35,2035-10-01,Oct 2035,113,26.699
2026-04-25,TGX35,2035-11-01,Nov 2035,114,27.209
2026-04-25,TGZ35,2035-12-01,Dec 2035,115,27.384
2026-04-25,TGF36,2036-01-01,Jan 2036,116,27.669
2026-04-25,TGG36,2036-02-01,Feb 2036,117,27.574
2026-04-25,TGH36,2036-03-01,Mar 2036,118,27.394
2026-04-25,TGJ36,2036-04-01,Apr 2036,119,27.054
2026-04-25,TGK36,2036-05-01,May 2036,120,26.604
2026-04-25,TGM36,2036-06-01,Jun 2036,121,26.304
2026-04-25,TGN36,2036-07-01,Jul 2036,122,26.104
2026-04-25,TGQ36,2036-08-01,Aug 2036,123,26.504
2026-04-25,TGU36,2036-09-01,Sep 2036,124,26.899
2026-04-25,TGV36,2036-10-01,Oct 2036,125,27.499
2026-04-25,TGX36,2036-11-01,Nov 2036,126,28.009
2026-04-25,TGZ36,2036-12-01,Dec 2036,127,28.184
2026-04-25,TGF37,2037-01-01,Jan 2037,128,28.469
2026-04-25,TGG37,2037-02-01,Feb 2037,129,28.374
2026-04-25,TGH37,2037-03-01,Mar 2037,130,28.194
2026-04-25,TGJ37,2037-04-01,Apr 2037,131,27.754
2026-04-25,TGK37,2037-05-01,May 2037,132,27.284
2026-04-25,TGM37,2037-06-01,Jun 2037,133,26.984
2026-04-25,TGN37,2037-07-01,Jul 2037,134,26.784
2026-04-25,TGQ37,2037-08-01,Aug 2037,135,27.184
2026-04-25,TGU37,2037-09-01,Sep 2037,136,27.579
2026-04-25,TGV37,2037-10-01,Oct 2037,137,28.179
2026-04-25,TGX37,2037-11-01,Nov 2037,138,28.689
2026-04-25,TGZ37,2037-12-01,Dec 2037,139,28.864
2026-04-26,TGK26,2026-05-01,May 2026,0,44.861
2026-04-26,TGM26,2026-06-01,Jun 2026,1,44.836
2026-04-26,TGN26,2026-07-01,Jul 2026,2,44.882
2026-04-26,TGQ26,2026-08-01,Aug 2026,3,44.882
2026-04-26,TGU26,2026-09-01,Sep 2026,4,44.956
2026-04-26,TGV26,2026-10-01,Oct 2026,5,44.788
2026-04-26,TGX26,2026-11-01,Nov 2026,6,44.504
2026-04-26,TGZ26,2026-12-01,Dec 2026,7,44.576
2026-04-26,TGF27,2027-01-01,Jan 2027,8,44.476
2026-04-26,TGG27,2027-02-01,Feb 2027,9,44.132
2026-04-26,TGH27,2027-03-01,Mar 2027,10,42.662
2026-04-26,TGJ27,2027-04-01,Apr 2027,11,37.491
2026-04-26,TGK27,2027-05-01,May 2027,12,35.911
2026-04-26,TGM27,2027-06-01,Jun 2027,13,35.177
2026-04-26,TGN27,2027-07-01,Jul 2027,14,34.882
2026-04-26,TGQ27,2027-08-01,Aug 2027,15,35.062
2026-04-26,TGU27,2027-09-01,Sep 2027,16,35.002
2026-04-26,TGV27,2027-10-01,Oct 2027,17,35.12
2026-04-26,TGX27,2027-11-01,Nov 2027,18,34.975
2026-04-26,TGZ27,2027-12-01,Dec 2027,19,35.458
2026-04-26,TGF28,2028-01-01,Jan 2028,20,35.293
2026-04-26,TGG28,2028-02-01,Feb 2028,21,34.653
2026-04-26,TGH28,2028-03-01,Mar 2028,22,32.743
2026-04-26,TGJ28,2028-04-01,Apr 2028,23,28.558
2026-04-26,TGK28,2028-05-01,May 2028,24,27.238
2026-04-26,TGM28,2028-06-01,Jun 2028,25,26.648
2026-04-26,TGN28,2028-07-01,Jul 2028,26,26.673
2026-04-26,TGQ28,2028-08-01,Aug 2028,27,26.544
2026-04-26,TGU28,2028-09-01,Sep 2028,28,26.669
2026-04-26,TGV28,2028-10-01,Oct 2028,29,26.759
2026-04-26,TGX28,2028-11-01,Nov 2028,30,27.169
2026-04-26,TGZ28,2028-12-01,Dec 2028,31,27.379
2026-04-26,TGF29,2029-01-01,Jan 2029,32,27.704
2026-04-26,TGG29,2029-02-01,Feb 2029,33,27.564
2026-04-26,TGH29,2029-03-01,Mar 2029,34,27.314
2026-04-26,TGJ29,2029-04-01,Apr 2029,35,23.513
2026-04-26,TGK29,2029-05-01,May 2029,36,23.008
2026-04-26,TGM29,2029-06-01,Jun 2029,37,22.558
2026-04-26,TGN29,2029-07-01,Jul 2029,38,22.618
2026-04-26,TGQ29,2029-08-01,Aug 2029,39,22.688
2026-04-26,TGU29,2029-09-01,Sep 2029,40,23.338
2026-04-26,TGV29,2029-10-01,Oct 2029,41,23.268
2026-04-26,TGX29,2029-11-01,Nov 2029,42,23.683
2026-04-26,TGZ29,2029-12-01,Dec 2029,43,23.953
2026-04-26,TGF30,2030-01-01,Jan 2030,44,24.122
2026-04-26,TGG30,2030-02-01,Feb 2030,45,24.114
2026-04-26,TGH30,2030-03-01,Mar 2030,46,24.13
2026-04-26,TGJ30,2030-04-01,Apr 2030,47,22.507
2026-04-26,TGK30,2030-05-01,May 2030,48,22.113
2026-04-26,TGM30,2030-06-01,Jun 2030,49,21.643
2026-04-26,TGN30,2030-07-01,Jul 2030,50,20.703
2026-04-26,TGQ30,2030-08-01,Aug 2030,51,21.069
2026-04-26,TGU30,2030-09-01,Sep 2030,52,21.749
2026-04-26,TGV30,2030-10-01,Oct 2030,53,22.758
2026-04-26,TGX30,2030-11-01,Nov 2030,54,23.532
2026-04-26,TGZ30,2030-12-01,Dec 2030,55,23.969
2026-04-26,TGF31,2031-01-01,Jan 2031,56,23.825
2026-04-26,TGG31,2031-02-01,Feb 2031,57,23.635
2026-04-26,TGH31,2031-03-01,Mar 2031,58,23.395
2026-04-26,TGJ31,2031-04-01,Apr 2031,59,22.474
2026-04-26,TGK31,2031-05-01,May 2031,60,21.999
2026-04-26,TGM31,2031-06-01,Jun 2031,61,21.734
2026-04-26,TGN31,2031-07-01,Jul 2031,62,21.579
2026-04-26,TGQ31,2031-08-01,Aug 2031,63,21.769
2026-04-26,TGU31,2031-09-01,Sep 2031,64,22.264
2026-04-26,TGV31,2031-10-01,Oct 2031,65,23.254
2026-04-26,TGX31,2031-11-01,Nov 2031,66,23.954
2026-04-26,TGZ31,2031-12-01,Dec 2031,67,24.359
2026-04-26,TGF32,2032-01-01,Jan 2032,68,23.359
2026-04-26,TGG32,2032-02-01,Feb 2032,69,23.424
2026-04-26,TGH32,2032-03-01,Mar 2032,70,23.524
2026-04-26,TGJ32,2032-04-01,Apr 2032,71,23.829
2026-04-26,TGK32,2032-05-01,May 2032,72,23.509
2026-04-26,TGM32,2032-06-01,Jun 2032,73,22.959
2026-04-26,TGN32,2032-07-01,Jul 2032,74,22.609
2026-04-26,TGQ32,2032-08-01,Aug 2032,75,23.054
2026-04-26,TGU32,2032-09-01,Sep 2032,76,23.594
2026-04-26,TGV32,2032-10-01,Oct 2032,77,24.389
2026-04-26,TGX32,2032-11-01,Nov 2032,78,24.739
2026-04-26,TGZ32,2032-12-01,Dec 2032,79,24.914
2026-04-26,TGF33,2033-01-01,Jan 2033,80,25.114
2026-04-26,TGG33,2033-02-01,Feb 2033,81,25.004
2026-04-26,TGH33,2033-03-01,Mar 2033,82,24.819
2026-04-26,TGJ33,2033-04-01,Apr 2033,83,24.474
2026-04-26,TGK33,2033-05-01,May 2033,84,24.019
2026-04-26,TGM33,2033-06-01,Jun 2033,85,23.669
2026-04-26,TGN33,2033-07-01,Jul 2033,86,23.394
2026-04-26,TGQ33,2033-08-01,Aug 2033,87,23.844
2026-04-26,TGU33,2033-09-01,Sep 2033,88,24.239
2026-04-26,TGV33,2033-10-01,Oct 2033,89,24.839
2026-04-26,TGX33,2033-11-01,Nov 2033,90,25.339
2026-04-26,TGZ33,2033-12-01,Dec 2033,91,25.514
2026-04-26,TGF34,2034-01-01,Jan 2034,92,25.799
2026-04-26,TGG34,2034-02-01,Feb 2034,93,25.704
2026-04-26,TGH34,2034-03-01,Mar 2034,94,25.524
2026-04-26,TGJ34,2034-04-01,Apr 2034,95,25.374
2026-04-26,TGK34,2034-05-01,May 2034,96,24.874
2026-04-26,TGM34,2034-06-01,Jun 2034,97,24.574
2026-04-26,TGN34,2034-07-01,Jul 2034,98,24.374
2026-04-26,TGQ34,2034-08-01,Aug 2034,99,24.774
2026-04-26,TGU34,2034-09-01,Sep 2034,100,25.169
2026-04-26,TGV34,2034-10-01,Oct 2034,101,25.769
2026-04-26,TGX34,2034-11-01,Nov 2034,102,26.279
2026-04-26,TGZ34,2034-12-01,Dec 2034,103,26.454
2026-04-26,TGF35,2035-01-01,Jan 2035,104,26.739
2026-04-26,TGG35,2035-02-01,Feb 2035,105,26.644
2026-04-26,TGH35,2035-03-01,Mar 2035,106,26.464
2026-04-26,TGJ35,2035-04-01,Apr 2035,107,26.214
2026-04-26,TGK35,2035-05-01,May 2035,108,25.804
2026-04-26,TGM35,2035-06-01,Jun 2035,109,25.504
2026-04-26,TGN35,2035-07-01,Jul 2035,110,25.304
2026-04-26,TGQ35,2035-08-01,Aug 2035,111,25.704
2026-04-26,TGU35,2035-09-01,Sep 2035,112,26.099
2026-04-26,TGV35,2035-10-01,Oct 2035,113,26.699
2026-04-26,TGX35,2035-11-01,Nov 2035,114,27.209
2026-04-26,TGZ35,2035-12-01,Dec 2035,115,27.384
2026-04-26,TGF36,2036-01-01,Jan 2036,116,27.669
2026-04-26,TGG36,2036-02-01,Feb 2036,117,27.574
2026-04-26,TGH36,2036-03-01,Mar 2036,118,27.394
2026-04-26,TGJ36,2036-04-01,Apr 2036,119,27.054
2026-04-26,TGK36,2036-05-01,May 2036,120,26.604
2026-04-26,TGM36,2036-06-01,Jun 2036,121,26.304
2026-04-26,TGN36,2036-07-01,Jul 2036,122,26.104
2026-04-26,TGQ36,2036-08-01,Aug 2036,123,26.504
2026-04-26,TGU36,2036-09-01,Sep 2036,124,26.899
2026-04-26,TGV36,2036-10-01,Oct 2036,125,27.499
2026-04-26,TGX36,2036-11-01,Nov 2036,126,28.009
2026-04-26,TGZ36,2036-12-01,Dec 2036,127,28.184
2026-04-26,TGF37,2037-01-01,Jan 2037,128,28.469
2026-04-26,TGG37,2037-02-01,Feb 2037,129,28.374
2026-04-26,TGH37,2037-03-01,Mar 2037,130,28.194
2026-04-26,TGJ37,2037-04-01,Apr 2037,131,27.754
2026-04-26,TGK37,2037-05-01,May 2037,132,27.284
2026-04-26,TGM37,2037-06-01,Jun 2037,133,26.984
2026-04-26,TGN37,2037-07-01,Jul 2037,134,26.784
2026-04-26,TGQ37,2037-08-01,Aug 2037,135,27.184
2026-04-26,TGU37,2037-09-01,Sep 2037,136,27.579
2026-04-26,TGV37,2037-10-01,Oct 2037,137,28.179
2026-04-26,TGX37,2037-11-01,Nov 2037,138,28.689
2026-04-26,TGZ37,2037-12-01,Dec 2037,139,28.864
2026-04-27,TGK26,2026-05-01,May 2026,0,44.265
2026-04-27,TGM26,2026-06-01,Jun 2026,1,44.31
2026-04-27,TGN26,2026-07-01,Jul 2026,2,44.35
2026-04-27,TGQ26,2026-08-01,Aug 2026,3,44.32
2026-04-27,TGU26,2026-09-01,Sep 2026,4,44.405
2026-04-27,TGV26,2026-10-01,Oct 2026,5,44.27
2026-04-27,TGX26,2026-11-01,Nov 2026,6,44.09
2026-04-27,TGZ26,2026-12-01,Dec 2026,7,43.97
2026-04-27,TGF27,2027-01-01,Jan 2027,8,44.0
2026-04-27,TGG27,2027-02-01,Feb 2027,9,43.935
2026-04-27,TGH27,2027-03-01,Mar 2027,10,42.435
2026-04-27,TGJ27,2027-04-01,Apr 2027,11,37.165
2026-04-27,TGK27,2027-05-01,May 2027,12,35.665
2026-04-27,TGM27,2027-06-01,Jun 2027,13,34.765
2026-04-27,TGN27,2027-07-01,Jul 2027,14,34.45
2026-04-27,TGQ27,2027-08-01,Aug 2027,15,34.642
2026-04-27,TGU27,2027-09-01,Sep 2027,16,34.619
2026-04-27,TGV27,2027-10-01,Oct 2027,17,34.65
2026-04-27,TGX27,2027-11-01,Nov 2027,18,34.602
2026-04-27,TGZ27,2027-12-01,Dec 2027,19,35.05
2026-04-27,TGF28,2028-01-01,Jan 2028,20,34.891
2026-04-27,TGG28,2028-02-01,Feb 2028,21,34.246
2026-04-27,TGH28,2028-03-01,Mar 2028,22,32.296
2026-04-27,TGJ28,2028-04-01,Apr 2028,23,28.024
2026-04-27,TGK28,2028-05-01,May 2028,24,26.689
2026-04-27,TGM28,2028-06-01,Jun 2028,25,26.094
2026-04-27,TGN28,2028-07-01,Jul 2028,26,26.119
2026-04-27,TGQ28,2028-08-01,Aug 2028,27,25.989
2026-04-27,TGU28,2028-09-01,Sep 2028,28,26.109
2026-04-27,TGV28,2028-10-01,Oct 2028,29,26.02
2026-04-27,TGX28,2028-11-01,Nov 2028,30,26.595
2026-04-27,TGZ28,2028-12-01,Dec 2028,31,26.975
2026-04-27,TGF29,2029-01-01,Jan 2029,32,27.116
2026-04-27,TGG29,2029-02-01,Feb 2029,33,26.976
2026-04-27,TGH29,2029-03-01,Mar 2029,34,26.721
2026-04-27,TGJ29,2029-04-01,Apr 2029,35,23.396
2026-04-27,TGK29,2029-05-01,May 2029,36,22.886
2026-04-27,TGM29,2029-06-01,Jun 2029,37,22.431
2026-04-27,TGN29,2029-07-01,Jul 2029,38,22.467
2026-04-27,TGQ29,2029-08-01,Aug 2029,39,22.537
2026-04-27,TGU29,2029-09-01,Sep 2029,40,23.182
2026-04-27,TGV29,2029-10-01,Oct 2029,41,23.127
2026-04-27,TGX29,2029-11-01,Nov 2029,42,23.537
2026-04-27,TGZ29,2029-12-01,Dec 2029,43,23.807
2026-04-27,TGF30,2030-01-01,Jan 2030,44,24.014
2026-04-27,TGG30,2030-02-01,Feb 2030,45,23.999
2026-04-27,TGH30,2030-03-01,Mar 2030,46,23.999
2026-04-27,TGJ30,2030-04-01,Apr 2030,47,22.349
2026-04-27,TGK30,2030-05-01,May 2030,48,21.949
2026-04-27,TGM30,2030-06-01,Jun 2030,49,21.479
2026-04-27,TGN30,2030-07-01,Jul 2030,50,20.539
2026-04-27,TGQ30,2030-08-01,Aug 2030,51,20.904
2026-04-27,TGU30,2030-09-01,Sep 2030,52,21.584
2026-04-27,TGV30,2030-10-01,Oct 2030,53,22.44
2026-04-27,TGX30,2030-11-01,Nov 2030,54,23.21
2026-04-27,TGZ30,2030-12-01,Dec 2030,55,23.64
2026-04-27,TGF31,2031-01-01,Jan 2031,56,23.64
2026-04-27,TGG31,2031-02-01,Feb 2031,57,23.45
2026-04-27,TGH31,2031-03-01,Mar 2031,58,23.21
2026-04-27,TGJ31,2031-04-01,Apr 2031,59,22.355
2026-04-27,TGK31,2031-05-01,May 2031,60,21.88
2026-04-27,TGM31,2031-06-01,Jun 2031,61,21.615
2026-04-27,TGN31,2031-07-01,Jul 2031,62,21.46
2026-04-27,TGQ31,2031-08-01,Aug 2031,63,21.65
2026-04-27,TGU31,2031-09-01,Sep 2031,64,22.145
2026-04-27,TGV31,2031-10-01,Oct 2031,65,23.135
2026-04-27,TGX31,2031-11-01,Nov 2031,66,23.835
2026-04-27,TGZ31,2031-12-01,Dec 2031,67,24.24
2026-04-27,TGF32,2032-01-01,Jan 2032,68,23.24
2026-04-27,TGG32,2032-02-01,Feb 2032,69,23.305
2026-04-27,TGH32,2032-03-01,Mar 2032,70,23.405
2026-04-27,TGJ32,2032-04-01,Apr 2032,71,23.9
2026-04-27,TGK32,2032-05-01,May 2032,72,23.58
2026-04-27,TGM32,2032-06-01,Jun 2032,73,23.03
2026-04-27,TGN32,2032-07-01,Jul 2032,74,22.68
2026-04-27,TGQ32,2032-08-01,Aug 2032,75,23.125
2026-04-27,TGU32,2032-09-01,Sep 2032,76,23.665
2026-04-27,TGV32,2032-10-01,Oct 2032,77,24.46
2026-04-27,TGX32,2032-11-01,Nov 2032,78,24.81
2026-04-27,TGZ32,2032-12-01,Dec 2032,79,24.985
2026-04-27,TGF33,2033-01-01,Jan 2033,80,25.185
2026-04-27,TGG33,2033-02-01,Feb 2033,81,25.075
2026-04-27,TGH33,2033-03-01,Mar 2033,82,24.89
2026-04-27,TGJ33,2033-04-01,Apr 2033,83,24.545
2026-04-27,TGK33,2033-05-01,May 2033,84,24.09
2026-04-27,TGM33,2033-06-01,Jun 2033,85,23.74
2026-04-27,TGN33,2033-07-01,Jul 2033,86,23.465
2026-04-27,TGQ33,2033-08-01,Aug 2033,87,23.915
2026-04-27,TGU33,2033-09-01,Sep 2033,88,24.31
2026-04-27,TGV33,2033-10-01,Oct 2033,89,24.91
2026-04-27,TGX33,2033-11-01,Nov 2033,90,25.41
2026-04-27,TGZ33,2033-12-01,Dec 2033,91,25.585
2026-04-27,TGF34,2034-01-01,Jan 2034,92,25.87
2026-04-27,TGG34,2034-02-01,Feb 2034,93,25.775
2026-04-27,TGH34,2034-03-01,Mar 2034,94,25.595
2026-04-27,TGJ34,2034-04-01,Apr 2034,95,25.445
2026-04-27,TGK34,2034-05-01,May 2034,96,24.945
2026-04-27,TGM34,2034-06-01,Jun 2034,97,24.645
2026-04-27,TGN34,2034-07-01,Jul 2034,98,24.445
2026-04-27,TGQ34,2034-08-01,Aug 2034,99,24.845
2026-04-27,TGU34,2034-09-01,Sep 2034,100,25.24
2026-04-27,TGV34,2034-10-01,Oct 2034,101,25.84
2026-04-27,TGX34,2034-11-01,Nov 2034,102,26.35
2026-04-27,TGZ34,2034-12-01,Dec 2034,103,26.525
2026-04-27,TGF35,2035-01-01,Jan 2035,104,26.81
2026-04-27,TGG35,2035-02-01,Feb 2035,105,26.715
2026-04-27,TGH35,2035-03-01,Mar 2035,106,26.535
2026-04-27,TGJ35,2035-04-01,Apr 2035,107,26.285
2026-04-27,TGK35,2035-05-01,May 2035,108,25.875
2026-04-27,TGM35,2035-06-01,Jun 2035,109,25.575
2026-04-27,TGN35,2035-07-01,Jul 2035,110,25.375
2026-04-27,TGQ35,2035-08-01,Aug 2035,111,25.775
2026-04-27,TGU35,2035-09-01,Sep 2035,112,26.17
2026-04-27,TGV35,2035-10-01,Oct 2035,113,26.77
2026-04-27,TGX35,2035-11-01,Nov 2035,114,27.28
2026-04-27,TGZ35,2035-12-01,Dec 2035,115,27.455
2026-04-27,TGF36,2036-01-01,Jan 2036,116,27.74
2026-04-27,TGG36,2036-02-01,Feb 2036,117,27.645
2026-04-27,TGH36,2036-03-01,Mar 2036,118,27.465
2026-04-27,TGJ36,2036-04-01,Apr 2036,119,27.125
2026-04-27,TGK36,2036-05-01,May 2036,120,26.675
2026-04-27,TGM36,2036-06-01,Jun 2036,121,26.375
2026-04-27,TGN36,2036-07-01,Jul 2036,122,26.175
2026-04-27,TGQ36,2036-08-01,Aug 2036,123,26.575
2026-04-27,TGU36,2036-09-01,Sep 2036,124,26.97
2026-04-27,TGV36,2036-10-01,Oct 2036,125,27.57
2026-04-27,TGX36,2036-11-01,Nov 2036,126,28.08
2026-04-27,TGZ36,2036-12-01,Dec 2036,127,28.255
2026-04-27,TGF37,2037-01-01,Jan 2037,128,28.54
2026-04-27,TGG37,2037-02-01,Feb 2037,129,28.445
2026-04-27,TGH37,2037-03-01,Mar 2037,130,28.265
2026-04-27,TGJ37,2037-04-01,Apr 2037,131,27.825
2026-04-27,TGK37,2037-05-01,May 2037,132,27.355
2026-04-27,TGM37,2037-06-01,Jun 2037,133,27.055
2026-04-27,TGN37,2037-07-01,Jul 2037,134,26.855
2026-04-27,TGQ37,2037-08-01,Aug 2037,135,27.255
2026-04-27,TGU37,2037-09-01,Sep 2037,136,27.65
2026-04-27,TGV37,2037-10-01,Oct 2037,137,28.25
2026-04-27,TGX37,2037-11-01,Nov 2037,138,28.76
2026-04-27,TGZ37,2037-12-01,Dec 2037,139,28.935
2026-04-28,TGK26,2026-05-01,May 2026,0,43.285
2026-04-28,TGM26,2026-06-01,Jun 2026,1,43.355
2026-04-28,TGN26,2026-07-01,Jul 2026,2,43.375
2026-04-28,TGQ26,2026-08-01,Aug 2026,3,43.345
2026-04-28,TGU26,2026-09-01,Sep 2026,4,43.365
2026-04-28,TGV26,2026-10-01,Oct 2026,5,43.24
2026-04-28,TGX26,2026-11-01,Nov 2026,6,43.165
2026-04-28,TGZ26,2026-12-01,Dec 2026,7,43.215
2026-04-28,TGF27,2027-01-01,Jan 2027,8,43.205
2026-04-28,TGG27,2027-02-01,Feb 2027,9,43.335
2026-04-28,TGH27,2027-03-01,Mar 2027,10,42.005
2026-04-28,TGJ27,2027-04-01,Apr 2027,11,36.73
2026-04-28,TGK27,2027-05-01,May 2027,12,35.02
2026-04-28,TGM27,2027-06-01,Jun 2027,13,35.05
2026-04-28,TGN27,2027-07-01,Jul 2027,14,34.78
2026-04-28,TGQ27,2027-08-01,Aug 2027,15,34.85
2026-04-28,TGU27,2027-09-01,Sep 2027,16,33.923
2026-04-28,TGV27,2027-10-01,Oct 2027,17,33.997
2026-04-28,TGX27,2027-11-01,Nov 2027,18,33.973
2026-04-28,TGZ27,2027-12-01,Dec 2027,19,34.398
2026-04-28,TGF28,2028-01-01,Jan 2028,20,34.271
2026-04-28,TGG28,2028-02-01,Feb 2028,21,33.706
2026-04-28,TGH28,2028-03-01,Mar 2028,22,31.822
2026-04-28,TGJ28,2028-04-01,Apr 2028,23,27.793
2026-04-28,TGK28,2028-05-01,May 2028,24,26.458
2026-04-28,TGM28,2028-06-01,Jun 2028,25,25.863
2026-04-28,TGN28,2028-07-01,Jul 2028,26,25.888
2026-04-28,TGQ28,2028-08-01,Aug 2028,27,25.763
2026-04-28,TGU28,2028-09-01,Sep 2028,28,25.883
2026-04-28,TGV28,2028-10-01,Oct 2028,29,25.918
2026-04-28,TGX28,2028-11-01,Nov 2028,30,26.493
2026-04-28,TGZ28,2028-12-01,Dec 2028,31,26.873
2026-04-28,TGF29,2029-01-01,Jan 2029,32,27.023
2026-04-28,TGG29,2029-02-01,Feb 2029,33,26.883
2026-04-28,TGH29,2029-03-01,Mar 2029,34,26.628
2026-04-28,TGJ29,2029-04-01,Apr 2029,35,23.465
2026-04-28,TGK29,2029-05-01,May 2029,36,22.955
2026-04-28,TGM29,2029-06-01,Jun 2029,37,22.5
2026-04-28,TGN29,2029-07-01,Jul 2029,38,22.537
2026-04-28,TGQ29,2029-08-01,Aug 2029,39,22.607
2026-04-28,TGU29,2029-09-01,Sep 2029,40,23.252
2026-04-28,TGV29,2029-10-01,Oct 2029,41,23.197
2026-04-28,TGX29,2029-11-01,Nov 2029,42,23.607
2026-04-28,TGZ29,2029-12-01,Dec 2029,43,23.877
2026-04-28,TGF30,2030-01-01,Jan 2030,44,23.922
2026-04-28,TGG30,2030-02-01,Feb 2030,45,23.907
2026-04-28,TGH30,2030-03-01,Mar 2030,46,23.907
2026-04-28,TGJ30,2030-04-01,Apr 2030,47,22.257
2026-04-28,TGK30,2030-05-01,May 2030,48,21.857
2026-04-28,TGM30,2030-06-01,Jun 2030,49,21.387
2026-04-28,TGN30,2030-07-01,Jul 2030,50,20.452
2026-04-28,TGQ30,2030-08-01,Aug 2030,51,20.817
2026-04-28,TGU30,2030-09-01,Sep 2030,52,21.497
2026-04-28,TGV30,2030-10-01,Oct 2030,53,22.427
2026-04-28,TGX30,2030-11-01,Nov 2030,54,23.197
2026-04-28,TGZ30,2030-12-01,Dec 2030,55,23.632
2026-04-28,TGF31,2031-01-01,Jan 2031,56,23.647
2026-04-28,TGG31,2031-02-01,Feb 2031,57,23.457
2026-04-28,TGH31,2031-03-01,Mar 2031,58,23.217
2026-04-28,TGJ31,2031-04-01,Apr 2031,59,22.362
2026-04-28,TGK31,2031-05-01,May 2031,60,21.888
2026-04-28,TGM31,2031-06-01,Jun 2031,61,21.623
2026-04-28,TGN31,2031-07-01,Jul 2031,62,21.468
2026-04-28,TGQ31,2031-08-01,Aug 2031,63,21.658
2026-04-28,TGU31,2031-09-01,Sep 2031,64,22.153
2026-04-28,TGV31,2031-10-01,Oct 2031,65,23.143
2026-04-28,TGX31,2031-11-01,Nov 2031,66,23.843
2026-04-28,TGZ31,2031-12-01,Dec 2031,67,24.248
2026-04-28,TGF32,2032-01-01,Jan 2032,68,24.103
2026-04-28,TGG32,2032-02-01,Feb 2032,69,24.168
2026-04-28,TGH32,2032-03-01,Mar 2032,70,24.268
2026-04-28,TGJ32,2032-04-01,Apr 2032,71,24.763
2026-04-28,TGK32,2032-05-01,May 2032,72,24.444
2026-04-28,TGM32,2032-06-01,Jun 2032,73,23.894
2026-04-28,TGN32,2032-07-01,Jul 2032,74,23.544
2026-04-28,TGQ32,2032-08-01,Aug 2032,75,23.989
2026-04-28,TGU32,2032-09-01,Sep 2032,76,24.529
2026-04-28,TGV32,2032-10-01,Oct 2032,77,25.324
2026-04-28,TGX32,2032-11-01,Nov 2032,78,25.674
2026-04-28,TGZ32,2032-12-01,Dec 2032,79,25.849
2026-04-28,TGF33,2033-01-01,Jan 2033,80,26.049
2026-04-28,TGG33,2033-02-01,Feb 2033,81,25.939
2026-04-28,TGH33,2033-03-01,Mar 2033,82,25.754
2026-04-28,TGJ33,2033-04-01,Apr 2033,83,25.409
2026-04-28,TGK33,2033-05-01,May 2033,84,24.954
2026-04-28,TGM33,2033-06-01,Jun 2033,85,24.604
2026-04-28,TGN33,2033-07-01,Jul 2033,86,24.329
2026-04-28,TGQ33,2033-08-01,Aug 2033,87,24.779
2026-04-28,TGU33,2033-09-01,Sep 2033,88,25.174
2026-04-28,TGV33,2033-10-01,Oct 2033,89,25.774
2026-04-28,TGX33,2033-11-01,Nov 2033,90,26.274
2026-04-28,TGZ33,2033-12-01,Dec 2033,91,26.449
2026-04-28,TGF34,2034-01-01,Jan 2034,92,26.734
2026-04-28,TGG34,2034-02-01,Feb 2034,93,26.639
2026-04-28,TGH34,2034-03-01,Mar 2034,94,26.459
2026-04-28,TGJ34,2034-04-01,Apr 2034,95,26.309
2026-04-28,TGK34,2034-05-01,May 2034,96,25.809
2026-04-28,TGM34,2034-06-01,Jun 2034,97,25.509
2026-04-28,TGN34,2034-07-01,Jul 2034,98,25.309
2026-04-28,TGQ34,2034-08-01,Aug 2034,99,25.709
2026-04-28,TGU34,2034-09-01,Sep 2034,100,26.104
2026-04-28,TGV34,2034-10-01,Oct 2034,101,26.704
2026-04-28,TGX34,2034-11-01,Nov 2034,102,27.214
2026-04-28,TGZ34,2034-12-01,Dec 2034,103,27.389
2026-04-28,TGF35,2035-01-01,Jan 2035,104,27.674
2026-04-28,TGG35,2035-02-01,Feb 2035,105,27.579
2026-04-28,TGH35,2035-03-01,Mar 2035,106,27.399
2026-04-28,TGJ35,2035-04-01,Apr 2035,107,27.149
2026-04-28,TGK35,2035-05-01,May 2035,108,26.739
2026-04-28,TGM35,2035-06-01,Jun 2035,109,26.439
2026-04-28,TGN35,2035-07-01,Jul 2035,110,26.239
2026-04-28,TGQ35,2035-08-01,Aug 2035,111,26.639
2026-04-28,TGU35,2035-09-01,Sep 2035,112,27.034
2026-04-28,TGV35,2035-10-01,Oct 2035,113,27.634
2026-04-28,TGX35,2035-11-01,Nov 2035,114,28.144
2026-04-28,TGZ35,2035-12-01,Dec 2035,115,28.319
2026-04-28,TGF36,2036-01-01,Jan 2036,116,28.604
2026-04-28,TGG36,2036-02-01,Feb 2036,117,28.509
2026-04-28,TGH36,2036-03-01,Mar 2036,118,28.329
2026-04-28,TGJ36,2036-04-01,Apr 2036,119,27.989
2026-04-28,TGK36,2036-05-01,May 2036,120,27.539
2026-04-28,TGM36,2036-06-01,Jun 2036,121,27.239
2026-04-28,TGN36,2036-07-01,Jul 2036,122,27.039
2026-04-28,TGQ36,2036-08-01,Aug 2036,123,27.439
2026-04-28,TGU36,2036-09-01,Sep 2036,124,27.834
2026-04-28,TGV36,2036-10-01,Oct 2036,125,28.434
2026-04-28,TGX36,2036-11-01,Nov 2036,126,28.944
2026-04-28,TGZ36,2036-12-01,Dec 2036,127,29.119
2026-04-28,TGF37,2037-01-01,Jan 2037,128,29.404
2026-04-28,TGG37,2037-02-01,Feb 2037,129,29.309
2026-04-28,TGH37,2037-03-01,Mar 2037,130,29.129
2026-04-28,TGJ37,2037-04-01,Apr 2037,131,28.689
2026-04-28,TGK37,2037-05-01,May 2037,132,28.219
2026-04-28,TGM37,2037-06-01,Jun 2037,133,27.919
2026-04-28,TGN37,2037-07-01,Jul 2037,134,27.719
2026-04-28,TGQ37,2037-08-01,Aug 2037,135,28.119
2026-04-28,TGU37,2037-09-01,Sep 2037,136,28.514
2026-04-28,TGV37,2037-10-01,Oct 2037,137,29.114
2026-04-28,TGX37,2037-11-01,Nov 2037,138,29.624
2026-04-28,TGZ37,2037-12-01,Dec 2037,139,29.799
2026-04-29,TGK26,2026-05-01,May 2026,0,46.853
2026-04-29,TGM26,2026-06-01,Jun 2026,1,47.525
2026-04-29,TGN26,2026-07-01,Jul 2026,2,47.5
2026-04-29,TGQ26,2026-08-01,Aug 2026,3,47.6
2026-04-29,TGU26,2026-09-01,Sep 2026,4,47.525
2026-04-29,TGV26,2026-10-01,Oct 2026,5,47.435
2026-04-29,TGX26,2026-11-01,Nov 2026,6,46.895
2026-04-29,TGZ26,2026-12-01,Dec 2026,7,47.015
2026-04-29,TGF27,2027-01-01,Jan 2027,8,46.695
2026-04-29,TGG27,2027-02-01,Feb 2027,9,46.555
2026-04-29,TGH27,2027-03-01,Mar 2027,10,44.05
2026-04-29,TGJ27,2027-04-01,Apr 2027,11,39.025
2026-04-29,TGK27,2027-05-01,May 2027,12,36.89
2026-04-29,TGM27,2027-06-01,Jun 2027,13,35.48
2026-04-29,TGN27,2027-07-01,Jul 2027,14,35.117
2026-04-29,TGQ27,2027-08-01,Aug 2027,15,35.0
2026-04-29,TGU27,2027-09-01,Sep 2027,16,34.45
2026-04-29,TGV27,2027-10-01,Oct 2027,17,35.281
2026-04-29,TGX27,2027-11-01,Nov 2027,18,35.292
2026-04-29,TGZ27,2027-12-01,Dec 2027,19,36.4
2026-04-29,TGF28,2028-01-01,Jan 2028,20,35.424
2026-04-29,TGG28,2028-02-01,Feb 2028,21,34.847
2026-04-29,TGH28,2028-03-01,Mar 2028,22,33.124
2026-04-29,TGJ28,2028-04-01,Apr 2028,23,28.078
2026-04-29,TGK28,2028-05-01,May 2028,24,26.738
2026-04-29,TGM28,2028-06-01,Jun 2028,25,26.138
2026-04-29,TGN28,2028-07-01,Jul 2028,26,26.352
2026-04-29,TGQ28,2028-08-01,Aug 2028,27,26.222
2026-04-29,TGU28,2028-09-01,Sep 2028,28,26.337
2026-04-29,TGV28,2028-10-01,Oct 2028,29,26.173
2026-04-29,TGX28,2028-11-01,Nov 2028,30,26.746
2026-04-29,TGZ28,2028-12-01,Dec 2028,31,27.119
2026-04-29,TGF29,2029-01-01,Jan 2029,32,27.231
2026-04-29,TGG29,2029-02-01,Feb 2029,33,27.085
2026-04-29,TGH29,2029-03-01,Mar 2029,34,26.83
2026-04-29,TGJ29,2029-04-01,Apr 2029,35,23.57
2026-04-29,TGK29,2029-05-01,May 2029,36,23.059
2026-04-29,TGM29,2029-06-01,Jun 2029,37,22.603
2026-04-29,TGN29,2029-07-01,Jul 2029,38,22.643
2026-04-29,TGQ29,2029-08-01,Aug 2029,39,22.708
2026-04-29,TGU29,2029-09-01,Sep 2029,40,23.352
2026-04-29,TGV29,2029-10-01,Oct 2029,41,23.202
2026-04-29,TGX29,2029-11-01,Nov 2029,42,23.607
2026-04-29,TGZ29,2029-12-01,Dec 2029,43,23.872
2026-04-29,TGF30,2030-01-01,Jan 2030,44,24.166
2026-04-29,TGG30,2030-02-01,Feb 2030,45,24.156
2026-04-29,TGH30,2030-03-01,Mar 2030,46,24.156
2026-04-29,TGJ30,2030-04-01,Apr 2030,47,22.481
2026-04-29,TGK30,2030-05-01,May 2030,48,22.081
2026-04-29,TGM30,2030-06-01,Jun 2030,49,21.616
2026-04-29,TGN30,2030-07-01,Jul 2030,50,20.417
2026-04-29,TGQ30,2030-08-01,Aug 2030,51,20.787
2026-04-29,TGU30,2030-09-01,Sep 2030,52,21.467
2026-04-29,TGV30,2030-10-01,Oct 2030,53,22.636
2026-04-29,TGX30,2030-11-01,Nov 2030,54,23.406
2026-04-29,TGZ30,2030-12-01,Dec 2030,55,23.841
2026-04-29,TGF31,2031-01-01,Jan 2031,56,23.763
2026-04-29,TGG31,2031-02-01,Feb 2031,57,23.564
2026-04-29,TGH31,2031-03-01,Mar 2031,58,23.317
2026-04-29,TGJ31,2031-04-01,Apr 2031,59,22.427
2026-04-29,TGK31,2031-05-01,May 2031,60,21.952
2026-04-29,TGM31,2031-06-01,Jun 2031,61,21.687
2026-04-29,TGN31,2031-07-01,Jul 2031,62,21.532
2026-04-29,TGQ31,2031-08-01,Aug 2031,63,21.722
2026-04-29,TGU31,2031-09-01,Sep 2031,64,22.212
2026-04-29,TGV31,2031-10-01,Oct 2031,65,23.237
2026-04-29,TGX31,2031-11-01,Nov 2031,66,23.937
2026-04-29,TGZ31,2031-12-01,Dec 2031,67,24.342
2026-04-29,TGF32,2032-01-01,Jan 2032,68,24.197
2026-04-29,TGG32,2032-02-01,Feb 2032,69,24.263
2026-04-29,TGH32,2032-03-01,Mar 2032,70,24.363
2026-04-29,TGJ32,2032-04-01,Apr 2032,71,24.858
2026-04-29,TGK32,2032-05-01,May 2032,72,24.538
2026-04-29,TGM32,2032-06-01,Jun 2032,73,23.988
2026-04-29,TGN32,2032-07-01,Jul 2032,74,23.638
2026-04-29,TGQ32,2032-08-01,Aug 2032,75,24.083
2026-04-29,TGU32,2032-09-01,Sep 2032,76,24.623
2026-04-29,TGV32,2032-10-01,Oct 2032,77,25.418
2026-04-29,TGX32,2032-11-01,Nov 2032,78,25.768
2026-04-29,TGZ32,2032-12-01,Dec 2032,79,25.943
2026-04-29,TGF33,2033-01-01,Jan 2033,80,26.143
2026-04-29,TGG33,2033-02-01,Feb 2033,81,26.033
2026-04-29,TGH33,2033-03-01,Mar 2033,82,25.848
2026-04-29,TGJ33,2033-04-01,Apr 2033,83,25.503
2026-04-29,TGK33,2033-05-01,May 2033,84,25.048
2026-04-29,TGM33,2033-06-01,Jun 2033,85,24.698
2026-04-29,TGN33,2033-07-01,Jul 2033,86,24.423
2026-04-29,TGQ33,2033-08-01,Aug 2033,87,24.873
2026-04-29,TGU33,2033-09-01,Sep 2033,88,25.268
2026-04-29,TGV33,2033-10-01,Oct 2033,89,25.868
2026-04-29,TGX33,2033-11-01,Nov 2033,90,26.368
2026-04-29,TGZ33,2033-12-01,Dec 2033,91,26.543
2026-04-29,TGF34,2034-01-01,Jan 2034,92,26.828
2026-04-29,TGG34,2034-02-01,Feb 2034,93,26.733
2026-04-29,TGH34,2034-03-01,Mar 2034,94,26.553
2026-04-29,TGJ34,2034-04-01,Apr 2034,95,26.403
2026-04-29,TGK34,2034-05-01,May 2034,96,25.903
2026-04-29,TGM34,2034-06-01,Jun 2034,97,25.603
2026-04-29,TGN34,2034-07-01,Jul 2034,98,25.403
2026-04-29,TGQ34,2034-08-01,Aug 2034,99,25.803
2026-04-29,TGU34,2034-09-01,Sep 2034,100,26.198
2026-04-29,TGV34,2034-10-01,Oct 2034,101,26.798
2026-04-29,TGX34,2034-11-01,Nov 2034,102,27.308
2026-04-29,TGZ34,2034-12-01,Dec 2034,103,27.483
2026-04-29,TGF35,2035-01-01,Jan 2035,104,27.768
2026-04-29,TGG35,2035-02-01,Feb 2035,105,27.673
2026-04-29,TGH35,2035-03-01,Mar 2035,106,27.493
2026-04-29,TGJ35,2035-04-01,Apr 2035,107,27.243
2026-04-29,TGK35,2035-05-01,May 2035,108,26.833
2026-04-29,TGM35,2035-06-01,Jun 2035,109,26.533
2026-04-29,TGN35,2035-07-01,Jul 2035,110,26.333
2026-04-29,TGQ35,2035-08-01,Aug 2035,111,26.733
2026-04-29,TGU35,2035-09-01,Sep 2035,112,27.128
2026-04-29,TGV35,2035-10-01,Oct 2035,113,27.728
2026-04-29,TGX35,2035-11-01,Nov 2035,114,28.238
2026-04-29,TGZ35,2035-12-01,Dec 2035,115,28.413
2026-04-29,TGF36,2036-01-01,Jan 2036,116,28.698
2026-04-29,TGG36,2036-02-01,Feb 2036,117,28.603
2026-04-29,TGH36,2036-03-01,Mar 2036,118,28.423
2026-04-29,TGJ36,2036-04-01,Apr 2036,119,28.083
2026-04-29,TGK36,2036-05-01,May 2036,120,27.633
2026-04-29,TGM36,2036-06-01,Jun 2036,121,27.333
2026-04-29,TGN36,2036-07-01,Jul 2036,122,27.133
2026-04-29,TGQ36,2036-08-01,Aug 2036,123,27.533
2026-04-29,TGU36,2036-09-01,Sep 2036,124,27.928
2026-04-29,TGV36,2036-10-01,Oct 2036,125,28.528
2026-04-29,TGX36,2036-11-01,Nov 2036,126,29.038
2026-04-29,TGZ36,2036-12-01,Dec 2036,127,29.213
2026-04-29,TGF37,2037-01-01,Jan 2037,128,29.498
2026-04-29,TGG37,2037-02-01,Feb 2037,129,29.403
2026-04-29,TGH37,2037-03-01,Mar 2037,130,29.223
2026-04-29,TGJ37,2037-04-01,Apr 2037,131,28.783
2026-04-29,TGK37,2037-05-01,May 2037,132,28.313
2026-04-29,TGM37,2037-06-01,Jun 2037,133,28.013
2026-04-29,TGN37,2037-07-01,Jul 2037,134,27.813
2026-04-29,TGQ37,2037-08-01,Aug 2037,135,28.213
2026-04-29,TGU37,2037-09-01,Sep 2037,136,28.608
2026-04-29,TGV37,2037-10-01,Oct 2037,137,29.208
2026-04-29,TGX37,2037-11-01,Nov 2037,138,29.718
2026-04-29,TGZ37,2037-12-01,Dec 2037,139,29.893
2026-04-30,TGM26,2026-06-01,Jun 2026,0,46.35
2026-04-30,TGN26,2026-07-01,Jul 2026,1,46.4
2026-04-30,TGQ26,2026-08-01,Aug 2026,2,46.3
2026-04-30,TGU26,2026-09-01,Sep 2026,3,46.305
2026-04-30,TGV26,2026-10-01,Oct 2026,4,46.205
2026-04-30,TGX26,2026-11-01,Nov 2026,5,46.015
2026-04-30,TGZ26,2026-12-01,Dec 2026,6,45.79
2026-04-30,TGF27,2027-01-01,Jan 2027,7,45.29
2026-04-30,TGG27,2027-02-01,Feb 2027,8,45.28
2026-04-30,TGH27,2027-03-01,Mar 2027,9,44.65
2026-04-30,TGJ27,2027-04-01,Apr 2027,10,37.61
2026-04-30,TGK27,2027-05-01,May 2027,11,36.265
2026-04-30,TGM27,2027-06-01,Jun 2027,12,34.475
2026-04-30,TGN27,2027-07-01,Jul 2027,13,34.283
2026-04-30,TGQ27,2027-08-01,Aug 2027,14,34.473
2026-04-30,TGU27,2027-09-01,Sep 2027,15,35.1
2026-04-30,TGV27,2027-10-01,Oct 2027,16,34.9
2026-04-30,TGX27,2027-11-01,Nov 2027,17,34.523
2026-04-30,TGZ27,2027-12-01,Dec 2027,18,35.25
2026-04-30,TGF28,2028-01-01,Jan 2028,19,34.773
2026-04-30,TGG28,2028-02-01,Feb 2028,20,34.178
2026-04-30,TGH28,2028-03-01,Mar 2028,21,32.223
2026-04-30,TGJ28,2028-04-01,Apr 2028,22,27.708
2026-04-30,TGK28,2028-05-01,May 2028,23,26.368
2026-04-30,TGM28,2028-06-01,Jun 2028,24,25.773
2026-04-30,TGN28,2028-07-01,Jul 2028,25,25.805
2026-04-30,TGQ28,2028-08-01,Aug 2028,26,25.675
2026-04-30,TGU28,2028-09-01,Sep 2028,27,25.795
2026-04-30,TGV28,2028-10-01,Oct 2028,28,25.778
2026-04-30,TGX28,2028-11-01,Nov 2028,29,26.354
2026-04-30,TGZ28,2028-12-01,Dec 2028,30,26.726
2026-04-30,TGF29,2029-01-01,Jan 2029,31,26.969
2026-04-30,TGG29,2029-02-01,Feb 2029,32,26.824
2026-04-30,TGH29,2029-03-01,Mar 2029,33,26.564
2026-04-30,TGJ29,2029-04-01,Apr 2029,34,23.406
2026-04-30,TGK29,2029-05-01,May 2029,35,22.896
2026-04-30,TGM29,2029-06-01,Jun 2029,36,22.441
2026-04-30,TGN29,2029-07-01,Jul 2029,37,22.461
2026-04-30,TGQ29,2029-08-01,Aug 2029,38,22.526
2026-04-30,TGU29,2029-09-01,Sep 2029,39,23.166
2026-04-30,TGV29,2029-10-01,Oct 2029,40,23.046
2026-04-30,TGX29,2029-11-01,Nov 2029,41,23.451
2026-04-30,TGZ29,2029-12-01,Dec 2029,42,23.716
2026-04-30,TGF30,2030-01-01,Jan 2030,43,23.996
2026-04-30,TGG30,2030-02-01,Feb 2030,44,23.97
2026-04-30,TGH30,2030-03-01,Mar 2030,45,23.97
2026-04-30,TGJ30,2030-04-01,Apr 2030,46,22.361
2026-04-30,TGK30,2030-05-01,May 2030,47,21.954
2026-04-30,TGM30,2030-06-01,Jun 2030,48,21.488
2026-04-30,TGN30,2030-07-01,Jul 2030,49,20.392
2026-04-30,TGQ30,2030-08-01,Aug 2030,50,20.761
2026-04-30,TGU30,2030-09-01,Sep 2030,51,21.439
2026-04-30,TGV30,2030-10-01,Oct 2030,52,22.4
2026-04-30,TGX30,2030-11-01,Nov 2030,53,23.17
2026-04-30,TGZ30,2030-12-01,Dec 2030,54,23.605
2026-04-30,TGF31,2031-01-01,Jan 2031,55,23.548
2026-04-30,TGG31,2031-02-01,Feb 2031,56,23.348
2026-04-30,TGH31,2031-03-01,Mar 2031,57,23.103
2026-04-30,TGJ31,2031-04-01,Apr 2031,58,22.201
2026-04-30,TGK31,2031-05-01,May 2031,59,21.726
2026-04-30,TGM31,2031-06-01,Jun 2031,60,21.461
2026-04-30,TGN31,2031-07-01,Jul 2031,61,21.306
2026-04-30,TGQ31,2031-08-01,Aug 2031,62,21.496
2026-04-30,TGU31,2031-09-01,Sep 2031,63,21.986
2026-04-30,TGV31,2031-10-01,Oct 2031,64,23.481
2026-04-30,TGX31,2031-11-01,Nov 2031,65,24.186
2026-04-30,TGZ31,2031-12-01,Dec 2031,66,24.591
2026-04-30,TGF32,2032-01-01,Jan 2032,67,24.265
2026-04-30,TGG32,2032-02-01,Feb 2032,68,24.33
2026-04-30,TGH32,2032-03-01,Mar 2032,69,24.429
2026-04-30,TGJ32,2032-04-01,Apr 2032,70,24.924
2026-04-30,TGK32,2032-05-01,May 2032,71,24.604
2026-04-30,TGM32,2032-06-01,Jun 2032,72,24.054
2026-04-30,TGN32,2032-07-01,Jul 2032,73,23.704
2026-04-30,TGQ32,2032-08-01,Aug 2032,74,24.149
2026-04-30,TGU32,2032-09-01,Sep 2032,75,24.689
2026-04-30,TGV32,2032-10-01,Oct 2032,76,25.484
2026-04-30,TGX32,2032-11-01,Nov 2032,77,25.834
2026-04-30,TGZ32,2032-12-01,Dec 2032,78,26.009
2026-04-30,TGF33,2033-01-01,Jan 2033,79,26.209
2026-04-30,TGG33,2033-02-01,Feb 2033,80,26.099
2026-04-30,TGH33,2033-03-01,Mar 2033,81,25.914
2026-04-30,TGJ33,2033-04-01,Apr 2033,82,25.569
2026-04-30,TGK33,2033-05-01,May 2033,83,25.113
2026-04-30,TGM33,2033-06-01,Jun 2033,84,24.763
2026-04-30,TGN33,2033-07-01,Jul 2033,85,24.488
2026-04-30,TGQ33,2033-08-01,Aug 2033,86,24.938
2026-04-30,TGU33,2033-09-01,Sep 2033,87,25.333
2026-04-30,TGV33,2033-10-01,Oct 2033,88,25.933
2026-04-30,TGX33,2033-11-01,Nov 2033,89,26.433
2026-04-30,TGZ33,2033-12-01,Dec 2033,90,26.608
2026-04-30,TGF34,2034-01-01,Jan 2034,91,26.893
2026-04-30,TGG34,2034-02-01,Feb 2034,92,26.798
2026-04-30,TGH34,2034-03-01,Mar 2034,93,26.618
2026-04-30,TGJ34,2034-04-01,Apr 2034,94,26.468
2026-04-30,TGK34,2034-05-01,May 2034,95,25.968
2026-04-30,TGM34,2034-06-01,Jun 2034,96,25.668
2026-04-30,TGN34,2034-07-01,Jul 2034,97,25.468
2026-04-30,TGQ34,2034-08-01,Aug 2034,98,25.868
2026-04-30,TGU34,2034-09-01,Sep 2034,99,26.263
2026-04-30,TGV34,2034-10-01,Oct 2034,100,26.863
2026-04-30,TGX34,2034-11-01,Nov 2034,101,27.373
2026-04-30,TGZ34,2034-12-01,Dec 2034,102,27.548
2026-04-30,TGF35,2035-01-01,Jan 2035,103,27.833
2026-04-30,TGG35,2035-02-01,Feb 2035,104,27.738
2026-04-30,TGH35,2035-03-01,Mar 2035,105,27.558
2026-04-30,TGJ35,2035-04-01,Apr 2035,106,27.308
2026-04-30,TGK35,2035-05-01,May 2035,107,26.898
2026-04-30,TGM35,2035-06-01,Jun 2035,108,26.598
2026-04-30,TGN35,2035-07-01,Jul 2035,109,26.398
2026-04-30,TGQ35,2035-08-01,Aug 2035,110,26.798
2026-04-30,TGU35,2035-09-01,Sep 2035,111,27.193
2026-04-30,TGV35,2035-10-01,Oct 2035,112,27.793
2026-04-30,TGX35,2035-11-01,Nov 2035,113,28.303
2026-04-30,TGZ35,2035-12-01,Dec 2035,114,28.478
2026-04-30,TGF36,2036-01-01,Jan 2036,115,28.763
2026-04-30,TGG36,2036-02-01,Feb 2036,116,28.668
2026-04-30,TGH36,2036-03-01,Mar 2036,117,28.488
2026-04-30,TGJ36,2036-04-01,Apr 2036,118,28.148
2026-04-30,TGK36,2036-05-01,May 2036,119,27.698
2026-04-30,TGM36,2036-06-01,Jun 2036,120,27.398
2026-04-30,TGN36,2036-07-01,Jul 2036,121,27.198
2026-04-30,TGQ36,2036-08-01,Aug 2036,122,27.598
2026-04-30,TGU36,2036-09-01,Sep 2036,123,27.993
2026-04-30,TGV36,2036-10-01,Oct 2036,124,28.593
2026-04-30,TGX36,2036-11-01,Nov 2036,125,29.103
2026-04-30,TGZ36,2036-12-01,Dec 2036,126,29.278
2026-04-30,TGF37,2037-01-01,Jan 2037,127,29.563
2026-04-30,TGG37,2037-02-01,Feb 2037,128,29.468
2026-04-30,TGH37,2037-03-01,Mar 2037,129,29.288
2026-04-30,TGJ37,2037-04-01,Apr 2037,130,28.848
2026-04-30,TGK37,2037-05-01,May 2037,131,28.378
2026-04-30,TGM37,2037-06-01,Jun 2037,132,28.078
2026-04-30,TGN37,2037-07-01,Jul 2037,133,27.878
2026-04-30,TGQ37,2037-08-01,Aug 2037,134,28.278
2026-04-30,TGU37,2037-09-01,Sep 2037,135,28.673
2026-04-30,TGV37,2037-10-01,Oct 2037,136,29.273
2026-04-30,TGX37,2037-11-01,Nov 2037,137,29.783
2026-04-30,TGZ37,2037-12-01,Dec 2037,138,29.958
2026-05-01,TGM26,2026-06-01,Jun 2026,0,45.485
2026-05-01,TGN26,2026-07-01,Jul 2026,1,45.47
2026-05-01,TGQ26,2026-08-01,Aug 2026,2,45.465
2026-05-01,TGU26,2026-09-01,Sep 2026,3,45.565
2026-05-01,TGV26,2026-10-01,Oct 2026,4,45.41
2026-05-01,TGX26,2026-11-01,Nov 2026,5,45.09
2026-05-01,TGZ26,2026-12-01,Dec 2026,6,45.025
2026-05-01,TGF27,2027-01-01,Jan 2027,7,44.91
2026-05-01,TGG27,2027-02-01,Feb 2027,8,44.66
2026-05-01,TGH27,2027-03-01,Mar 2027,9,42.855
2026-05-01,TGJ27,2027-04-01,Apr 2027,10,37.325
2026-05-01,TGK27,2027-05-01,May 2027,11,35.072
2026-05-01,TGM27,2027-06-01,Jun 2027,12,34.785
2026-05-01,TGN27,2027-07-01,Jul 2027,13,33.95
2026-05-01,TGQ27,2027-08-01,Aug 2027,14,34.356
2026-05-01,TGU27,2027-09-01,Sep 2027,15,34.326
2026-05-01,TGV27,2027-10-01,Oct 2027,16,34.441
2026-05-01,TGX27,2027-11-01,Nov 2027,17,34.409
2026-05-01,TGZ27,2027-12-01,Dec 2027,18,34.746
2026-05-01,TGF28,2028-01-01,Jan 2028,19,34.543
2026-05-01,TGG28,2028-02-01,Feb 2028,20,34.073
2026-05-01,TGH28,2028-03-01,Mar 2028,21,32.298
2026-05-01,TGJ28,2028-04-01,Apr 2028,22,27.635
2026-05-01,TGK28,2028-05-01,May 2028,23,26.29
2026-05-01,TGM28,2028-06-01,Jun 2028,24,25.69
2026-05-01,TGN28,2028-07-01,Jul 2028,25,25.785
2026-05-01,TGQ28,2028-08-01,Aug 2028,26,25.655
2026-05-01,TGU28,2028-09-01,Sep 2028,27,25.78
2026-05-01,TGV28,2028-10-01,Oct 2028,28,25.8
2026-05-01,TGX28,2028-11-01,Nov 2028,29,26.37
2026-05-01,TGZ28,2028-12-01,Dec 2028,30,26.745
2026-05-01,TGF29,2029-01-01,Jan 2029,31,27.017
2026-05-01,TGG29,2029-02-01,Feb 2029,32,26.877
2026-05-01,TGH29,2029-03-01,Mar 2029,33,26.567
2026-05-01,TGJ29,2029-04-01,Apr 2029,34,23.285
2026-05-01,TGK29,2029-05-01,May 2029,35,22.775
2026-05-01,TGM29,2029-06-01,Jun 2029,36,22.32
2026-05-01,TGN29,2029-07-01,Jul 2029,37,22.34
2026-05-01,TGQ29,2029-08-01,Aug 2029,38,22.4
2026-05-01,TGU29,2029-09-01,Sep 2029,39,23.045
2026-05-01,TGV29,2029-10-01,Oct 2029,40,23.055
2026-05-01,TGX29,2029-11-01,Nov 2029,41,23.465
2026-05-01,TGZ29,2029-12-01,Dec 2029,42,23.73
2026-05-01,TGF30,2030-01-01,Jan 2030,43,23.98
2026-05-01,TGG30,2030-02-01,Feb 2030,44,23.96
2026-05-01,TGH30,2030-03-01,Mar 2030,45,23.96
2026-05-01,TGJ30,2030-04-01,Apr 2030,46,22.37
2026-05-01,TGK30,2030-05-01,May 2030,47,21.965
2026-05-01,TGM30,2030-06-01,Jun 2030,48,21.495
2026-05-01,TGN30,2030-07-01,Jul 2030,49,20.4
2026-05-01,TGQ30,2030-08-01,Aug 2030,50,20.775
2026-05-01,TGU30,2030-09-01,Sep 2030,51,21.455
2026-05-01,TGV30,2030-10-01,Oct 2030,52,22.565
2026-05-01,TGX30,2030-11-01,Nov 2030,53,23.33
2026-05-01,TGZ30,2030-12-01,Dec 2030,54,23.765
2026-05-01,TGF31,2031-01-01,Jan 2031,55,23.975
2026-05-01,TGG31,2031-02-01,Feb 2031,56,23.775
2026-05-01,TGH31,2031-03-01,Mar 2031,57,23.535
2026-05-01,TGJ31,2031-04-01,Apr 2031,58,22.495
2026-05-01,TGK31,2031-05-01,May 2031,59,22.02
2026-05-01,TGM31,2031-06-01,Jun 2031,60,21.755
2026-05-01,TGN31,2031-07-01,Jul 2031,61,21.6
2026-05-01,TGQ31,2031-08-01,Aug 2031,62,21.79
2026-05-01,TGU31,2031-09-01,Sep 2031,63,22.28
2026-05-01,TGV31,2031-10-01,Oct 2031,64,23.306
2026-05-01,TGX31,2031-11-01,Nov 2031,65,24.011
2026-05-01,TGZ31,2031-12-01,Dec 2031,66,24.416
2026-05-01,TGF32,2032-01-01,Jan 2032,67,24.091
2026-05-01,TGG32,2032-02-01,Feb 2032,68,24.156
2026-05-01,TGH32,2032-03-01,Mar 2032,69,24.256
2026-05-01,TGJ32,2032-04-01,Apr 2032,70,24.751
2026-05-01,TGK32,2032-05-01,May 2032,71,24.431
2026-05-01,TGM32,2032-06-01,Jun 2032,72,23.881
2026-05-01,TGN32,2032-07-01,Jul 2032,73,23.531
2026-05-01,TGQ32,2032-08-01,Aug 2032,74,23.976
2026-05-01,TGU32,2032-09-01,Sep 2032,75,24.516
2026-05-01,TGV32,2032-10-01,Oct 2032,76,25.311
2026-05-01,TGX32,2032-11-01,Nov 2032,77,25.661
2026-05-01,TGZ32,2032-12-01,Dec 2032,78,25.836
2026-05-01,TGF33,2033-01-01,Jan 2033,79,26.036
2026-05-01,TGG33,2033-02-01,Feb 2033,80,25.926
2026-05-01,TGH33,2033-03-01,Mar 2033,81,25.741
2026-05-01,TGJ33,2033-04-01,Apr 2033,82,25.396
2026-05-01,TGK33,2033-05-01,May 2033,83,24.941
2026-05-01,TGM33,2033-06-01,Jun 2033,84,24.591
2026-05-01,TGN33,2033-07-01,Jul 2033,85,24.316
2026-05-01,TGQ33,2033-08-01,Aug 2033,86,24.766
2026-05-01,TGU33,2033-09-01,Sep 2033,87,25.161
2026-05-01,TGV33,2033-10-01,Oct 2033,88,25.761
2026-05-01,TGX33,2033-11-01,Nov 2033,89,26.261
2026-05-01,TGZ33,2033-12-01,Dec 2033,90,26.436
2026-05-01,TGF34,2034-01-01,Jan 2034,91,26.721
2026-05-01,TGG34,2034-02-01,Feb 2034,92,26.626
2026-05-01,TGH34,2034-03-01,Mar 2034,93,26.446
2026-05-01,TGJ34,2034-04-01,Apr 2034,94,26.296
2026-05-01,TGK34,2034-05-01,May 2034,95,25.796
2026-05-01,TGM34,2034-06-01,Jun 2034,96,25.496
2026-05-01,TGN34,2034-07-01,Jul 2034,97,25.296
2026-05-01,TGQ34,2034-08-01,Aug 2034,98,25.696
2026-05-01,TGU34,2034-09-01,Sep 2034,99,26.091
2026-05-01,TGV34,2034-10-01,Oct 2034,100,26.691
2026-05-01,TGX34,2034-11-01,Nov 2034,101,27.201
2026-05-01,TGZ34,2034-12-01,Dec 2034,102,27.376
2026-05-01,TGF35,2035-01-01,Jan 2035,103,27.661
2026-05-01,TGG35,2035-02-01,Feb 2035,104,27.566
2026-05-01,TGH35,2035-03-01,Mar 2035,105,27.386
2026-05-01,TGJ35,2035-04-01,Apr 2035,106,27.136
2026-05-01,TGK35,2035-05-01,May 2035,107,26.726
2026-05-01,TGM35,2035-06-01,Jun 2035,108,26.426
2026-05-01,TGN35,2035-07-01,Jul 2035,109,26.226
2026-05-01,TGQ35,2035-08-01,Aug 2035,110,26.626
2026-05-01,TGU35,2035-09-01,Sep 2035,111,27.021
2026-05-01,TGV35,2035-10-01,Oct 2035,112,27.621
2026-05-01,TGX35,2035-11-01,Nov 2035,113,28.131
2026-05-01,TGZ35,2035-12-01,Dec 2035,114,28.306
2026-05-01,TGF36,2036-01-01,Jan 2036,115,28.591
2026-05-01,TGG36,2036-02-01,Feb 2036,116,28.496
2026-05-01,TGH36,2036-03-01,Mar 2036,117,28.316
2026-05-01,TGJ36,2036-04-01,Apr 2036,118,27.976
2026-05-01,TGK36,2036-05-01,May 2036,119,27.526
2026-05-01,TGM36,2036-06-01,Jun 2036,120,27.226
2026-05-01,TGN36,2036-07-01,Jul 2036,121,27.026
2026-05-01,TGQ36,2036-08-01,Aug 2036,122,27.426
2026-05-01,TGU36,2036-09-01,Sep 2036,123,27.821
2026-05-01,TGV36,2036-10-01,Oct 2036,124,28.421
2026-05-01,TGX36,2036-11-01,Nov 2036,125,28.931
2026-05-01,TGZ36,2036-12-01,Dec 2036,126,29.106
2026-05-01,TGF37,2037-01-01,Jan 2037,127,29.391
2026-05-01,TGG37,2037-02-01,Feb 2037,128,29.296
2026-05-01,TGH37,2037-03-01,Mar 2037,129,29.116
2026-05-01,TGJ37,2037-04-01,Apr 2037,130,28.676
2026-05-01,TGK37,2037-05-01,May 2037,131,28.206
2026-05-01,TGM37,2037-06-01,Jun 2037,132,27.906
2026-05-01,TGN37,2037-07-01,Jul 2037,133,27.706
2026-05-01,TGQ37,2037-08-01,Aug 2037,134,28.106
2026-05-01,TGU37,2037-09-01,Sep 2037,135,28.501
2026-05-01,TGV37,2037-10-01,Oct 2037,136,29.101
2026-05-01,TGX37,2037-11-01,Nov 2037,137,29.611
2026-05-01,TGZ37,2037-12-01,Dec 2037,138,29.786
2026-05-02,TGM26,2026-06-01,Jun 2026,0,45.766
2026-05-02,TGN26,2026-07-01,Jul 2026,1,45.854
2026-05-02,TGQ26,2026-08-01,Aug 2026,2,45.864
2026-05-02,TGU26,2026-09-01,Sep 2026,3,45.91
2026-05-02,TGV26,2026-10-01,Oct 2026,4,45.699
2026-05-02,TGX26,2026-11-01,Nov 2026,5,45.402
2026-05-02,TGZ26,2026-12-01,Dec 2026,6,45.392
2026-05-02,TGF27,2027-01-01,Jan 2027,7,45.231
2026-05-02,TGG27,2027-02-01,Feb 2027,8,44.871
2026-05-02,TGH27,2027-03-01,Mar 2027,9,43.271
2026-05-02,TGJ27,2027-04-01,Apr 2027,10,37.337
2026-05-02,TGK27,2027-05-01,May 2027,11,35.072
2026-05-02,TGM27,2027-06-01,Jun 2027,12,34.402
2026-05-02,TGN27,2027-07-01,Jul 2027,13,34.166
2026-05-02,TGQ27,2027-08-01,Aug 2027,14,34.356
2026-05-02,TGU27,2027-09-01,Sep 2027,15,34.326
2026-05-02,TGV27,2027-10-01,Oct 2027,16,34.441
2026-05-02,TGX27,2027-11-01,Nov 2027,17,34.409
2026-05-02,TGZ27,2027-12-01,Dec 2027,18,34.746
2026-05-02,TGF28,2028-01-01,Jan 2028,19,34.543
2026-05-02,TGG28,2028-02-01,Feb 2028,20,34.073
2026-05-02,TGH28,2028-03-01,Mar 2028,21,32.298
2026-05-02,TGJ28,2028-04-01,Apr 2028,22,27.635
2026-05-02,TGK28,2028-05-01,May 2028,23,26.29
2026-05-02,TGM28,2028-06-01,Jun 2028,24,25.69
2026-05-02,TGN28,2028-07-01,Jul 2028,25,25.785
2026-05-02,TGQ28,2028-08-01,Aug 2028,26,25.655
2026-05-02,TGU28,2028-09-01,Sep 2028,27,25.78
2026-05-02,TGV28,2028-10-01,Oct 2028,28,25.8
2026-05-02,TGX28,2028-11-01,Nov 2028,29,26.37
2026-05-02,TGZ28,2028-12-01,Dec 2028,30,26.745
2026-05-02,TGF29,2029-01-01,Jan 2029,31,27.017
2026-05-02,TGG29,2029-02-01,Feb 2029,32,26.877
2026-05-02,TGH29,2029-03-01,Mar 2029,33,26.567
2026-05-02,TGJ29,2029-04-01,Apr 2029,34,23.285
2026-05-02,TGK29,2029-05-01,May 2029,35,22.775
2026-05-02,TGM29,2029-06-01,Jun 2029,36,22.32
2026-05-02,TGN29,2029-07-01,Jul 2029,37,22.34
2026-05-02,TGQ29,2029-08-01,Aug 2029,38,22.4
2026-05-02,TGU29,2029-09-01,Sep 2029,39,23.045
2026-05-02,TGV29,2029-10-01,Oct 2029,40,23.055
2026-05-02,TGX29,2029-11-01,Nov 2029,41,23.465
2026-05-02,TGZ29,2029-12-01,Dec 2029,42,23.73
2026-05-02,TGF30,2030-01-01,Jan 2030,43,23.98
2026-05-02,TGG30,2030-02-01,Feb 2030,44,23.96
2026-05-02,TGH30,2030-03-01,Mar 2030,45,23.96
2026-05-02,TGJ30,2030-04-01,Apr 2030,46,22.37
2026-05-02,TGK30,2030-05-01,May 2030,47,21.965
2026-05-02,TGM30,2030-06-01,Jun 2030,48,21.495
2026-05-02,TGN30,2030-07-01,Jul 2030,49,20.4
2026-05-02,TGQ30,2030-08-01,Aug 2030,50,20.775
2026-05-02,TGU30,2030-09-01,Sep 2030,51,21.455
2026-05-02,TGV30,2030-10-01,Oct 2030,52,22.565
2026-05-02,TGX30,2030-11-01,Nov 2030,53,23.33
2026-05-02,TGZ30,2030-12-01,Dec 2030,54,23.765
2026-05-02,TGF31,2031-01-01,Jan 2031,55,23.975
2026-05-02,TGG31,2031-02-01,Feb 2031,56,23.775
2026-05-02,TGH31,2031-03-01,Mar 2031,57,23.535
2026-05-02,TGJ31,2031-04-01,Apr 2031,58,22.495
2026-05-02,TGK31,2031-05-01,May 2031,59,22.02
2026-05-02,TGM31,2031-06-01,Jun 2031,60,21.755
2026-05-02,TGN31,2031-07-01,Jul 2031,61,21.6
2026-05-02,TGQ31,2031-08-01,Aug 2031,62,21.79
2026-05-02,TGU31,2031-09-01,Sep 2031,63,22.28
2026-05-02,TGV31,2031-10-01,Oct 2031,64,23.306
2026-05-02,TGX31,2031-11-01,Nov 2031,65,24.011
2026-05-02,TGZ31,2031-12-01,Dec 2031,66,24.416
2026-05-02,TGF32,2032-01-01,Jan 2032,67,24.091
2026-05-02,TGG32,2032-02-01,Feb 2032,68,24.156
2026-05-02,TGH32,2032-03-01,Mar 2032,69,24.256
2026-05-02,TGJ32,2032-04-01,Apr 2032,70,24.751
2026-05-02,TGK32,2032-05-01,May 2032,71,24.431
2026-05-02,TGM32,2032-06-01,Jun 2032,72,23.881
2026-05-02,TGN32,2032-07-01,Jul 2032,73,23.531
2026-05-02,TGQ32,2032-08-01,Aug 2032,74,23.976
2026-05-02,TGU32,2032-09-01,Sep 2032,75,24.516
2026-05-02,TGV32,2032-10-01,Oct 2032,76,25.311
2026-05-02,TGX32,2032-11-01,Nov 2032,77,25.661
2026-05-02,TGZ32,2032-12-01,Dec 2032,78,25.836
2026-05-02,TGF33,2033-01-01,Jan 2033,79,26.036
2026-05-02,TGG33,2033-02-01,Feb 2033,80,25.926
2026-05-02,TGH33,2033-03-01,Mar 2033,81,25.741
2026-05-02,TGJ33,2033-04-01,Apr 2033,82,25.396
2026-05-02,TGK33,2033-05-01,May 2033,83,24.941
2026-05-02,TGM33,2033-06-01,Jun 2033,84,24.591
2026-05-02,TGN33,2033-07-01,Jul 2033,85,24.316
2026-05-02,TGQ33,2033-08-01,Aug 2033,86,24.766
2026-05-02,TGU33,2033-09-01,Sep 2033,87,25.161
2026-05-02,TGV33,2033-10-01,Oct 2033,88,25.761
2026-05-02,TGX33,2033-11-01,Nov 2033,89,26.261
2026-05-02,TGZ33,2033-12-01,Dec 2033,90,26.436
2026-05-02,TGF34,2034-01-01,Jan 2034,91,26.721
2026-05-02,TGG34,2034-02-01,Feb 2034,92,26.626
2026-05-02,TGH34,2034-03-01,Mar 2034,93,26.446
2026-05-02,TGJ34,2034-04-01,Apr 2034,94,26.296
2026-05-02,TGK34,2034-05-01,May 2034,95,25.796
2026-05-02,TGM34,2034-06-01,Jun 2034,96,25.496
2026-05-02,TGN34,2034-07-01,Jul 2034,97,25.296
2026-05-02,TGQ34,2034-08-01,Aug 2034,98,25.696
2026-05-02,TGU34,2034-09-01,Sep 2034,99,26.091
2026-05-02,TGV34,2034-10-01,Oct 2034,100,26.691
2026-05-02,TGX34,2034-11-01,Nov 2034,101,27.201
2026-05-02,TGZ34,2034-12-01,Dec 2034,102,27.376
2026-05-02,TGF35,2035-01-01,Jan 2035,103,27.661
2026-05-02,TGG35,2035-02-01,Feb 2035,104,27.566
2026-05-02,TGH35,2035-03-01,Mar 2035,105,27.386
2026-05-02,TGJ35,2035-04-01,Apr 2035,106,27.136
2026-05-02,TGK35,2035-05-01,May 2035,107,26.726
2026-05-02,TGM35,2035-06-01,Jun 2035,108,26.426
2026-05-02,TGN35,2035-07-01,Jul 2035,109,26.226
2026-05-02,TGQ35,2035-08-01,Aug 2035,110,26.626
2026-05-02,TGU35,2035-09-01,Sep 2035,111,27.021
2026-05-02,TGV35,2035-10-01,Oct 2035,112,27.621
2026-05-02,TGX35,2035-11-01,Nov 2035,113,28.131
2026-05-02,TGZ35,2035-12-01,Dec 2035,114,28.306
2026-05-02,TGF36,2036-01-01,Jan 2036,115,28.591
2026-05-02,TGG36,2036-02-01,Feb 2036,116,28.496
2026-05-02,TGH36,2036-03-01,Mar 2036,117,28.316
2026-05-02,TGJ36,2036-04-01,Apr 2036,118,27.976
2026-05-02,TGK36,2036-05-01,May 2036,119,27.526
2026-05-02,TGM36,2036-06-01,Jun 2036,120,27.226
2026-05-02,TGN36,2036-07-01,Jul 2036,121,27.026
2026-05-02,TGQ36,2036-08-01,Aug 2036,122,27.426
2026-05-02,TGU36,2036-09-01,Sep 2036,123,27.821
2026-05-02,TGV36,2036-10-01,Oct 2036,124,28.421
2026-05-02,TGX36,2036-11-01,Nov 2036,125,28.931
2026-05-02,TGZ36,2036-12-01,Dec 2036,126,29.106
2026-05-02,TGF37,2037-01-01,Jan 2037,127,29.391
2026-05-02,TGG37,2037-02-01,Feb 2037,128,29.296
2026-05-02,TGH37,2037-03-01,Mar 2037,129,29.116
2026-05-02,TGJ37,2037-04-01,Apr 2037,130,28.676
2026-05-02,TGK37,2037-05-01,May 2037,131,28.206
2026-05-02,TGM37,2037-06-01,Jun 2037,132,27.906
2026-05-02,TGN37,2037-07-01,Jul 2037,133,27.706
2026-05-02,TGQ37,2037-08-01,Aug 2037,134,28.106
2026-05-02,TGU37,2037-09-01,Sep 2037,135,28.501
2026-05-02,TGV37,2037-10-01,Oct 2037,136,29.101
2026-05-02,TGX37,2037-11-01,Nov 2037,137,29.611
2026-05-02,TGZ37,2037-12-01,Dec 2037,138,29.786
2026-05-03,TGM26,2026-06-01,Jun 2026,0,45.766
2026-05-03,TGN26,2026-07-01,Jul 2026,1,45.854
2026-05-03,TGQ26,2026-08-01,Aug 2026,2,45.864
2026-05-03,TGU26,2026-09-01,Sep 2026,3,45.91
2026-05-03,TGV26,2026-10-01,Oct 2026,4,45.699
2026-05-03,TGX26,2026-11-01,Nov 2026,5,45.402
2026-05-03,TGZ26,2026-12-01,Dec 2026,6,45.392
2026-05-03,TGF27,2027-01-01,Jan 2027,7,45.231
2026-05-03,TGG27,2027-02-01,Feb 2027,8,44.871
2026-05-03,TGH27,2027-03-01,Mar 2027,9,43.271
2026-05-03,TGJ27,2027-04-01,Apr 2027,10,37.337
2026-05-03,TGK27,2027-05-01,May 2027,11,35.072
2026-05-03,TGM27,2027-06-01,Jun 2027,12,34.402
2026-05-03,TGN27,2027-07-01,Jul 2027,13,34.166
2026-05-03,TGQ27,2027-08-01,Aug 2027,14,34.356
2026-05-03,TGU27,2027-09-01,Sep 2027,15,34.326
2026-05-03,TGV27,2027-10-01,Oct 2027,16,34.441
2026-05-03,TGX27,2027-11-01,Nov 2027,17,34.409
2026-05-03,TGZ27,2027-12-01,Dec 2027,18,34.746
2026-05-03,TGF28,2028-01-01,Jan 2028,19,34.543
2026-05-03,TGG28,2028-02-01,Feb 2028,20,34.073
2026-05-03,TGH28,2028-03-01,Mar 2028,21,32.298
2026-05-03,TGJ28,2028-04-01,Apr 2028,22,27.635
2026-05-03,TGK28,2028-05-01,May 2028,23,26.29
2026-05-03,TGM28,2028-06-01,Jun 2028,24,25.69
2026-05-03,TGN28,2028-07-01,Jul 2028,25,25.785
2026-05-03,TGQ28,2028-08-01,Aug 2028,26,25.655
2026-05-03,TGU28,2028-09-01,Sep 2028,27,25.78
2026-05-03,TGV28,2028-10-01,Oct 2028,28,25.8
2026-05-03,TGX28,2028-11-01,Nov 2028,29,26.37
2026-05-03,TGZ28,2028-12-01,Dec 2028,30,26.745
2026-05-03,TGF29,2029-01-01,Jan 2029,31,27.017
2026-05-03,TGG29,2029-02-01,Feb 2029,32,26.877
2026-05-03,TGH29,2029-03-01,Mar 2029,33,26.567
2026-05-03,TGJ29,2029-04-01,Apr 2029,34,23.285
2026-05-03,TGK29,2029-05-01,May 2029,35,22.775
2026-05-03,TGM29,2029-06-01,Jun 2029,36,22.32
2026-05-03,TGN29,2029-07-01,Jul 2029,37,22.34
2026-05-03,TGQ29,2029-08-01,Aug 2029,38,22.4
2026-05-03,TGU29,2029-09-01,Sep 2029,39,23.045
2026-05-03,TGV29,2029-10-01,Oct 2029,40,23.055
2026-05-03,TGX29,2029-11-01,Nov 2029,41,23.465
2026-05-03,TGZ29,2029-12-01,Dec 2029,42,23.73
2026-05-03,TGF30,2030-01-01,Jan 2030,43,23.98
2026-05-03,TGG30,2030-02-01,Feb 2030,44,23.96
2026-05-03,TGH30,2030-03-01,Mar 2030,45,23.96
2026-05-03,TGJ30,2030-04-01,Apr 2030,46,22.37
2026-05-03,TGK30,2030-05-01,May 2030,47,21.965
2026-05-03,TGM30,2030-06-01,Jun 2030,48,21.495
2026-05-03,TGN30,2030-07-01,Jul 2030,49,20.4
2026-05-03,TGQ30,2030-08-01,Aug 2030,50,20.775
2026-05-03,TGU30,2030-09-01,Sep 2030,51,21.455
2026-05-03,TGV30,2030-10-01,Oct 2030,52,22.565
2026-05-03,TGX30,2030-11-01,Nov 2030,53,23.33
2026-05-03,TGZ30,2030-12-01,Dec 2030,54,23.765
2026-05-03,TGF31,2031-01-01,Jan 2031,55,23.975
2026-05-03,TGG31,2031-02-01,Feb 2031,56,23.775
2026-05-03,TGH31,2031-03-01,Mar 2031,57,23.535
2026-05-03,TGJ31,2031-04-01,Apr 2031,58,22.495
2026-05-03,TGK31,2031-05-01,May 2031,59,22.02
2026-05-03,TGM31,2031-06-01,Jun 2031,60,21.755
2026-05-03,TGN31,2031-07-01,Jul 2031,61,21.6
2026-05-03,TGQ31,2031-08-01,Aug 2031,62,21.79
2026-05-03,TGU31,2031-09-01,Sep 2031,63,22.28
2026-05-03,TGV31,2031-10-01,Oct 2031,64,23.306
2026-05-03,TGX31,2031-11-01,Nov 2031,65,24.011
2026-05-03,TGZ31,2031-12-01,Dec 2031,66,24.416
2026-05-03,TGF32,2032-01-01,Jan 2032,67,24.091
2026-05-03,TGG32,2032-02-01,Feb 2032,68,24.156
2026-05-03,TGH32,2032-03-01,Mar 2032,69,24.256
2026-05-03,TGJ32,2032-04-01,Apr 2032,70,24.751
2026-05-03,TGK32,2032-05-01,May 2032,71,24.431
2026-05-03,TGM32,2032-06-01,Jun 2032,72,23.881
2026-05-03,TGN32,2032-07-01,Jul 2032,73,23.531
2026-05-03,TGQ32,2032-08-01,Aug 2032,74,23.976
2026-05-03,TGU32,2032-09-01,Sep 2032,75,24.516
2026-05-03,TGV32,2032-10-01,Oct 2032,76,25.311
2026-05-03,TGX32,2032-11-01,Nov 2032,77,25.661
2026-05-03,TGZ32,2032-12-01,Dec 2032,78,25.836
2026-05-03,TGF33,2033-01-01,Jan 2033,79,26.036
2026-05-03,TGG33,2033-02-01,Feb 2033,80,25.926
2026-05-03,TGH33,2033-03-01,Mar 2033,81,25.741
2026-05-03,TGJ33,2033-04-01,Apr 2033,82,25.396
2026-05-03,TGK33,2033-05-01,May 2033,83,24.941
2026-05-03,TGM33,2033-06-01,Jun 2033,84,24.591
2026-05-03,TGN33,2033-07-01,Jul 2033,85,24.316
2026-05-03,TGQ33,2033-08-01,Aug 2033,86,24.766
2026-05-03,TGU33,2033-09-01,Sep 2033,87,25.161
2026-05-03,TGV33,2033-10-01,Oct 2033,88,25.761
2026-05-03,TGX33,2033-11-01,Nov 2033,89,26.261
2026-05-03,TGZ33,2033-12-01,Dec 2033,90,26.436
2026-05-03,TGF34,2034-01-01,Jan 2034,91,26.721
2026-05-03,TGG34,2034-02-01,Feb 2034,92,26.626
2026-05-03,TGH34,2034-03-01,Mar 2034,93,26.446
2026-05-03,TGJ34,2034-04-01,Apr 2034,94,26.296
2026-05-03,TGK34,2034-05-01,May 2034,95,25.796
2026-05-03,TGM34,2034-06-01,Jun 2034,96,25.496
2026-05-03,TGN34,2034-07-01,Jul 2034,97,25.296
2026-05-03,TGQ34,2034-08-01,Aug 2034,98,25.696
2026-05-03,TGU34,2034-09-01,Sep 2034,99,26.091
2026-05-03,TGV34,2034-10-01,Oct 2034,100,26.691
2026-05-03,TGX34,2034-11-01,Nov 2034,101,27.201
2026-05-03,TGZ34,2034-12-01,Dec 2034,102,27.376
2026-05-03,TGF35,2035-01-01,Jan 2035,103,27.661
2026-05-03,TGG35,2035-02-01,Feb 2035,104,27.566
2026-05-03,TGH35,2035-03-01,Mar 2035,105,27.386
2026-05-03,TGJ35,2035-04-01,Apr 2035,106,27.136
2026-05-03,TGK35,2035-05-01,May 2035,107,26.726
2026-05-03,TGM35,2035-06-01,Jun 2035,108,26.426
2026-05-03,TGN35,2035-07-01,Jul 2035,109,26.226
2026-05-03,TGQ35,2035-08-01,Aug 2035,110,26.626
2026-05-03,TGU35,2035-09-01,Sep 2035,111,27.021
2026-05-03,TGV35,2035-10-01,Oct 2035,112,27.621
2026-05-03,TGX35,2035-11-01,Nov 2035,113,28.131
2026-05-03,TGZ35,2035-12-01,Dec 2035,114,28.306
2026-05-03,TGF36,2036-01-01,Jan 2036,115,28.591
2026-05-03,TGG36,2036-02-01,Feb 2036,116,28.496
2026-05-03,TGH36,2036-03-01,Mar 2036,117,28.316
2026-05-03,TGJ36,2036-04-01,Apr 2036,118,27.976
2026-05-03,TGK36,2036-05-01,May 2036,119,27.526
2026-05-03,TGM36,2036-06-01,Jun 2036,120,27.226
2026-05-03,TGN36,2036-07-01,Jul 2036,121,27.026
2026-05-03,TGQ36,2036-08-01,Aug 2036,122,27.426
2026-05-03,TGU36,2036-09-01,Sep 2036,123,27.821
2026-05-03,TGV36,2036-10-01,Oct 2036,124,28.421
2026-05-03,TGX36,2036-11-01,Nov 2036,125,28.931
2026-05-03,TGZ36,2036-12-01,Dec 2036,126,29.106
2026-05-03,TGF37,2037-01-01,Jan 2037,127,29.391
2026-05-03,TGG37,2037-02-01,Feb 2037,128,29.296
2026-05-03,TGH37,2037-03-01,Mar 2037,129,29.116
2026-05-03,TGJ37,2037-04-01,Apr 2037,130,28.676
2026-05-03,TGK37,2037-05-01,May 2037,131,28.206
2026-05-03,TGM37,2037-06-01,Jun 2037,132,27.906
2026-05-03,TGN37,2037-07-01,Jul 2037,133,27.706
2026-05-03,TGQ37,2037-08-01,Aug 2037,134,28.106
2026-05-03,TGU37,2037-09-01,Sep 2037,135,28.501
2026-05-03,TGV37,2037-10-01,Oct 2037,136,29.101
2026-05-03,TGX37,2037-11-01,Nov 2037,137,29.611
2026-05-03,TGZ37,2037-12-01,Dec 2037,138,29.786
2026-05-04,TGM26,2026-06-01,Jun 2026,0,48.68
2026-05-04,TGN26,2026-07-01,Jul 2026,1,48.635
2026-05-04,TGQ26,2026-08-01,Aug 2026,2,48.53
2026-05-04,TGU26,2026-09-01,Sep 2026,3,48.55
2026-05-04,TGV26,2026-10-01,Oct 2026,4,48.31
2026-05-04,TGX26,2026-11-01,Nov 2026,5,47.96
2026-05-04,TGZ26,2026-12-01,Dec 2026,6,47.96
2026-05-04,TGF27,2027-01-01,Jan 2027,7,47.73
2026-05-04,TGG27,2027-02-01,Feb 2027,8,47.28
2026-05-04,TGH27,2027-03-01,Mar 2027,9,45.3
2026-05-04,TGJ27,2027-04-01,Apr 2027,10,39.1
2026-05-04,TGK27,2027-05-01,May 2027,11,36.152
2026-05-04,TGM27,2027-06-01,Jun 2027,12,35.9
2026-05-04,TGN27,2027-07-01,Jul 2027,13,35.313
2026-05-04,TGQ27,2027-08-01,Aug 2027,14,35.318
2026-05-04,TGU27,2027-09-01,Sep 2027,15,35.303
2026-05-04,TGV27,2027-10-01,Oct 2027,16,34.3
2026-05-04,TGX27,2027-11-01,Nov 2027,17,34.35
2026-05-04,TGZ27,2027-12-01,Dec 2027,18,35.659
2026-05-04,TGF28,2028-01-01,Jan 2028,19,35.379
2026-05-04,TGG28,2028-02-01,Feb 2028,20,34.909
2026-05-04,TGH28,2028-03-01,Mar 2028,21,33.139
2026-05-04,TGJ28,2028-04-01,Apr 2028,22,27.854
2026-05-04,TGK28,2028-05-01,May 2028,23,26.514
2026-05-04,TGM28,2028-06-01,Jun 2028,24,25.919
2026-05-04,TGN28,2028-07-01,Jul 2028,25,26.014
2026-05-04,TGQ28,2028-08-01,Aug 2028,26,25.884
2026-05-04,TGU28,2028-09-01,Sep 2028,27,26.009
2026-05-04,TGV28,2028-10-01,Oct 2028,28,25.99
2026-05-04,TGX28,2028-11-01,Nov 2028,29,26.56
2026-05-04,TGZ28,2028-12-01,Dec 2028,30,26.935
2026-05-04,TGF29,2029-01-01,Jan 2029,31,27.13
2026-05-04,TGG29,2029-02-01,Feb 2029,32,26.99
2026-05-04,TGH29,2029-03-01,Mar 2029,33,26.72
2026-05-04,TGJ29,2029-04-01,Apr 2029,34,23.294
2026-05-04,TGK29,2029-05-01,May 2029,35,22.784
2026-05-04,TGM29,2029-06-01,Jun 2029,36,22.324
2026-05-04,TGN29,2029-07-01,Jul 2029,37,22.344
2026-05-04,TGQ29,2029-08-01,Aug 2029,38,22.404
2026-05-04,TGU29,2029-09-01,Sep 2029,39,23.049
2026-05-04,TGV29,2029-10-01,Oct 2029,40,22.952
2026-05-04,TGX29,2029-11-01,Nov 2029,41,23.362
2026-05-04,TGZ29,2029-12-01,Dec 2029,42,23.627
2026-05-04,TGF30,2030-01-01,Jan 2030,43,23.899
2026-05-04,TGG30,2030-02-01,Feb 2030,44,23.879
2026-05-04,TGH30,2030-03-01,Mar 2030,45,23.884
2026-05-04,TGJ30,2030-04-01,Apr 2030,46,22.29
2026-05-04,TGK30,2030-05-01,May 2030,47,21.885
2026-05-04,TGM30,2030-06-01,Jun 2030,48,21.415
2026-05-04,TGN30,2030-07-01,Jul 2030,49,20.32
2026-05-04,TGQ30,2030-08-01,Aug 2030,50,20.69
2026-05-04,TGU30,2030-09-01,Sep 2030,51,21.37
2026-05-04,TGV30,2030-10-01,Oct 2030,52,22.626
2026-05-04,TGX30,2030-11-01,Nov 2030,53,23.396
2026-05-04,TGZ30,2030-12-01,Dec 2030,54,23.837
2026-05-04,TGF31,2031-01-01,Jan 2031,55,23.772
2026-05-04,TGG31,2031-02-01,Feb 2031,56,23.572
2026-05-04,TGH31,2031-03-01,Mar 2031,57,23.337
2026-05-04,TGJ31,2031-04-01,Apr 2031,58,22.114
2026-05-04,TGK31,2031-05-01,May 2031,59,21.639
2026-05-04,TGM31,2031-06-01,Jun 2031,60,21.374
2026-05-04,TGN31,2031-07-01,Jul 2031,61,21.219
2026-05-04,TGQ31,2031-08-01,Aug 2031,62,21.409
2026-05-04,TGU31,2031-09-01,Sep 2031,63,21.899
2026-05-04,TGV31,2031-10-01,Oct 2031,64,22.924
2026-05-04,TGX31,2031-11-01,Nov 2031,65,23.629
2026-05-04,TGZ31,2031-12-01,Dec 2031,66,24.034
2026-05-04,TGF32,2032-01-01,Jan 2032,67,23.709
2026-05-04,TGG32,2032-02-01,Feb 2032,68,23.774
2026-05-04,TGH32,2032-03-01,Mar 2032,69,23.874
2026-05-04,TGJ32,2032-04-01,Apr 2032,70,24.369
2026-05-04,TGK32,2032-05-01,May 2032,71,24.049
2026-05-04,TGM32,2032-06-01,Jun 2032,72,23.499
2026-05-04,TGN32,2032-07-01,Jul 2032,73,23.149
2026-05-04,TGQ32,2032-08-01,Aug 2032,74,23.594
2026-05-04,TGU32,2032-09-01,Sep 2032,75,24.134
2026-05-04,TGV32,2032-10-01,Oct 2032,76,24.929
2026-05-04,TGX32,2032-11-01,Nov 2032,77,25.279
2026-05-04,TGZ32,2032-12-01,Dec 2032,78,25.454
2026-05-04,TGF33,2033-01-01,Jan 2033,79,25.654
2026-05-04,TGG33,2033-02-01,Feb 2033,80,25.544
2026-05-04,TGH33,2033-03-01,Mar 2033,81,25.359
2026-05-04,TGJ33,2033-04-01,Apr 2033,82,25.014
2026-05-04,TGK33,2033-05-01,May 2033,83,24.559
2026-05-04,TGM33,2033-06-01,Jun 2033,84,24.209
2026-05-04,TGN33,2033-07-01,Jul 2033,85,23.934
2026-05-04,TGQ33,2033-08-01,Aug 2033,86,24.384
2026-05-04,TGU33,2033-09-01,Sep 2033,87,24.779
2026-05-04,TGV33,2033-10-01,Oct 2033,88,25.379
2026-05-04,TGX33,2033-11-01,Nov 2033,89,25.879
2026-05-04,TGZ33,2033-12-01,Dec 2033,90,26.054
2026-05-04,TGF34,2034-01-01,Jan 2034,91,26.339
2026-05-04,TGG34,2034-02-01,Feb 2034,92,26.244
2026-05-04,TGH34,2034-03-01,Mar 2034,93,26.064
2026-05-04,TGJ34,2034-04-01,Apr 2034,94,25.914
2026-05-04,TGK34,2034-05-01,May 2034,95,25.414
2026-05-04,TGM34,2034-06-01,Jun 2034,96,25.114
2026-05-04,TGN34,2034-07-01,Jul 2034,97,24.914
2026-05-04,TGQ34,2034-08-01,Aug 2034,98,25.314
2026-05-04,TGU34,2034-09-01,Sep 2034,99,25.709
2026-05-04,TGV34,2034-10-01,Oct 2034,100,26.309
2026-05-04,TGX34,2034-11-01,Nov 2034,101,26.819
2026-05-04,TGZ34,2034-12-01,Dec 2034,102,26.994
2026-05-04,TGF35,2035-01-01,Jan 2035,103,27.279
2026-05-04,TGG35,2035-02-01,Feb 2035,104,27.184
2026-05-04,TGH35,2035-03-01,Mar 2035,105,27.004
2026-05-04,TGJ35,2035-04-01,Apr 2035,106,26.754
2026-05-04,TGK35,2035-05-01,May 2035,107,26.344
2026-05-04,TGM35,2035-06-01,Jun 2035,108,26.044
2026-05-04,TGN35,2035-07-01,Jul 2035,109,25.844
2026-05-04,TGQ35,2035-08-01,Aug 2035,110,26.244
2026-05-04,TGU35,2035-09-01,Sep 2035,111,26.639
2026-05-04,TGV35,2035-10-01,Oct 2035,112,27.239
2026-05-04,TGX35,2035-11-01,Nov 2035,113,27.749
2026-05-04,TGZ35,2035-12-01,Dec 2035,114,27.924
2026-05-04,TGF36,2036-01-01,Jan 2036,115,28.209
2026-05-04,TGG36,2036-02-01,Feb 2036,116,28.114
2026-05-04,TGH36,2036-03-01,Mar 2036,117,27.934
2026-05-04,TGJ36,2036-04-01,Apr 2036,118,27.594
2026-05-04,TGK36,2036-05-01,May 2036,119,27.144
2026-05-04,TGM36,2036-06-01,Jun 2036,120,26.844
2026-05-04,TGN36,2036-07-01,Jul 2036,121,26.644
2026-05-04,TGQ36,2036-08-01,Aug 2036,122,27.044
2026-05-04,TGU36,2036-09-01,Sep 2036,123,27.439
2026-05-04,TGV36,2036-10-01,Oct 2036,124,28.039
2026-05-04,TGX36,2036-11-01,Nov 2036,125,28.549
2026-05-04,TGZ36,2036-12-01,Dec 2036,126,28.724
2026-05-04,TGF37,2037-01-01,Jan 2037,127,29.009
2026-05-04,TGG37,2037-02-01,Feb 2037,128,28.914
2026-05-04,TGH37,2037-03-01,Mar 2037,129,28.734
2026-05-04,TGJ37,2037-04-01,Apr 2037,130,28.294
2026-05-04,TGK37,2037-05-01,May 2037,131,27.824
2026-05-04,TGM37,2037-06-01,Jun 2037,132,27.524
2026-05-04,TGN37,2037-07-01,Jul 2037,133,27.324
2026-05-04,TGQ37,2037-08-01,Aug 2037,134,27.724
2026-05-04,TGU37,2037-09-01,Sep 2037,135,28.119
2026-05-04,TGV37,2037-10-01,Oct 2037,136,28.719
2026-05-04,TGX37,2037-11-01,Nov 2037,137,29.229
2026-05-04,TGZ37,2037-12-01,Dec 2037,138,29.404
2026-05-05,TGM26,2026-06-01,Jun 2026,0,47.125
2026-05-05,TGN26,2026-07-01,Jul 2026,1,46.985
2026-05-05,TGQ26,2026-08-01,Aug 2026,2,47.09
2026-05-05,TGU26,2026-09-01,Sep 2026,3,47.12
2026-05-05,TGV26,2026-10-01,Oct 2026,4,46.825
2026-05-05,TGX26,2026-11-01,Nov 2026,5,46.575
2026-05-05,TGZ26,2026-12-01,Dec 2026,6,46.53
2026-05-05,TGF27,2027-01-01,Jan 2027,7,46.39
2026-05-05,TGG27,2027-02-01,Feb 2027,8,45.875
2026-05-05,TGH27,2027-03-01,Mar 2027,9,44.09
2026-05-05,TGJ27,2027-04-01,Apr 2027,10,37.92
2026-05-05,TGK27,2027-05-01,May 2027,11,35.72
2026-05-05,TGM27,2027-06-01,Jun 2027,12,34.75
2026-05-05,TGN27,2027-07-01,Jul 2027,13,35.0
2026-05-05,TGQ27,2027-08-01,Aug 2027,14,34.884
2026-05-05,TGU27,2027-09-01,Sep 2027,15,34.879
2026-05-05,TGV27,2027-10-01,Oct 2027,16,34.984
2026-05-05,TGX27,2027-11-01,Nov 2027,17,34.946
2026-05-05,TGZ27,2027-12-01,Dec 2027,18,35.266
2026-05-05,TGF28,2028-01-01,Jan 2028,19,35.014
2026-05-05,TGG28,2028-02-01,Feb 2028,20,34.549
2026-05-05,TGH28,2028-03-01,Mar 2028,21,32.769
2026-05-05,TGJ28,2028-04-01,Apr 2028,22,27.659
2026-05-05,TGK28,2028-05-01,May 2028,23,26.319
2026-05-05,TGM28,2028-06-01,Jun 2028,24,25.724
2026-05-05,TGN28,2028-07-01,Jul 2028,25,25.811
2026-05-05,TGQ28,2028-08-01,Aug 2028,26,25.681
2026-05-05,TGU28,2028-09-01,Sep 2028,27,25.805
2026-05-05,TGV28,2028-10-01,Oct 2028,28,25.715
2026-05-05,TGX28,2028-11-01,Nov 2028,29,26.285
2026-05-05,TGZ28,2028-12-01,Dec 2028,30,26.66
2026-05-05,TGF29,2029-01-01,Jan 2029,31,26.895
2026-05-05,TGG29,2029-02-01,Feb 2029,32,26.76
2026-05-05,TGH29,2029-03-01,Mar 2029,33,26.485
2026-05-05,TGJ29,2029-04-01,Apr 2029,34,23.152
2026-05-05,TGK29,2029-05-01,May 2029,35,22.642
2026-05-05,TGM29,2029-06-01,Jun 2029,36,22.182
2026-05-05,TGN29,2029-07-01,Jul 2029,37,22.202
2026-05-05,TGQ29,2029-08-01,Aug 2029,38,22.262
2026-05-05,TGU29,2029-09-01,Sep 2029,39,22.908
2026-05-05,TGV29,2029-10-01,Oct 2029,40,22.872
2026-05-05,TGX29,2029-11-01,Nov 2029,41,23.283
2026-05-05,TGZ29,2029-12-01,Dec 2029,42,23.539
2026-05-05,TGF30,2030-01-01,Jan 2030,43,23.75
2026-05-05,TGG30,2030-02-01,Feb 2030,44,23.73
2026-05-05,TGH30,2030-03-01,Mar 2030,45,23.73
2026-05-05,TGJ30,2030-04-01,Apr 2030,46,22.205
2026-05-05,TGK30,2030-05-01,May 2030,47,21.8
2026-05-05,TGM30,2030-06-01,Jun 2030,48,21.335
2026-05-05,TGN30,2030-07-01,Jul 2030,49,20.24
2026-05-05,TGQ30,2030-08-01,Aug 2030,50,20.61
2026-05-05,TGU30,2030-09-01,Sep 2030,51,21.29
2026-05-05,TGV30,2030-10-01,Oct 2030,52,22.345
2026-05-05,TGX30,2030-11-01,Nov 2030,53,23.115
2026-05-05,TGZ30,2030-12-01,Dec 2030,54,23.55
2026-05-05,TGF31,2031-01-01,Jan 2031,55,23.666
2026-05-05,TGG31,2031-02-01,Feb 2031,56,23.479
2026-05-05,TGH31,2031-03-01,Mar 2031,57,23.251
2026-05-05,TGJ31,2031-04-01,Apr 2031,58,22.312
2026-05-05,TGK31,2031-05-01,May 2031,59,21.837
2026-05-05,TGM31,2031-06-01,Jun 2031,60,21.572
2026-05-05,TGN31,2031-07-01,Jul 2031,61,21.417
2026-05-05,TGQ31,2031-08-01,Aug 2031,62,21.612
2026-05-05,TGU31,2031-09-01,Sep 2031,63,22.102
2026-05-05,TGV31,2031-10-01,Oct 2031,64,23.127
2026-05-05,TGX31,2031-11-01,Nov 2031,65,23.832
2026-05-05,TGZ31,2031-12-01,Dec 2031,66,24.237
2026-05-05,TGF32,2032-01-01,Jan 2032,67,23.508
2026-05-05,TGG32,2032-02-01,Feb 2032,68,23.573
2026-05-05,TGH32,2032-03-01,Mar 2032,69,23.673
2026-05-05,TGJ32,2032-04-01,Apr 2032,70,24.168
2026-05-05,TGK32,2032-05-01,May 2032,71,23.848
2026-05-05,TGM32,2032-06-01,Jun 2032,72,23.298
2026-05-05,TGN32,2032-07-01,Jul 2032,73,22.948
2026-05-05,TGQ32,2032-08-01,Aug 2032,74,23.393
2026-05-05,TGU32,2032-09-01,Sep 2032,75,23.933
2026-05-05,TGV32,2032-10-01,Oct 2032,76,24.728
2026-05-05,TGX32,2032-11-01,Nov 2032,77,25.078
2026-05-05,TGZ32,2032-12-01,Dec 2032,78,25.253
2026-05-05,TGF33,2033-01-01,Jan 2033,79,25.493
2026-05-05,TGG33,2033-02-01,Feb 2033,80,25.383
2026-05-05,TGH33,2033-03-01,Mar 2033,81,25.198
2026-05-05,TGJ33,2033-04-01,Apr 2033,82,24.853
2026-05-05,TGK33,2033-05-01,May 2033,83,24.398
2026-05-05,TGM33,2033-06-01,Jun 2033,84,24.048
2026-05-05,TGN33,2033-07-01,Jul 2033,85,23.773
2026-05-05,TGQ33,2033-08-01,Aug 2033,86,24.223
2026-05-05,TGU33,2033-09-01,Sep 2033,87,24.618
2026-05-05,TGV33,2033-10-01,Oct 2033,88,25.218
2026-05-05,TGX33,2033-11-01,Nov 2033,89,25.718
2026-05-05,TGZ33,2033-12-01,Dec 2033,90,25.893
2026-05-05,TGF34,2034-01-01,Jan 2034,91,26.178
2026-05-05,TGG34,2034-02-01,Feb 2034,92,26.083
2026-05-05,TGH34,2034-03-01,Mar 2034,93,25.903
2026-05-05,TGJ34,2034-04-01,Apr 2034,94,25.753
2026-05-05,TGK34,2034-05-01,May 2034,95,25.253
2026-05-05,TGM34,2034-06-01,Jun 2034,96,24.953
2026-05-05,TGN34,2034-07-01,Jul 2034,97,24.753
2026-05-05,TGQ34,2034-08-01,Aug 2034,98,25.153
2026-05-05,TGU34,2034-09-01,Sep 2034,99,25.548
2026-05-05,TGV34,2034-10-01,Oct 2034,100,26.148
2026-05-05,TGX34,2034-11-01,Nov 2034,101,26.658
2026-05-05,TGZ34,2034-12-01,Dec 2034,102,26.833
2026-05-05,TGF35,2035-01-01,Jan 2035,103,27.118
2026-05-05,TGG35,2035-02-01,Feb 2035,104,27.023
2026-05-05,TGH35,2035-03-01,Mar 2035,105,26.843
2026-05-05,TGJ35,2035-04-01,Apr 2035,106,26.593
2026-05-05,TGK35,2035-05-01,May 2035,107,26.183
2026-05-05,TGM35,2035-06-01,Jun 2035,108,25.883
2026-05-05,TGN35,2035-07-01,Jul 2035,109,25.683
2026-05-05,TGQ35,2035-08-01,Aug 2035,110,26.083
2026-05-05,TGU35,2035-09-01,Sep 2035,111,26.478
2026-05-05,TGV35,2035-10-01,Oct 2035,112,27.078
2026-05-05,TGX35,2035-11-01,Nov 2035,113,27.588
2026-05-05,TGZ35,2035-12-01,Dec 2035,114,27.763
2026-05-05,TGF36,2036-01-01,Jan 2036,115,28.048
2026-05-05,TGG36,2036-02-01,Feb 2036,116,27.953
2026-05-05,TGH36,2036-03-01,Mar 2036,117,27.773
2026-05-05,TGJ36,2036-04-01,Apr 2036,118,27.433
2026-05-05,TGK36,2036-05-01,May 2036,119,26.983
2026-05-05,TGM36,2036-06-01,Jun 2036,120,26.683
2026-05-05,TGN36,2036-07-01,Jul 2036,121,26.483
2026-05-05,TGQ36,2036-08-01,Aug 2036,122,26.883
2026-05-05,TGU36,2036-09-01,Sep 2036,123,27.278
2026-05-05,TGV36,2036-10-01,Oct 2036,124,27.878
2026-05-05,TGX36,2036-11-01,Nov 2036,125,28.388
2026-05-05,TGZ36,2036-12-01,Dec 2036,126,28.563
2026-05-05,TGF37,2037-01-01,Jan 2037,127,28.848
2026-05-05,TGG37,2037-02-01,Feb 2037,128,28.753
2026-05-05,TGH37,2037-03-01,Mar 2037,129,28.573
2026-05-05,TGJ37,2037-04-01,Apr 2037,130,28.133
2026-05-05,TGK37,2037-05-01,May 2037,131,27.663
2026-05-05,TGM37,2037-06-01,Jun 2037,132,27.363
2026-05-05,TGN37,2037-07-01,Jul 2037,133,27.163
2026-05-05,TGQ37,2037-08-01,Aug 2037,134,27.563
2026-05-05,TGU37,2037-09-01,Sep 2037,135,27.958
2026-05-05,TGV37,2037-10-01,Oct 2037,136,28.558
2026-05-05,TGX37,2037-11-01,Nov 2037,137,29.068
2026-05-05,TGZ37,2037-12-01,Dec 2037,138,29.243
2026-05-06,TGM26,2026-06-01,Jun 2026,0,43.77
2026-05-06,TGN26,2026-07-01,Jul 2026,1,43.71
2026-05-06,TGQ26,2026-08-01,Aug 2026,2,43.695
2026-05-06,TGU26,2026-09-01,Sep 2026,3,43.715
2026-05-06,TGV26,2026-10-01,Oct 2026,4,43.49
2026-05-06,TGX26,2026-11-01,Nov 2026,5,43.065
2026-05-06,TGZ26,2026-12-01,Dec 2026,6,42.89
2026-05-06,TGF27,2027-01-01,Jan 2027,7,43.125
2026-05-06,TGG27,2027-02-01,Feb 2027,8,42.86
2026-05-06,TGH27,2027-03-01,Mar 2027,9,41.015
2026-05-06,TGJ27,2027-04-01,Apr 2027,10,35.8
2026-05-06,TGK27,2027-05-01,May 2027,11,34.295
2026-05-06,TGM27,2027-06-01,Jun 2027,12,34.325
2026-05-06,TGN27,2027-07-01,Jul 2027,13,33.595
2026-05-06,TGQ27,2027-08-01,Aug 2027,14,33.585
2026-05-06,TGU27,2027-09-01,Sep 2027,15,33.595
2026-05-06,TGV27,2027-10-01,Oct 2027,16,33.0
2026-05-06,TGX27,2027-11-01,Nov 2027,17,33.69
2026-05-06,TGZ27,2027-12-01,Dec 2027,18,34.085
2026-05-06,TGF28,2028-01-01,Jan 2028,19,33.866
2026-05-06,TGG28,2028-02-01,Feb 2028,20,33.404
2026-05-06,TGH28,2028-03-01,Mar 2028,21,31.628
2026-05-06,TGJ28,2028-04-01,Apr 2028,22,27.383
2026-05-06,TGK28,2028-05-01,May 2028,23,26.048
2026-05-06,TGM28,2028-06-01,Jun 2028,24,25.448
2026-05-06,TGN28,2028-07-01,Jul 2028,25,25.585
2026-05-06,TGQ28,2028-08-01,Aug 2028,26,25.455
2026-05-06,TGU28,2028-09-01,Sep 2028,27,25.585
2026-05-06,TGV28,2028-10-01,Oct 2028,28,25.522
2026-05-06,TGX28,2028-11-01,Nov 2028,29,26.092
2026-05-06,TGZ28,2028-12-01,Dec 2028,30,26.472
2026-05-06,TGF29,2029-01-01,Jan 2029,31,26.762
2026-05-06,TGG29,2029-02-01,Feb 2029,32,26.627
2026-05-06,TGH29,2029-03-01,Mar 2029,33,26.352
2026-05-06,TGJ29,2029-04-01,Apr 2029,34,23.116
2026-05-06,TGK29,2029-05-01,May 2029,35,22.611
2026-05-06,TGM29,2029-06-01,Jun 2029,36,22.151
2026-05-06,TGN29,2029-07-01,Jul 2029,37,22.151
2026-05-06,TGQ29,2029-08-01,Aug 2029,38,22.211
2026-05-06,TGU29,2029-09-01,Sep 2029,39,22.65
2026-05-06,TGV29,2029-10-01,Oct 2029,40,22.826
2026-05-06,TGX29,2029-11-01,Nov 2029,41,23.241
2026-05-06,TGZ29,2029-12-01,Dec 2029,42,23.501
2026-05-06,TGF30,2030-01-01,Jan 2030,43,23.661
2026-05-06,TGG30,2030-02-01,Feb 2030,44,23.635
2026-05-06,TGH30,2030-03-01,Mar 2030,45,23.634
2026-05-06,TGJ30,2030-04-01,Apr 2030,46,22.068
2026-05-06,TGK30,2030-05-01,May 2030,47,21.662
2026-05-06,TGM30,2030-06-01,Jun 2030,48,21.2
2026-05-06,TGN30,2030-07-01,Jul 2030,49,20.297
2026-05-06,TGQ30,2030-08-01,Aug 2030,50,20.672
2026-05-06,TGU30,2030-09-01,Sep 2030,51,21.352
2026-05-06,TGV30,2030-10-01,Oct 2030,52,22.231
2026-05-06,TGX30,2030-11-01,Nov 2030,53,23.001
2026-05-06,TGZ30,2030-12-01,Dec 2030,54,23.436
2026-05-06,TGF31,2031-01-01,Jan 2031,55,23.446
2026-05-06,TGG31,2031-02-01,Feb 2031,56,23.246
2026-05-06,TGH31,2031-03-01,Mar 2031,57,23.011
2026-05-06,TGJ31,2031-04-01,Apr 2031,58,22.096
2026-05-06,TGK31,2031-05-01,May 2031,59,21.621
2026-05-06,TGM31,2031-06-01,Jun 2031,60,21.355
2026-05-06,TGN31,2031-07-01,Jul 2031,61,21.2
2026-05-06,TGQ31,2031-08-01,Aug 2031,62,21.39
2026-05-06,TGU31,2031-09-01,Sep 2031,63,21.88
2026-05-06,TGV31,2031-10-01,Oct 2031,64,23.015
2026-05-06,TGX31,2031-11-01,Nov 2031,65,23.72
2026-05-06,TGZ31,2031-12-01,Dec 2031,66,24.125
2026-05-06,TGF32,2032-01-01,Jan 2032,67,23.41
2026-05-06,TGG32,2032-02-01,Feb 2032,68,23.475
2026-05-06,TGH32,2032-03-01,Mar 2032,69,23.575
2026-05-06,TGJ32,2032-04-01,Apr 2032,70,24.07
2026-05-06,TGK32,2032-05-01,May 2032,71,23.75
2026-05-06,TGM32,2032-06-01,Jun 2032,72,23.2
2026-05-06,TGN32,2032-07-01,Jul 2032,73,22.85
2026-05-06,TGQ32,2032-08-01,Aug 2032,74,23.295
2026-05-06,TGU32,2032-09-01,Sep 2032,75,23.835
2026-05-06,TGV32,2032-10-01,Oct 2032,76,24.63
2026-05-06,TGX32,2032-11-01,Nov 2032,77,24.98
2026-05-06,TGZ32,2032-12-01,Dec 2032,78,25.155
2026-05-06,TGF33,2033-01-01,Jan 2033,79,25.395
2026-05-06,TGG33,2033-02-01,Feb 2033,80,25.285
2026-05-06,TGH33,2033-03-01,Mar 2033,81,25.1
2026-05-06,TGJ33,2033-04-01,Apr 2033,82,24.755
2026-05-06,TGK33,2033-05-01,May 2033,83,24.3
2026-05-06,TGM33,2033-06-01,Jun 2033,84,23.95
2026-05-06,TGN33,2033-07-01,Jul 2033,85,23.675
2026-05-06,TGQ33,2033-08-01,Aug 2033,86,24.125
2026-05-06,TGU33,2033-09-01,Sep 2033,87,24.52
2026-05-06,TGV33,2033-10-01,Oct 2033,88,25.12
2026-05-06,TGX33,2033-11-01,Nov 2033,89,25.619
2026-05-06,TGZ33,2033-12-01,Dec 2033,90,25.794
2026-05-06,TGF34,2034-01-01,Jan 2034,91,26.079
2026-05-06,TGG34,2034-02-01,Feb 2034,92,25.984
2026-05-06,TGH34,2034-03-01,Mar 2034,93,25.804
2026-05-06,TGJ34,2034-04-01,Apr 2034,94,25.654
2026-05-06,TGK34,2034-05-01,May 2034,95,25.154
2026-05-06,TGM34,2034-06-01,Jun 2034,96,24.854
2026-05-06,TGN34,2034-07-01,Jul 2034,97,24.654
2026-05-06,TGQ34,2034-08-01,Aug 2034,98,25.054
2026-05-06,TGU34,2034-09-01,Sep 2034,99,25.449
2026-05-06,TGV34,2034-10-01,Oct 2034,100,26.049
2026-05-06,TGX34,2034-11-01,Nov 2034,101,26.559
2026-05-06,TGZ34,2034-12-01,Dec 2034,102,26.734
2026-05-06,TGF35,2035-01-01,Jan 2035,103,27.019
2026-05-06,TGG35,2035-02-01,Feb 2035,104,26.924
2026-05-06,TGH35,2035-03-01,Mar 2035,105,26.744
2026-05-06,TGJ35,2035-04-01,Apr 2035,106,26.494
2026-05-06,TGK35,2035-05-01,May 2035,107,26.084
2026-05-06,TGM35,2035-06-01,Jun 2035,108,25.784
2026-05-06,TGN35,2035-07-01,Jul 2035,109,25.584
2026-05-06,TGQ35,2035-08-01,Aug 2035,110,25.984
2026-05-06,TGU35,2035-09-01,Sep 2035,111,26.379
2026-05-06,TGV35,2035-10-01,Oct 2035,112,26.979
2026-05-06,TGX35,2035-11-01,Nov 2035,113,27.489
2026-05-06,TGZ35,2035-12-01,Dec 2035,114,27.664
2026-05-06,TGF36,2036-01-01,Jan 2036,115,27.949
2026-05-06,TGG36,2036-02-01,Feb 2036,116,27.854
2026-05-06,TGH36,2036-03-01,Mar 2036,117,27.674
2026-05-06,TGJ36,2036-04-01,Apr 2036,118,27.334
2026-05-06,TGK36,2036-05-01,May 2036,119,26.884
2026-05-06,TGM36,2036-06-01,Jun 2036,120,26.584
2026-05-06,TGN36,2036-07-01,Jul 2036,121,26.384
2026-05-06,TGQ36,2036-08-01,Aug 2036,122,26.784
2026-05-06,TGU36,2036-09-01,Sep 2036,123,27.179
2026-05-06,TGV36,2036-10-01,Oct 2036,124,27.779
2026-05-06,TGX36,2036-11-01,Nov 2036,125,28.289
2026-05-06,TGZ36,2036-12-01,Dec 2036,126,28.464
2026-05-06,TGF37,2037-01-01,Jan 2037,127,28.749
2026-05-06,TGG37,2037-02-01,Feb 2037,128,28.654
2026-05-06,TGH37,2037-03-01,Mar 2037,129,28.474
2026-05-06,TGJ37,2037-04-01,Apr 2037,130,28.034
2026-05-06,TGK37,2037-05-01,May 2037,131,27.564
2026-05-06,TGM37,2037-06-01,Jun 2037,132,27.264
2026-05-06,TGN37,2037-07-01,Jul 2037,133,27.064
2026-05-06,TGQ37,2037-08-01,Aug 2037,134,27.464
2026-05-06,TGU37,2037-09-01,Sep 2037,135,27.859
2026-05-06,TGV37,2037-10-01,Oct 2037,136,28.459
2026-05-06,TGX37,2037-11-01,Nov 2037,137,28.969
2026-05-06,TGZ37,2037-12-01,Dec 2037,138,29.144
2026-05-07,TGM26,2026-06-01,Jun 2026,0,44.47
2026-05-07,TGN26,2026-07-01,Jul 2026,1,44.54
2026-05-07,TGQ26,2026-08-01,Aug 2026,2,44.46
2026-05-07,TGU26,2026-09-01,Sep 2026,3,44.59
2026-05-07,TGV26,2026-10-01,Oct 2026,4,44.475
2026-05-07,TGX26,2026-11-01,Nov 2026,5,44.045
2026-05-07,TGZ26,2026-12-01,Dec 2026,6,44.0
2026-05-07,TGF27,2027-01-01,Jan 2027,7,43.75
2026-05-07,TGG27,2027-02-01,Feb 2027,8,43.275
2026-05-07,TGH27,2027-03-01,Mar 2027,9,40.75
2026-05-07,TGJ27,2027-04-01,Apr 2027,10,35.81
2026-05-07,TGK27,2027-05-01,May 2027,11,34.1
2026-05-07,TGM27,2027-06-01,Jun 2027,12,33.8
2026-05-07,TGN27,2027-07-01,Jul 2027,13,33.445
2026-05-07,TGQ27,2027-08-01,Aug 2027,14,33.445
2026-05-07,TGU27,2027-09-01,Sep 2027,15,33.4
2026-05-07,TGV27,2027-10-01,Oct 2027,16,33.407
2026-05-07,TGX27,2027-11-01,Nov 2027,17,33.502
2026-05-07,TGZ27,2027-12-01,Dec 2027,18,33.867
2026-05-07,TGF28,2028-01-01,Jan 2028,19,33.673
2026-05-07,TGG28,2028-02-01,Feb 2028,20,33.218
2026-05-07,TGH28,2028-03-01,Mar 2028,21,31.447
2026-05-07,TGJ28,2028-04-01,Apr 2028,22,27.042
2026-05-07,TGK28,2028-05-01,May 2028,23,25.997
2026-05-07,TGM28,2028-06-01,Jun 2028,24,25.542
2026-05-07,TGN28,2028-07-01,Jul 2028,25,25.569
2026-05-07,TGQ28,2028-08-01,Aug 2028,26,25.439
2026-05-07,TGU28,2028-09-01,Sep 2028,27,25.574
2026-05-07,TGV28,2028-10-01,Oct 2028,28,25.494
2026-05-07,TGX28,2028-11-01,Nov 2028,29,26.064
2026-05-07,TGZ28,2028-12-01,Dec 2028,30,26.439
2026-05-07,TGF29,2029-01-01,Jan 2029,31,26.76
2026-05-07,TGG29,2029-02-01,Feb 2029,32,26.62
2026-05-07,TGH29,2029-03-01,Mar 2029,33,26.345
2026-05-07,TGJ29,2029-04-01,Apr 2029,34,22.944
2026-05-07,TGK29,2029-05-01,May 2029,35,22.429
2026-05-07,TGM29,2029-06-01,Jun 2029,36,21.964
2026-05-07,TGN29,2029-07-01,Jul 2029,37,21.969
2026-05-07,TGQ29,2029-08-01,Aug 2029,38,22.029
2026-05-07,TGU29,2029-09-01,Sep 2029,39,22.679
2026-05-07,TGV29,2029-10-01,Oct 2029,40,22.639
2026-05-07,TGX29,2029-11-01,Nov 2029,41,23.049
2026-05-07,TGZ29,2029-12-01,Dec 2029,42,23.304
2026-05-07,TGF30,2030-01-01,Jan 2030,43,23.449
2026-05-07,TGG30,2030-02-01,Feb 2030,44,23.424
2026-05-07,TGH30,2030-03-01,Mar 2030,45,23.419
2026-05-07,TGJ30,2030-04-01,Apr 2030,46,21.908
2026-05-07,TGK30,2030-05-01,May 2030,47,21.498
2026-05-07,TGM30,2030-06-01,Jun 2030,48,21.033
2026-05-07,TGN30,2030-07-01,Jul 2030,49,20.158
2026-05-07,TGQ30,2030-08-01,Aug 2030,50,20.528
2026-05-07,TGU30,2030-09-01,Sep 2030,51,21.208
2026-05-07,TGV30,2030-10-01,Oct 2030,52,22.048
2026-05-07,TGX30,2030-11-01,Nov 2030,53,22.813
2026-05-07,TGZ30,2030-12-01,Dec 2030,54,23.248
2026-05-07,TGF31,2031-01-01,Jan 2031,55,23.368
2026-05-07,TGG31,2031-02-01,Feb 2031,56,23.168
2026-05-07,TGH31,2031-03-01,Mar 2031,57,22.928
2026-05-07,TGJ31,2031-04-01,Apr 2031,58,22.013
2026-05-07,TGK31,2031-05-01,May 2031,59,21.538
2026-05-07,TGM31,2031-06-01,Jun 2031,60,21.273
2026-05-07,TGN31,2031-07-01,Jul 2031,61,21.118
2026-05-07,TGQ31,2031-08-01,Aug 2031,62,21.308
2026-05-07,TGU31,2031-09-01,Sep 2031,63,21.798
2026-05-07,TGV31,2031-10-01,Oct 2031,64,22.933
2026-05-07,TGX31,2031-11-01,Nov 2031,65,23.638
2026-05-07,TGZ31,2031-12-01,Dec 2031,66,24.043
2026-05-07,TGF32,2032-01-01,Jan 2032,67,23.328
2026-05-07,TGG32,2032-02-01,Feb 2032,68,23.393
2026-05-07,TGH32,2032-03-01,Mar 2032,69,23.493
2026-05-07,TGJ32,2032-04-01,Apr 2032,70,23.988
2026-05-07,TGK32,2032-05-01,May 2032,71,23.668
2026-05-07,TGM32,2032-06-01,Jun 2032,72,23.118
2026-05-07,TGN32,2032-07-01,Jul 2032,73,22.768
2026-05-07,TGQ32,2032-08-01,Aug 2032,74,23.213
2026-05-07,TGU32,2032-09-01,Sep 2032,75,23.753
2026-05-07,TGV32,2032-10-01,Oct 2032,76,24.548
2026-05-07,TGX32,2032-11-01,Nov 2032,77,24.898
2026-05-07,TGZ32,2032-12-01,Dec 2032,78,25.073
2026-05-07,TGF33,2033-01-01,Jan 2033,79,25.313
2026-05-07,TGG33,2033-02-01,Feb 2033,80,25.203
2026-05-07,TGH33,2033-03-01,Mar 2033,81,25.018
2026-05-07,TGJ33,2033-04-01,Apr 2033,82,24.673
2026-05-07,TGK33,2033-05-01,May 2033,83,24.218
2026-05-07,TGM33,2033-06-01,Jun 2033,84,23.868
2026-05-07,TGN33,2033-07-01,Jul 2033,85,23.593
2026-05-07,TGQ33,2033-08-01,Aug 2033,86,24.043
2026-05-07,TGU33,2033-09-01,Sep 2033,87,24.438
2026-05-07,TGV33,2033-10-01,Oct 2033,88,25.038
2026-05-07,TGX33,2033-11-01,Nov 2033,89,25.538
2026-05-07,TGZ33,2033-12-01,Dec 2033,90,25.713
2026-05-07,TGF34,2034-01-01,Jan 2034,91,25.998
2026-05-07,TGG34,2034-02-01,Feb 2034,92,25.903
2026-05-07,TGH34,2034-03-01,Mar 2034,93,25.723
2026-05-07,TGJ34,2034-04-01,Apr 2034,94,25.573
2026-05-07,TGK34,2034-05-01,May 2034,95,25.073
2026-05-07,TGM34,2034-06-01,Jun 2034,96,24.773
2026-05-07,TGN34,2034-07-01,Jul 2034,97,24.573
2026-05-07,TGQ34,2034-08-01,Aug 2034,98,24.973
2026-05-07,TGU34,2034-09-01,Sep 2034,99,25.368
2026-05-07,TGV34,2034-10-01,Oct 2034,100,25.968
2026-05-07,TGX34,2034-11-01,Nov 2034,101,26.478
2026-05-07,TGZ34,2034-12-01,Dec 2034,102,26.653
2026-05-07,TGF35,2035-01-01,Jan 2035,103,26.938
2026-05-07,TGG35,2035-02-01,Feb 2035,104,26.843
2026-05-07,TGH35,2035-03-01,Mar 2035,105,26.663
2026-05-07,TGJ35,2035-04-01,Apr 2035,106,26.413
2026-05-07,TGK35,2035-05-01,May 2035,107,26.003
2026-05-07,TGM35,2035-06-01,Jun 2035,108,25.703
2026-05-07,TGN35,2035-07-01,Jul 2035,109,25.503
2026-05-07,TGQ35,2035-08-01,Aug 2035,110,25.903
2026-05-07,TGU35,2035-09-01,Sep 2035,111,26.298
2026-05-07,TGV35,2035-10-01,Oct 2035,112,26.898
2026-05-07,TGX35,2035-11-01,Nov 2035,113,27.408
2026-05-07,TGZ35,2035-12-01,Dec 2035,114,27.583
2026-05-07,TGF36,2036-01-01,Jan 2036,115,27.868
2026-05-07,TGG36,2036-02-01,Feb 2036,116,27.773
2026-05-07,TGH36,2036-03-01,Mar 2036,117,27.593
2026-05-07,TGJ36,2036-04-01,Apr 2036,118,27.253
2026-05-07,TGK36,2036-05-01,May 2036,119,26.803
2026-05-07,TGM36,2036-06-01,Jun 2036,120,26.503
2026-05-07,TGN36,2036-07-01,Jul 2036,121,26.303
2026-05-07,TGQ36,2036-08-01,Aug 2036,122,26.703
2026-05-07,TGU36,2036-09-01,Sep 2036,123,27.098
2026-05-07,TGV36,2036-10-01,Oct 2036,124,27.698
2026-05-07,TGX36,2036-11-01,Nov 2036,125,28.208
2026-05-07,TGZ36,2036-12-01,Dec 2036,126,28.383
2026-05-07,TGF37,2037-01-01,Jan 2037,127,28.668
2026-05-07,TGG37,2037-02-01,Feb 2037,128,28.573
2026-05-07,TGH37,2037-03-01,Mar 2037,129,28.393
2026-05-07,TGJ37,2037-04-01,Apr 2037,130,27.953
2026-05-07,TGK37,2037-05-01,May 2037,131,27.483
2026-05-07,TGM37,2037-06-01,Jun 2037,132,27.183
2026-05-07,TGN37,2037-07-01,Jul 2037,133,26.983
2026-05-07,TGQ37,2037-08-01,Aug 2037,134,27.383
2026-05-07,TGU37,2037-09-01,Sep 2037,135,27.778
2026-05-07,TGV37,2037-10-01,Oct 2037,136,28.378
2026-05-07,TGX37,2037-11-01,Nov 2037,137,28.888
2026-05-07,TGZ37,2037-12-01,Dec 2037,138,29.063
2026-05-08,TGM26,2026-06-01,Jun 2026,0,43.84
2026-05-08,TGN26,2026-07-01,Jul 2026,1,43.785
2026-05-08,TGQ26,2026-08-01,Aug 2026,2,43.8
2026-05-08,TGU26,2026-09-01,Sep 2026,3,43.76
2026-05-08,TGV26,2026-10-01,Oct 2026,4,43.65
2026-05-08,TGX26,2026-11-01,Nov 2026,5,43.18
2026-05-08,TGZ26,2026-12-01,Dec 2026,6,43.36
2026-05-08,TGF27,2027-01-01,Jan 2027,7,42.77
2026-05-08,TGG27,2027-02-01,Feb 2027,8,42.405
2026-05-08,TGH27,2027-03-01,Mar 2027,9,41.32
2026-05-08,TGJ27,2027-04-01,Apr 2027,10,36.005
2026-05-08,TGK27,2027-05-01,May 2027,11,34.465
2026-05-08,TGM27,2027-06-01,Jun 2027,12,34.12
2026-05-08,TGN27,2027-07-01,Jul 2027,13,33.75
2026-05-08,TGQ27,2027-08-01,Aug 2027,14,33.646
2026-05-08,TGU27,2027-09-01,Sep 2027,15,33.576
2026-05-08,TGV27,2027-10-01,Oct 2027,16,33.593
2026-05-08,TGX27,2027-11-01,Nov 2027,17,33.692
2026-05-08,TGZ27,2027-12-01,Dec 2027,18,33.8
2026-05-08,TGF28,2028-01-01,Jan 2028,19,33.747
2026-05-08,TGG28,2028-02-01,Feb 2028,20,33.26
2026-05-08,TGH28,2028-03-01,Mar 2028,21,31.517
2026-05-08,TGJ28,2028-04-01,Apr 2028,22,27.181
2026-05-08,TGK28,2028-05-01,May 2028,23,26.081
2026-05-08,TGM28,2028-06-01,Jun 2028,24,25.581
2026-05-08,TGN28,2028-07-01,Jul 2028,25,25.596
2026-05-08,TGQ28,2028-08-01,Aug 2028,26,25.466
2026-05-08,TGU28,2028-09-01,Sep 2028,27,25.601
2026-05-08,TGV28,2028-10-01,Oct 2028,28,25.511
2026-05-08,TGX28,2028-11-01,Nov 2028,29,26.081
2026-05-08,TGZ28,2028-12-01,Dec 2028,30,26.456
2026-05-08,TGF29,2029-01-01,Jan 2029,31,26.796
2026-05-08,TGG29,2029-02-01,Feb 2029,32,26.656
2026-05-08,TGH29,2029-03-01,Mar 2029,33,26.381
2026-05-08,TGJ29,2029-04-01,Apr 2029,34,23.013
2026-05-08,TGK29,2029-05-01,May 2029,35,22.505
2026-05-08,TGM29,2029-06-01,Jun 2029,36,22.041
2026-05-08,TGN29,2029-07-01,Jul 2029,37,22.048
2026-05-08,TGQ29,2029-08-01,Aug 2029,38,22.11
2026-05-08,TGU29,2029-09-01,Sep 2029,39,22.904
2026-05-08,TGV29,2029-10-01,Oct 2029,40,22.829
2026-05-08,TGX29,2029-11-01,Nov 2029,41,23.239
2026-05-08,TGZ29,2029-12-01,Dec 2029,42,23.494
2026-05-08,TGF30,2030-01-01,Jan 2030,43,23.757
2026-05-08,TGG30,2030-02-01,Feb 2030,44,23.73
2026-05-08,TGH30,2030-03-01,Mar 2030,45,23.722
2026-05-08,TGJ30,2030-04-01,Apr 2030,46,22.185
2026-05-08,TGK30,2030-05-01,May 2030,47,21.775
2026-05-08,TGM30,2030-06-01,Jun 2030,48,21.31
2026-05-08,TGN30,2030-07-01,Jul 2030,49,20.435
2026-05-08,TGQ30,2030-08-01,Aug 2030,50,20.81
2026-05-08,TGU30,2030-09-01,Sep 2030,51,21.49
2026-05-08,TGV30,2030-10-01,Oct 2030,52,22.335
2026-05-08,TGX30,2030-11-01,Nov 2030,53,23.105
2026-05-08,TGZ30,2030-12-01,Dec 2030,54,23.54
2026-05-08,TGF31,2031-01-01,Jan 2031,55,23.619
2026-05-08,TGG31,2031-02-01,Feb 2031,56,23.414
2026-05-08,TGH31,2031-03-01,Mar 2031,57,23.166
2026-05-08,TGJ31,2031-04-01,Apr 2031,58,21.868
2026-05-08,TGK31,2031-05-01,May 2031,59,21.393
2026-05-08,TGM31,2031-06-01,Jun 2031,60,21.128
2026-05-08,TGN31,2031-07-01,Jul 2031,61,20.973
2026-05-08,TGQ31,2031-08-01,Aug 2031,62,21.163
2026-05-08,TGU31,2031-09-01,Sep 2031,63,21.653
2026-05-08,TGV31,2031-10-01,Oct 2031,64,22.788
2026-05-08,TGX31,2031-11-01,Nov 2031,65,23.493
2026-05-08,TGZ31,2031-12-01,Dec 2031,66,23.898
2026-05-08,TGF32,2032-01-01,Jan 2032,67,23.043
2026-05-08,TGG32,2032-02-01,Feb 2032,68,23.108
2026-05-08,TGH32,2032-03-01,Mar 2032,69,23.208
2026-05-08,TGJ32,2032-04-01,Apr 2032,70,23.703
2026-05-08,TGK32,2032-05-01,May 2032,71,23.383
2026-05-08,TGM32,2032-06-01,Jun 2032,72,22.833
2026-05-08,TGN32,2032-07-01,Jul 2032,73,22.483
2026-05-08,TGQ32,2032-08-01,Aug 2032,74,22.928
2026-05-08,TGU32,2032-09-01,Sep 2032,75,23.468
2026-05-08,TGV32,2032-10-01,Oct 2032,76,24.263
2026-05-08,TGX32,2032-11-01,Nov 2032,77,24.613
2026-05-08,TGZ32,2032-12-01,Dec 2032,78,24.788
2026-05-08,TGF33,2033-01-01,Jan 2033,79,25.169
2026-05-08,TGG33,2033-02-01,Feb 2033,80,25.059
2026-05-08,TGH33,2033-03-01,Mar 2033,81,24.874
2026-05-08,TGJ33,2033-04-01,Apr 2033,82,24.529
2026-05-08,TGK33,2033-05-01,May 2033,83,24.074
2026-05-08,TGM33,2033-06-01,Jun 2033,84,23.724
2026-05-08,TGN33,2033-07-01,Jul 2033,85,23.449
2026-05-08,TGQ33,2033-08-01,Aug 2033,86,23.899
2026-05-08,TGU33,2033-09-01,Sep 2033,87,24.294
2026-05-08,TGV33,2033-10-01,Oct 2033,88,24.894
2026-05-08,TGX33,2033-11-01,Nov 2033,89,25.394
2026-05-08,TGZ33,2033-12-01,Dec 2033,90,25.569
2026-05-08,TGF34,2034-01-01,Jan 2034,91,25.854
2026-05-08,TGG34,2034-02-01,Feb 2034,92,25.759
2026-05-08,TGH34,2034-03-01,Mar 2034,93,25.579
2026-05-08,TGJ34,2034-04-01,Apr 2034,94,25.429
2026-05-08,TGK34,2034-05-01,May 2034,95,24.929
2026-05-08,TGM34,2034-06-01,Jun 2034,96,24.629
2026-05-08,TGN34,2034-07-01,Jul 2034,97,24.429
2026-05-08,TGQ34,2034-08-01,Aug 2034,98,24.829
2026-05-08,TGU34,2034-09-01,Sep 2034,99,25.224
2026-05-08,TGV34,2034-10-01,Oct 2034,100,25.824
2026-05-08,TGX34,2034-11-01,Nov 2034,101,26.334
2026-05-08,TGZ34,2034-12-01,Dec 2034,102,26.509
2026-05-08,TGF35,2035-01-01,Jan 2035,103,26.794
2026-05-08,TGG35,2035-02-01,Feb 2035,104,26.699
2026-05-08,TGH35,2035-03-01,Mar 2035,105,26.519
2026-05-08,TGJ35,2035-04-01,Apr 2035,106,26.269
2026-05-08,TGK35,2035-05-01,May 2035,107,25.859
2026-05-08,TGM35,2035-06-01,Jun 2035,108,25.559
2026-05-08,TGN35,2035-07-01,Jul 2035,109,25.359
2026-05-08,TGQ35,2035-08-01,Aug 2035,110,25.759
2026-05-08,TGU35,2035-09-01,Sep 2035,111,26.154
2026-05-08,TGV35,2035-10-01,Oct 2035,112,26.754
2026-05-08,TGX35,2035-11-01,Nov 2035,113,27.264
2026-05-08,TGZ35,2035-12-01,Dec 2035,114,27.439
2026-05-08,TGF36,2036-01-01,Jan 2036,115,27.724
2026-05-08,TGG36,2036-02-01,Feb 2036,116,27.629
2026-05-08,TGH36,2036-03-01,Mar 2036,117,27.449
2026-05-08,TGJ36,2036-04-01,Apr 2036,118,27.109
2026-05-08,TGK36,2036-05-01,May 2036,119,26.659
2026-05-08,TGM36,2036-06-01,Jun 2036,120,26.359
2026-05-08,TGN36,2036-07-01,Jul 2036,121,26.159
2026-05-08,TGQ36,2036-08-01,Aug 2036,122,26.559
2026-05-08,TGU36,2036-09-01,Sep 2036,123,26.954
2026-05-08,TGV36,2036-10-01,Oct 2036,124,27.554
2026-05-08,TGX36,2036-11-01,Nov 2036,125,28.064
2026-05-08,TGZ36,2036-12-01,Dec 2036,126,28.239
2026-05-08,TGF37,2037-01-01,Jan 2037,127,28.524
2026-05-08,TGG37,2037-02-01,Feb 2037,128,28.429
2026-05-08,TGH37,2037-03-01,Mar 2037,129,28.249
2026-05-08,TGJ37,2037-04-01,Apr 2037,130,27.809
2026-05-08,TGK37,2037-05-01,May 2037,131,27.339
2026-05-08,TGM37,2037-06-01,Jun 2037,132,27.039
2026-05-08,TGN37,2037-07-01,Jul 2037,133,26.839
2026-05-08,TGQ37,2037-08-01,Aug 2037,134,27.239
2026-05-08,TGU37,2037-09-01,Sep 2037,135,27.634
2026-05-08,TGV37,2037-10-01,Oct 2037,136,28.234
2026-05-08,TGX37,2037-11-01,Nov 2037,137,28.744
2026-05-08,TGZ37,2037-12-01,Dec 2037,138,28.919
2026-05-09,TGM26,2026-06-01,Jun 2026,0,44.143
2026-05-09,TGN26,2026-07-01,Jul 2026,1,44.156
2026-05-09,TGQ26,2026-08-01,Aug 2026,2,44.102
2026-05-09,TGU26,2026-09-01,Sep 2026,3,44.112
2026-05-09,TGV26,2026-10-01,Oct 2026,4,43.922
2026-05-09,TGX26,2026-11-01,Nov 2026,5,43.447
2026-05-09,TGZ26,2026-12-01,Dec 2026,6,43.442
2026-05-09,TGF27,2027-01-01,Jan 2027,7,43.278
2026-05-09,TGG27,2027-02-01,Feb 2027,8,42.913
2026-05-09,TGH27,2027-03-01,Mar 2027,9,41.373
2026-05-09,TGJ27,2027-04-01,Apr 2027,10,36.173
2026-05-09,TGK27,2027-05-01,May 2027,11,34.418
2026-05-09,TGM27,2027-06-01,Jun 2027,12,33.873
2026-05-09,TGN27,2027-07-01,Jul 2027,13,33.76
2026-05-09,TGQ27,2027-08-01,Aug 2027,14,33.646
2026-05-09,TGU27,2027-09-01,Sep 2027,15,33.576
2026-05-09,TGV27,2027-10-01,Oct 2027,16,33.593
2026-05-09,TGX27,2027-11-01,Nov 2027,17,33.692
2026-05-09,TGZ27,2027-12-01,Dec 2027,18,34.043
2026-05-09,TGF28,2028-01-01,Jan 2028,19,33.747
2026-05-09,TGG28,2028-02-01,Feb 2028,20,33.26
2026-05-09,TGH28,2028-03-01,Mar 2028,21,31.517
2026-05-09,TGJ28,2028-04-01,Apr 2028,22,27.181
2026-05-09,TGK28,2028-05-01,May 2028,23,26.081
2026-05-09,TGM28,2028-06-01,Jun 2028,24,25.581
2026-05-09,TGN28,2028-07-01,Jul 2028,25,25.596
2026-05-09,TGQ28,2028-08-01,Aug 2028,26,25.466
2026-05-09,TGU28,2028-09-01,Sep 2028,27,25.601
2026-05-09,TGV28,2028-10-01,Oct 2028,28,25.511
2026-05-09,TGX28,2028-11-01,Nov 2028,29,26.081
2026-05-09,TGZ28,2028-12-01,Dec 2028,30,26.456
2026-05-09,TGF29,2029-01-01,Jan 2029,31,26.796
2026-05-09,TGG29,2029-02-01,Feb 2029,32,26.656
2026-05-09,TGH29,2029-03-01,Mar 2029,33,26.381
2026-05-09,TGJ29,2029-04-01,Apr 2029,34,23.013
2026-05-09,TGK29,2029-05-01,May 2029,35,22.505
2026-05-09,TGM29,2029-06-01,Jun 2029,36,22.041
2026-05-09,TGN29,2029-07-01,Jul 2029,37,22.048
2026-05-09,TGQ29,2029-08-01,Aug 2029,38,22.11
2026-05-09,TGU29,2029-09-01,Sep 2029,39,22.904
2026-05-09,TGV29,2029-10-01,Oct 2029,40,22.829
2026-05-09,TGX29,2029-11-01,Nov 2029,41,23.239
2026-05-09,TGZ29,2029-12-01,Dec 2029,42,23.494
2026-05-09,TGF30,2030-01-01,Jan 2030,43,23.757
2026-05-09,TGG30,2030-02-01,Feb 2030,44,23.73
2026-05-09,TGH30,2030-03-01,Mar 2030,45,23.722
2026-05-09,TGJ30,2030-04-01,Apr 2030,46,22.185
2026-05-09,TGK30,2030-05-01,May 2030,47,21.775
2026-05-09,TGM30,2030-06-01,Jun 2030,48,21.31
2026-05-09,TGN30,2030-07-01,Jul 2030,49,20.435
2026-05-09,TGQ30,2030-08-01,Aug 2030,50,20.81
2026-05-09,TGU30,2030-09-01,Sep 2030,51,21.49
2026-05-09,TGV30,2030-10-01,Oct 2030,52,22.335
2026-05-09,TGX30,2030-11-01,Nov 2030,53,23.105
2026-05-09,TGZ30,2030-12-01,Dec 2030,54,23.54
2026-05-09,TGF31,2031-01-01,Jan 2031,55,23.619
2026-05-09,TGG31,2031-02-01,Feb 2031,56,23.414
2026-05-09,TGH31,2031-03-01,Mar 2031,57,23.166
2026-05-09,TGJ31,2031-04-01,Apr 2031,58,21.868
2026-05-09,TGK31,2031-05-01,May 2031,59,21.393
2026-05-09,TGM31,2031-06-01,Jun 2031,60,21.128
2026-05-09,TGN31,2031-07-01,Jul 2031,61,20.973
2026-05-09,TGQ31,2031-08-01,Aug 2031,62,21.163
2026-05-09,TGU31,2031-09-01,Sep 2031,63,21.653
2026-05-09,TGV31,2031-10-01,Oct 2031,64,22.788
2026-05-09,TGX31,2031-11-01,Nov 2031,65,23.493
2026-05-09,TGZ31,2031-12-01,Dec 2031,66,23.898
2026-05-09,TGF32,2032-01-01,Jan 2032,67,23.043
2026-05-09,TGG32,2032-02-01,Feb 2032,68,23.108
2026-05-09,TGH32,2032-03-01,Mar 2032,69,23.208
2026-05-09,TGJ32,2032-04-01,Apr 2032,70,23.703
2026-05-09,TGK32,2032-05-01,May 2032,71,23.383
2026-05-09,TGM32,2032-06-01,Jun 2032,72,22.833
2026-05-09,TGN32,2032-07-01,Jul 2032,73,22.483
2026-05-09,TGQ32,2032-08-01,Aug 2032,74,22.928
2026-05-09,TGU32,2032-09-01,Sep 2032,75,23.468
2026-05-09,TGV32,2032-10-01,Oct 2032,76,24.263
2026-05-09,TGX32,2032-11-01,Nov 2032,77,24.613
2026-05-09,TGZ32,2032-12-01,Dec 2032,78,24.788
2026-05-09,TGF33,2033-01-01,Jan 2033,79,25.169
2026-05-09,TGG33,2033-02-01,Feb 2033,80,25.059
2026-05-09,TGH33,2033-03-01,Mar 2033,81,24.874
2026-05-09,TGJ33,2033-04-01,Apr 2033,82,24.529
2026-05-09,TGK33,2033-05-01,May 2033,83,24.074
2026-05-09,TGM33,2033-06-01,Jun 2033,84,23.724
2026-05-09,TGN33,2033-07-01,Jul 2033,85,23.449
2026-05-09,TGQ33,2033-08-01,Aug 2033,86,23.899
2026-05-09,TGU33,2033-09-01,Sep 2033,87,24.294
2026-05-09,TGV33,2033-10-01,Oct 2033,88,24.894
2026-05-09,TGX33,2033-11-01,Nov 2033,89,25.394
2026-05-09,TGZ33,2033-12-01,Dec 2033,90,25.569
2026-05-09,TGF34,2034-01-01,Jan 2034,91,25.854
2026-05-09,TGG34,2034-02-01,Feb 2034,92,25.759
2026-05-09,TGH34,2034-03-01,Mar 2034,93,25.579
2026-05-09,TGJ34,2034-04-01,Apr 2034,94,25.429
2026-05-09,TGK34,2034-05-01,May 2034,95,24.929
2026-05-09,TGM34,2034-06-01,Jun 2034,96,24.629
2026-05-09,TGN34,2034-07-01,Jul 2034,97,24.429
2026-05-09,TGQ34,2034-08-01,Aug 2034,98,24.829
2026-05-09,TGU34,2034-09-01,Sep 2034,99,25.224
2026-05-09,TGV34,2034-10-01,Oct 2034,100,25.824
2026-05-09,TGX34,2034-11-01,Nov 2034,101,26.334
2026-05-09,TGZ34,2034-12-01,Dec 2034,102,26.509
2026-05-09,TGF35,2035-01-01,Jan 2035,103,26.794
2026-05-09,TGG35,2035-02-01,Feb 2035,104,26.699
2026-05-09,TGH35,2035-03-01,Mar 2035,105,26.519
2026-05-09,TGJ35,2035-04-01,Apr 2035,106,26.269
2026-05-09,TGK35,2035-05-01,May 2035,107,25.859
2026-05-09,TGM35,2035-06-01,Jun 2035,108,25.559
2026-05-09,TGN35,2035-07-01,Jul 2035,109,25.359
2026-05-09,TGQ35,2035-08-01,Aug 2035,110,25.759
2026-05-09,TGU35,2035-09-01,Sep 2035,111,26.154
2026-05-09,TGV35,2035-10-01,Oct 2035,112,26.754
2026-05-09,TGX35,2035-11-01,Nov 2035,113,27.264
2026-05-09,TGZ35,2035-12-01,Dec 2035,114,27.439
2026-05-09,TGF36,2036-01-01,Jan 2036,115,27.724
2026-05-09,TGG36,2036-02-01,Feb 2036,116,27.629
2026-05-09,TGH36,2036-03-01,Mar 2036,117,27.449
2026-05-09,TGJ36,2036-04-01,Apr 2036,118,27.109
2026-05-09,TGK36,2036-05-01,May 2036,119,26.659
2026-05-09,TGM36,2036-06-01,Jun 2036,120,26.359
2026-05-09,TGN36,2036-07-01,Jul 2036,121,26.159
2026-05-09,TGQ36,2036-08-01,Aug 2036,122,26.559
2026-05-09,TGU36,2036-09-01,Sep 2036,123,26.954
2026-05-09,TGV36,2036-10-01,Oct 2036,124,27.554
2026-05-09,TGX36,2036-11-01,Nov 2036,125,28.064
2026-05-09,TGZ36,2036-12-01,Dec 2036,126,28.239
2026-05-09,TGF37,2037-01-01,Jan 2037,127,28.524
2026-05-09,TGG37,2037-02-01,Feb 2037,128,28.429
2026-05-09,TGH37,2037-03-01,Mar 2037,129,28.249
2026-05-09,TGJ37,2037-04-01,Apr 2037,130,27.809
2026-05-09,TGK37,2037-05-01,May 2037,131,27.339
2026-05-09,TGM37,2037-06-01,Jun 2037,132,27.039
2026-05-09,TGN37,2037-07-01,Jul 2037,133,26.839
2026-05-09,TGQ37,2037-08-01,Aug 2037,134,27.239
2026-05-09,TGU37,2037-09-01,Sep 2037,135,27.634
2026-05-09,TGV37,2037-10-01,Oct 2037,136,28.234
2026-05-09,TGX37,2037-11-01,Nov 2037,137,28.744
2026-05-09,TGZ37,2037-12-01,Dec 2037,138,28.919
2026-05-10,TGM26,2026-06-01,Jun 2026,0,44.143
2026-05-10,TGN26,2026-07-01,Jul 2026,1,44.156
2026-05-10,TGQ26,2026-08-01,Aug 2026,2,44.102
2026-05-10,TGU26,2026-09-01,Sep 2026,3,44.112
2026-05-10,TGV26,2026-10-01,Oct 2026,4,43.922
2026-05-10,TGX26,2026-11-01,Nov 2026,5,43.447
2026-05-10,TGZ26,2026-12-01,Dec 2026,6,43.442
2026-05-10,TGF27,2027-01-01,Jan 2027,7,43.278
2026-05-10,TGG27,2027-02-01,Feb 2027,8,42.913
2026-05-10,TGH27,2027-03-01,Mar 2027,9,41.373
2026-05-10,TGJ27,2027-04-01,Apr 2027,10,36.173
2026-05-10,TGK27,2027-05-01,May 2027,11,34.418
2026-05-10,TGM27,2027-06-01,Jun 2027,12,33.873
2026-05-10,TGN27,2027-07-01,Jul 2027,13,33.76
2026-05-10,TGQ27,2027-08-01,Aug 2027,14,33.646
2026-05-10,TGU27,2027-09-01,Sep 2027,15,33.576
2026-05-10,TGV27,2027-10-01,Oct 2027,16,33.593
2026-05-10,TGX27,2027-11-01,Nov 2027,17,33.692
2026-05-10,TGZ27,2027-12-01,Dec 2027,18,34.043
2026-05-10,TGF28,2028-01-01,Jan 2028,19,33.747
2026-05-10,TGG28,2028-02-01,Feb 2028,20,33.26
2026-05-10,TGH28,2028-03-01,Mar 2028,21,31.517
2026-05-10,TGJ28,2028-04-01,Apr 2028,22,27.181
2026-05-10,TGK28,2028-05-01,May 2028,23,26.081
2026-05-10,TGM28,2028-06-01,Jun 2028,24,25.581
2026-05-10,TGN28,2028-07-01,Jul 2028,25,25.596
2026-05-10,TGQ28,2028-08-01,Aug 2028,26,25.466
2026-05-10,TGU28,2028-09-01,Sep 2028,27,25.601
2026-05-10,TGV28,2028-10-01,Oct 2028,28,25.511
2026-05-10,TGX28,2028-11-01,Nov 2028,29,26.081
2026-05-10,TGZ28,2028-12-01,Dec 2028,30,26.456
2026-05-10,TGF29,2029-01-01,Jan 2029,31,26.796
2026-05-10,TGG29,2029-02-01,Feb 2029,32,26.656
2026-05-10,TGH29,2029-03-01,Mar 2029,33,26.381
2026-05-10,TGJ29,2029-04-01,Apr 2029,34,23.013
2026-05-10,TGK29,2029-05-01,May 2029,35,22.505
2026-05-10,TGM29,2029-06-01,Jun 2029,36,22.041
2026-05-10,TGN29,2029-07-01,Jul 2029,37,22.048
2026-05-10,TGQ29,2029-08-01,Aug 2029,38,22.11
2026-05-10,TGU29,2029-09-01,Sep 2029,39,22.904
2026-05-10,TGV29,2029-10-01,Oct 2029,40,22.829
2026-05-10,TGX29,2029-11-01,Nov 2029,41,23.239
2026-05-10,TGZ29,2029-12-01,Dec 2029,42,23.494
2026-05-10,TGF30,2030-01-01,Jan 2030,43,23.757
2026-05-10,TGG30,2030-02-01,Feb 2030,44,23.73
2026-05-10,TGH30,2030-03-01,Mar 2030,45,23.722
2026-05-10,TGJ30,2030-04-01,Apr 2030,46,22.185
2026-05-10,TGK30,2030-05-01,May 2030,47,21.775
2026-05-10,TGM30,2030-06-01,Jun 2030,48,21.31
2026-05-10,TGN30,2030-07-01,Jul 2030,49,20.435
2026-05-10,TGQ30,2030-08-01,Aug 2030,50,20.81
2026-05-10,TGU30,2030-09-01,Sep 2030,51,21.49
2026-05-10,TGV30,2030-10-01,Oct 2030,52,22.335
2026-05-10,TGX30,2030-11-01,Nov 2030,53,23.105
2026-05-10,TGZ30,2030-12-01,Dec 2030,54,23.54
2026-05-10,TGF31,2031-01-01,Jan 2031,55,23.619
2026-05-10,TGG31,2031-02-01,Feb 2031,56,23.414
2026-05-10,TGH31,2031-03-01,Mar 2031,57,23.166
2026-05-10,TGJ31,2031-04-01,Apr 2031,58,21.868
2026-05-10,TGK31,2031-05-01,May 2031,59,21.393
2026-05-10,TGM31,2031-06-01,Jun 2031,60,21.128
2026-05-10,TGN31,2031-07-01,Jul 2031,61,20.973
2026-05-10,TGQ31,2031-08-01,Aug 2031,62,21.163
2026-05-10,TGU31,2031-09-01,Sep 2031,63,21.653
2026-05-10,TGV31,2031-10-01,Oct 2031,64,22.788
2026-05-10,TGX31,2031-11-01,Nov 2031,65,23.493
2026-05-10,TGZ31,2031-12-01,Dec 2031,66,23.898
2026-05-10,TGF32,2032-01-01,Jan 2032,67,23.043
2026-05-10,TGG32,2032-02-01,Feb 2032,68,23.108
2026-05-10,TGH32,2032-03-01,Mar 2032,69,23.208
2026-05-10,TGJ32,2032-04-01,Apr 2032,70,23.703
2026-05-10,TGK32,2032-05-01,May 2032,71,23.383
2026-05-10,TGM32,2032-06-01,Jun 2032,72,22.833
2026-05-10,TGN32,2032-07-01,Jul 2032,73,22.483
2026-05-10,TGQ32,2032-08-01,Aug 2032,74,22.928
2026-05-10,TGU32,2032-09-01,Sep 2032,75,23.468
2026-05-10,TGV32,2032-10-01,Oct 2032,76,24.263
2026-05-10,TGX32,2032-11-01,Nov 2032,77,24.613
2026-05-10,TGZ32,2032-12-01,Dec 2032,78,24.788
2026-05-10,TGF33,2033-01-01,Jan 2033,79,25.169
2026-05-10,TGG33,2033-02-01,Feb 2033,80,25.059
2026-05-10,TGH33,2033-03-01,Mar 2033,81,24.874
2026-05-10,TGJ33,2033-04-01,Apr 2033,82,24.529
2026-05-10,TGK33,2033-05-01,May 2033,83,24.074
2026-05-10,TGM33,2033-06-01,Jun 2033,84,23.724
2026-05-10,TGN33,2033-07-01,Jul 2033,85,23.449
2026-05-10,TGQ33,2033-08-01,Aug 2033,86,23.899
2026-05-10,TGU33,2033-09-01,Sep 2033,87,24.294
2026-05-10,TGV33,2033-10-01,Oct 2033,88,24.894
2026-05-10,TGX33,2033-11-01,Nov 2033,89,25.394
2026-05-10,TGZ33,2033-12-01,Dec 2033,90,25.569
2026-05-10,TGF34,2034-01-01,Jan 2034,91,25.854
2026-05-10,TGG34,2034-02-01,Feb 2034,92,25.759
2026-05-10,TGH34,2034-03-01,Mar 2034,93,25.579
2026-05-10,TGJ34,2034-04-01,Apr 2034,94,25.429
2026-05-10,TGK34,2034-05-01,May 2034,95,24.929
2026-05-10,TGM34,2034-06-01,Jun 2034,96,24.629
2026-05-10,TGN34,2034-07-01,Jul 2034,97,24.429
2026-05-10,TGQ34,2034-08-01,Aug 2034,98,24.829
2026-05-10,TGU34,2034-09-01,Sep 2034,99,25.224
2026-05-10,TGV34,2034-10-01,Oct 2034,100,25.824
2026-05-10,TGX34,2034-11-01,Nov 2034,101,26.334
2026-05-10,TGZ34,2034-12-01,Dec 2034,102,26.509
2026-05-10,TGF35,2035-01-01,Jan 2035,103,26.794
2026-05-10,TGG35,2035-02-01,Feb 2035,104,26.699
2026-05-10,TGH35,2035-03-01,Mar 2035,105,26.519
2026-05-10,TGJ35,2035-04-01,Apr 2035,106,26.269
2026-05-10,TGK35,2035-05-01,May 2035,107,25.859
2026-05-10,TGM35,2035-06-01,Jun 2035,108,25.559
2026-05-10,TGN35,2035-07-01,Jul 2035,109,25.359
2026-05-10,TGQ35,2035-08-01,Aug 2035,110,25.759
2026-05-10,TGU35,2035-09-01,Sep 2035,111,26.154
2026-05-10,TGV35,2035-10-01,Oct 2035,112,26.754
2026-05-10,TGX35,2035-11-01,Nov 2035,113,27.264
2026-05-10,TGZ35,2035-12-01,Dec 2035,114,27.439
2026-05-10,TGF36,2036-01-01,Jan 2036,115,27.724
2026-05-10,TGG36,2036-02-01,Feb 2036,116,27.629
2026-05-10,TGH36,2036-03-01,Mar 2036,117,27.449
2026-05-10,TGJ36,2036-04-01,Apr 2036,118,27.109
2026-05-10,TGK36,2036-05-01,May 2036,119,26.659
2026-05-10,TGM36,2036-06-01,Jun 2036,120,26.359
2026-05-10,TGN36,2036-07-01,Jul 2036,121,26.159
2026-05-10,TGQ36,2036-08-01,Aug 2036,122,26.559
2026-05-10,TGU36,2036-09-01,Sep 2036,123,26.954
2026-05-10,TGV36,2036-10-01,Oct 2036,124,27.554
2026-05-10,TGX36,2036-11-01,Nov 2036,125,28.064
2026-05-10,TGZ36,2036-12-01,Dec 2036,126,28.239
2026-05-10,TGF37,2037-01-01,Jan 2037,127,28.524
2026-05-10,TGG37,2037-02-01,Feb 2037,128,28.429
2026-05-10,TGH37,2037-03-01,Mar 2037,129,28.249
2026-05-10,TGJ37,2037-04-01,Apr 2037,130,27.809
2026-05-10,TGK37,2037-05-01,May 2037,131,27.339
2026-05-10,TGM37,2037-06-01,Jun 2037,132,27.039
2026-05-10,TGN37,2037-07-01,Jul 2037,133,26.839
2026-05-10,TGQ37,2037-08-01,Aug 2037,134,27.239
2026-05-10,TGU37,2037-09-01,Sep 2037,135,27.634
2026-05-10,TGV37,2037-10-01,Oct 2037,136,28.234
2026-05-10,TGX37,2037-11-01,Nov 2037,137,28.744
2026-05-10,TGZ37,2037-12-01,Dec 2037,138,28.919
2026-05-11,TGM26,2026-06-01,Jun 2026,0,46.455
2026-05-11,TGN26,2026-07-01,Jul 2026,1,46.68
2026-05-11,TGQ26,2026-08-01,Aug 2026,2,46.43
2026-05-11,TGU26,2026-09-01,Sep 2026,3,46.58
2026-05-11,TGV26,2026-10-01,Oct 2026,4,46.295
2026-05-11,TGX26,2026-11-01,Nov 2026,5,45.735
2026-05-11,TGZ26,2026-12-01,Dec 2026,6,45.855
2026-05-11,TGF27,2027-01-01,Jan 2027,7,45.695
2026-05-11,TGG27,2027-02-01,Feb 2027,8,45.32
2026-05-11,TGH27,2027-03-01,Mar 2027,9,43.275
2026-05-11,TGJ27,2027-04-01,Apr 2027,10,37.26
2026-05-11,TGK27,2027-05-01,May 2027,11,35.435
2026-05-11,TGM27,2027-06-01,Jun 2027,12,34.55
2026-05-11,TGN27,2027-07-01,Jul 2027,13,34.61
2026-05-11,TGQ27,2027-08-01,Aug 2027,14,34.56
2026-05-11,TGU27,2027-09-01,Sep 2027,15,34.488
2026-05-11,TGV27,2027-10-01,Oct 2027,16,34.458
2026-05-11,TGX27,2027-11-01,Nov 2027,17,34.544
2026-05-11,TGZ27,2027-12-01,Dec 2027,18,34.958
2026-05-11,TGF28,2028-01-01,Jan 2028,19,34.578
2026-05-11,TGG28,2028-02-01,Feb 2028,20,34.123
2026-05-11,TGH28,2028-03-01,Mar 2028,21,32.348
2026-05-11,TGJ28,2028-04-01,Apr 2028,22,27.493
2026-05-11,TGK28,2028-05-01,May 2028,23,26.368
2026-05-11,TGM28,2028-06-01,Jun 2028,24,25.848
2026-05-11,TGN28,2028-07-01,Jul 2028,25,25.912
2026-05-11,TGQ28,2028-08-01,Aug 2028,26,25.782
2026-05-11,TGU28,2028-09-01,Sep 2028,27,25.922
2026-05-11,TGV28,2028-10-01,Oct 2028,28,25.831
2026-05-11,TGX28,2028-11-01,Nov 2028,29,26.387
2026-05-11,TGZ28,2028-12-01,Dec 2028,30,26.757
2026-05-11,TGF29,2029-01-01,Jan 2029,31,27.087
2026-05-11,TGG29,2029-02-01,Feb 2029,32,26.942
2026-05-11,TGH29,2029-03-01,Mar 2029,33,26.667
2026-05-11,TGJ29,2029-04-01,Apr 2029,34,23.094
2026-05-11,TGK29,2029-05-01,May 2029,35,22.584
2026-05-11,TGM29,2029-06-01,Jun 2029,36,22.119
2026-05-11,TGN29,2029-07-01,Jul 2029,37,22.124
2026-05-11,TGQ29,2029-08-01,Aug 2029,38,22.184
2026-05-11,TGU29,2029-09-01,Sep 2029,39,22.831
2026-05-11,TGV29,2029-10-01,Oct 2029,40,22.856
2026-05-11,TGX29,2029-11-01,Nov 2029,41,23.266
2026-05-11,TGZ29,2029-12-01,Dec 2029,42,23.521
2026-05-11,TGF30,2030-01-01,Jan 2030,43,23.735
2026-05-11,TGG30,2030-02-01,Feb 2030,44,23.715
2026-05-11,TGH30,2030-03-01,Mar 2030,45,23.691
2026-05-11,TGJ30,2030-04-01,Apr 2030,46,22.22
2026-05-11,TGK30,2030-05-01,May 2030,47,21.81
2026-05-11,TGM30,2030-06-01,Jun 2030,48,21.345
2026-05-11,TGN30,2030-07-01,Jul 2030,49,20.47
2026-05-11,TGQ30,2030-08-01,Aug 2030,50,20.835
2026-05-11,TGU30,2030-09-01,Sep 2030,51,21.52
2026-05-11,TGV30,2030-10-01,Oct 2030,52,22.32
2026-05-11,TGX30,2030-11-01,Nov 2030,53,23.09
2026-05-11,TGZ30,2030-12-01,Dec 2030,54,23.53
2026-05-11,TGF31,2031-01-01,Jan 2031,55,23.584
2026-05-11,TGG31,2031-02-01,Feb 2031,56,23.384
2026-05-11,TGH31,2031-03-01,Mar 2031,57,23.138
2026-05-11,TGJ31,2031-04-01,Apr 2031,58,21.838
2026-05-11,TGK31,2031-05-01,May 2031,59,21.363
2026-05-11,TGM31,2031-06-01,Jun 2031,60,21.098
2026-05-11,TGN31,2031-07-01,Jul 2031,61,20.943
2026-05-11,TGQ31,2031-08-01,Aug 2031,62,21.133
2026-05-11,TGU31,2031-09-01,Sep 2031,63,21.623
2026-05-11,TGV31,2031-10-01,Oct 2031,64,23.008
2026-05-11,TGX31,2031-11-01,Nov 2031,65,23.713
2026-05-11,TGZ31,2031-12-01,Dec 2031,66,24.118
2026-05-11,TGF32,2032-01-01,Jan 2032,67,22.988
2026-05-11,TGG32,2032-02-01,Feb 2032,68,23.053
2026-05-11,TGH32,2032-03-01,Mar 2032,69,23.153
2026-05-11,TGJ32,2032-04-01,Apr 2032,70,23.648
2026-05-11,TGK32,2032-05-01,May 2032,71,23.328
2026-05-11,TGM32,2032-06-01,Jun 2032,72,22.778
2026-05-11,TGN32,2032-07-01,Jul 2032,73,22.428
2026-05-11,TGQ32,2032-08-01,Aug 2032,74,22.873
2026-05-11,TGU32,2032-09-01,Sep 2032,75,23.413
2026-05-11,TGV32,2032-10-01,Oct 2032,76,24.208
2026-05-11,TGX32,2032-11-01,Nov 2032,77,24.558
2026-05-11,TGZ32,2032-12-01,Dec 2032,78,24.733
2026-05-11,TGF33,2033-01-01,Jan 2033,79,25.113
2026-05-11,TGG33,2033-02-01,Feb 2033,80,25.003
2026-05-11,TGH33,2033-03-01,Mar 2033,81,24.818
2026-05-11,TGJ33,2033-04-01,Apr 2033,82,24.473
2026-05-11,TGK33,2033-05-01,May 2033,83,24.018
2026-05-11,TGM33,2033-06-01,Jun 2033,84,23.668
2026-05-11,TGN33,2033-07-01,Jul 2033,85,23.393
2026-05-11,TGQ33,2033-08-01,Aug 2033,86,23.843
2026-05-11,TGU33,2033-09-01,Sep 2033,87,24.238
2026-05-11,TGV33,2033-10-01,Oct 2033,88,24.838
2026-05-11,TGX33,2033-11-01,Nov 2033,89,25.338
2026-05-11,TGZ33,2033-12-01,Dec 2033,90,25.513
2026-05-11,TGF34,2034-01-01,Jan 2034,91,25.798
2026-05-11,TGG34,2034-02-01,Feb 2034,92,25.703
2026-05-11,TGH34,2034-03-01,Mar 2034,93,25.523
2026-05-11,TGJ34,2034-04-01,Apr 2034,94,25.373
2026-05-11,TGK34,2034-05-01,May 2034,95,24.873
2026-05-11,TGM34,2034-06-01,Jun 2034,96,24.573
2026-05-11,TGN34,2034-07-01,Jul 2034,97,24.373
2026-05-11,TGQ34,2034-08-01,Aug 2034,98,24.773
2026-05-11,TGU34,2034-09-01,Sep 2034,99,25.168
2026-05-11,TGV34,2034-10-01,Oct 2034,100,25.768
2026-05-11,TGX34,2034-11-01,Nov 2034,101,26.278
2026-05-11,TGZ34,2034-12-01,Dec 2034,102,26.453
2026-05-11,TGF35,2035-01-01,Jan 2035,103,26.738
2026-05-11,TGG35,2035-02-01,Feb 2035,104,26.643
2026-05-11,TGH35,2035-03-01,Mar 2035,105,26.463
2026-05-11,TGJ35,2035-04-01,Apr 2035,106,26.213
2026-05-11,TGK35,2035-05-01,May 2035,107,25.803
2026-05-11,TGM35,2035-06-01,Jun 2035,108,25.503
2026-05-11,TGN35,2035-07-01,Jul 2035,109,25.303
2026-05-11,TGQ35,2035-08-01,Aug 2035,110,25.703
2026-05-11,TGU35,2035-09-01,Sep 2035,111,26.098
2026-05-11,TGV35,2035-10-01,Oct 2035,112,26.698
2026-05-11,TGX35,2035-11-01,Nov 2035,113,27.208
2026-05-11,TGZ35,2035-12-01,Dec 2035,114,27.383
2026-05-11,TGF36,2036-01-01,Jan 2036,115,27.668
2026-05-11,TGG36,2036-02-01,Feb 2036,116,27.573
2026-05-11,TGH36,2036-03-01,Mar 2036,117,27.393
2026-05-11,TGJ36,2036-04-01,Apr 2036,118,27.053
2026-05-11,TGK36,2036-05-01,May 2036,119,26.603
2026-05-11,TGM36,2036-06-01,Jun 2036,120,26.303
2026-05-11,TGN36,2036-07-01,Jul 2036,121,26.103
2026-05-11,TGQ36,2036-08-01,Aug 2036,122,26.503
2026-05-11,TGU36,2036-09-01,Sep 2036,123,26.898
2026-05-11,TGV36,2036-10-01,Oct 2036,124,27.498
2026-05-11,TGX36,2036-11-01,Nov 2036,125,28.008
2026-05-11,TGZ36,2036-12-01,Dec 2036,126,28.183
2026-05-11,TGF37,2037-01-01,Jan 2037,127,28.468
2026-05-11,TGG37,2037-02-01,Feb 2037,128,28.373
2026-05-11,TGH37,2037-03-01,Mar 2037,129,28.193
2026-05-11,TGJ37,2037-04-01,Apr 2037,130,27.753
2026-05-11,TGK37,2037-05-01,May 2037,131,27.283
2026-05-11,TGM37,2037-06-01,Jun 2037,132,26.983
2026-05-11,TGN37,2037-07-01,Jul 2037,133,26.783
2026-05-11,TGQ37,2037-08-01,Aug 2037,134,27.183
2026-05-11,TGU37,2037-09-01,Sep 2037,135,27.578
2026-05-11,TGV37,2037-10-01,Oct 2037,136,28.178
2026-05-11,TGX37,2037-11-01,Nov 2037,137,28.688
2026-05-11,TGZ37,2037-12-01,Dec 2037,138,28.863
2026-05-12,TGM26,2026-06-01,Jun 2026,0,46.465
2026-05-12,TGN26,2026-07-01,Jul 2026,1,46.45
2026-05-12,TGQ26,2026-08-01,Aug 2026,2,46.355
2026-05-12,TGU26,2026-09-01,Sep 2026,3,46.375
2026-05-12,TGV26,2026-10-01,Oct 2026,4,46.24
2026-05-12,TGX26,2026-11-01,Nov 2026,5,45.595
2026-05-12,TGZ26,2026-12-01,Dec 2026,6,45.525
2026-05-12,TGF27,2027-01-01,Jan 2027,7,45.44
2026-05-12,TGG27,2027-02-01,Feb 2027,8,44.8
2026-05-12,TGH27,2027-03-01,Mar 2027,9,43.5
2026-05-12,TGJ27,2027-04-01,Apr 2027,10,37.27
2026-05-12,TGK27,2027-05-01,May 2027,11,36.025
2026-05-12,TGM27,2027-06-01,Jun 2027,12,34.445
2026-05-12,TGN27,2027-07-01,Jul 2027,13,34.8
2026-05-12,TGQ27,2027-08-01,Aug 2027,14,34.521
2026-05-12,TGU27,2027-09-01,Sep 2027,15,34.491
2026-05-12,TGV27,2027-10-01,Oct 2027,16,34.401
2026-05-12,TGX27,2027-11-01,Nov 2027,17,34.476
2026-05-12,TGZ27,2027-12-01,Dec 2027,18,34.811
2026-05-12,TGF28,2028-01-01,Jan 2028,19,34.456
2026-05-12,TGG28,2028-02-01,Feb 2028,20,34.006
2026-05-12,TGH28,2028-03-01,Mar 2028,21,32.256
2026-05-12,TGJ28,2028-04-01,Apr 2028,22,27.371
2026-05-12,TGK28,2028-05-01,May 2028,23,26.28
2026-05-12,TGM28,2028-06-01,Jun 2028,24,25.89
2026-05-12,TGN28,2028-07-01,Jul 2028,25,25.735
2026-05-12,TGQ28,2028-08-01,Aug 2028,26,25.6
2026-05-12,TGU28,2028-09-01,Sep 2028,27,25.745
2026-05-12,TGV28,2028-10-01,Oct 2028,28,25.781
2026-05-12,TGX28,2028-11-01,Nov 2028,29,26.277
2026-05-12,TGZ28,2028-12-01,Dec 2028,30,26.724
2026-05-12,TGF29,2029-01-01,Jan 2029,31,27.024
2026-05-12,TGG29,2029-02-01,Feb 2029,32,26.883
2026-05-12,TGH29,2029-03-01,Mar 2029,33,26.604
2026-05-12,TGJ29,2029-04-01,Apr 2029,34,23.164
2026-05-12,TGK29,2029-05-01,May 2029,35,22.654
2026-05-12,TGM29,2029-06-01,Jun 2029,36,22.189
2026-05-12,TGN29,2029-07-01,Jul 2029,37,22.189
2026-05-12,TGQ29,2029-08-01,Aug 2029,38,22.294
2026-05-12,TGU29,2029-09-01,Sep 2029,39,22.894
2026-05-12,TGV29,2029-10-01,Oct 2029,40,22.889
2026-05-12,TGX29,2029-11-01,Nov 2029,41,23.289
2026-05-12,TGZ29,2029-12-01,Dec 2029,42,23.554
2026-05-12,TGF30,2030-01-01,Jan 2030,43,23.731
2026-05-12,TGG30,2030-02-01,Feb 2030,44,23.718
2026-05-12,TGH30,2030-03-01,Mar 2030,45,23.706
2026-05-12,TGJ30,2030-04-01,Apr 2030,46,22.268
2026-05-12,TGK30,2030-05-01,May 2030,47,21.848
2026-05-12,TGM30,2030-06-01,Jun 2030,48,21.383
2026-05-12,TGN30,2030-07-01,Jul 2030,49,20.507
2026-05-12,TGQ30,2030-08-01,Aug 2030,50,20.878
2026-05-12,TGU30,2030-09-01,Sep 2030,51,21.558
2026-05-12,TGV30,2030-10-01,Oct 2030,52,22.584
2026-05-12,TGX30,2030-11-01,Nov 2030,53,23.413
2026-05-12,TGZ30,2030-12-01,Dec 2030,54,23.949
2026-05-12,TGF31,2031-01-01,Jan 2031,55,24.033
2026-05-12,TGG31,2031-02-01,Feb 2031,56,23.833
2026-05-12,TGH31,2031-03-01,Mar 2031,57,23.588
2026-05-12,TGJ31,2031-04-01,Apr 2031,58,22.214
2026-05-12,TGK31,2031-05-01,May 2031,59,21.739
2026-05-12,TGM31,2031-06-01,Jun 2031,60,21.474
2026-05-12,TGN31,2031-07-01,Jul 2031,61,21.319
2026-05-12,TGQ31,2031-08-01,Aug 2031,62,21.509
2026-05-12,TGU31,2031-09-01,Sep 2031,63,21.999
2026-05-12,TGV31,2031-10-01,Oct 2031,64,23.219
2026-05-12,TGX31,2031-11-01,Nov 2031,65,23.924
2026-05-12,TGZ31,2031-12-01,Dec 2031,66,24.329
2026-05-12,TGF32,2032-01-01,Jan 2032,67,23.029
2026-05-12,TGG32,2032-02-01,Feb 2032,68,23.094
2026-05-12,TGH32,2032-03-01,Mar 2032,69,23.194
2026-05-12,TGJ32,2032-04-01,Apr 2032,70,23.689
2026-05-12,TGK32,2032-05-01,May 2032,71,23.369
2026-05-12,TGM32,2032-06-01,Jun 2032,72,22.819
2026-05-12,TGN32,2032-07-01,Jul 2032,73,22.469
2026-05-12,TGQ32,2032-08-01,Aug 2032,74,22.914
2026-05-12,TGU32,2032-09-01,Sep 2032,75,23.454
2026-05-12,TGV32,2032-10-01,Oct 2032,76,24.249
2026-05-12,TGX32,2032-11-01,Nov 2032,77,24.599
2026-05-12,TGZ32,2032-12-01,Dec 2032,78,24.774
2026-05-12,TGF33,2033-01-01,Jan 2033,79,25.154
2026-05-12,TGG33,2033-02-01,Feb 2033,80,25.044
2026-05-12,TGH33,2033-03-01,Mar 2033,81,24.859
2026-05-12,TGJ33,2033-04-01,Apr 2033,82,24.514
2026-05-12,TGK33,2033-05-01,May 2033,83,24.059
2026-05-12,TGM33,2033-06-01,Jun 2033,84,23.71
2026-05-12,TGN33,2033-07-01,Jul 2033,85,23.435
2026-05-12,TGQ33,2033-08-01,Aug 2033,86,23.885
2026-05-12,TGU33,2033-09-01,Sep 2033,87,24.28
2026-05-12,TGV33,2033-10-01,Oct 2033,88,24.88
2026-05-12,TGX33,2033-11-01,Nov 2033,89,25.38
2026-05-12,TGZ33,2033-12-01,Dec 2033,90,25.555
2026-05-12,TGF34,2034-01-01,Jan 2034,91,25.84
2026-05-12,TGG34,2034-02-01,Feb 2034,92,25.745
2026-05-12,TGH34,2034-03-01,Mar 2034,93,25.565
2026-05-12,TGJ34,2034-04-01,Apr 2034,94,25.415
2026-05-12,TGK34,2034-05-01,May 2034,95,24.915
2026-05-12,TGM34,2034-06-01,Jun 2034,96,24.615
2026-05-12,TGN34,2034-07-01,Jul 2034,97,24.415
2026-05-12,TGQ34,2034-08-01,Aug 2034,98,24.815
2026-05-12,TGU34,2034-09-01,Sep 2034,99,25.21
2026-05-12,TGV34,2034-10-01,Oct 2034,100,25.81
2026-05-12,TGX34,2034-11-01,Nov 2034,101,26.32
2026-05-12,TGZ34,2034-12-01,Dec 2034,102,26.495
2026-05-12,TGF35,2035-01-01,Jan 2035,103,26.78
2026-05-12,TGG35,2035-02-01,Feb 2035,104,26.685
2026-05-12,TGH35,2035-03-01,Mar 2035,105,26.505
2026-05-12,TGJ35,2035-04-01,Apr 2035,106,26.255
2026-05-12,TGK35,2035-05-01,May 2035,107,25.845
2026-05-12,TGM35,2035-06-01,Jun 2035,108,25.545
2026-05-12,TGN35,2035-07-01,Jul 2035,109,25.345
2026-05-12,TGQ35,2035-08-01,Aug 2035,110,25.745
2026-05-12,TGU35,2035-09-01,Sep 2035,111,26.14
2026-05-12,TGV35,2035-10-01,Oct 2035,112,26.74
2026-05-12,TGX35,2035-11-01,Nov 2035,113,27.25
2026-05-12,TGZ35,2035-12-01,Dec 2035,114,27.425
2026-05-12,TGF36,2036-01-01,Jan 2036,115,27.71
2026-05-12,TGG36,2036-02-01,Feb 2036,116,27.615
2026-05-12,TGH36,2036-03-01,Mar 2036,117,27.435
2026-05-12,TGJ36,2036-04-01,Apr 2036,118,27.095
2026-05-12,TGK36,2036-05-01,May 2036,119,26.645
2026-05-12,TGM36,2036-06-01,Jun 2036,120,26.345
2026-05-12,TGN36,2036-07-01,Jul 2036,121,26.145
2026-05-12,TGQ36,2036-08-01,Aug 2036,122,26.545
2026-05-12,TGU36,2036-09-01,Sep 2036,123,26.94
2026-05-12,TGV36,2036-10-01,Oct 2036,124,27.54
2026-05-12,TGX36,2036-11-01,Nov 2036,125,28.05
2026-05-12,TGZ36,2036-12-01,Dec 2036,126,28.225
2026-05-12,TGF37,2037-01-01,Jan 2037,127,28.51
2026-05-12,TGG37,2037-02-01,Feb 2037,128,28.415
2026-05-12,TGH37,2037-03-01,Mar 2037,129,28.235
2026-05-12,TGJ37,2037-04-01,Apr 2037,130,27.795
2026-05-12,TGK37,2037-05-01,May 2037,131,27.326
2026-05-12,TGM37,2037-06-01,Jun 2037,132,27.026
2026-05-12,TGN37,2037-07-01,Jul 2037,133,26.826
2026-05-12,TGQ37,2037-08-01,Aug 2037,134,27.226
2026-05-12,TGU37,2037-09-01,Sep 2037,135,27.621
2026-05-12,TGV37,2037-10-01,Oct 2037,136,28.221
2026-05-12,TGX37,2037-11-01,Nov 2037,137,28.731
2026-05-12,TGZ37,2037-12-01,Dec 2037,138,28.906
2026-05-13,TGM26,2026-06-01,Jun 2026,0,46.705
2026-05-13,TGN26,2026-07-01,Jul 2026,1,46.705
2026-05-13,TGQ26,2026-08-01,Aug 2026,2,46.635
2026-05-13,TGU26,2026-09-01,Sep 2026,3,46.665
2026-05-13,TGV26,2026-10-01,Oct 2026,4,46.27
2026-05-13,TGX26,2026-11-01,Nov 2026,5,45.545
2026-05-13,TGZ26,2026-12-01,Dec 2026,6,45.425
2026-05-13,TGF27,2027-01-01,Jan 2027,7,45.255
2026-05-13,TGG27,2027-02-01,Feb 2027,8,45.115
2026-05-13,TGH27,2027-03-01,Mar 2027,9,43.015
2026-05-13,TGJ27,2027-04-01,Apr 2027,10,37.1
2026-05-13,TGK27,2027-05-01,May 2027,11,35.214
2026-05-13,TGM27,2027-06-01,Jun 2027,12,34.614
2026-05-13,TGN27,2027-07-01,Jul 2027,13,34.449
2026-05-13,TGQ27,2027-08-01,Aug 2027,14,34.465
2026-05-13,TGU27,2027-09-01,Sep 2027,15,34.405
2026-05-13,TGV27,2027-10-01,Oct 2027,16,34.312
2026-05-13,TGX27,2027-11-01,Nov 2027,17,34.412
2026-05-13,TGZ27,2027-12-01,Dec 2027,18,34.762
2026-05-13,TGF28,2028-01-01,Jan 2028,19,34.39
2026-05-13,TGG28,2028-02-01,Feb 2028,20,33.865
2026-05-13,TGH28,2028-03-01,Mar 2028,21,32.181
2026-05-13,TGJ28,2028-04-01,Apr 2028,22,27.352
2026-05-13,TGK28,2028-05-01,May 2028,23,26.157
2026-05-13,TGM28,2028-06-01,Jun 2028,24,25.832
2026-05-13,TGN28,2028-07-01,Jul 2028,25,25.781
2026-05-13,TGQ28,2028-08-01,Aug 2028,26,25.651
2026-05-13,TGU28,2028-09-01,Sep 2028,27,25.801
2026-05-13,TGV28,2028-10-01,Oct 2028,28,25.781
2026-05-13,TGX28,2028-11-01,Nov 2028,29,26.281
2026-05-13,TGZ28,2028-12-01,Dec 2028,30,26.706
2026-05-13,TGF29,2029-01-01,Jan 2029,31,27.006
2026-05-13,TGG29,2029-02-01,Feb 2029,32,26.921
2026-05-13,TGH29,2029-03-01,Mar 2029,33,26.586
2026-05-13,TGJ29,2029-04-01,Apr 2029,34,23.327
2026-05-13,TGK29,2029-05-01,May 2029,35,22.807
2026-05-13,TGM29,2029-06-01,Jun 2029,36,22.357
2026-05-13,TGN29,2029-07-01,Jul 2029,37,22.312
2026-05-13,TGQ29,2029-08-01,Aug 2029,38,22.422
2026-05-13,TGU29,2029-09-01,Sep 2029,39,23.022
2026-05-13,TGV29,2029-10-01,Oct 2029,40,22.922
2026-05-13,TGX29,2029-11-01,Nov 2029,41,23.327
2026-05-13,TGZ29,2029-12-01,Dec 2029,42,23.637
2026-05-13,TGF30,2030-01-01,Jan 2030,43,23.832
2026-05-13,TGG30,2030-02-01,Feb 2030,44,23.826
2026-05-13,TGH30,2030-03-01,Mar 2030,45,23.805
2026-05-13,TGJ30,2030-04-01,Apr 2030,46,22.335
2026-05-13,TGK30,2030-05-01,May 2030,47,21.925
2026-05-13,TGM30,2030-06-01,Jun 2030,48,21.46
2026-05-13,TGN30,2030-07-01,Jul 2030,49,20.59
2026-05-13,TGQ30,2030-08-01,Aug 2030,50,20.96
2026-05-13,TGU30,2030-09-01,Sep 2030,51,21.64
2026-05-13,TGV30,2030-10-01,Oct 2030,52,22.485
2026-05-13,TGX30,2030-11-01,Nov 2030,53,23.261
2026-05-13,TGZ30,2030-12-01,Dec 2030,54,23.705
2026-05-13,TGF31,2031-01-01,Jan 2031,55,23.716
2026-05-13,TGG31,2031-02-01,Feb 2031,56,23.521
2026-05-13,TGH31,2031-03-01,Mar 2031,57,23.276
2026-05-13,TGJ31,2031-04-01,Apr 2031,58,22.032
2026-05-13,TGK31,2031-05-01,May 2031,59,21.557
2026-05-13,TGM31,2031-06-01,Jun 2031,60,21.292
2026-05-13,TGN31,2031-07-01,Jul 2031,61,21.137
2026-05-13,TGQ31,2031-08-01,Aug 2031,62,21.327
2026-05-13,TGU31,2031-09-01,Sep 2031,63,21.817
2026-05-13,TGV31,2031-10-01,Oct 2031,64,23.362
2026-05-13,TGX31,2031-11-01,Nov 2031,65,24.067
2026-05-13,TGZ31,2031-12-01,Dec 2031,66,24.472
2026-05-13,TGF32,2032-01-01,Jan 2032,67,22.802
2026-05-13,TGG32,2032-02-01,Feb 2032,68,22.862
2026-05-13,TGH32,2032-03-01,Mar 2032,69,22.962
2026-05-13,TGJ32,2032-04-01,Apr 2032,70,23.643
2026-05-13,TGK32,2032-05-01,May 2032,71,23.323
2026-05-13,TGM32,2032-06-01,Jun 2032,72,22.773
2026-05-13,TGN32,2032-07-01,Jul 2032,73,22.423
2026-05-13,TGQ32,2032-08-01,Aug 2032,74,22.868
2026-05-13,TGU32,2032-09-01,Sep 2032,75,23.408
2026-05-13,TGV32,2032-10-01,Oct 2032,76,24.203
2026-05-13,TGX32,2032-11-01,Nov 2032,77,24.553
2026-05-13,TGZ32,2032-12-01,Dec 2032,78,24.728
2026-05-13,TGF33,2033-01-01,Jan 2033,79,25.108
2026-05-13,TGG33,2033-02-01,Feb 2033,80,24.998
2026-05-13,TGH33,2033-03-01,Mar 2033,81,24.813
2026-05-13,TGJ33,2033-04-01,Apr 2033,82,24.468
2026-05-13,TGK33,2033-05-01,May 2033,83,24.013
2026-05-13,TGM33,2033-06-01,Jun 2033,84,23.663
2026-05-13,TGN33,2033-07-01,Jul 2033,85,23.388
2026-05-13,TGQ33,2033-08-01,Aug 2033,86,23.838
2026-05-13,TGU33,2033-09-01,Sep 2033,87,24.233
2026-05-13,TGV33,2033-10-01,Oct 2033,88,24.833
2026-05-13,TGX33,2033-11-01,Nov 2033,89,25.333
2026-05-13,TGZ33,2033-12-01,Dec 2033,90,25.508
2026-05-13,TGF34,2034-01-01,Jan 2034,91,25.793
2026-05-13,TGG34,2034-02-01,Feb 2034,92,25.698
2026-05-13,TGH34,2034-03-01,Mar 2034,93,25.518
2026-05-13,TGJ34,2034-04-01,Apr 2034,94,25.368
2026-05-13,TGK34,2034-05-01,May 2034,95,24.868
2026-05-13,TGM34,2034-06-01,Jun 2034,96,24.568
2026-05-13,TGN34,2034-07-01,Jul 2034,97,24.368
2026-05-13,TGQ34,2034-08-01,Aug 2034,98,24.768
2026-05-13,TGU34,2034-09-01,Sep 2034,99,25.163
2026-05-13,TGV34,2034-10-01,Oct 2034,100,25.763
2026-05-13,TGX34,2034-11-01,Nov 2034,101,26.273
2026-05-13,TGZ34,2034-12-01,Dec 2034,102,26.448
2026-05-13,TGF35,2035-01-01,Jan 2035,103,26.733
2026-05-13,TGG35,2035-02-01,Feb 2035,104,26.638
2026-05-13,TGH35,2035-03-01,Mar 2035,105,26.458
2026-05-13,TGJ35,2035-04-01,Apr 2035,106,26.208
2026-05-13,TGK35,2035-05-01,May 2035,107,25.798
2026-05-13,TGM35,2035-06-01,Jun 2035,108,25.498
2026-05-13,TGN35,2035-07-01,Jul 2035,109,25.298
2026-05-13,TGQ35,2035-08-01,Aug 2035,110,25.698
2026-05-13,TGU35,2035-09-01,Sep 2035,111,26.093
2026-05-13,TGV35,2035-10-01,Oct 2035,112,26.693
2026-05-13,TGX35,2035-11-01,Nov 2035,113,27.203
2026-05-13,TGZ35,2035-12-01,Dec 2035,114,27.378
2026-05-13,TGF36,2036-01-01,Jan 2036,115,27.664
2026-05-13,TGG36,2036-02-01,Feb 2036,116,27.569
2026-05-13,TGH36,2036-03-01,Mar 2036,117,27.389
2026-05-13,TGJ36,2036-04-01,Apr 2036,118,27.049
2026-05-13,TGK36,2036-05-01,May 2036,119,26.599
2026-05-13,TGM36,2036-06-01,Jun 2036,120,26.299
2026-05-13,TGN36,2036-07-01,Jul 2036,121,26.099
2026-05-13,TGQ36,2036-08-01,Aug 2036,122,26.499
2026-05-13,TGU36,2036-09-01,Sep 2036,123,26.894
2026-05-13,TGV36,2036-10-01,Oct 2036,124,27.494
2026-05-13,TGX36,2036-11-01,Nov 2036,125,28.004
2026-05-13,TGZ36,2036-12-01,Dec 2036,126,28.179
2026-05-13,TGF37,2037-01-01,Jan 2037,127,28.464
2026-05-13,TGG37,2037-02-01,Feb 2037,128,28.369
2026-05-13,TGH37,2037-03-01,Mar 2037,129,28.189
2026-05-13,TGJ37,2037-04-01,Apr 2037,130,27.749
2026-05-13,TGK37,2037-05-01,May 2037,131,27.279
2026-05-13,TGM37,2037-06-01,Jun 2037,132,26.979
2026-05-13,TGN37,2037-07-01,Jul 2037,133,26.779
2026-05-13,TGQ37,2037-08-01,Aug 2037,134,27.179
2026-05-13,TGU37,2037-09-01,Sep 2037,135,27.574
2026-05-13,TGV37,2037-10-01,Oct 2037,136,28.174
2026-05-13,TGX37,2037-11-01,Nov 2037,137,28.684
2026-05-13,TGZ37,2037-12-01,Dec 2037,138,28.859
2026-05-14,TGM26,2026-06-01,Jun 2026,0,47.875
2026-05-14,TGN26,2026-07-01,Jul 2026,1,47.805
2026-05-14,TGQ26,2026-08-01,Aug 2026,2,47.65
2026-05-14,TGU26,2026-09-01,Sep 2026,3,47.525
2026-05-14,TGV26,2026-10-01,Oct 2026,4,46.85
2026-05-14,TGX26,2026-11-01,Nov 2026,5,45.92
2026-05-14,TGZ26,2026-12-01,Dec 2026,6,45.62
2026-05-14,TGF27,2027-01-01,Jan 2027,7,45.67
2026-05-14,TGG27,2027-02-01,Feb 2027,8,44.73
2026-05-14,TGH27,2027-03-01,Mar 2027,9,42.81
2026-05-14,TGJ27,2027-04-01,Apr 2027,10,36.635
2026-05-14,TGK27,2027-05-01,May 2027,11,34.47
2026-05-14,TGM27,2027-06-01,Jun 2027,12,33.9
2026-05-14,TGN27,2027-07-01,Jul 2027,13,33.869
2026-05-14,TGQ27,2027-08-01,Aug 2027,14,33.829
2026-05-14,TGU27,2027-09-01,Sep 2027,15,33.769
2026-05-14,TGV27,2027-10-01,Oct 2027,16,33.708
2026-05-14,TGX27,2027-11-01,Nov 2027,17,33.82
2026-05-14,TGZ27,2027-12-01,Dec 2027,18,34.168
2026-05-14,TGF28,2028-01-01,Jan 2028,19,33.769
2026-05-14,TGG28,2028-02-01,Feb 2028,20,33.319
2026-05-14,TGH28,2028-03-01,Mar 2028,21,31.548
2026-05-14,TGJ28,2028-04-01,Apr 2028,22,26.876
2026-05-14,TGK28,2028-05-01,May 2028,23,25.676
2026-05-14,TGM28,2028-06-01,Jun 2028,24,25.351
2026-05-14,TGN28,2028-07-01,Jul 2028,25,25.298
2026-05-14,TGQ28,2028-08-01,Aug 2028,26,25.174
2026-05-14,TGU28,2028-09-01,Sep 2028,27,25.32
2026-05-14,TGV28,2028-10-01,Oct 2028,28,25.413
2026-05-14,TGX28,2028-11-01,Nov 2028,29,25.914
2026-05-14,TGZ28,2028-12-01,Dec 2028,30,26.315
2026-05-14,TGF29,2029-01-01,Jan 2029,31,26.551
2026-05-14,TGG29,2029-02-01,Feb 2029,32,26.466
2026-05-14,TGH29,2029-03-01,Mar 2029,33,26.131
2026-05-14,TGJ29,2029-04-01,Apr 2029,34,22.929
2026-05-14,TGK29,2029-05-01,May 2029,35,22.414
2026-05-14,TGM29,2029-06-01,Jun 2029,36,21.963
2026-05-14,TGN29,2029-07-01,Jul 2029,37,21.798
2026-05-14,TGQ29,2029-08-01,Aug 2029,38,21.902
2026-05-14,TGU29,2029-09-01,Sep 2029,39,22.492
2026-05-14,TGV29,2029-10-01,Oct 2029,40,22.557
2026-05-14,TGX29,2029-11-01,Nov 2029,41,22.962
2026-05-14,TGZ29,2029-12-01,Dec 2029,42,23.331
2026-05-14,TGF30,2030-01-01,Jan 2030,43,23.565
2026-05-14,TGG30,2030-02-01,Feb 2030,44,23.554
2026-05-14,TGH30,2030-03-01,Mar 2030,45,23.531
2026-05-14,TGJ30,2030-04-01,Apr 2030,46,22.129
2026-05-14,TGK30,2030-05-01,May 2030,47,21.719
2026-05-14,TGM30,2030-06-01,Jun 2030,48,21.254
2026-05-14,TGN30,2030-07-01,Jul 2030,49,20.379
2026-05-14,TGQ30,2030-08-01,Aug 2030,50,20.749
2026-05-14,TGU30,2030-09-01,Sep 2030,51,21.429
2026-05-14,TGV30,2030-10-01,Oct 2030,52,22.264
2026-05-14,TGX30,2030-11-01,Nov 2030,53,23.039
2026-05-14,TGZ30,2030-12-01,Dec 2030,54,23.479
2026-05-14,TGF31,2031-01-01,Jan 2031,55,23.634
2026-05-14,TGG31,2031-02-01,Feb 2031,56,23.439
2026-05-14,TGH31,2031-03-01,Mar 2031,57,23.194
2026-05-14,TGJ31,2031-04-01,Apr 2031,58,21.994
2026-05-14,TGK31,2031-05-01,May 2031,59,21.519
2026-05-14,TGM31,2031-06-01,Jun 2031,60,21.254
2026-05-14,TGN31,2031-07-01,Jul 2031,61,21.099
2026-05-14,TGQ31,2031-08-01,Aug 2031,62,21.289
2026-05-14,TGU31,2031-09-01,Sep 2031,63,21.779
2026-05-14,TGV31,2031-10-01,Oct 2031,64,23.324
2026-05-14,TGX31,2031-11-01,Nov 2031,65,24.029
2026-05-14,TGZ31,2031-12-01,Dec 2031,66,24.434
2026-05-14,TGF32,2032-01-01,Jan 2032,67,22.764
2026-05-14,TGG32,2032-02-01,Feb 2032,68,22.824
2026-05-14,TGH32,2032-03-01,Mar 2032,69,22.924
2026-05-14,TGJ32,2032-04-01,Apr 2032,70,23.605
2026-05-14,TGK32,2032-05-01,May 2032,71,23.285
2026-05-14,TGM32,2032-06-01,Jun 2032,72,22.735
2026-05-14,TGN32,2032-07-01,Jul 2032,73,22.385
2026-05-14,TGQ32,2032-08-01,Aug 2032,74,22.83
2026-05-14,TGU32,2032-09-01,Sep 2032,75,23.37
2026-05-14,TGV32,2032-10-01,Oct 2032,76,24.165
2026-05-14,TGX32,2032-11-01,Nov 2032,77,24.515
2026-05-14,TGZ32,2032-12-01,Dec 2032,78,24.69
2026-05-14,TGF33,2033-01-01,Jan 2033,79,25.07
2026-05-14,TGG33,2033-02-01,Feb 2033,80,24.96
2026-05-14,TGH33,2033-03-01,Mar 2033,81,24.775
2026-05-14,TGJ33,2033-04-01,Apr 2033,82,24.43
2026-05-14,TGK33,2033-05-01,May 2033,83,23.975
2026-05-14,TGM33,2033-06-01,Jun 2033,84,23.625
2026-05-14,TGN33,2033-07-01,Jul 2033,85,23.35
2026-05-14,TGQ33,2033-08-01,Aug 2033,86,23.8
2026-05-14,TGU33,2033-09-01,Sep 2033,87,24.195
2026-05-14,TGV33,2033-10-01,Oct 2033,88,24.795
2026-05-14,TGX33,2033-11-01,Nov 2033,89,25.295
2026-05-14,TGZ33,2033-12-01,Dec 2033,90,25.47
2026-05-14,TGF34,2034-01-01,Jan 2034,91,25.755
2026-05-14,TGG34,2034-02-01,Feb 2034,92,25.66
2026-05-14,TGH34,2034-03-01,Mar 2034,93,25.48
2026-05-14,TGJ34,2034-04-01,Apr 2034,94,25.33
2026-05-14,TGK34,2034-05-01,May 2034,95,24.83
2026-05-14,TGM34,2034-06-01,Jun 2034,96,24.53
2026-05-14,TGN34,2034-07-01,Jul 2034,97,24.33
2026-05-14,TGQ34,2034-08-01,Aug 2034,98,24.73
2026-05-14,TGU34,2034-09-01,Sep 2034,99,25.125
2026-05-14,TGV34,2034-10-01,Oct 2034,100,25.725
2026-05-14,TGX34,2034-11-01,Nov 2034,101,26.235
2026-05-14,TGZ34,2034-12-01,Dec 2034,102,26.41
2026-05-14,TGF35,2035-01-01,Jan 2035,103,26.695
2026-05-14,TGG35,2035-02-01,Feb 2035,104,26.6
2026-05-14,TGH35,2035-03-01,Mar 2035,105,26.42
2026-05-14,TGJ35,2035-04-01,Apr 2035,106,26.17
2026-05-14,TGK35,2035-05-01,May 2035,107,25.76
2026-05-14,TGM35,2035-06-01,Jun 2035,108,25.46
2026-05-14,TGN35,2035-07-01,Jul 2035,109,25.26
2026-05-14,TGQ35,2035-08-01,Aug 2035,110,25.66
2026-05-14,TGU35,2035-09-01,Sep 2035,111,26.055
2026-05-14,TGV35,2035-10-01,Oct 2035,112,26.655
2026-05-14,TGX35,2035-11-01,Nov 2035,113,27.165
2026-05-14,TGZ35,2035-12-01,Dec 2035,114,27.34
2026-05-14,TGF36,2036-01-01,Jan 2036,115,27.625
2026-05-14,TGG36,2036-02-01,Feb 2036,116,27.53
2026-05-14,TGH36,2036-03-01,Mar 2036,117,27.35
2026-05-14,TGJ36,2036-04-01,Apr 2036,118,27.01
2026-05-14,TGK36,2036-05-01,May 2036,119,26.56
2026-05-14,TGM36,2036-06-01,Jun 2036,120,26.26
2026-05-14,TGN36,2036-07-01,Jul 2036,121,26.06
2026-05-14,TGQ36,2036-08-01,Aug 2036,122,26.46
2026-05-14,TGU36,2036-09-01,Sep 2036,123,26.855
2026-05-14,TGV36,2036-10-01,Oct 2036,124,27.455
2026-05-14,TGX36,2036-11-01,Nov 2036,125,27.965
2026-05-14,TGZ36,2036-12-01,Dec 2036,126,28.14
2026-05-14,TGF37,2037-01-01,Jan 2037,127,28.425
2026-05-14,TGG37,2037-02-01,Feb 2037,128,28.33
2026-05-14,TGH37,2037-03-01,Mar 2037,129,28.15
2026-05-14,TGJ37,2037-04-01,Apr 2037,130,27.71
2026-05-14,TGK37,2037-05-01,May 2037,131,27.24
2026-05-14,TGM37,2037-06-01,Jun 2037,132,26.94
2026-05-14,TGN37,2037-07-01,Jul 2037,133,26.74
2026-05-14,TGQ37,2037-08-01,Aug 2037,134,27.14
2026-05-14,TGU37,2037-09-01,Sep 2037,135,27.535
2026-05-14,TGV37,2037-10-01,Oct 2037,136,28.135
2026-05-14,TGX37,2037-11-01,Nov 2037,137,28.645
2026-05-14,TGZ37,2037-12-01,Dec 2037,138,28.82
2026-05-15,TGM26,2026-06-01,Jun 2026,0,51.16
2026-05-15,TGN26,2026-07-01,Jul 2026,1,51.21
2026-05-15,TGQ26,2026-08-01,Aug 2026,2,51.095
2026-05-15,TGU26,2026-09-01,Sep 2026,3,50.96
2026-05-15,TGV26,2026-10-01,Oct 2026,4,50.41
2026-05-15,TGX26,2026-11-01,Nov 2026,5,49.065
2026-05-15,TGZ26,2026-12-01,Dec 2026,6,48.795
2026-05-15,TGF27,2027-01-01,Jan 2027,7,48.05
2026-05-15,TGG27,2027-02-01,Feb 2027,8,47.22
2026-05-15,TGH27,2027-03-01,Mar 2027,9,45.225
2026-05-15,TGJ27,2027-04-01,Apr 2027,10,38.3
2026-05-15,TGK27,2027-05-01,May 2027,11,35.15
2026-05-15,TGM27,2027-06-01,Jun 2027,12,34.315
2026-05-15,TGN27,2027-07-01,Jul 2027,13,34.689
2026-05-15,TGQ27,2027-08-01,Aug 2027,14,34.711
2026-05-15,TGU27,2027-09-01,Sep 2027,15,34.711
2026-05-15,TGV27,2027-10-01,Oct 2027,16,34.607
2026-05-15,TGX27,2027-11-01,Nov 2027,17,34.667
2026-05-15,TGZ27,2027-12-01,Dec 2027,18,34.997
2026-05-15,TGF28,2028-01-01,Jan 2028,19,34.535
2026-05-15,TGG28,2028-02-01,Feb 2028,20,34.085
2026-05-15,TGH28,2028-03-01,Mar 2028,21,32.455
2026-05-15,TGJ28,2028-04-01,Apr 2028,22,27.211
2026-05-15,TGK28,2028-05-01,May 2028,23,26.011
2026-05-15,TGM28,2028-06-01,Jun 2028,24,25.685
2026-05-15,TGN28,2028-07-01,Jul 2028,25,25.584
2026-05-15,TGQ28,2028-08-01,Aug 2028,26,25.458
2026-05-15,TGU28,2028-09-01,Sep 2028,27,25.606
2026-05-15,TGV28,2028-10-01,Oct 2028,28,25.594
2026-05-15,TGX28,2028-11-01,Nov 2028,29,26.094
2026-05-15,TGZ28,2028-12-01,Dec 2028,30,26.494
2026-05-15,TGF29,2029-01-01,Jan 2029,31,26.745
2026-05-15,TGG29,2029-02-01,Feb 2029,32,26.61
2026-05-15,TGH29,2029-03-01,Mar 2029,33,26.33
2026-05-15,TGJ29,2029-04-01,Apr 2029,34,23.141
2026-05-15,TGK29,2029-05-01,May 2029,35,22.631
2026-05-15,TGM29,2029-06-01,Jun 2029,36,22.171
2026-05-15,TGN29,2029-07-01,Jul 2029,37,22.011
2026-05-15,TGQ29,2029-08-01,Aug 2029,38,22.111
2026-05-15,TGU29,2029-09-01,Sep 2029,39,22.706
2026-05-15,TGV29,2029-10-01,Oct 2029,40,22.847
2026-05-15,TGX29,2029-11-01,Nov 2029,41,23.252
2026-05-15,TGZ29,2029-12-01,Dec 2029,42,23.622
2026-05-15,TGF30,2030-01-01,Jan 2030,43,23.692
2026-05-15,TGG30,2030-02-01,Feb 2030,44,23.687
2026-05-15,TGH30,2030-03-01,Mar 2030,45,23.667
2026-05-15,TGJ30,2030-04-01,Apr 2030,46,22.372
2026-05-15,TGK30,2030-05-01,May 2030,47,21.959
2026-05-15,TGM30,2030-06-01,Jun 2030,48,21.492
2026-05-15,TGN30,2030-07-01,Jul 2030,49,20.616
2026-05-15,TGQ30,2030-08-01,Aug 2030,50,20.984
2026-05-15,TGU30,2030-09-01,Sep 2030,51,21.661
2026-05-15,TGV30,2030-10-01,Oct 2030,52,22.355
2026-05-15,TGX30,2030-11-01,Nov 2030,53,23.135
2026-05-15,TGZ30,2030-12-01,Dec 2030,54,23.575
2026-05-15,TGF31,2031-01-01,Jan 2031,55,23.58
2026-05-15,TGG31,2031-02-01,Feb 2031,56,23.385
2026-05-15,TGH31,2031-03-01,Mar 2031,57,23.14
2026-05-15,TGJ31,2031-04-01,Apr 2031,58,21.941
2026-05-15,TGK31,2031-05-01,May 2031,59,21.466
2026-05-15,TGM31,2031-06-01,Jun 2031,60,21.201
2026-05-15,TGN31,2031-07-01,Jul 2031,61,21.046
2026-05-15,TGQ31,2031-08-01,Aug 2031,62,21.236
2026-05-15,TGU31,2031-09-01,Sep 2031,63,21.726
2026-05-15,TGV31,2031-10-01,Oct 2031,64,23.271
2026-05-15,TGX31,2031-11-01,Nov 2031,65,23.976
2026-05-15,TGZ31,2031-12-01,Dec 2031,66,24.381
2026-05-15,TGF32,2032-01-01,Jan 2032,67,22.711
2026-05-15,TGG32,2032-02-01,Feb 2032,68,22.771
2026-05-15,TGH32,2032-03-01,Mar 2032,69,22.871
2026-05-15,TGJ32,2032-04-01,Apr 2032,70,23.551
2026-05-15,TGK32,2032-05-01,May 2032,71,23.231
2026-05-15,TGM32,2032-06-01,Jun 2032,72,22.681
2026-05-15,TGN32,2032-07-01,Jul 2032,73,22.331
2026-05-15,TGQ32,2032-08-01,Aug 2032,74,22.775
2026-05-15,TGU32,2032-09-01,Sep 2032,75,23.315
2026-05-15,TGV32,2032-10-01,Oct 2032,76,24.11
2026-05-15,TGX32,2032-11-01,Nov 2032,77,24.46
2026-05-15,TGZ32,2032-12-01,Dec 2032,78,24.635
2026-05-15,TGF33,2033-01-01,Jan 2033,79,25.015
2026-05-15,TGG33,2033-02-01,Feb 2033,80,24.905
2026-05-15,TGH33,2033-03-01,Mar 2033,81,24.72
2026-05-15,TGJ33,2033-04-01,Apr 2033,82,24.375
2026-05-15,TGK33,2033-05-01,May 2033,83,23.92
2026-05-15,TGM33,2033-06-01,Jun 2033,84,23.57
2026-05-15,TGN33,2033-07-01,Jul 2033,85,23.295
2026-05-15,TGQ33,2033-08-01,Aug 2033,86,23.745
2026-05-15,TGU33,2033-09-01,Sep 2033,87,24.14
2026-05-15,TGV33,2033-10-01,Oct 2033,88,24.74
2026-05-15,TGX33,2033-11-01,Nov 2033,89,25.24
2026-05-15,TGZ33,2033-12-01,Dec 2033,90,25.415
2026-05-15,TGF34,2034-01-01,Jan 2034,91,25.7
2026-05-15,TGG34,2034-02-01,Feb 2034,92,25.605
2026-05-15,TGH34,2034-03-01,Mar 2034,93,25.425
2026-05-15,TGJ34,2034-04-01,Apr 2034,94,25.275
2026-05-15,TGK34,2034-05-01,May 2034,95,24.775
2026-05-15,TGM34,2034-06-01,Jun 2034,96,24.475
2026-05-15,TGN34,2034-07-01,Jul 2034,97,24.275
2026-05-15,TGQ34,2034-08-01,Aug 2034,98,24.675
2026-05-15,TGU34,2034-09-01,Sep 2034,99,25.07
2026-05-15,TGV34,2034-10-01,Oct 2034,100,25.67
2026-05-15,TGX34,2034-11-01,Nov 2034,101,26.18
2026-05-15,TGZ34,2034-12-01,Dec 2034,102,26.355
2026-05-15,TGF35,2035-01-01,Jan 2035,103,26.64
2026-05-15,TGG35,2035-02-01,Feb 2035,104,26.545
2026-05-15,TGH35,2035-03-01,Mar 2035,105,26.365
2026-05-15,TGJ35,2035-04-01,Apr 2035,106,26.115
2026-05-15,TGK35,2035-05-01,May 2035,107,25.705
2026-05-15,TGM35,2035-06-01,Jun 2035,108,25.405
2026-05-15,TGN35,2035-07-01,Jul 2035,109,25.205
2026-05-15,TGQ35,2035-08-01,Aug 2035,110,25.605
2026-05-15,TGU35,2035-09-01,Sep 2035,111,26.0
2026-05-15,TGV35,2035-10-01,Oct 2035,112,26.6
2026-05-15,TGX35,2035-11-01,Nov 2035,113,27.11
2026-05-15,TGZ35,2035-12-01,Dec 2035,114,27.285
2026-05-15,TGF36,2036-01-01,Jan 2036,115,27.57
2026-05-15,TGG36,2036-02-01,Feb 2036,116,27.475
2026-05-15,TGH36,2036-03-01,Mar 2036,117,27.295
2026-05-15,TGJ36,2036-04-01,Apr 2036,118,26.955
2026-05-15,TGK36,2036-05-01,May 2036,119,26.505
2026-05-15,TGM36,2036-06-01,Jun 2036,120,26.205
2026-05-15,TGN36,2036-07-01,Jul 2036,121,26.005
2026-05-15,TGQ36,2036-08-01,Aug 2036,122,26.405
2026-05-15,TGU36,2036-09-01,Sep 2036,123,26.8
2026-05-15,TGV36,2036-10-01,Oct 2036,124,27.4
2026-05-15,TGX36,2036-11-01,Nov 2036,125,27.91
2026-05-15,TGZ36,2036-12-01,Dec 2036,126,28.085
2026-05-15,TGF37,2037-01-01,Jan 2037,127,28.37
2026-05-15,TGG37,2037-02-01,Feb 2037,128,28.275
2026-05-15,TGH37,2037-03-01,Mar 2037,129,28.095
2026-05-15,TGJ37,2037-04-01,Apr 2037,130,27.655
2026-05-15,TGK37,2037-05-01,May 2037,131,27.185
2026-05-15,TGM37,2037-06-01,Jun 2037,132,26.885
2026-05-15,TGN37,2037-07-01,Jul 2037,133,26.685
2026-05-15,TGQ37,2037-08-01,Aug 2037,134,27.085
2026-05-15,TGU37,2037-09-01,Sep 2037,135,27.48
2026-05-15,TGV37,2037-10-01,Oct 2037,136,28.08
2026-05-15,TGX37,2037-11-01,Nov 2037,137,28.59
2026-05-15,TGZ37,2037-12-01,Dec 2037,138,28.765
2026-05-16,TGM26,2026-06-01,Jun 2026,0,50.167
2026-05-16,TGN26,2026-07-01,Jul 2026,1,50.116
2026-05-16,TGQ26,2026-08-01,Aug 2026,2,49.953
2026-05-16,TGU26,2026-09-01,Sep 2026,3,49.84
2026-05-16,TGV26,2026-10-01,Oct 2026,4,49.329
2026-05-16,TGX26,2026-11-01,Nov 2026,5,48.227
2026-05-16,TGZ26,2026-12-01,Dec 2026,6,47.867
2026-05-16,TGF27,2027-01-01,Jan 2027,7,47.463
2026-05-16,TGG27,2027-02-01,Feb 2027,8,46.811
2026-05-16,TGH27,2027-03-01,Mar 2027,9,44.747
2026-05-16,TGJ27,2027-04-01,Apr 2027,10,37.858
2026-05-16,TGK27,2027-05-01,May 2027,11,35.48
2026-05-16,TGM27,2027-06-01,Jun 2027,12,34.83
2026-05-16,TGN27,2027-07-01,Jul 2027,13,34.689
2026-05-16,TGQ27,2027-08-01,Aug 2027,14,34.711
2026-05-16,TGU27,2027-09-01,Sep 2027,15,34.711
2026-05-16,TGV27,2027-10-01,Oct 2027,16,34.607
2026-05-16,TGX27,2027-11-01,Nov 2027,17,34.667
2026-05-16,TGZ27,2027-12-01,Dec 2027,18,34.997
2026-05-16,TGF28,2028-01-01,Jan 2028,19,34.535
2026-05-16,TGG28,2028-02-01,Feb 2028,20,34.085
2026-05-16,TGH28,2028-03-01,Mar 2028,21,32.315
2026-05-16,TGJ28,2028-04-01,Apr 2028,22,27.211
2026-05-16,TGK28,2028-05-01,May 2028,23,26.011
2026-05-16,TGM28,2028-06-01,Jun 2028,24,25.685
2026-05-16,TGN28,2028-07-01,Jul 2028,25,25.584
2026-05-16,TGQ28,2028-08-01,Aug 2028,26,25.458
2026-05-16,TGU28,2028-09-01,Sep 2028,27,25.606
2026-05-16,TGV28,2028-10-01,Oct 2028,28,25.594
2026-05-16,TGX28,2028-11-01,Nov 2028,29,26.094
2026-05-16,TGZ28,2028-12-01,Dec 2028,30,26.494
2026-05-16,TGF29,2029-01-01,Jan 2029,31,26.745
2026-05-16,TGG29,2029-02-01,Feb 2029,32,26.61
2026-05-16,TGH29,2029-03-01,Mar 2029,33,26.33
2026-05-16,TGJ29,2029-04-01,Apr 2029,34,23.141
2026-05-16,TGK29,2029-05-01,May 2029,35,22.631
2026-05-16,TGM29,2029-06-01,Jun 2029,36,22.171
2026-05-16,TGN29,2029-07-01,Jul 2029,37,22.011
2026-05-16,TGQ29,2029-08-01,Aug 2029,38,22.111
2026-05-16,TGU29,2029-09-01,Sep 2029,39,22.706
2026-05-16,TGV29,2029-10-01,Oct 2029,40,22.847
2026-05-16,TGX29,2029-11-01,Nov 2029,41,23.252
2026-05-16,TGZ29,2029-12-01,Dec 2029,42,23.622
2026-05-16,TGF30,2030-01-01,Jan 2030,43,23.692
2026-05-16,TGG30,2030-02-01,Feb 2030,44,23.687
2026-05-16,TGH30,2030-03-01,Mar 2030,45,23.667
2026-05-16,TGJ30,2030-04-01,Apr 2030,46,22.372
2026-05-16,TGK30,2030-05-01,May 2030,47,21.959
2026-05-16,TGM30,2030-06-01,Jun 2030,48,21.492
2026-05-16,TGN30,2030-07-01,Jul 2030,49,20.616
2026-05-16,TGQ30,2030-08-01,Aug 2030,50,20.984
2026-05-16,TGU30,2030-09-01,Sep 2030,51,21.661
2026-05-16,TGV30,2030-10-01,Oct 2030,52,22.355
2026-05-16,TGX30,2030-11-01,Nov 2030,53,23.135
2026-05-16,TGZ30,2030-12-01,Dec 2030,54,23.575
2026-05-16,TGF31,2031-01-01,Jan 2031,55,23.58
2026-05-16,TGG31,2031-02-01,Feb 2031,56,23.385
2026-05-16,TGH31,2031-03-01,Mar 2031,57,23.14
2026-05-16,TGJ31,2031-04-01,Apr 2031,58,21.941
2026-05-16,TGK31,2031-05-01,May 2031,59,21.466
2026-05-16,TGM31,2031-06-01,Jun 2031,60,21.201
2026-05-16,TGN31,2031-07-01,Jul 2031,61,21.046
2026-05-16,TGQ31,2031-08-01,Aug 2031,62,21.236
2026-05-16,TGU31,2031-09-01,Sep 2031,63,21.726
2026-05-16,TGV31,2031-10-01,Oct 2031,64,23.271
2026-05-16,TGX31,2031-11-01,Nov 2031,65,23.976
2026-05-16,TGZ31,2031-12-01,Dec 2031,66,24.381
2026-05-16,TGF32,2032-01-01,Jan 2032,67,22.711
2026-05-16,TGG32,2032-02-01,Feb 2032,68,22.771
2026-05-16,TGH32,2032-03-01,Mar 2032,69,22.871
2026-05-16,TGJ32,2032-04-01,Apr 2032,70,23.551
2026-05-16,TGK32,2032-05-01,May 2032,71,23.231
2026-05-16,TGM32,2032-06-01,Jun 2032,72,22.681
2026-05-16,TGN32,2032-07-01,Jul 2032,73,22.331
2026-05-16,TGQ32,2032-08-01,Aug 2032,74,22.775
2026-05-16,TGU32,2032-09-01,Sep 2032,75,23.315
2026-05-16,TGV32,2032-10-01,Oct 2032,76,24.11
2026-05-16,TGX32,2032-11-01,Nov 2032,77,24.46
2026-05-16,TGZ32,2032-12-01,Dec 2032,78,24.635
2026-05-16,TGF33,2033-01-01,Jan 2033,79,25.015
2026-05-16,TGG33,2033-02-01,Feb 2033,80,24.905
2026-05-16,TGH33,2033-03-01,Mar 2033,81,24.72
2026-05-16,TGJ33,2033-04-01,Apr 2033,82,24.375
2026-05-16,TGK33,2033-05-01,May 2033,83,23.92
2026-05-16,TGM33,2033-06-01,Jun 2033,84,23.57
2026-05-16,TGN33,2033-07-01,Jul 2033,85,23.295
2026-05-16,TGQ33,2033-08-01,Aug 2033,86,23.745
2026-05-16,TGU33,2033-09-01,Sep 2033,87,24.14
2026-05-16,TGV33,2033-10-01,Oct 2033,88,24.74
2026-05-16,TGX33,2033-11-01,Nov 2033,89,25.24
2026-05-16,TGZ33,2033-12-01,Dec 2033,90,25.415
2026-05-16,TGF34,2034-01-01,Jan 2034,91,25.7
2026-05-16,TGG34,2034-02-01,Feb 2034,92,25.605
2026-05-16,TGH34,2034-03-01,Mar 2034,93,25.425
2026-05-16,TGJ34,2034-04-01,Apr 2034,94,25.275
2026-05-16,TGK34,2034-05-01,May 2034,95,24.775
2026-05-16,TGM34,2034-06-01,Jun 2034,96,24.475
2026-05-16,TGN34,2034-07-01,Jul 2034,97,24.275
2026-05-16,TGQ34,2034-08-01,Aug 2034,98,24.675
2026-05-16,TGU34,2034-09-01,Sep 2034,99,25.07
2026-05-16,TGV34,2034-10-01,Oct 2034,100,25.67
2026-05-16,TGX34,2034-11-01,Nov 2034,101,26.18
2026-05-16,TGZ34,2034-12-01,Dec 2034,102,26.355
2026-05-16,TGF35,2035-01-01,Jan 2035,103,26.64
2026-05-16,TGG35,2035-02-01,Feb 2035,104,26.545
2026-05-16,TGH35,2035-03-01,Mar 2035,105,26.365
2026-05-16,TGJ35,2035-04-01,Apr 2035,106,26.115
2026-05-16,TGK35,2035-05-01,May 2035,107,25.705
2026-05-16,TGM35,2035-06-01,Jun 2035,108,25.405
2026-05-16,TGN35,2035-07-01,Jul 2035,109,25.205
2026-05-16,TGQ35,2035-08-01,Aug 2035,110,25.605
2026-05-16,TGU35,2035-09-01,Sep 2035,111,26.0
2026-05-16,TGV35,2035-10-01,Oct 2035,112,26.6
2026-05-16,TGX35,2035-11-01,Nov 2035,113,27.11
2026-05-16,TGZ35,2035-12-01,Dec 2035,114,27.285
2026-05-16,TGF36,2036-01-01,Jan 2036,115,27.57
2026-05-16,TGG36,2036-02-01,Feb 2036,116,27.475
2026-05-16,TGH36,2036-03-01,Mar 2036,117,27.295
2026-05-16,TGJ36,2036-04-01,Apr 2036,118,26.955
2026-05-16,TGK36,2036-05-01,May 2036,119,26.505
2026-05-16,TGM36,2036-06-01,Jun 2036,120,26.205
2026-05-16,TGN36,2036-07-01,Jul 2036,121,26.005
2026-05-16,TGQ36,2036-08-01,Aug 2036,122,26.405
2026-05-16,TGU36,2036-09-01,Sep 2036,123,26.8
2026-05-16,TGV36,2036-10-01,Oct 2036,124,27.4
2026-05-16,TGX36,2036-11-01,Nov 2036,125,27.91
2026-05-16,TGZ36,2036-12-01,Dec 2036,126,28.085
2026-05-16,TGF37,2037-01-01,Jan 2037,127,28.37
2026-05-16,TGG37,2037-02-01,Feb 2037,128,28.275
2026-05-16,TGH37,2037-03-01,Mar 2037,129,28.095
2026-05-16,TGJ37,2037-04-01,Apr 2037,130,27.655
2026-05-16,TGK37,2037-05-01,May 2037,131,27.185
2026-05-16,TGM37,2037-06-01,Jun 2037,132,26.885
2026-05-16,TGN37,2037-07-01,Jul 2037,133,26.685
2026-05-16,TGQ37,2037-08-01,Aug 2037,134,27.085
2026-05-16,TGU37,2037-09-01,Sep 2037,135,27.48
2026-05-16,TGV37,2037-10-01,Oct 2037,136,28.08
2026-05-16,TGX37,2037-11-01,Nov 2037,137,28.59
2026-05-16,TGZ37,2037-12-01,Dec 2037,138,28.765
2026-05-17,TGM26,2026-06-01,Jun 2026,0,50.167
2026-05-17,TGN26,2026-07-01,Jul 2026,1,50.116
2026-05-17,TGQ26,2026-08-01,Aug 2026,2,49.953
2026-05-17,TGU26,2026-09-01,Sep 2026,3,49.84
2026-05-17,TGV26,2026-10-01,Oct 2026,4,49.329
2026-05-17,TGX26,2026-11-01,Nov 2026,5,48.227
2026-05-17,TGZ26,2026-12-01,Dec 2026,6,47.867
2026-05-17,TGF27,2027-01-01,Jan 2027,7,47.463
2026-05-17,TGG27,2027-02-01,Feb 2027,8,46.811
2026-05-17,TGH27,2027-03-01,Mar 2027,9,44.747
2026-05-17,TGJ27,2027-04-01,Apr 2027,10,37.858
2026-05-17,TGK27,2027-05-01,May 2027,11,35.48
2026-05-17,TGM27,2027-06-01,Jun 2027,12,34.83
2026-05-17,TGN27,2027-07-01,Jul 2027,13,34.689
2026-05-17,TGQ27,2027-08-01,Aug 2027,14,34.711
2026-05-17,TGU27,2027-09-01,Sep 2027,15,34.711
2026-05-17,TGV27,2027-10-01,Oct 2027,16,34.607
2026-05-17,TGX27,2027-11-01,Nov 2027,17,34.667
2026-05-17,TGZ27,2027-12-01,Dec 2027,18,34.997
2026-05-17,TGF28,2028-01-01,Jan 2028,19,34.535
2026-05-17,TGG28,2028-02-01,Feb 2028,20,34.085
2026-05-17,TGH28,2028-03-01,Mar 2028,21,32.315
2026-05-17,TGJ28,2028-04-01,Apr 2028,22,27.211
2026-05-17,TGK28,2028-05-01,May 2028,23,26.011
2026-05-17,TGM28,2028-06-01,Jun 2028,24,25.685
2026-05-17,TGN28,2028-07-01,Jul 2028,25,25.584
2026-05-17,TGQ28,2028-08-01,Aug 2028,26,25.458
2026-05-17,TGU28,2028-09-01,Sep 2028,27,25.606
2026-05-17,TGV28,2028-10-01,Oct 2028,28,25.594
2026-05-17,TGX28,2028-11-01,Nov 2028,29,26.094
2026-05-17,TGZ28,2028-12-01,Dec 2028,30,26.494
2026-05-17,TGF29,2029-01-01,Jan 2029,31,26.745
2026-05-17,TGG29,2029-02-01,Feb 2029,32,26.61
2026-05-17,TGH29,2029-03-01,Mar 2029,33,26.33
2026-05-17,TGJ29,2029-04-01,Apr 2029,34,23.141
2026-05-17,TGK29,2029-05-01,May 2029,35,22.631
2026-05-17,TGM29,2029-06-01,Jun 2029,36,22.171
2026-05-17,TGN29,2029-07-01,Jul 2029,37,22.011
2026-05-17,TGQ29,2029-08-01,Aug 2029,38,22.111
2026-05-17,TGU29,2029-09-01,Sep 2029,39,22.706
2026-05-17,TGV29,2029-10-01,Oct 2029,40,22.847
2026-05-17,TGX29,2029-11-01,Nov 2029,41,23.252
2026-05-17,TGZ29,2029-12-01,Dec 2029,42,23.622
2026-05-17,TGF30,2030-01-01,Jan 2030,43,23.692
2026-05-17,TGG30,2030-02-01,Feb 2030,44,23.687
2026-05-17,TGH30,2030-03-01,Mar 2030,45,23.667
2026-05-17,TGJ30,2030-04-01,Apr 2030,46,22.372
2026-05-17,TGK30,2030-05-01,May 2030,47,21.959
2026-05-17,TGM30,2030-06-01,Jun 2030,48,21.492
2026-05-17,TGN30,2030-07-01,Jul 2030,49,20.616
2026-05-17,TGQ30,2030-08-01,Aug 2030,50,20.984
2026-05-17,TGU30,2030-09-01,Sep 2030,51,21.661
2026-05-17,TGV30,2030-10-01,Oct 2030,52,22.355
2026-05-17,TGX30,2030-11-01,Nov 2030,53,23.135
2026-05-17,TGZ30,2030-12-01,Dec 2030,54,23.575
2026-05-17,TGF31,2031-01-01,Jan 2031,55,23.58
2026-05-17,TGG31,2031-02-01,Feb 2031,56,23.385
2026-05-17,TGH31,2031-03-01,Mar 2031,57,23.14
2026-05-17,TGJ31,2031-04-01,Apr 2031,58,21.941
2026-05-17,TGK31,2031-05-01,May 2031,59,21.466
2026-05-17,TGM31,2031-06-01,Jun 2031,60,21.201
2026-05-17,TGN31,2031-07-01,Jul 2031,61,21.046
2026-05-17,TGQ31,2031-08-01,Aug 2031,62,21.236
2026-05-17,TGU31,2031-09-01,Sep 2031,63,21.726
2026-05-17,TGV31,2031-10-01,Oct 2031,64,23.271
2026-05-17,TGX31,2031-11-01,Nov 2031,65,23.976
2026-05-17,TGZ31,2031-12-01,Dec 2031,66,24.381
2026-05-17,TGF32,2032-01-01,Jan 2032,67,22.711
2026-05-17,TGG32,2032-02-01,Feb 2032,68,22.771
2026-05-17,TGH32,2032-03-01,Mar 2032,69,22.871
2026-05-17,TGJ32,2032-04-01,Apr 2032,70,23.551
2026-05-17,TGK32,2032-05-01,May 2032,71,23.231
2026-05-17,TGM32,2032-06-01,Jun 2032,72,22.681
2026-05-17,TGN32,2032-07-01,Jul 2032,73,22.331
2026-05-17,TGQ32,2032-08-01,Aug 2032,74,22.775
2026-05-17,TGU32,2032-09-01,Sep 2032,75,23.315
2026-05-17,TGV32,2032-10-01,Oct 2032,76,24.11
2026-05-17,TGX32,2032-11-01,Nov 2032,77,24.46
2026-05-17,TGZ32,2032-12-01,Dec 2032,78,24.635
2026-05-17,TGF33,2033-01-01,Jan 2033,79,25.015
2026-05-17,TGG33,2033-02-01,Feb 2033,80,24.905
2026-05-17,TGH33,2033-03-01,Mar 2033,81,24.72
2026-05-17,TGJ33,2033-04-01,Apr 2033,82,24.375
2026-05-17,TGK33,2033-05-01,May 2033,83,23.92
2026-05-17,TGM33,2033-06-01,Jun 2033,84,23.57
2026-05-17,TGN33,2033-07-01,Jul 2033,85,23.295
2026-05-17,TGQ33,2033-08-01,Aug 2033,86,23.745
2026-05-17,TGU33,2033-09-01,Sep 2033,87,24.14
2026-05-17,TGV33,2033-10-01,Oct 2033,88,24.74
2026-05-17,TGX33,2033-11-01,Nov 2033,89,25.24
2026-05-17,TGZ33,2033-12-01,Dec 2033,90,25.415
2026-05-17,TGF34,2034-01-01,Jan 2034,91,25.7
2026-05-17,TGG34,2034-02-01,Feb 2034,92,25.605
2026-05-17,TGH34,2034-03-01,Mar 2034,93,25.425
2026-05-17,TGJ34,2034-04-01,Apr 2034,94,25.275
2026-05-17,TGK34,2034-05-01,May 2034,95,24.775
2026-05-17,TGM34,2034-06-01,Jun 2034,96,24.475
2026-05-17,TGN34,2034-07-01,Jul 2034,97,24.275
2026-05-17,TGQ34,2034-08-01,Aug 2034,98,24.675
2026-05-17,TGU34,2034-09-01,Sep 2034,99,25.07
2026-05-17,TGV34,2034-10-01,Oct 2034,100,25.67
2026-05-17,TGX34,2034-11-01,Nov 2034,101,26.18
2026-05-17,TGZ34,2034-12-01,Dec 2034,102,26.355
2026-05-17,TGF35,2035-01-01,Jan 2035,103,26.64
2026-05-17,TGG35,2035-02-01,Feb 2035,104,26.545
2026-05-17,TGH35,2035-03-01,Mar 2035,105,26.365
2026-05-17,TGJ35,2035-04-01,Apr 2035,106,26.115
2026-05-17,TGK35,2035-05-01,May 2035,107,25.705
2026-05-17,TGM35,2035-06-01,Jun 2035,108,25.405
2026-05-17,TGN35,2035-07-01,Jul 2035,109,25.205
2026-05-17,TGQ35,2035-08-01,Aug 2035,110,25.605
2026-05-17,TGU35,2035-09-01,Sep 2035,111,26.0
2026-05-17,TGV35,2035-10-01,Oct 2035,112,26.6
2026-05-17,TGX35,2035-11-01,Nov 2035,113,27.11
2026-05-17,TGZ35,2035-12-01,Dec 2035,114,27.285
2026-05-17,TGF36,2036-01-01,Jan 2036,115,27.57
2026-05-17,TGG36,2036-02-01,Feb 2036,116,27.475
2026-05-17,TGH36,2036-03-01,Mar 2036,117,27.295
2026-05-17,TGJ36,2036-04-01,Apr 2036,118,26.955
2026-05-17,TGK36,2036-05-01,May 2036,119,26.505
2026-05-17,TGM36,2036-06-01,Jun 2036,120,26.205
2026-05-17,TGN36,2036-07-01,Jul 2036,121,26.005
2026-05-17,TGQ36,2036-08-01,Aug 2036,122,26.405
2026-05-17,TGU36,2036-09-01,Sep 2036,123,26.8
2026-05-17,TGV36,2036-10-01,Oct 2036,124,27.4
2026-05-17,TGX36,2036-11-01,Nov 2036,125,27.91
2026-05-17,TGZ36,2036-12-01,Dec 2036,126,28.085
2026-05-17,TGF37,2037-01-01,Jan 2037,127,28.37
2026-05-17,TGG37,2037-02-01,Feb 2037,128,28.275
2026-05-17,TGH37,2037-03-01,Mar 2037,129,28.095
2026-05-17,TGJ37,2037-04-01,Apr 2037,130,27.655
2026-05-17,TGK37,2037-05-01,May 2037,131,27.185
2026-05-17,TGM37,2037-06-01,Jun 2037,132,26.885
2026-05-17,TGN37,2037-07-01,Jul 2037,133,26.685
2026-05-17,TGQ37,2037-08-01,Aug 2037,134,27.085
2026-05-17,TGU37,2037-09-01,Sep 2037,135,27.48
2026-05-17,TGV37,2037-10-01,Oct 2037,136,28.08
2026-05-17,TGX37,2037-11-01,Nov 2037,137,28.59
2026-05-17,TGZ37,2037-12-01,Dec 2037,138,28.765
2026-05-18,TGM26,2026-06-01,Jun 2026,0,49.29
2026-05-18,TGN26,2026-07-01,Jul 2026,1,49.45
2026-05-18,TGQ26,2026-08-01,Aug 2026,2,49.485
2026-05-18,TGU26,2026-09-01,Sep 2026,3,49.375
2026-05-18,TGV26,2026-10-01,Oct 2026,4,48.905
2026-05-18,TGX26,2026-11-01,Nov 2026,5,48.005
2026-05-18,TGZ26,2026-12-01,Dec 2026,6,48.925
2026-05-18,TGF27,2027-01-01,Jan 2027,7,47.54
2026-05-18,TGG27,2027-02-01,Feb 2027,8,46.79
2026-05-18,TGH27,2027-03-01,Mar 2027,9,44.08
2026-05-18,TGJ27,2027-04-01,Apr 2027,10,38.111
2026-05-18,TGK27,2027-05-01,May 2027,11,36.2
2026-05-18,TGM27,2027-06-01,Jun 2027,12,34.75
2026-05-18,TGN27,2027-07-01,Jul 2027,13,35.0
2026-05-18,TGQ27,2027-08-01,Aug 2027,14,34.993
2026-05-18,TGU27,2027-09-01,Sep 2027,15,34.989
2026-05-18,TGV27,2027-10-01,Oct 2027,16,34.839
2026-05-18,TGX27,2027-11-01,Nov 2027,17,34.859
2026-05-18,TGZ27,2027-12-01,Dec 2027,18,35.239
2026-05-18,TGF28,2028-01-01,Jan 2028,19,34.635
2026-05-18,TGG28,2028-02-01,Feb 2028,20,34.185
2026-05-18,TGH28,2028-03-01,Mar 2028,21,32.405
2026-05-18,TGJ28,2028-04-01,Apr 2028,22,27.315
2026-05-18,TGK28,2028-05-01,May 2028,23,26.12
2026-05-18,TGM28,2028-06-01,Jun 2028,24,25.795
2026-05-18,TGN28,2028-07-01,Jul 2028,25,25.77
2026-05-18,TGQ28,2028-08-01,Aug 2028,26,25.645
2026-05-18,TGU28,2028-09-01,Sep 2028,27,25.795
2026-05-18,TGV28,2028-10-01,Oct 2028,28,25.768
2026-05-18,TGX28,2028-11-01,Nov 2028,29,26.267
2026-05-18,TGZ28,2028-12-01,Dec 2028,30,26.666
2026-05-18,TGF29,2029-01-01,Jan 2029,31,26.773
2026-05-18,TGG29,2029-02-01,Feb 2029,32,26.638
2026-05-18,TGH29,2029-03-01,Mar 2029,33,26.353
2026-05-18,TGJ29,2029-04-01,Apr 2029,34,23.122
2026-05-18,TGK29,2029-05-01,May 2029,35,22.618
2026-05-18,TGM29,2029-06-01,Jun 2029,36,22.158
2026-05-18,TGN29,2029-07-01,Jul 2029,37,21.999
2026-05-18,TGQ29,2029-08-01,Aug 2029,38,22.1
2026-05-18,TGU29,2029-09-01,Sep 2029,39,22.769
2026-05-18,TGV29,2029-10-01,Oct 2029,40,22.917
2026-05-18,TGX29,2029-11-01,Nov 2029,41,23.322
2026-05-18,TGZ29,2029-12-01,Dec 2029,42,23.692
2026-05-18,TGF30,2030-01-01,Jan 2030,43,23.722
2026-05-18,TGG30,2030-02-01,Feb 2030,44,23.712
2026-05-18,TGH30,2030-03-01,Mar 2030,45,23.692
2026-05-18,TGJ30,2030-04-01,Apr 2030,46,22.415
2026-05-18,TGK30,2030-05-01,May 2030,47,22.005
2026-05-18,TGM30,2030-06-01,Jun 2030,48,21.54
2026-05-18,TGN30,2030-07-01,Jul 2030,49,20.665
2026-05-18,TGQ30,2030-08-01,Aug 2030,50,21.035
2026-05-18,TGU30,2030-09-01,Sep 2030,51,21.715
2026-05-18,TGV30,2030-10-01,Oct 2030,52,22.44
2026-05-18,TGX30,2030-11-01,Nov 2030,53,23.22
2026-05-18,TGZ30,2030-12-01,Dec 2030,54,23.655
2026-05-18,TGF31,2031-01-01,Jan 2031,55,23.755
2026-05-18,TGG31,2031-02-01,Feb 2031,56,23.56
2026-05-18,TGH31,2031-03-01,Mar 2031,57,23.315
2026-05-18,TGJ31,2031-04-01,Apr 2031,58,22.093
2026-05-18,TGK31,2031-05-01,May 2031,59,21.611
2026-05-18,TGM31,2031-06-01,Jun 2031,60,21.341
2026-05-18,TGN31,2031-07-01,Jul 2031,61,21.181
2026-05-18,TGQ31,2031-08-01,Aug 2031,62,21.366
2026-05-18,TGU31,2031-09-01,Sep 2031,63,21.852
2026-05-18,TGV31,2031-10-01,Oct 2031,64,23.272
2026-05-18,TGX31,2031-11-01,Nov 2031,65,23.977
2026-05-18,TGZ31,2031-12-01,Dec 2031,66,24.382
2026-05-18,TGF32,2032-01-01,Jan 2032,67,23.582
2026-05-18,TGG32,2032-02-01,Feb 2032,68,23.642
2026-05-18,TGH32,2032-03-01,Mar 2032,69,23.742
2026-05-18,TGJ32,2032-04-01,Apr 2032,70,24.422
2026-05-18,TGK32,2032-05-01,May 2032,71,24.102
2026-05-18,TGM32,2032-06-01,Jun 2032,72,23.552
2026-05-18,TGN32,2032-07-01,Jul 2032,73,23.202
2026-05-18,TGQ32,2032-08-01,Aug 2032,74,23.647
2026-05-18,TGU32,2032-09-01,Sep 2032,75,24.187
2026-05-18,TGV32,2032-10-01,Oct 2032,76,24.982
2026-05-18,TGX32,2032-11-01,Nov 2032,77,25.332
2026-05-18,TGZ32,2032-12-01,Dec 2032,78,25.507
2026-05-18,TGF33,2033-01-01,Jan 2033,79,25.707
2026-05-18,TGG33,2033-02-01,Feb 2033,80,25.597
2026-05-18,TGH33,2033-03-01,Mar 2033,81,25.412
2026-05-18,TGJ33,2033-04-01,Apr 2033,82,25.067
2026-05-18,TGK33,2033-05-01,May 2033,83,24.612
2026-05-18,TGM33,2033-06-01,Jun 2033,84,24.262
2026-05-18,TGN33,2033-07-01,Jul 2033,85,23.987
2026-05-18,TGQ33,2033-08-01,Aug 2033,86,24.437
2026-05-18,TGU33,2033-09-01,Sep 2033,87,24.832
2026-05-18,TGV33,2033-10-01,Oct 2033,88,25.432
2026-05-18,TGX33,2033-11-01,Nov 2033,89,25.932
2026-05-18,TGZ33,2033-12-01,Dec 2033,90,26.107
2026-05-18,TGF34,2034-01-01,Jan 2034,91,26.392
2026-05-18,TGG34,2034-02-01,Feb 2034,92,26.297
2026-05-18,TGH34,2034-03-01,Mar 2034,93,26.117
2026-05-18,TGJ34,2034-04-01,Apr 2034,94,25.967
2026-05-18,TGK34,2034-05-01,May 2034,95,25.467
2026-05-18,TGM34,2034-06-01,Jun 2034,96,25.167
2026-05-18,TGN34,2034-07-01,Jul 2034,97,24.967
2026-05-18,TGQ34,2034-08-01,Aug 2034,98,25.367
2026-05-18,TGU34,2034-09-01,Sep 2034,99,25.762
2026-05-18,TGV34,2034-10-01,Oct 2034,100,26.362
2026-05-18,TGX34,2034-11-01,Nov 2034,101,26.872
2026-05-18,TGZ34,2034-12-01,Dec 2034,102,27.047
2026-05-18,TGF35,2035-01-01,Jan 2035,103,27.332
2026-05-18,TGG35,2035-02-01,Feb 2035,104,27.237
2026-05-18,TGH35,2035-03-01,Mar 2035,105,27.057
2026-05-18,TGJ35,2035-04-01,Apr 2035,106,26.807
2026-05-18,TGK35,2035-05-01,May 2035,107,26.397
2026-05-18,TGM35,2035-06-01,Jun 2035,108,26.097
2026-05-18,TGN35,2035-07-01,Jul 2035,109,25.897
2026-05-18,TGQ35,2035-08-01,Aug 2035,110,26.297
2026-05-18,TGU35,2035-09-01,Sep 2035,111,26.692
2026-05-18,TGV35,2035-10-01,Oct 2035,112,27.292
2026-05-18,TGX35,2035-11-01,Nov 2035,113,27.802
2026-05-18,TGZ35,2035-12-01,Dec 2035,114,27.977
2026-05-18,TGF36,2036-01-01,Jan 2036,115,28.262
2026-05-18,TGG36,2036-02-01,Feb 2036,116,28.167
2026-05-18,TGH36,2036-03-01,Mar 2036,117,27.987
2026-05-18,TGJ36,2036-04-01,Apr 2036,118,27.647
2026-05-18,TGK36,2036-05-01,May 2036,119,27.197
2026-05-18,TGM36,2036-06-01,Jun 2036,120,26.897
2026-05-18,TGN36,2036-07-01,Jul 2036,121,26.697
2026-05-18,TGQ36,2036-08-01,Aug 2036,122,27.097
2026-05-18,TGU36,2036-09-01,Sep 2036,123,27.492
2026-05-18,TGV36,2036-10-01,Oct 2036,124,28.092
2026-05-18,TGX36,2036-11-01,Nov 2036,125,28.602
2026-05-18,TGZ36,2036-12-01,Dec 2036,126,28.777
2026-05-18,TGF37,2037-01-01,Jan 2037,127,29.062
2026-05-18,TGG37,2037-02-01,Feb 2037,128,28.967
2026-05-18,TGH37,2037-03-01,Mar 2037,129,28.787
2026-05-18,TGJ37,2037-04-01,Apr 2037,130,28.347
2026-05-18,TGK37,2037-05-01,May 2037,131,27.877
2026-05-18,TGM37,2037-06-01,Jun 2037,132,27.577
2026-05-18,TGN37,2037-07-01,Jul 2037,133,27.377
2026-05-18,TGQ37,2037-08-01,Aug 2037,134,27.777
2026-05-18,TGU37,2037-09-01,Sep 2037,135,28.172
2026-05-18,TGV37,2037-10-01,Oct 2037,136,28.772
2026-05-18,TGX37,2037-11-01,Nov 2037,137,29.282
2026-05-18,TGZ37,2037-12-01,Dec 2037,138,29.457
2026-05-19,TGM26,2026-06-01,Jun 2026,0,51.875
2026-05-19,TGN26,2026-07-01,Jul 2026,1,51.98
2026-05-19,TGQ26,2026-08-01,Aug 2026,2,51.835
2026-05-19,TGU26,2026-09-01,Sep 2026,3,51.74
2026-05-19,TGV26,2026-10-01,Oct 2026,4,51.37
2026-05-19,TGX26,2026-11-01,Nov 2026,5,50.535
2026-05-19,TGZ26,2026-12-01,Dec 2026,6,50.12
2026-05-19,TGF27,2027-01-01,Jan 2027,7,49.56
2026-05-19,TGG27,2027-02-01,Feb 2027,8,48.275
2026-05-19,TGH27,2027-03-01,Mar 2027,9,46.245
2026-05-19,TGJ27,2027-04-01,Apr 2027,10,38.455
2026-05-19,TGK27,2027-05-01,May 2027,11,36.24
2026-05-19,TGM27,2027-06-01,Jun 2027,12,35.043
2026-05-19,TGN27,2027-07-01,Jul 2027,13,34.963
2026-05-19,TGQ27,2027-08-01,Aug 2027,14,34.984
2026-05-19,TGU27,2027-09-01,Sep 2027,15,35.042
2026-05-19,TGV27,2027-10-01,Oct 2027,16,34.842
2026-05-19,TGX27,2027-11-01,Nov 2027,17,34.922
2026-05-19,TGZ27,2027-12-01,Dec 2027,18,35.289
2026-05-19,TGF28,2028-01-01,Jan 2028,19,34.685
2026-05-19,TGG28,2028-02-01,Feb 2028,20,34.24
2026-05-19,TGH28,2028-03-01,Mar 2028,21,32.3
2026-05-19,TGJ28,2028-04-01,Apr 2028,22,27.127
2026-05-19,TGK28,2028-05-01,May 2028,23,25.922
2026-05-19,TGM28,2028-06-01,Jun 2028,24,25.607
2026-05-19,TGN28,2028-07-01,Jul 2028,25,25.582
2026-05-19,TGQ28,2028-08-01,Aug 2028,26,25.457
2026-05-19,TGU28,2028-09-01,Sep 2028,27,25.607
2026-05-19,TGV28,2028-10-01,Oct 2028,28,25.618
2026-05-19,TGX28,2028-11-01,Nov 2028,29,26.118
2026-05-19,TGZ28,2028-12-01,Dec 2028,30,26.518
2026-05-19,TGF29,2029-01-01,Jan 2029,31,26.719
2026-05-19,TGG29,2029-02-01,Feb 2029,32,26.589
2026-05-19,TGH29,2029-03-01,Mar 2029,33,26.299
2026-05-19,TGJ29,2029-04-01,Apr 2029,34,23.025
2026-05-19,TGK29,2029-05-01,May 2029,35,22.525
2026-05-19,TGM29,2029-06-01,Jun 2029,36,22.065
2026-05-19,TGN29,2029-07-01,Jul 2029,37,21.905
2026-05-19,TGQ29,2029-08-01,Aug 2029,38,22.005
2026-05-19,TGU29,2029-09-01,Sep 2029,39,22.67
2026-05-19,TGV29,2029-10-01,Oct 2029,40,22.741
2026-05-19,TGX29,2029-11-01,Nov 2029,41,23.162
2026-05-19,TGZ29,2029-12-01,Dec 2029,42,23.557
2026-05-19,TGF30,2030-01-01,Jan 2030,43,23.692
2026-05-19,TGG30,2030-02-01,Feb 2030,44,23.682
2026-05-19,TGH30,2030-03-01,Mar 2030,45,23.662
2026-05-19,TGJ30,2030-04-01,Apr 2030,46,22.344
2026-05-19,TGK30,2030-05-01,May 2030,47,21.939
2026-05-19,TGM30,2030-06-01,Jun 2030,48,21.474
2026-05-19,TGN30,2030-07-01,Jul 2030,49,20.599
2026-05-19,TGQ30,2030-08-01,Aug 2030,50,20.969
2026-05-19,TGU30,2030-09-01,Sep 2030,51,21.649
2026-05-19,TGV30,2030-10-01,Oct 2030,52,22.396
2026-05-19,TGX30,2030-11-01,Nov 2030,53,23.176
2026-05-19,TGZ30,2030-12-01,Dec 2030,54,23.611
2026-05-19,TGF31,2031-01-01,Jan 2031,55,23.686
2026-05-19,TGG31,2031-02-01,Feb 2031,56,23.491
2026-05-19,TGH31,2031-03-01,Mar 2031,57,23.245
2026-05-19,TGJ31,2031-04-01,Apr 2031,58,22.022
2026-05-19,TGK31,2031-05-01,May 2031,59,21.547
2026-05-19,TGM31,2031-06-01,Jun 2031,60,21.282
2026-05-19,TGN31,2031-07-01,Jul 2031,61,21.127
2026-05-19,TGQ31,2031-08-01,Aug 2031,62,21.317
2026-05-19,TGU31,2031-09-01,Sep 2031,63,21.807
2026-05-19,TGV31,2031-10-01,Oct 2031,64,23.352
2026-05-19,TGX31,2031-11-01,Nov 2031,65,24.057
2026-05-19,TGZ31,2031-12-01,Dec 2031,66,23.836
2026-05-19,TGF32,2032-01-01,Jan 2032,67,24.036
2026-05-19,TGG32,2032-02-01,Feb 2032,68,23.433
2026-05-19,TGH32,2032-03-01,Mar 2032,69,23.533
2026-05-19,TGJ32,2032-04-01,Apr 2032,70,24.213
2026-05-19,TGK32,2032-05-01,May 2032,71,23.893
2026-05-19,TGM32,2032-06-01,Jun 2032,72,23.343
2026-05-19,TGN32,2032-07-01,Jul 2032,73,22.993
2026-05-19,TGQ32,2032-08-01,Aug 2032,74,23.438
2026-05-19,TGU32,2032-09-01,Sep 2032,75,23.978
2026-05-19,TGV32,2032-10-01,Oct 2032,76,24.773
2026-05-19,TGX32,2032-11-01,Nov 2032,77,25.123
2026-05-19,TGZ32,2032-12-01,Dec 2032,78,25.298
2026-05-19,TGF33,2033-01-01,Jan 2033,79,25.598
2026-05-19,TGG33,2033-02-01,Feb 2033,80,25.488
2026-05-19,TGH33,2033-03-01,Mar 2033,81,25.303
2026-05-19,TGJ33,2033-04-01,Apr 2033,82,24.958
2026-05-19,TGK33,2033-05-01,May 2033,83,24.503
2026-05-19,TGM33,2033-06-01,Jun 2033,84,24.148
2026-05-19,TGN33,2033-07-01,Jul 2033,85,23.873
2026-05-19,TGQ33,2033-08-01,Aug 2033,86,24.323
2026-05-19,TGU33,2033-09-01,Sep 2033,87,24.718
2026-05-19,TGV33,2033-10-01,Oct 2033,88,25.318
2026-05-19,TGX33,2033-11-01,Nov 2033,89,25.818
2026-05-19,TGZ33,2033-12-01,Dec 2033,90,25.993
2026-05-19,TGF34,2034-01-01,Jan 2034,91,26.293
2026-05-19,TGG34,2034-02-01,Feb 2034,92,26.198
2026-05-19,TGH34,2034-03-01,Mar 2034,93,26.018
2026-05-19,TGJ34,2034-04-01,Apr 2034,94,25.868
2026-05-19,TGK34,2034-05-01,May 2034,95,25.368
2026-05-19,TGM34,2034-06-01,Jun 2034,96,25.068
2026-05-19,TGN34,2034-07-01,Jul 2034,97,24.868
2026-05-19,TGQ34,2034-08-01,Aug 2034,98,25.268
2026-05-19,TGU34,2034-09-01,Sep 2034,99,25.663
2026-05-19,TGV34,2034-10-01,Oct 2034,100,26.263
2026-05-19,TGX34,2034-11-01,Nov 2034,101,26.773
2026-05-19,TGZ34,2034-12-01,Dec 2034,102,26.948
2026-05-19,TGF35,2035-01-01,Jan 2035,103,27.233
2026-05-19,TGG35,2035-02-01,Feb 2035,104,27.138
2026-05-19,TGH35,2035-03-01,Mar 2035,105,26.958
2026-05-19,TGJ35,2035-04-01,Apr 2035,106,26.708
2026-05-19,TGK35,2035-05-01,May 2035,107,26.298
2026-05-19,TGM35,2035-06-01,Jun 2035,108,25.998
2026-05-19,TGN35,2035-07-01,Jul 2035,109,25.798
2026-05-19,TGQ35,2035-08-01,Aug 2035,110,26.198
2026-05-19,TGU35,2035-09-01,Sep 2035,111,26.593
2026-05-19,TGV35,2035-10-01,Oct 2035,112,27.193
2026-05-19,TGX35,2035-11-01,Nov 2035,113,27.703
2026-05-19,TGZ35,2035-12-01,Dec 2035,114,27.878
2026-05-19,TGF36,2036-01-01,Jan 2036,115,28.163
2026-05-19,TGG36,2036-02-01,Feb 2036,116,28.068
2026-05-19,TGH36,2036-03-01,Mar 2036,117,27.888
2026-05-19,TGJ36,2036-04-01,Apr 2036,118,27.548
2026-05-19,TGK36,2036-05-01,May 2036,119,27.098
2026-05-19,TGM36,2036-06-01,Jun 2036,120,26.798
2026-05-19,TGN36,2036-07-01,Jul 2036,121,26.598
2026-05-19,TGQ36,2036-08-01,Aug 2036,122,26.998
2026-05-19,TGU36,2036-09-01,Sep 2036,123,27.393
2026-05-19,TGV36,2036-10-01,Oct 2036,124,27.993
2026-05-19,TGX36,2036-11-01,Nov 2036,125,28.503
2026-05-19,TGZ36,2036-12-01,Dec 2036,126,28.678
2026-05-19,TGF37,2037-01-01,Jan 2037,127,28.963
2026-05-19,TGG37,2037-02-01,Feb 2037,128,28.868
2026-05-19,TGH37,2037-03-01,Mar 2037,129,28.688
2026-05-19,TGJ37,2037-04-01,Apr 2037,130,28.248
2026-05-19,TGK37,2037-05-01,May 2037,131,27.778
2026-05-19,TGM37,2037-06-01,Jun 2037,132,27.478
2026-05-19,TGN37,2037-07-01,Jul 2037,133,27.278
2026-05-19,TGQ37,2037-08-01,Aug 2037,134,27.678
2026-05-19,TGU37,2037-09-01,Sep 2037,135,28.073
2026-05-19,TGV37,2037-10-01,Oct 2037,136,28.673
2026-05-19,TGX37,2037-11-01,Nov 2037,137,29.183
2026-05-19,TGZ37,2037-12-01,Dec 2037,138,29.358
2026-05-20,TGM26,2026-06-01,Jun 2026,0,48.835
2026-05-20,TGN26,2026-07-01,Jul 2026,1,48.875
2026-05-20,TGQ26,2026-08-01,Aug 2026,2,48.96
2026-05-20,TGU26,2026-09-01,Sep 2026,3,48.705
2026-05-20,TGV26,2026-10-01,Oct 2026,4,48.485
2026-05-20,TGX26,2026-11-01,Nov 2026,5,47.725
2026-05-20,TGZ26,2026-12-01,Dec 2026,6,47.375
2026-05-20,TGF27,2027-01-01,Jan 2027,7,47.005
2026-05-20,TGG27,2027-02-01,Feb 2027,8,45.975
2026-05-20,TGH27,2027-03-01,Mar 2027,9,44.06
2026-05-20,TGJ27,2027-04-01,Apr 2027,10,38.115
2026-05-20,TGK27,2027-05-01,May 2027,11,35.3
2026-05-20,TGM27,2027-06-01,Jun 2027,12,34.461
2026-05-20,TGN27,2027-07-01,Jul 2027,13,34.4
2026-05-20,TGQ27,2027-08-01,Aug 2027,14,34.47
2026-05-20,TGU27,2027-09-01,Sep 2027,15,34.502
2026-05-20,TGV27,2027-10-01,Oct 2027,16,34.332
2026-05-20,TGX27,2027-11-01,Nov 2027,17,34.25
2026-05-20,TGZ27,2027-12-01,Dec 2027,18,34.737
2026-05-20,TGF28,2028-01-01,Jan 2028,19,34.209
2026-05-20,TGG28,2028-02-01,Feb 2028,20,33.759
2026-05-20,TGH28,2028-03-01,Mar 2028,21,31.979
2026-05-20,TGJ28,2028-04-01,Apr 2028,22,27.129
2026-05-20,TGK28,2028-05-01,May 2028,23,25.909
2026-05-20,TGM28,2028-06-01,Jun 2028,24,25.609
2026-05-20,TGN28,2028-07-01,Jul 2028,25,25.595
2026-05-20,TGQ28,2028-08-01,Aug 2028,26,25.471
2026-05-20,TGU28,2028-09-01,Sep 2028,27,25.622
2026-05-20,TGV28,2028-10-01,Oct 2028,28,25.684
2026-05-20,TGX28,2028-11-01,Nov 2028,29,26.179
2026-05-20,TGZ28,2028-12-01,Dec 2028,30,26.578
2026-05-20,TGF29,2029-01-01,Jan 2029,31,26.808
2026-05-20,TGG29,2029-02-01,Feb 2029,32,26.673
2026-05-20,TGH29,2029-03-01,Mar 2029,33,26.388
2026-05-20,TGJ29,2029-04-01,Apr 2029,34,23.193
2026-05-20,TGK29,2029-05-01,May 2029,35,22.693
2026-05-20,TGM29,2029-06-01,Jun 2029,36,22.228
2026-05-20,TGN29,2029-07-01,Jul 2029,37,22.073
2026-05-20,TGQ29,2029-08-01,Aug 2029,38,22.173
2026-05-20,TGU29,2029-09-01,Sep 2029,39,22.848
2026-05-20,TGV29,2029-10-01,Oct 2029,40,22.734
2026-05-20,TGX29,2029-11-01,Nov 2029,41,23.139
2026-05-20,TGZ29,2029-12-01,Dec 2029,42,23.519
2026-05-20,TGF30,2030-01-01,Jan 2030,43,23.687
2026-05-20,TGG30,2030-02-01,Feb 2030,44,23.672
2026-05-20,TGH30,2030-03-01,Mar 2030,45,23.652
2026-05-20,TGJ30,2030-04-01,Apr 2030,46,22.255
2026-05-20,TGK30,2030-05-01,May 2030,47,21.85
2026-05-20,TGM30,2030-06-01,Jun 2030,48,21.385
2026-05-20,TGN30,2030-07-01,Jul 2030,49,20.51
2026-05-20,TGQ30,2030-08-01,Aug 2030,50,20.88
2026-05-20,TGU30,2030-09-01,Sep 2030,51,21.56
2026-05-20,TGV30,2030-10-01,Oct 2030,52,22.285
2026-05-20,TGX30,2030-11-01,Nov 2030,53,23.06
2026-05-20,TGZ30,2030-12-01,Dec 2030,54,23.495
2026-05-20,TGF31,2031-01-01,Jan 2031,55,23.122
2026-05-20,TGG31,2031-02-01,Feb 2031,56,22.927
2026-05-20,TGH31,2031-03-01,Mar 2031,57,22.682
2026-05-20,TGJ31,2031-04-01,Apr 2031,58,21.482
2026-05-20,TGK31,2031-05-01,May 2031,59,21.007
2026-05-20,TGM31,2031-06-01,Jun 2031,60,20.742
2026-05-20,TGN31,2031-07-01,Jul 2031,61,20.587
2026-05-20,TGQ31,2031-08-01,Aug 2031,62,20.777
2026-05-20,TGU31,2031-09-01,Sep 2031,63,21.267
2026-05-20,TGV31,2031-10-01,Oct 2031,64,22.548
2026-05-20,TGX31,2031-11-01,Nov 2031,65,23.253
2026-05-20,TGZ31,2031-12-01,Dec 2031,66,23.658
2026-05-20,TGF32,2032-01-01,Jan 2032,67,23.858
2026-05-20,TGG32,2032-02-01,Feb 2032,68,23.918
2026-05-20,TGH32,2032-03-01,Mar 2032,69,24.018
2026-05-20,TGJ32,2032-04-01,Apr 2032,70,24.698
2026-05-20,TGK32,2032-05-01,May 2032,71,24.378
2026-05-20,TGM32,2032-06-01,Jun 2032,72,23.828
2026-05-20,TGN32,2032-07-01,Jul 2032,73,23.478
2026-05-20,TGQ32,2032-08-01,Aug 2032,74,23.923
2026-05-20,TGU32,2032-09-01,Sep 2032,75,24.463
2026-05-20,TGV32,2032-10-01,Oct 2032,76,25.258
2026-05-20,TGX32,2032-11-01,Nov 2032,77,25.608
2026-05-20,TGZ32,2032-12-01,Dec 2032,78,25.783
2026-05-20,TGF33,2033-01-01,Jan 2033,79,26.083
2026-05-20,TGG33,2033-02-01,Feb 2033,80,25.973
2026-05-20,TGH33,2033-03-01,Mar 2033,81,25.788
2026-05-20,TGJ33,2033-04-01,Apr 2033,82,25.443
2026-05-20,TGK33,2033-05-01,May 2033,83,24.988
2026-05-20,TGM33,2033-06-01,Jun 2033,84,24.633
2026-05-20,TGN33,2033-07-01,Jul 2033,85,24.358
2026-05-20,TGQ33,2033-08-01,Aug 2033,86,24.808
2026-05-20,TGU33,2033-09-01,Sep 2033,87,25.203
2026-05-20,TGV33,2033-10-01,Oct 2033,88,25.803
2026-05-20,TGX33,2033-11-01,Nov 2033,89,26.303
2026-05-20,TGZ33,2033-12-01,Dec 2033,90,26.478
2026-05-20,TGF34,2034-01-01,Jan 2034,91,26.763
2026-05-20,TGG34,2034-02-01,Feb 2034,92,26.668
2026-05-20,TGH34,2034-03-01,Mar 2034,93,26.488
2026-05-20,TGJ34,2034-04-01,Apr 2034,94,26.338
2026-05-20,TGK34,2034-05-01,May 2034,95,25.838
2026-05-20,TGM34,2034-06-01,Jun 2034,96,25.538
2026-05-20,TGN34,2034-07-01,Jul 2034,97,25.338
2026-05-20,TGQ34,2034-08-01,Aug 2034,98,25.738
2026-05-20,TGU34,2034-09-01,Sep 2034,99,26.133
2026-05-20,TGV34,2034-10-01,Oct 2034,100,26.733
2026-05-20,TGX34,2034-11-01,Nov 2034,101,27.243
2026-05-20,TGZ34,2034-12-01,Dec 2034,102,27.418
2026-05-20,TGF35,2035-01-01,Jan 2035,103,27.703
2026-05-20,TGG35,2035-02-01,Feb 2035,104,27.608
2026-05-20,TGH35,2035-03-01,Mar 2035,105,27.428
2026-05-20,TGJ35,2035-04-01,Apr 2035,106,27.178
2026-05-20,TGK35,2035-05-01,May 2035,107,26.768
2026-05-20,TGM35,2035-06-01,Jun 2035,108,26.468
2026-05-20,TGN35,2035-07-01,Jul 2035,109,26.268
2026-05-20,TGQ35,2035-08-01,Aug 2035,110,26.668
2026-05-20,TGU35,2035-09-01,Sep 2035,111,27.063
2026-05-20,TGV35,2035-10-01,Oct 2035,112,27.663
2026-05-20,TGX35,2035-11-01,Nov 2035,113,28.173
2026-05-20,TGZ35,2035-12-01,Dec 2035,114,28.348
2026-05-20,TGF36,2036-01-01,Jan 2036,115,28.633
2026-05-20,TGG36,2036-02-01,Feb 2036,116,28.538
2026-05-20,TGH36,2036-03-01,Mar 2036,117,28.358
2026-05-20,TGJ36,2036-04-01,Apr 2036,118,28.018
2026-05-20,TGK36,2036-05-01,May 2036,119,27.568
2026-05-20,TGM36,2036-06-01,Jun 2036,120,27.268
2026-05-20,TGN36,2036-07-01,Jul 2036,121,27.068
2026-05-20,TGQ36,2036-08-01,Aug 2036,122,27.468
2026-05-20,TGU36,2036-09-01,Sep 2036,123,27.863
2026-05-20,TGV36,2036-10-01,Oct 2036,124,28.463
2026-05-20,TGX36,2036-11-01,Nov 2036,125,28.973
2026-05-20,TGZ36,2036-12-01,Dec 2036,126,29.148
2026-05-20,TGF37,2037-01-01,Jan 2037,127,29.433
2026-05-20,TGG37,2037-02-01,Feb 2037,128,29.338
2026-05-20,TGH37,2037-03-01,Mar 2037,129,29.158
2026-05-20,TGJ37,2037-04-01,Apr 2037,130,28.718
2026-05-20,TGK37,2037-05-01,May 2037,131,28.248
2026-05-20,TGM37,2037-06-01,Jun 2037,132,27.948
2026-05-20,TGN37,2037-07-01,Jul 2037,133,27.748
2026-05-20,TGQ37,2037-08-01,Aug 2037,134,28.148
2026-05-20,TGU37,2037-09-01,Sep 2037,135,28.543
2026-05-20,TGV37,2037-10-01,Oct 2037,136,29.143
2026-05-20,TGX37,2037-11-01,Nov 2037,137,29.653
2026-05-20,TGZ37,2037-12-01,Dec 2037,138,29.828
2026-05-21,TGM26,2026-06-01,Jun 2026,0,47.555
2026-05-21,TGN26,2026-07-01,Jul 2026,1,47.7
2026-05-21,TGQ26,2026-08-01,Aug 2026,2,47.6
2026-05-21,TGU26,2026-09-01,Sep 2026,3,47.615
2026-05-21,TGV26,2026-10-01,Oct 2026,4,47.3
2026-05-21,TGX26,2026-11-01,Nov 2026,5,46.5
2026-05-21,TGZ26,2026-12-01,Dec 2026,6,46.43
2026-05-21,TGF27,2027-01-01,Jan 2027,7,46.195
2026-05-21,TGG27,2027-02-01,Feb 2027,8,46.775
2026-05-21,TGH27,2027-03-01,Mar 2027,9,42.85
2026-05-21,TGJ27,2027-04-01,Apr 2027,10,37.435
2026-05-21,TGK27,2027-05-01,May 2027,11,34.93
2026-05-21,TGM27,2027-06-01,Jun 2027,12,34.192
2026-05-21,TGN27,2027-07-01,Jul 2027,13,34.3
2026-05-21,TGQ27,2027-08-01,Aug 2027,14,34.4
2026-05-21,TGU27,2027-09-01,Sep 2027,15,34.237
2026-05-21,TGV27,2027-10-01,Oct 2027,16,34.113
2026-05-21,TGX27,2027-11-01,Nov 2027,17,34.167
2026-05-21,TGZ27,2027-12-01,Dec 2027,18,34.517
2026-05-21,TGF28,2028-01-01,Jan 2028,19,34.044
2026-05-21,TGG28,2028-02-01,Feb 2028,20,33.594
2026-05-21,TGH28,2028-03-01,Mar 2028,21,31.814
2026-05-21,TGJ28,2028-04-01,Apr 2028,22,27.195
2026-05-21,TGK28,2028-05-01,May 2028,23,25.975
2026-05-21,TGM28,2028-06-01,Jun 2028,24,25.675
2026-05-21,TGN28,2028-07-01,Jul 2028,25,25.605
2026-05-21,TGQ28,2028-08-01,Aug 2028,26,25.48
2026-05-21,TGU28,2028-09-01,Sep 2028,27,25.47
2026-05-21,TGV28,2028-10-01,Oct 2028,28,25.69
2026-05-21,TGX28,2028-11-01,Nov 2028,29,26.19
2026-05-21,TGZ28,2028-12-01,Dec 2028,30,26.585
2026-05-21,TGF29,2029-01-01,Jan 2029,31,26.839
2026-05-21,TGG29,2029-02-01,Feb 2029,32,26.709
2026-05-21,TGH29,2029-03-01,Mar 2029,33,26.419
2026-05-21,TGJ29,2029-04-01,Apr 2029,34,23.324
2026-05-21,TGK29,2029-05-01,May 2029,35,22.824
2026-05-21,TGM29,2029-06-01,Jun 2029,36,22.359
2026-05-21,TGN29,2029-07-01,Jul 2029,37,22.204
2026-05-21,TGQ29,2029-08-01,Aug 2029,38,22.304
2026-05-21,TGU29,2029-09-01,Sep 2029,39,22.979
2026-05-21,TGV29,2029-10-01,Oct 2029,40,23.034
2026-05-21,TGX29,2029-11-01,Nov 2029,41,23.439
2026-05-21,TGZ29,2029-12-01,Dec 2029,42,23.819
2026-05-21,TGF30,2030-01-01,Jan 2030,43,23.882
2026-05-21,TGG30,2030-02-01,Feb 2030,44,23.867
2026-05-21,TGH30,2030-03-01,Mar 2030,45,23.842
2026-05-21,TGJ30,2030-04-01,Apr 2030,46,22.282
2026-05-21,TGK30,2030-05-01,May 2030,47,21.877
2026-05-21,TGM30,2030-06-01,Jun 2030,48,21.412
2026-05-21,TGN30,2030-07-01,Jul 2030,49,20.537
2026-05-21,TGQ30,2030-08-01,Aug 2030,50,20.907
2026-05-21,TGU30,2030-09-01,Sep 2030,51,21.587
2026-05-21,TGV30,2030-10-01,Oct 2030,52,22.467
2026-05-21,TGX30,2030-11-01,Nov 2030,53,23.247
2026-05-21,TGZ30,2030-12-01,Dec 2030,54,23.682
2026-05-21,TGF31,2031-01-01,Jan 2031,55,23.695
2026-05-21,TGG31,2031-02-01,Feb 2031,56,23.5
2026-05-21,TGH31,2031-03-01,Mar 2031,57,23.255
2026-05-21,TGJ31,2031-04-01,Apr 2031,58,22.055
2026-05-21,TGK31,2031-05-01,May 2031,59,21.58
2026-05-21,TGM31,2031-06-01,Jun 2031,60,21.315
2026-05-21,TGN31,2031-07-01,Jul 2031,61,21.16
2026-05-21,TGQ31,2031-08-01,Aug 2031,62,21.35
2026-05-21,TGU31,2031-09-01,Sep 2031,63,21.84
2026-05-21,TGV31,2031-10-01,Oct 2031,64,22.94
2026-05-21,TGX31,2031-11-01,Nov 2031,65,23.645
2026-05-21,TGZ31,2031-12-01,Dec 2031,66,24.05
2026-05-21,TGF32,2032-01-01,Jan 2032,67,23.25
2026-05-21,TGG32,2032-02-01,Feb 2032,68,23.31
2026-05-21,TGH32,2032-03-01,Mar 2032,69,23.41
2026-05-21,TGJ32,2032-04-01,Apr 2032,70,24.09
2026-05-21,TGK32,2032-05-01,May 2032,71,23.77
2026-05-21,TGM32,2032-06-01,Jun 2032,72,23.22
2026-05-21,TGN32,2032-07-01,Jul 2032,73,22.87
2026-05-21,TGQ32,2032-08-01,Aug 2032,74,23.315
2026-05-21,TGU32,2032-09-01,Sep 2032,75,23.855
2026-05-21,TGV32,2032-10-01,Oct 2032,76,24.65
2026-05-21,TGX32,2032-11-01,Nov 2032,77,25.0
2026-05-21,TGZ32,2032-12-01,Dec 2032,78,25.175
2026-05-21,TGF33,2033-01-01,Jan 2033,79,25.771
2026-05-21,TGG33,2033-02-01,Feb 2033,80,25.661
2026-05-21,TGH33,2033-03-01,Mar 2033,81,25.476
2026-05-21,TGJ33,2033-04-01,Apr 2033,82,25.131
2026-05-21,TGK33,2033-05-01,May 2033,83,24.676
2026-05-21,TGM33,2033-06-01,Jun 2033,84,24.321
2026-05-21,TGN33,2033-07-01,Jul 2033,85,24.046
2026-05-21,TGQ33,2033-08-01,Aug 2033,86,24.496
2026-05-21,TGU33,2033-09-01,Sep 2033,87,24.891
2026-05-21,TGV33,2033-10-01,Oct 2033,88,25.491
2026-05-21,TGX33,2033-11-01,Nov 2033,89,25.991
2026-05-21,TGZ33,2033-12-01,Dec 2033,90,26.166
2026-05-21,TGF34,2034-01-01,Jan 2034,91,26.466
2026-05-21,TGG34,2034-02-01,Feb 2034,92,26.371
2026-05-21,TGH34,2034-03-01,Mar 2034,93,26.191
2026-05-21,TGJ34,2034-04-01,Apr 2034,94,26.041
2026-05-21,TGK34,2034-05-01,May 2034,95,25.541
2026-05-21,TGM34,2034-06-01,Jun 2034,96,25.241
2026-05-21,TGN34,2034-07-01,Jul 2034,97,25.041
2026-05-21,TGQ34,2034-08-01,Aug 2034,98,25.441
2026-05-21,TGU34,2034-09-01,Sep 2034,99,25.836
2026-05-21,TGV34,2034-10-01,Oct 2034,100,26.436
2026-05-21,TGX34,2034-11-01,Nov 2034,101,26.946
2026-05-21,TGZ34,2034-12-01,Dec 2034,102,27.121
2026-05-21,TGF35,2035-01-01,Jan 2035,103,27.406
2026-05-21,TGG35,2035-02-01,Feb 2035,104,27.311
2026-05-21,TGH35,2035-03-01,Mar 2035,105,27.131
2026-05-21,TGJ35,2035-04-01,Apr 2035,106,26.881
2026-05-21,TGK35,2035-05-01,May 2035,107,26.471
2026-05-21,TGM35,2035-06-01,Jun 2035,108,26.171
2026-05-21,TGN35,2035-07-01,Jul 2035,109,25.971
2026-05-21,TGQ35,2035-08-01,Aug 2035,110,26.371
2026-05-21,TGU35,2035-09-01,Sep 2035,111,26.766
2026-05-21,TGV35,2035-10-01,Oct 2035,112,27.366
2026-05-21,TGX35,2035-11-01,Nov 2035,113,27.876
2026-05-21,TGZ35,2035-12-01,Dec 2035,114,28.051
2026-05-21,TGF36,2036-01-01,Jan 2036,115,28.336
2026-05-21,TGG36,2036-02-01,Feb 2036,116,28.241
2026-05-21,TGH36,2036-03-01,Mar 2036,117,28.061
2026-05-21,TGJ36,2036-04-01,Apr 2036,118,27.721
2026-05-21,TGK36,2036-05-01,May 2036,119,27.271
2026-05-21,TGM36,2036-06-01,Jun 2036,120,26.971
2026-05-21,TGN36,2036-07-01,Jul 2036,121,26.771
2026-05-21,TGQ36,2036-08-01,Aug 2036,122,27.171
2026-05-21,TGU36,2036-09-01,Sep 2036,123,27.566
2026-05-21,TGV36,2036-10-01,Oct 2036,124,28.166
2026-05-21,TGX36,2036-11-01,Nov 2036,125,28.676
2026-05-21,TGZ36,2036-12-01,Dec 2036,126,28.851
2026-05-21,TGF37,2037-01-01,Jan 2037,127,29.136
2026-05-21,TGG37,2037-02-01,Feb 2037,128,29.041
2026-05-21,TGH37,2037-03-01,Mar 2037,129,28.861
2026-05-21,TGJ37,2037-04-01,Apr 2037,130,28.421
2026-05-21,TGK37,2037-05-01,May 2037,131,27.951
2026-05-21,TGM37,2037-06-01,Jun 2037,132,27.651
2026-05-21,TGN37,2037-07-01,Jul 2037,133,27.451
2026-05-21,TGQ37,2037-08-01,Aug 2037,134,27.851
2026-05-21,TGU37,2037-09-01,Sep 2037,135,28.246
2026-05-21,TGV37,2037-10-01,Oct 2037,136,28.846
2026-05-21,TGX37,2037-11-01,Nov 2037,137,29.356
2026-05-21,TGZ37,2037-12-01,Dec 2037,138,29.531
2026-05-22,TGM26,2026-06-01,Jun 2026,0,48.7
2026-05-22,TGN26,2026-07-01,Jul 2026,1,48.895
2026-05-22,TGQ26,2026-08-01,Aug 2026,2,48.77
2026-05-22,TGU26,2026-09-01,Sep 2026,3,48.65
2026-05-22,TGV26,2026-10-01,Oct 2026,4,48.38
2026-05-22,TGX26,2026-11-01,Nov 2026,5,47.445
2026-05-22,TGZ26,2026-12-01,Dec 2026,6,47.175
2026-05-22,TGF27,2027-01-01,Jan 2027,7,46.455
2026-05-22,TGG27,2027-02-01,Feb 2027,8,45.73
2026-05-22,TGH27,2027-03-01,Mar 2027,9,43.38
2026-05-22,TGJ27,2027-04-01,Apr 2027,10,37.52
2026-05-22,TGK27,2027-05-01,May 2027,11,34.829
2026-05-22,TGM27,2027-06-01,Jun 2027,12,34.0
2026-05-22,TGN27,2027-07-01,Jul 2027,13,34.184
2026-05-22,TGQ27,2027-08-01,Aug 2027,14,34.0
2026-05-22,TGU27,2027-09-01,Sep 2027,15,34.055
2026-05-22,TGV27,2027-10-01,Oct 2027,16,34.223
2026-05-22,TGX27,2027-11-01,Nov 2027,17,34.3
2026-05-22,TGZ27,2027-12-01,Dec 2027,18,34.666
2026-05-22,TGF28,2028-01-01,Jan 2028,19,34.246
2026-05-22,TGG28,2028-02-01,Feb 2028,20,33.795
2026-05-22,TGH28,2028-03-01,Mar 2028,21,32.008
2026-05-22,TGJ28,2028-04-01,Apr 2028,22,27.438
2026-05-22,TGK28,2028-05-01,May 2028,23,26.188
2026-05-22,TGM28,2028-06-01,Jun 2028,24,25.888
2026-05-22,TGN28,2028-07-01,Jul 2028,25,25.818
2026-05-22,TGQ28,2028-08-01,Aug 2028,26,25.688
2026-05-22,TGU28,2028-09-01,Sep 2028,27,25.838
2026-05-22,TGV28,2028-10-01,Oct 2028,28,25.9
2026-05-22,TGX28,2028-11-01,Nov 2028,29,26.401
2026-05-22,TGZ28,2028-12-01,Dec 2028,30,26.801
2026-05-22,TGF29,2029-01-01,Jan 2029,31,27.052
2026-05-22,TGG29,2029-02-01,Feb 2029,32,26.922
2026-05-22,TGH29,2029-03-01,Mar 2029,33,26.632
2026-05-22,TGJ29,2029-04-01,Apr 2029,34,23.46
2026-05-22,TGK29,2029-05-01,May 2029,35,22.965
2026-05-22,TGM29,2029-06-01,Jun 2029,36,22.5
2026-05-22,TGN29,2029-07-01,Jul 2029,37,22.345
2026-05-22,TGQ29,2029-08-01,Aug 2029,38,22.445
2026-05-22,TGU29,2029-09-01,Sep 2029,39,23.12
2026-05-22,TGV29,2029-10-01,Oct 2029,40,23.125
2026-05-22,TGX29,2029-11-01,Nov 2029,41,23.53
2026-05-22,TGZ29,2029-12-01,Dec 2029,42,23.915
2026-05-22,TGF30,2030-01-01,Jan 2030,43,23.985
2026-05-22,TGG30,2030-02-01,Feb 2030,44,23.97
2026-05-22,TGH30,2030-03-01,Mar 2030,45,23.945
2026-05-22,TGJ30,2030-04-01,Apr 2030,46,22.375
2026-05-22,TGK30,2030-05-01,May 2030,47,21.965
2026-05-22,TGM30,2030-06-01,Jun 2030,48,21.5
2026-05-22,TGN30,2030-07-01,Jul 2030,49,20.625
2026-05-22,TGQ30,2030-08-01,Aug 2030,50,20.995
2026-05-22,TGU30,2030-09-01,Sep 2030,51,21.675
2026-05-22,TGV30,2030-10-01,Oct 2030,52,22.654
2026-05-22,TGX30,2030-11-01,Nov 2030,53,23.434
2026-05-22,TGZ30,2030-12-01,Dec 2030,54,23.869
2026-05-22,TGF31,2031-01-01,Jan 2031,55,23.869
2026-05-22,TGG31,2031-02-01,Feb 2031,56,23.674
2026-05-22,TGH31,2031-03-01,Mar 2031,57,23.429
2026-05-22,TGJ31,2031-04-01,Apr 2031,58,22.229
2026-05-22,TGK31,2031-05-01,May 2031,59,21.754
2026-05-22,TGM31,2031-06-01,Jun 2031,60,21.489
2026-05-22,TGN31,2031-07-01,Jul 2031,61,21.334
2026-05-22,TGQ31,2031-08-01,Aug 2031,62,21.525
2026-05-22,TGU31,2031-09-01,Sep 2031,63,22.015
2026-05-22,TGV31,2031-10-01,Oct 2031,64,23.56
2026-05-22,TGX31,2031-11-01,Nov 2031,65,24.265
2026-05-22,TGZ31,2031-12-01,Dec 2031,66,24.67
2026-05-22,TGF32,2032-01-01,Jan 2032,67,23.0
2026-05-22,TGG32,2032-02-01,Feb 2032,68,23.06
2026-05-22,TGH32,2032-03-01,Mar 2032,69,23.16
2026-05-22,TGJ32,2032-04-01,Apr 2032,70,23.84
2026-05-22,TGK32,2032-05-01,May 2032,71,23.52
2026-05-22,TGM32,2032-06-01,Jun 2032,72,22.97
2026-05-22,TGN32,2032-07-01,Jul 2032,73,22.62
2026-05-22,TGQ32,2032-08-01,Aug 2032,74,23.065
2026-05-22,TGU32,2032-09-01,Sep 2032,75,23.605
2026-05-22,TGV32,2032-10-01,Oct 2032,76,24.4
2026-05-22,TGX32,2032-11-01,Nov 2032,77,24.75
2026-05-22,TGZ32,2032-12-01,Dec 2032,78,24.925
2026-05-22,TGF33,2033-01-01,Jan 2033,79,25.8
2026-05-22,TGG33,2033-02-01,Feb 2033,80,25.69
2026-05-22,TGH33,2033-03-01,Mar 2033,81,25.505
2026-05-22,TGJ33,2033-04-01,Apr 2033,82,25.16
2026-05-22,TGK33,2033-05-01,May 2033,83,24.705
2026-05-22,TGM33,2033-06-01,Jun 2033,84,24.35
2026-05-22,TGN33,2033-07-01,Jul 2033,85,24.075
2026-05-22,TGQ33,2033-08-01,Aug 2033,86,24.525
2026-05-22,TGU33,2033-09-01,Sep 2033,87,24.92
2026-05-22,TGV33,2033-10-01,Oct 2033,88,25.52
2026-05-22,TGX33,2033-11-01,Nov 2033,89,26.02
2026-05-22,TGZ33,2033-12-01,Dec 2033,90,26.195
2026-05-22,TGF34,2034-01-01,Jan 2034,91,27.145
2026-05-22,TGG34,2034-02-01,Feb 2034,92,27.05
2026-05-22,TGH34,2034-03-01,Mar 2034,93,26.87
2026-05-22,TGJ34,2034-04-01,Apr 2034,94,26.72
2026-05-22,TGK34,2034-05-01,May 2034,95,26.22
2026-05-22,TGM34,2034-06-01,Jun 2034,96,25.92
2026-05-22,TGN34,2034-07-01,Jul 2034,97,25.72
2026-05-22,TGQ34,2034-08-01,Aug 2034,98,26.12
2026-05-22,TGU34,2034-09-01,Sep 2034,99,26.515
2026-05-22,TGV34,2034-10-01,Oct 2034,100,27.115
2026-05-22,TGX34,2034-11-01,Nov 2034,101,27.625
2026-05-22,TGZ34,2034-12-01,Dec 2034,102,27.8
2026-05-22,TGF35,2035-01-01,Jan 2035,103,28.085
2026-05-22,TGG35,2035-02-01,Feb 2035,104,27.99
2026-05-22,TGH35,2035-03-01,Mar 2035,105,27.81
2026-05-22,TGJ35,2035-04-01,Apr 2035,106,27.56
2026-05-22,TGK35,2035-05-01,May 2035,107,27.15
2026-05-22,TGM35,2035-06-01,Jun 2035,108,26.85
2026-05-22,TGN35,2035-07-01,Jul 2035,109,26.65
2026-05-22,TGQ35,2035-08-01,Aug 2035,110,27.05
2026-05-22,TGU35,2035-09-01,Sep 2035,111,27.445
2026-05-22,TGV35,2035-10-01,Oct 2035,112,28.045
2026-05-22,TGX35,2035-11-01,Nov 2035,113,28.555
2026-05-22,TGZ35,2035-12-01,Dec 2035,114,28.73
2026-05-22,TGF36,2036-01-01,Jan 2036,115,29.015
2026-05-22,TGG36,2036-02-01,Feb 2036,116,28.92
2026-05-22,TGH36,2036-03-01,Mar 2036,117,28.74
2026-05-22,TGJ36,2036-04-01,Apr 2036,118,28.4
2026-05-22,TGK36,2036-05-01,May 2036,119,27.95
2026-05-22,TGM36,2036-06-01,Jun 2036,120,27.65
2026-05-22,TGN36,2036-07-01,Jul 2036,121,27.45
2026-05-22,TGQ36,2036-08-01,Aug 2036,122,27.85
2026-05-22,TGU36,2036-09-01,Sep 2036,123,28.245
2026-05-22,TGV36,2036-10-01,Oct 2036,124,28.845
2026-05-22,TGX36,2036-11-01,Nov 2036,125,29.355
2026-05-22,TGZ36,2036-12-01,Dec 2036,126,29.53
2026-05-22,TGF37,2037-01-01,Jan 2037,127,29.815
2026-05-22,TGG37,2037-02-01,Feb 2037,128,29.72
2026-05-22,TGH37,2037-03-01,Mar 2037,129,29.54
2026-05-22,TGJ37,2037-04-01,Apr 2037,130,29.1
2026-05-22,TGK37,2037-05-01,May 2037,131,28.63
2026-05-22,TGM37,2037-06-01,Jun 2037,132,28.33
2026-05-22,TGN37,2037-07-01,Jul 2037,133,28.13
2026-05-22,TGQ37,2037-08-01,Aug 2037,134,28.53
2026-05-22,TGU37,2037-09-01,Sep 2037,135,28.925
2026-05-22,TGV37,2037-10-01,Oct 2037,136,29.525
2026-05-22,TGX37,2037-11-01,Nov 2037,137,30.035
2026-05-22,TGZ37,2037-12-01,Dec 2037,138,30.21
2026-05-23,TGM26,2026-06-01,Jun 2026,0,48.683
2026-05-23,TGN26,2026-07-01,Jul 2026,1,48.816
2026-05-23,TGQ26,2026-08-01,Aug 2026,2,48.666
2026-05-23,TGU26,2026-09-01,Sep 2026,3,48.587
2026-05-23,TGV26,2026-10-01,Oct 2026,4,48.336
2026-05-23,TGX26,2026-11-01,Nov 2026,5,47.495
2026-05-23,TGZ26,2026-12-01,Dec 2026,6,47.222
2026-05-23,TGF27,2027-01-01,Jan 2027,7,46.857
2026-05-23,TGG27,2027-02-01,Feb 2027,8,46.132
2026-05-23,TGH27,2027-03-01,Mar 2027,9,44.183
2026-05-23,TGJ27,2027-04-01,Apr 2027,10,37.264
2026-05-23,TGK27,2027-05-01,May 2027,11,34.829
2026-05-23,TGM27,2027-06-01,Jun 2027,12,34.259
2026-05-23,TGN27,2027-07-01,Jul 2027,13,34.184
2026-05-23,TGQ27,2027-08-01,Aug 2027,14,34.279
2026-05-23,TGU27,2027-09-01,Sep 2027,15,34.279
2026-05-23,TGV27,2027-10-01,Oct 2027,16,34.223
2026-05-23,TGX27,2027-11-01,Nov 2027,17,34.3
2026-05-23,TGZ27,2027-12-01,Dec 2027,18,34.666
2026-05-23,TGF28,2028-01-01,Jan 2028,19,34.246
2026-05-23,TGG28,2028-02-01,Feb 2028,20,33.795
2026-05-23,TGH28,2028-03-01,Mar 2028,21,32.008
2026-05-23,TGJ28,2028-04-01,Apr 2028,22,27.438
2026-05-23,TGK28,2028-05-01,May 2028,23,26.188
2026-05-23,TGM28,2028-06-01,Jun 2028,24,25.888
2026-05-23,TGN28,2028-07-01,Jul 2028,25,25.818
2026-05-23,TGQ28,2028-08-01,Aug 2028,26,25.688
2026-05-23,TGU28,2028-09-01,Sep 2028,27,25.838
2026-05-23,TGV28,2028-10-01,Oct 2028,28,25.9
2026-05-23,TGX28,2028-11-01,Nov 2028,29,26.401
2026-05-23,TGZ28,2028-12-01,Dec 2028,30,26.801
2026-05-23,TGF29,2029-01-01,Jan 2029,31,27.052
2026-05-23,TGG29,2029-02-01,Feb 2029,32,26.922
2026-05-23,TGH29,2029-03-01,Mar 2029,33,26.632
2026-05-23,TGJ29,2029-04-01,Apr 2029,34,23.46
2026-05-23,TGK29,2029-05-01,May 2029,35,22.965
2026-05-23,TGM29,2029-06-01,Jun 2029,36,22.5
2026-05-23,TGN29,2029-07-01,Jul 2029,37,22.345
2026-05-23,TGQ29,2029-08-01,Aug 2029,38,22.445
2026-05-23,TGU29,2029-09-01,Sep 2029,39,23.12
2026-05-23,TGV29,2029-10-01,Oct 2029,40,23.125
2026-05-23,TGX29,2029-11-01,Nov 2029,41,23.53
2026-05-23,TGZ29,2029-12-01,Dec 2029,42,23.915
2026-05-23,TGF30,2030-01-01,Jan 2030,43,23.985
2026-05-23,TGG30,2030-02-01,Feb 2030,44,23.97
2026-05-23,TGH30,2030-03-01,Mar 2030,45,23.945
2026-05-23,TGJ30,2030-04-01,Apr 2030,46,22.375
2026-05-23,TGK30,2030-05-01,May 2030,47,21.965
2026-05-23,TGM30,2030-06-01,Jun 2030,48,21.5
2026-05-23,TGN30,2030-07-01,Jul 2030,49,20.625
2026-05-23,TGQ30,2030-08-01,Aug 2030,50,20.995
2026-05-23,TGU30,2030-09-01,Sep 2030,51,21.675
2026-05-23,TGV30,2030-10-01,Oct 2030,52,22.654
2026-05-23,TGX30,2030-11-01,Nov 2030,53,23.434
2026-05-23,TGZ30,2030-12-01,Dec 2030,54,23.869
2026-05-23,TGF31,2031-01-01,Jan 2031,55,23.869
2026-05-23,TGG31,2031-02-01,Feb 2031,56,23.674
2026-05-23,TGH31,2031-03-01,Mar 2031,57,23.429
2026-05-23,TGJ31,2031-04-01,Apr 2031,58,22.229
2026-05-23,TGK31,2031-05-01,May 2031,59,21.754
2026-05-23,TGM31,2031-06-01,Jun 2031,60,21.489
2026-05-23,TGN31,2031-07-01,Jul 2031,61,21.334
2026-05-23,TGQ31,2031-08-01,Aug 2031,62,21.525
2026-05-23,TGU31,2031-09-01,Sep 2031,63,22.015
2026-05-23,TGV31,2031-10-01,Oct 2031,64,23.56
2026-05-23,TGX31,2031-11-01,Nov 2031,65,24.265
2026-05-23,TGZ31,2031-12-01,Dec 2031,66,24.67
2026-05-23,TGF32,2032-01-01,Jan 2032,67,23.0
2026-05-23,TGG32,2032-02-01,Feb 2032,68,23.06
2026-05-23,TGH32,2032-03-01,Mar 2032,69,23.16
2026-05-23,TGJ32,2032-04-01,Apr 2032,70,23.84
2026-05-23,TGK32,2032-05-01,May 2032,71,23.52
2026-05-23,TGM32,2032-06-01,Jun 2032,72,22.97
2026-05-23,TGN32,2032-07-01,Jul 2032,73,22.62
2026-05-23,TGQ32,2032-08-01,Aug 2032,74,23.065
2026-05-23,TGU32,2032-09-01,Sep 2032,75,23.605
2026-05-23,TGV32,2032-10-01,Oct 2032,76,24.4
2026-05-23,TGX32,2032-11-01,Nov 2032,77,24.75
2026-05-23,TGZ32,2032-12-01,Dec 2032,78,24.925
2026-05-23,TGF33,2033-01-01,Jan 2033,79,25.8
2026-05-23,TGG33,2033-02-01,Feb 2033,80,25.69
2026-05-23,TGH33,2033-03-01,Mar 2033,81,25.505
2026-05-23,TGJ33,2033-04-01,Apr 2033,82,25.16
2026-05-23,TGK33,2033-05-01,May 2033,83,24.705
2026-05-23,TGM33,2033-06-01,Jun 2033,84,24.35
2026-05-23,TGN33,2033-07-01,Jul 2033,85,24.075
2026-05-23,TGQ33,2033-08-01,Aug 2033,86,24.525
2026-05-23,TGU33,2033-09-01,Sep 2033,87,24.92
2026-05-23,TGV33,2033-10-01,Oct 2033,88,25.52
2026-05-23,TGX33,2033-11-01,Nov 2033,89,26.02
2026-05-23,TGZ33,2033-12-01,Dec 2033,90,26.195
2026-05-23,TGF34,2034-01-01,Jan 2034,91,27.145
2026-05-23,TGG34,2034-02-01,Feb 2034,92,27.05
2026-05-23,TGH34,2034-03-01,Mar 2034,93,26.87
2026-05-23,TGJ34,2034-04-01,Apr 2034,94,26.72
2026-05-23,TGK34,2034-05-01,May 2034,95,26.22
2026-05-23,TGM34,2034-06-01,Jun 2034,96,25.92
2026-05-23,TGN34,2034-07-01,Jul 2034,97,25.72
2026-05-23,TGQ34,2034-08-01,Aug 2034,98,26.12
2026-05-23,TGU34,2034-09-01,Sep 2034,99,26.515
2026-05-23,TGV34,2034-10-01,Oct 2034,100,27.115
2026-05-23,TGX34,2034-11-01,Nov 2034,101,27.625
2026-05-23,TGZ34,2034-12-01,Dec 2034,102,27.8
2026-05-23,TGF35,2035-01-01,Jan 2035,103,28.085
2026-05-23,TGG35,2035-02-01,Feb 2035,104,27.99
2026-05-23,TGH35,2035-03-01,Mar 2035,105,27.81
2026-05-23,TGJ35,2035-04-01,Apr 2035,106,27.56
2026-05-23,TGK35,2035-05-01,May 2035,107,27.15
2026-05-23,TGM35,2035-06-01,Jun 2035,108,26.85
2026-05-23,TGN35,2035-07-01,Jul 2035,109,26.65
2026-05-23,TGQ35,2035-08-01,Aug 2035,110,27.05
2026-05-23,TGU35,2035-09-01,Sep 2035,111,27.445
2026-05-23,TGV35,2035-10-01,Oct 2035,112,28.045
2026-05-23,TGX35,2035-11-01,Nov 2035,113,28.555
2026-05-23,TGZ35,2035-12-01,Dec 2035,114,28.73
2026-05-23,TGF36,2036-01-01,Jan 2036,115,29.015
2026-05-23,TGG36,2036-02-01,Feb 2036,116,28.92
2026-05-23,TGH36,2036-03-01,Mar 2036,117,28.74
2026-05-23,TGJ36,2036-04-01,Apr 2036,118,28.4
2026-05-23,TGK36,2036-05-01,May 2036,119,27.95
2026-05-23,TGM36,2036-06-01,Jun 2036,120,27.65
2026-05-23,TGN36,2036-07-01,Jul 2036,121,27.45
2026-05-23,TGQ36,2036-08-01,Aug 2036,122,27.85
2026-05-23,TGU36,2036-09-01,Sep 2036,123,28.245
2026-05-23,TGV36,2036-10-01,Oct 2036,124,28.845
2026-05-23,TGX36,2036-11-01,Nov 2036,125,29.355
2026-05-23,TGZ36,2036-12-01,Dec 2036,126,29.53
2026-05-23,TGF37,2037-01-01,Jan 2037,127,29.815
2026-05-23,TGG37,2037-02-01,Feb 2037,128,29.72
2026-05-23,TGH37,2037-03-01,Mar 2037,129,29.54
2026-05-23,TGJ37,2037-04-01,Apr 2037,130,29.1
2026-05-23,TGK37,2037-05-01,May 2037,131,28.63
2026-05-23,TGM37,2037-06-01,Jun 2037,132,28.33
2026-05-23,TGN37,2037-07-01,Jul 2037,133,28.13
2026-05-23,TGQ37,2037-08-01,Aug 2037,134,28.53
2026-05-23,TGU37,2037-09-01,Sep 2037,135,28.925
2026-05-23,TGV37,2037-10-01,Oct 2037,136,29.525
2026-05-23,TGX37,2037-11-01,Nov 2037,137,30.035
2026-05-23,TGZ37,2037-12-01,Dec 2037,138,30.21
2026-05-24,TGM26,2026-06-01,Jun 2026,0,48.683
2026-05-24,TGN26,2026-07-01,Jul 2026,1,48.816
2026-05-24,TGQ26,2026-08-01,Aug 2026,2,48.666
2026-05-24,TGU26,2026-09-01,Sep 2026,3,48.587
2026-05-24,TGV26,2026-10-01,Oct 2026,4,48.336
2026-05-24,TGX26,2026-11-01,Nov 2026,5,47.495
2026-05-24,TGZ26,2026-12-01,Dec 2026,6,47.222
2026-05-24,TGF27,2027-01-01,Jan 2027,7,46.857
2026-05-24,TGG27,2027-02-01,Feb 2027,8,46.132
2026-05-24,TGH27,2027-03-01,Mar 2027,9,44.183
2026-05-24,TGJ27,2027-04-01,Apr 2027,10,37.264
2026-05-24,TGK27,2027-05-01,May 2027,11,34.829
2026-05-24,TGM27,2027-06-01,Jun 2027,12,34.259
2026-05-24,TGN27,2027-07-01,Jul 2027,13,34.184
2026-05-24,TGQ27,2027-08-01,Aug 2027,14,34.279
2026-05-24,TGU27,2027-09-01,Sep 2027,15,34.279
2026-05-24,TGV27,2027-10-01,Oct 2027,16,34.223
2026-05-24,TGX27,2027-11-01,Nov 2027,17,34.3
2026-05-24,TGZ27,2027-12-01,Dec 2027,18,34.666
2026-05-24,TGF28,2028-01-01,Jan 2028,19,34.246
2026-05-24,TGG28,2028-02-01,Feb 2028,20,33.795
2026-05-24,TGH28,2028-03-01,Mar 2028,21,32.008
2026-05-24,TGJ28,2028-04-01,Apr 2028,22,27.438
2026-05-24,TGK28,2028-05-01,May 2028,23,26.188
2026-05-24,TGM28,2028-06-01,Jun 2028,24,25.888
2026-05-24,TGN28,2028-07-01,Jul 2028,25,25.818
2026-05-24,TGQ28,2028-08-01,Aug 2028,26,25.688
2026-05-24,TGU28,2028-09-01,Sep 2028,27,25.838
2026-05-24,TGV28,2028-10-01,Oct 2028,28,25.9
2026-05-24,TGX28,2028-11-01,Nov 2028,29,26.401
2026-05-24,TGZ28,2028-12-01,Dec 2028,30,26.801
2026-05-24,TGF29,2029-01-01,Jan 2029,31,27.052
2026-05-24,TGG29,2029-02-01,Feb 2029,32,26.922
2026-05-24,TGH29,2029-03-01,Mar 2029,33,26.632
2026-05-24,TGJ29,2029-04-01,Apr 2029,34,23.46
2026-05-24,TGK29,2029-05-01,May 2029,35,22.965
2026-05-24,TGM29,2029-06-01,Jun 2029,36,22.5
2026-05-24,TGN29,2029-07-01,Jul 2029,37,22.345
2026-05-24,TGQ29,2029-08-01,Aug 2029,38,22.445
2026-05-24,TGU29,2029-09-01,Sep 2029,39,23.12
2026-05-24,TGV29,2029-10-01,Oct 2029,40,23.125
2026-05-24,TGX29,2029-11-01,Nov 2029,41,23.53
2026-05-24,TGZ29,2029-12-01,Dec 2029,42,23.915
2026-05-24,TGF30,2030-01-01,Jan 2030,43,23.985
2026-05-24,TGG30,2030-02-01,Feb 2030,44,23.97
2026-05-24,TGH30,2030-03-01,Mar 2030,45,23.945
2026-05-24,TGJ30,2030-04-01,Apr 2030,46,22.375
2026-05-24,TGK30,2030-05-01,May 2030,47,21.965
2026-05-24,TGM30,2030-06-01,Jun 2030,48,21.5
2026-05-24,TGN30,2030-07-01,Jul 2030,49,20.625
2026-05-24,TGQ30,2030-08-01,Aug 2030,50,20.995
2026-05-24,TGU30,2030-09-01,Sep 2030,51,21.675
2026-05-24,TGV30,2030-10-01,Oct 2030,52,22.654
2026-05-24,TGX30,2030-11-01,Nov 2030,53,23.434
2026-05-24,TGZ30,2030-12-01,Dec 2030,54,23.869
2026-05-24,TGF31,2031-01-01,Jan 2031,55,23.869
2026-05-24,TGG31,2031-02-01,Feb 2031,56,23.674
2026-05-24,TGH31,2031-03-01,Mar 2031,57,23.429
2026-05-24,TGJ31,2031-04-01,Apr 2031,58,22.229
2026-05-24,TGK31,2031-05-01,May 2031,59,21.754
2026-05-24,TGM31,2031-06-01,Jun 2031,60,21.489
2026-05-24,TGN31,2031-07-01,Jul 2031,61,21.334
2026-05-24,TGQ31,2031-08-01,Aug 2031,62,21.525
2026-05-24,TGU31,2031-09-01,Sep 2031,63,22.015
2026-05-24,TGV31,2031-10-01,Oct 2031,64,23.56
2026-05-24,TGX31,2031-11-01,Nov 2031,65,24.265
2026-05-24,TGZ31,2031-12-01,Dec 2031,66,24.67
2026-05-24,TGF32,2032-01-01,Jan 2032,67,23.0
2026-05-24,TGG32,2032-02-01,Feb 2032,68,23.06
2026-05-24,TGH32,2032-03-01,Mar 2032,69,23.16
2026-05-24,TGJ32,2032-04-01,Apr 2032,70,23.84
2026-05-24,TGK32,2032-05-01,May 2032,71,23.52
2026-05-24,TGM32,2032-06-01,Jun 2032,72,22.97
2026-05-24,TGN32,2032-07-01,Jul 2032,73,22.62
2026-05-24,TGQ32,2032-08-01,Aug 2032,74,23.065
2026-05-24,TGU32,2032-09-01,Sep 2032,75,23.605
2026-05-24,TGV32,2032-10-01,Oct 2032,76,24.4
2026-05-24,TGX32,2032-11-01,Nov 2032,77,24.75
2026-05-24,TGZ32,2032-12-01,Dec 2032,78,24.925
2026-05-24,TGF33,2033-01-01,Jan 2033,79,25.8
2026-05-24,TGG33,2033-02-01,Feb 2033,80,25.69
2026-05-24,TGH33,2033-03-01,Mar 2033,81,25.505
2026-05-24,TGJ33,2033-04-01,Apr 2033,82,25.16
2026-05-24,TGK33,2033-05-01,May 2033,83,24.705
2026-05-24,TGM33,2033-06-01,Jun 2033,84,24.35
2026-05-24,TGN33,2033-07-01,Jul 2033,85,24.075
2026-05-24,TGQ33,2033-08-01,Aug 2033,86,24.525
2026-05-24,TGU33,2033-09-01,Sep 2033,87,24.92
2026-05-24,TGV33,2033-10-01,Oct 2033,88,25.52
2026-05-24,TGX33,2033-11-01,Nov 2033,89,26.02
2026-05-24,TGZ33,2033-12-01,Dec 2033,90,26.195
2026-05-24,TGF34,2034-01-01,Jan 2034,91,27.145
2026-05-24,TGG34,2034-02-01,Feb 2034,92,27.05
2026-05-24,TGH34,2034-03-01,Mar 2034,93,26.87
2026-05-24,TGJ34,2034-04-01,Apr 2034,94,26.72
2026-05-24,TGK34,2034-05-01,May 2034,95,26.22
2026-05-24,TGM34,2034-06-01,Jun 2034,96,25.92
2026-05-24,TGN34,2034-07-01,Jul 2034,97,25.72
2026-05-24,TGQ34,2034-08-01,Aug 2034,98,26.12
2026-05-24,TGU34,2034-09-01,Sep 2034,99,26.515
2026-05-24,TGV34,2034-10-01,Oct 2034,100,27.115
2026-05-24,TGX34,2034-11-01,Nov 2034,101,27.625
2026-05-24,TGZ34,2034-12-01,Dec 2034,102,27.8
2026-05-24,TGF35,2035-01-01,Jan 2035,103,28.085
2026-05-24,TGG35,2035-02-01,Feb 2035,104,27.99
2026-05-24,TGH35,2035-03-01,Mar 2035,105,27.81
2026-05-24,TGJ35,2035-04-01,Apr 2035,106,27.56
2026-05-24,TGK35,2035-05-01,May 2035,107,27.15
2026-05-24,TGM35,2035-06-01,Jun 2035,108,26.85
2026-05-24,TGN35,2035-07-01,Jul 2035,109,26.65
2026-05-24,TGQ35,2035-08-01,Aug 2035,110,27.05
2026-05-24,TGU35,2035-09-01,Sep 2035,111,27.445
2026-05-24,TGV35,2035-10-01,Oct 2035,112,28.045
2026-05-24,TGX35,2035-11-01,Nov 2035,113,28.555
2026-05-24,TGZ35,2035-12-01,Dec 2035,114,28.73
2026-05-24,TGF36,2036-01-01,Jan 2036,115,29.015
2026-05-24,TGG36,2036-02-01,Feb 2036,116,28.92
2026-05-24,TGH36,2036-03-01,Mar 2036,117,28.74
2026-05-24,TGJ36,2036-04-01,Apr 2036,118,28.4
2026-05-24,TGK36,2036-05-01,May 2036,119,27.95
2026-05-24,TGM36,2036-06-01,Jun 2036,120,27.65
2026-05-24,TGN36,2036-07-01,Jul 2036,121,27.45
2026-05-24,TGQ36,2036-08-01,Aug 2036,122,27.85
2026-05-24,TGU36,2036-09-01,Sep 2036,123,28.245
2026-05-24,TGV36,2036-10-01,Oct 2036,124,28.845
2026-05-24,TGX36,2036-11-01,Nov 2036,125,29.355
2026-05-24,TGZ36,2036-12-01,Dec 2036,126,29.53
2026-05-24,TGF37,2037-01-01,Jan 2037,127,29.815
2026-05-24,TGG37,2037-02-01,Feb 2037,128,29.72
2026-05-24,TGH37,2037-03-01,Mar 2037,129,29.54
2026-05-24,TGJ37,2037-04-01,Apr 2037,130,29.1
2026-05-24,TGK37,2037-05-01,May 2037,131,28.63
2026-05-24,TGM37,2037-06-01,Jun 2037,132,28.33
2026-05-24,TGN37,2037-07-01,Jul 2037,133,28.13
2026-05-24,TGQ37,2037-08-01,Aug 2037,134,28.53
2026-05-24,TGU37,2037-09-01,Sep 2037,135,28.925
2026-05-24,TGV37,2037-10-01,Oct 2037,136,29.525
2026-05-24,TGX37,2037-11-01,Nov 2037,137,30.035
2026-05-24,TGZ37,2037-12-01,Dec 2037,138,30.21
2026-05-25,TGM26,2026-06-01,Jun 2026,0,45.43
2026-05-25,TGN26,2026-07-01,Jul 2026,1,45.59
2026-05-25,TGQ26,2026-08-01,Aug 2026,2,45.451
2026-05-25,TGU26,2026-09-01,Sep 2026,3,45.383
2026-05-25,TGV26,2026-10-01,Oct 2026,4,45.193
2026-05-25,TGX26,2026-11-01,Nov 2026,5,44.492
2026-05-25,TGZ26,2026-12-01,Dec 2026,6,44.282
2026-05-25,TGF27,2027-01-01,Jan 2027,7,44.009
2026-05-25,TGG27,2027-02-01,Feb 2027,8,43.349
2026-05-25,TGH27,2027-03-01,Mar 2027,9,41.724
2026-05-25,TGJ27,2027-04-01,Apr 2027,10,35.49
2026-05-25,TGK27,2027-05-01,May 2027,11,33.48
2026-05-25,TGM27,2027-06-01,Jun 2027,12,32.94
2026-05-25,TGN27,2027-07-01,Jul 2027,13,32.91
2026-05-25,TGQ27,2027-08-01,Aug 2027,14,32.95
2026-05-25,TGU27,2027-09-01,Sep 2027,15,32.91
2026-05-25,TGV27,2027-10-01,Oct 2027,16,33.056
2026-05-25,TGX27,2027-11-01,Nov 2027,17,33.106
2026-05-25,TGZ27,2027-12-01,Dec 2027,18,33.456
2026-05-25,TGF28,2028-01-01,Jan 2028,19,33.126
2026-05-25,TGG28,2028-02-01,Feb 2028,20,32.676
2026-05-25,TGH28,2028-03-01,Mar 2028,21,30.896
2026-05-25,TGJ28,2028-04-01,Apr 2028,22,26.772
2026-05-25,TGK28,2028-05-01,May 2028,23,25.552
2026-05-25,TGM28,2028-06-01,Jun 2028,24,25.252
2026-05-25,TGN28,2028-07-01,Jul 2028,25,25.292
2026-05-25,TGQ28,2028-08-01,Aug 2028,26,25.167
2026-05-25,TGU28,2028-09-01,Sep 2028,27,25.317
2026-05-25,TGV28,2028-10-01,Oct 2028,28,25.432
2026-05-25,TGX28,2028-11-01,Nov 2028,29,25.932
2026-05-25,TGZ28,2028-12-01,Dec 2028,30,26.327
2026-05-25,TGF29,2029-01-01,Jan 2029,31,26.677
2026-05-25,TGG29,2029-02-01,Feb 2029,32,26.547
2026-05-25,TGH29,2029-03-01,Mar 2029,33,26.257
2026-05-25,TGJ29,2029-04-01,Apr 2029,34,23.099
2026-05-25,TGK29,2029-05-01,May 2029,35,22.599
2026-05-25,TGM29,2029-06-01,Jun 2029,36,22.134
2026-05-25,TGN29,2029-07-01,Jul 2029,37,21.979
2026-05-25,TGQ29,2029-08-01,Aug 2029,38,22.084
2026-05-25,TGU29,2029-09-01,Sep 2029,39,22.759
2026-05-25,TGV29,2029-10-01,Oct 2029,40,22.814
2026-05-25,TGX29,2029-11-01,Nov 2029,41,23.219
2026-05-25,TGZ29,2029-12-01,Dec 2029,42,23.599
2026-05-25,TGF30,2030-01-01,Jan 2030,43,23.589
2026-05-25,TGG30,2030-02-01,Feb 2030,44,23.574
2026-05-25,TGH30,2030-03-01,Mar 2030,45,23.549
2026-05-25,TGJ30,2030-04-01,Apr 2030,46,21.289
2026-05-25,TGK30,2030-05-01,May 2030,47,20.879
2026-05-25,TGM30,2030-06-01,Jun 2030,48,20.419
2026-05-25,TGN30,2030-07-01,Jul 2030,49,19.414
2026-05-25,TGQ30,2030-08-01,Aug 2030,50,19.784
2026-05-25,TGU30,2030-09-01,Sep 2030,51,20.464
2026-05-25,TGV30,2030-10-01,Oct 2030,52,21.399
2026-05-25,TGX30,2030-11-01,Nov 2030,53,22.179
2026-05-25,TGZ30,2030-12-01,Dec 2030,54,22.614
2026-05-25,TGF31,2031-01-01,Jan 2031,55,23.114
2026-05-25,TGG31,2031-02-01,Feb 2031,56,22.919
2026-05-25,TGH31,2031-03-01,Mar 2031,57,22.674
2026-05-25,TGJ31,2031-04-01,Apr 2031,58,21.474
2026-05-25,TGK31,2031-05-01,May 2031,59,20.999
2026-05-25,TGM31,2031-06-01,Jun 2031,60,20.739
2026-05-25,TGN31,2031-07-01,Jul 2031,61,20.584
2026-05-25,TGQ31,2031-08-01,Aug 2031,62,20.774
2026-05-25,TGU31,2031-09-01,Sep 2031,63,21.264
2026-05-25,TGV31,2031-10-01,Oct 2031,64,22.809
2026-05-25,TGX31,2031-11-01,Nov 2031,65,23.514
2026-05-25,TGZ31,2031-12-01,Dec 2031,66,23.919
2026-05-25,TGF32,2032-01-01,Jan 2032,67,21.744
2026-05-25,TGG32,2032-02-01,Feb 2032,68,21.804
2026-05-25,TGH32,2032-03-01,Mar 2032,69,21.904
2026-05-25,TGJ32,2032-04-01,Apr 2032,70,22.584
2026-05-25,TGK32,2032-05-01,May 2032,71,22.264
2026-05-25,TGM32,2032-06-01,Jun 2032,72,21.714
2026-05-25,TGN32,2032-07-01,Jul 2032,73,21.364
2026-05-25,TGQ32,2032-08-01,Aug 2032,74,21.809
2026-05-25,TGU32,2032-09-01,Sep 2032,75,22.349
2026-05-25,TGV32,2032-10-01,Oct 2032,76,23.144
2026-05-25,TGX32,2032-11-01,Nov 2032,77,23.494
2026-05-25,TGZ32,2032-12-01,Dec 2032,78,23.669
2026-05-25,TGF33,2033-01-01,Jan 2033,79,24.544
2026-05-25,TGG33,2033-02-01,Feb 2033,80,24.434
2026-05-25,TGH33,2033-03-01,Mar 2033,81,24.249
2026-05-25,TGJ33,2033-04-01,Apr 2033,82,23.904
2026-05-25,TGK33,2033-05-01,May 2033,83,23.449
2026-05-25,TGM33,2033-06-01,Jun 2033,84,23.094
2026-05-25,TGN33,2033-07-01,Jul 2033,85,22.819
2026-05-25,TGQ33,2033-08-01,Aug 2033,86,23.269
2026-05-25,TGU33,2033-09-01,Sep 2033,87,23.664
2026-05-25,TGV33,2033-10-01,Oct 2033,88,24.264
2026-05-25,TGX33,2033-11-01,Nov 2033,89,24.764
2026-05-25,TGZ33,2033-12-01,Dec 2033,90,24.939
2026-05-25,TGF34,2034-01-01,Jan 2034,91,25.889
2026-05-25,TGG34,2034-02-01,Feb 2034,92,25.794
2026-05-25,TGH34,2034-03-01,Mar 2034,93,25.614
2026-05-25,TGJ34,2034-04-01,Apr 2034,94,25.464
2026-05-25,TGK34,2034-05-01,May 2034,95,24.964
2026-05-25,TGM34,2034-06-01,Jun 2034,96,24.664
2026-05-25,TGN34,2034-07-01,Jul 2034,97,24.464
2026-05-25,TGQ34,2034-08-01,Aug 2034,98,24.864
2026-05-25,TGU34,2034-09-01,Sep 2034,99,25.259
2026-05-25,TGV34,2034-10-01,Oct 2034,100,25.859
2026-05-25,TGX34,2034-11-01,Nov 2034,101,26.369
2026-05-25,TGZ34,2034-12-01,Dec 2034,102,26.544
2026-05-25,TGF35,2035-01-01,Jan 2035,103,26.829
2026-05-25,TGG35,2035-02-01,Feb 2035,104,26.734
2026-05-25,TGH35,2035-03-01,Mar 2035,105,26.554
2026-05-25,TGJ35,2035-04-01,Apr 2035,106,26.304
2026-05-25,TGK35,2035-05-01,May 2035,107,25.894
2026-05-25,TGM35,2035-06-01,Jun 2035,108,25.594
2026-05-25,TGN35,2035-07-01,Jul 2035,109,25.394
2026-05-25,TGQ35,2035-08-01,Aug 2035,110,25.794
2026-05-25,TGU35,2035-09-01,Sep 2035,111,26.189
2026-05-25,TGV35,2035-10-01,Oct 2035,112,26.789
2026-05-25,TGX35,2035-11-01,Nov 2035,113,27.299
2026-05-25,TGZ35,2035-12-01,Dec 2035,114,27.474
2026-05-25,TGF36,2036-01-01,Jan 2036,115,27.759
2026-05-25,TGG36,2036-02-01,Feb 2036,116,27.664
2026-05-25,TGH36,2036-03-01,Mar 2036,117,27.484
2026-05-25,TGJ36,2036-04-01,Apr 2036,118,27.144
2026-05-25,TGK36,2036-05-01,May 2036,119,26.694
2026-05-25,TGM36,2036-06-01,Jun 2036,120,26.394
2026-05-25,TGN36,2036-07-01,Jul 2036,121,26.194
2026-05-25,TGQ36,2036-08-01,Aug 2036,122,26.594
2026-05-25,TGU36,2036-09-01,Sep 2036,123,26.989
2026-05-25,TGV36,2036-10-01,Oct 2036,124,27.589
2026-05-25,TGX36,2036-11-01,Nov 2036,125,28.099
2026-05-25,TGZ36,2036-12-01,Dec 2036,126,28.274
2026-05-25,TGF37,2037-01-01,Jan 2037,127,28.559
2026-05-25,TGG37,2037-02-01,Feb 2037,128,28.464
2026-05-25,TGH37,2037-03-01,Mar 2037,129,28.284
2026-05-25,TGJ37,2037-04-01,Apr 2037,130,27.844
2026-05-25,TGK37,2037-05-01,May 2037,131,27.374
2026-05-25,TGM37,2037-06-01,Jun 2037,132,27.074
2026-05-25,TGN37,2037-07-01,Jul 2037,133,26.874
2026-05-25,TGQ37,2037-08-01,Aug 2037,134,27.274
2026-05-25,TGU37,2037-09-01,Sep 2037,135,27.669
2026-05-25,TGV37,2037-10-01,Oct 2037,136,28.269
2026-05-25,TGX37,2037-11-01,Nov 2037,137,28.779
2026-05-25,TGZ37,2037-12-01,Dec 2037,138,28.954
